model,outer_fold,variable,repeat,baseline_auc,permuted_auc,delta_auc,baseline_boyce,permuted_boyce,delta_boyce,baseline_tss,permuted_tss,delta_tss
random_forest,0,bio02,0,0.9959803921568627,0.9770333333333333,0.018947058823529428,,,,,,
random_forest,0,bio02,1,0.9959803921568627,0.9782264705882353,0.01775392156862743,,,,,,
random_forest,0,bio02,2,0.9959803921568627,0.979599019607843,0.016381372549019724,,,,,,
random_forest,0,bio02,3,0.9959803921568627,0.975121568627451,0.020858823529411707,,,,,,
random_forest,0,bio02,4,0.9959803921568627,0.9753480392156862,0.02063235294117649,,,,,,
random_forest,0,bio02,5,0.9959803921568627,0.9733647058823529,0.022615686274509827,,,,,,
random_forest,0,bio02,6,0.9959803921568627,0.9718745098039215,0.0241058823529412,,,,,,
random_forest,0,bio02,7,0.9959803921568627,0.9780980392156864,0.01788235294117635,,,,,,
random_forest,0,bio02,8,0.9959803921568627,0.9775196078431372,0.018460784313725553,,,,,,
random_forest,0,bio02,9,0.9959803921568627,0.9759637254901962,0.02001666666666657,,,,,,
random_forest,0,bio02,10,0.9959803921568627,0.974463725490196,0.02151666666666674,,,,,,
random_forest,0,bio02,11,0.9959803921568627,0.972943137254902,0.023037254901960735,,,,,,
random_forest,0,bio02,12,0.9959803921568627,0.9675598039215686,0.028420588235294142,,,,,,
random_forest,0,bio02,13,0.9959803921568627,0.9774421568627452,0.018538235294117578,,,,,,
random_forest,0,bio02,14,0.9959803921568627,0.9737549019607843,0.022225490196078446,,,,,,
random_forest,0,bio02,15,0.9959803921568627,0.9722823529411766,0.02369803921568614,,,,,,
random_forest,0,bio02,16,0.9959803921568627,0.9730166666666666,0.022963725490196096,,,,,,
random_forest,0,bio02,17,0.9959803921568627,0.9694931372549019,0.0264872549019608,,,,,,
random_forest,0,bio02,18,0.9959803921568627,0.9711823529411766,0.02479803921568613,,,,,,
random_forest,0,bio02,19,0.9959803921568627,0.9758441176470587,0.020136274509804042,,,,,,
random_forest,0,bio03,0,0.9959803921568627,0.9788352941176471,0.0171450980392156,,,,,,
random_forest,0,bio03,1,0.9959803921568627,0.9775941176470587,0.018386274509804013,,,,,,
random_forest,0,bio03,2,0.9959803921568627,0.9696637254901962,0.026316666666666544,,,,,,
random_forest,0,bio03,3,0.9959803921568627,0.9714117647058822,0.02456862745098054,,,,,,
random_forest,0,bio03,4,0.9959803921568627,0.9700578431372548,0.025922549019607888,,,,,,
random_forest,0,bio03,5,0.9959803921568627,0.975829411764706,0.020150980392156792,,,,,,
random_forest,0,bio03,6,0.9959803921568627,0.9805392156862744,0.015441176470588291,,,,,,
random_forest,0,bio03,7,0.9959803921568627,0.9742872549019609,0.02169313725490185,,,,,,
random_forest,0,bio03,8,0.9959803921568627,0.9767460784313726,0.019234313725490115,,,,,,
random_forest,0,bio03,9,0.9959803921568627,0.9650764705882354,0.030903921568627313,,,,,,
random_forest,0,bio03,10,0.9959803921568627,0.9695333333333334,0.02644705882352938,,,,,,
random_forest,0,bio03,11,0.9959803921568627,0.9813921568627451,0.01458823529411768,,,,,,
random_forest,0,bio03,12,0.9959803921568627,0.9798627450980394,0.016117647058823348,,,,,,
random_forest,0,bio03,13,0.9959803921568627,0.9685970588235294,0.027383333333333315,,,,,,
random_forest,0,bio03,14,0.9959803921568627,0.9815656862745099,0.01441470588235283,,,,,,
random_forest,0,bio03,15,0.9959803921568627,0.9768088235294118,0.019171568627450952,,,,,,
random_forest,0,bio03,16,0.9959803921568627,0.9798303921568627,0.016149999999999998,,,,,,
random_forest,0,bio03,17,0.9959803921568627,0.9650421568627451,0.030938235294117655,,,,,,
random_forest,0,bio03,18,0.9959803921568627,0.9788107843137256,0.017169607843137147,,,,,,
random_forest,0,bio03,19,0.9959803921568627,0.9697460784313725,0.026234313725490233,,,,,,
random_forest,0,bio05,0,0.9959803921568627,0.9882941176470589,0.007686274509803859,,,,,,
random_forest,0,bio05,1,0.9959803921568627,0.9842323529411764,0.011748039215686346,,,,,,
random_forest,0,bio05,2,0.9959803921568627,0.9828460784313725,0.013134313725490232,,,,,,
random_forest,0,bio05,3,0.9959803921568627,0.983629411764706,0.012350980392156763,,,,,,
random_forest,0,bio05,4,0.9959803921568627,0.9857235294117647,0.010256862745098072,,,,,,
random_forest,0,bio05,5,0.9959803921568627,0.9727117647058823,0.02326862745098046,,,,,,
random_forest,0,bio05,6,0.9959803921568627,0.9832,0.012780392156862774,,,,,,
random_forest,0,bio05,7,0.9959803921568627,0.9902127450980391,0.0057676470588235995,,,,,,
random_forest,0,bio05,8,0.9959803921568627,0.9880950980392157,0.007885294117647046,,,,,,
random_forest,0,bio05,9,0.9959803921568627,0.9854539215686275,0.010526470588235193,,,,,,
random_forest,0,bio05,10,0.9959803921568627,0.9751715686274511,0.020808823529411602,,,,,,
random_forest,0,bio05,11,0.9959803921568627,0.9838607843137254,0.01211960784313737,,,,,,
random_forest,0,bio05,12,0.9959803921568627,0.9858647058823531,0.01011568627450965,,,,,,
random_forest,0,bio05,13,0.9959803921568627,0.9832019607843137,0.012778431372549082,,,,,,
random_forest,0,bio05,14,0.9959803921568627,0.9782696078431372,0.017710784313725525,,,,,,
random_forest,0,bio05,15,0.9959803921568627,0.984928431372549,0.011051960784313697,,,,,,
random_forest,0,bio05,16,0.9959803921568627,0.9808519607843136,0.015128431372549156,,,,,,
random_forest,0,bio05,17,0.9959803921568627,0.9821460784313727,0.013834313725490044,,,,,,
random_forest,0,bio05,18,0.9959803921568627,0.9874627450980391,0.00851764705882363,,,,,,
random_forest,0,bio05,19,0.9959803921568627,0.9803999999999999,0.015580392156862799,,,,,,
random_forest,0,bio15,0,0.9959803921568627,0.9251754901960785,0.07080490196078426,,,,,,
random_forest,0,bio15,1,0.9959803921568627,0.9396647058823528,0.05631568627450989,,,,,,
random_forest,0,bio15,2,0.9959803921568627,0.912892156862745,0.08308823529411768,,,,,,
random_forest,0,bio15,3,0.9959803921568627,0.936757843137255,0.05922254901960777,,,,,,
random_forest,0,bio15,4,0.9959803921568627,0.9228019607843136,0.07317843137254909,,,,,,
random_forest,0,bio15,5,0.9959803921568627,0.9258754901960784,0.07010490196078434,,,,,,
random_forest,0,bio15,6,0.9959803921568627,0.9382588235294118,0.057721568627450925,,,,,,
random_forest,0,bio15,7,0.9959803921568627,0.9383137254901961,0.057666666666666644,,,,,,
random_forest,0,bio15,8,0.9959803921568627,0.9206176470588234,0.07536274509803931,,,,,,
random_forest,0,bio15,9,0.9959803921568627,0.9085892156862745,0.08739117647058825,,,,,,
random_forest,0,bio15,10,0.9959803921568627,0.9362803921568627,0.059700000000000086,,,,,,
random_forest,0,bio15,11,0.9959803921568627,0.9315862745098039,0.06439411764705882,,,,,,
random_forest,0,bio15,12,0.9959803921568627,0.9262901960784313,0.06969019607843141,,,,,,
random_forest,0,bio15,13,0.9959803921568627,0.9290735294117647,0.06690686274509805,,,,,,
random_forest,0,bio15,14,0.9959803921568627,0.9345333333333332,0.06144705882352952,,,,,,
random_forest,0,bio15,15,0.9959803921568627,0.9417539215686275,0.054226470588235265,,,,,,
random_forest,0,bio15,16,0.9959803921568627,0.9340921568627452,0.06188823529411758,,,,,,
random_forest,0,bio15,17,0.9959803921568627,0.929142156862745,0.0668382352941177,,,,,,
random_forest,0,bio15,18,0.9959803921568627,0.9206196078431372,0.0753607843137255,,,,,,
random_forest,0,bio15,19,0.9959803921568627,0.9298107843137255,0.06616960784313719,,,,,,
random_forest,0,clay,0,0.9959803921568627,0.9823843137254903,0.01359607843137245,,,,,,
random_forest,0,clay,1,0.9959803921568627,0.9827470588235294,0.01323333333333332,,,,,,
random_forest,0,clay,2,0.9959803921568627,0.9865960784313724,0.009384313725490312,,,,,,
random_forest,0,clay,3,0.9959803921568627,0.9859098039215686,0.010070588235294164,,,,,,
random_forest,0,clay,4,0.9959803921568627,0.9838529411764707,0.01212745098039203,,,,,,
random_forest,0,clay,5,0.9959803921568627,0.9867137254901961,0.009266666666666645,,,,,,
random_forest,0,clay,6,0.9959803921568627,0.981579411764706,0.01440098039215676,,,,,,
random_forest,0,clay,7,0.9959803921568627,0.9861039215686274,0.009876470588235375,,,,,,
random_forest,0,clay,8,0.9959803921568627,0.9809705882352941,0.015009803921568587,,,,,,
random_forest,0,clay,9,0.9959803921568627,0.9813862745098039,0.014594117647058868,,,,,,
random_forest,0,clay,10,0.9959803921568627,0.988235294117647,0.007745098039215748,,,,,,
random_forest,0,clay,11,0.9959803921568627,0.986571568627451,0.009408823529411747,,,,,,
random_forest,0,clay,12,0.9959803921568627,0.9912941176470588,0.004686274509803967,,,,,,
random_forest,0,clay,13,0.9959803921568627,0.9793196078431372,0.01666078431372553,,,,,,
random_forest,0,clay,14,0.9959803921568627,0.9817029411764707,0.014277450980392015,,,,,,
random_forest,0,clay,15,0.9959803921568627,0.9901921568627452,0.0057882352941175386,,,,,,
random_forest,0,clay,16,0.9959803921568627,0.9887294117647059,0.0072509803921568805,,,,,,
random_forest,0,clay,17,0.9959803921568627,0.9916980392156863,0.004282352941176404,,,,,,
random_forest,0,clay,18,0.9959803921568627,0.984107843137255,0.01187254901960777,,,,,,
random_forest,0,clay,19,0.9959803921568627,0.9917156862745097,0.004264705882353059,,,,,,
random_forest,0,elevation,0,0.9959803921568627,0.991043137254902,0.00493725490196073,,,,,,
random_forest,0,elevation,1,0.9959803921568627,0.9904333333333333,0.0055470588235294604,,,,,,
random_forest,0,elevation,2,0.9959803921568627,0.985056862745098,0.010923529411764776,,,,,,
random_forest,0,elevation,3,0.9959803921568627,0.9808960784313726,0.015084313725490128,,,,,,
random_forest,0,elevation,4,0.9959803921568627,0.9747186274509804,0.02126176470588237,,,,,,
random_forest,0,elevation,5,0.9959803921568627,0.9838156862745098,0.012164705882352966,,,,,,
random_forest,0,elevation,6,0.9959803921568627,0.9844098039215686,0.01157058823529411,,,,,,
random_forest,0,elevation,7,0.9959803921568627,0.9796107843137255,0.016369607843137235,,,,,,
random_forest,0,elevation,8,0.9959803921568627,0.9884568627450981,0.007523529411764596,,,,,,
random_forest,0,elevation,9,0.9959803921568627,0.9873999999999998,0.008580392156862904,,,,,,
random_forest,0,elevation,10,0.9959803921568627,0.9848009803921569,0.011179411764705827,,,,,,
random_forest,0,elevation,11,0.9959803921568627,0.9917078431372549,0.00427254901960783,,,,,,
random_forest,0,elevation,12,0.9959803921568627,0.9854529411764706,0.010527450980392095,,,,,,
random_forest,0,elevation,13,0.9959803921568627,0.9884,0.007580392156862792,,,,,,
random_forest,0,elevation,14,0.9959803921568627,0.9774009803921567,0.01857941176470601,,,,,,
random_forest,0,elevation,15,0.9959803921568627,0.9884225490196078,0.007557843137254938,,,,,,
random_forest,0,elevation,16,0.9959803921568627,0.9919607843137255,0.004019607843137263,,,,,,
random_forest,0,elevation,17,0.9959803921568627,0.9870882352941177,0.008892156862745026,,,,,,
random_forest,0,elevation,18,0.9959803921568627,0.9785901960784313,0.017390196078431397,,,,,,
random_forest,0,elevation,19,0.9959803921568627,0.9822745098039216,0.013705882352941123,,,,,,
random_forest,0,northness,0,0.9959803921568627,0.9957882352941176,0.00019215686274509647,,,,,,
random_forest,0,northness,1,0.9959803921568627,0.9957480392156863,0.00023235294117640581,,,,,,
random_forest,0,northness,2,0.9959803921568627,0.994564705882353,0.0014156862745097198,,,,,,
random_forest,0,northness,3,0.9959803921568627,0.9956196078431373,0.0003607843137254374,,,,,,
random_forest,0,northness,4,0.9959803921568627,0.9958960784313726,8.431372549011495e-05,,,,,,
random_forest,0,northness,5,0.9959803921568627,0.9962137254901962,-0.00023333333333341866,,,,,,
random_forest,0,northness,6,0.9959803921568627,0.9950725490196077,0.0009078431372550044,,,,,,
random_forest,0,northness,7,0.9959803921568627,0.9959705882352943,9.803921568463103e-06,,,,,,
random_forest,0,northness,8,0.9959803921568627,0.9951647058823527,0.000815686274510008,,,,,,
random_forest,0,northness,9,0.9959803921568627,0.9955627450980393,0.0004176470588234116,,,,,,
random_forest,0,northness,10,0.9959803921568627,0.996478431372549,-0.0004980392156862523,,,,,,
random_forest,0,northness,11,0.9959803921568627,0.9962823529411766,-0.0003019607843138816,,,,,,
random_forest,0,northness,12,0.9959803921568627,0.9954490196078432,0.000531372549019582,,,,,,
random_forest,0,northness,13,0.9959803921568627,0.9961970588235294,-0.0002166666666666428,,,,,,
random_forest,0,northness,14,0.9959803921568627,0.9954647058823529,0.000515686274509819,,,,,,
random_forest,0,northness,15,0.9959803921568627,0.9954882352941177,0.0004921568627450634,,,,,,
random_forest,0,northness,16,0.9959803921568627,0.9956372549019608,0.00034313725490198177,,,,,,
random_forest,0,northness,17,0.9959803921568627,0.9949323529411764,0.0010480392156863028,,,,,,
random_forest,0,northness,18,0.9959803921568627,0.9957156862745098,0.0002647058823529447,,,,,,
random_forest,0,northness,19,0.9959803921568627,0.9958147058823529,0.0001656862745098575,,,,,,
random_forest,0,sand,0,0.9959803921568627,0.9874627450980392,0.008517647058823519,,,,,,
random_forest,0,sand,1,0.9959803921568627,0.9873078431372548,0.0086725490196079,,,,,,
random_forest,0,sand,2,0.9959803921568627,0.989350980392157,0.006629411764705773,,,,,,
random_forest,0,sand,3,0.9959803921568627,0.9950794117647058,0.0009009803921569137,,,,,,
random_forest,0,sand,4,0.9959803921568627,0.9967254901960784,-0.0007450980392156303,,,,,,
random_forest,0,sand,5,0.9959803921568627,0.9884519607843139,0.007528431372548883,,,,,,
random_forest,0,sand,6,0.9959803921568627,0.9917392156862745,0.004241176470588193,,,,,,
random_forest,0,sand,7,0.9959803921568627,0.9902382352941175,0.005742156862745262,,,,,,
random_forest,0,sand,8,0.9959803921568627,0.9900323529411765,0.005948039215686207,,,,,,
random_forest,0,sand,9,0.9959803921568627,0.994828431372549,0.001151960784313788,,,,,,
random_forest,0,sand,10,0.9959803921568627,0.9916392156862746,0.004341176470588182,,,,,,
random_forest,0,sand,11,0.9959803921568627,0.9933372549019608,0.0026431372549019505,,,,,,
random_forest,0,sand,12,0.9959803921568627,0.9939892156862745,0.0019911764705882185,,,,,,
random_forest,0,sand,13,0.9959803921568627,0.9852509803921567,0.010729411764705987,,,,,,
random_forest,0,sand,14,0.9959803921568627,0.9886078431372549,0.007372549019607821,,,,,,
random_forest,0,sand,15,0.9959803921568627,0.9905411764705883,0.005439215686274479,,,,,,
random_forest,0,sand,16,0.9959803921568627,0.9921901960784314,0.0037901960784313404,,,,,,
random_forest,0,sand,17,0.9959803921568627,0.9865323529411765,0.009448039215686266,,,,,,
random_forest,0,sand,18,0.9959803921568627,0.9918264705882354,0.004153921568627372,,,,,,
random_forest,0,sand,19,0.9959803921568627,0.9941333333333333,0.0018470588235294239,,,,,,
random_forest,1,bio02,0,0.9411725490196079,0.9011588235294118,0.040013725490196106,,,,,,
random_forest,1,bio02,1,0.9411725490196079,0.8978911764705881,0.04328137254901976,,,,,,
random_forest,1,bio02,2,0.9411725490196079,0.8978813725490198,0.04329117647058811,,,,,,
random_forest,1,bio02,3,0.9411725490196079,0.8857352941176471,0.05543725490196083,,,,,,
random_forest,1,bio02,4,0.9411725490196079,0.9021421568627451,0.03903039215686277,,,,,,
random_forest,1,bio02,5,0.9411725490196079,0.9018519607843138,0.03932058823529405,,,,,,
random_forest,1,bio02,6,0.9411725490196079,0.8856598039215686,0.05551274509803927,,,,,,
random_forest,1,bio02,7,0.9411725490196079,0.8919960784313725,0.04917647058823538,,,,,,
random_forest,1,bio02,8,0.9411725490196079,0.9019960784313725,0.03917647058823537,,,,,,
random_forest,1,bio02,9,0.9411725490196079,0.85875,0.08242254901960788,,,,,,
random_forest,1,bio02,10,0.9411725490196079,0.8763509803921569,0.06482156862745103,,,,,,
random_forest,1,bio02,11,0.9411725490196079,0.875242156862745,0.06593039215686292,,,,,,
random_forest,1,bio02,12,0.9411725490196079,0.8907127450980392,0.05045980392156868,,,,,,
random_forest,1,bio02,13,0.9411725490196079,0.8868558823529411,0.05431666666666679,,,,,,
random_forest,1,bio02,14,0.9411725490196079,0.8835235294117647,0.05764901960784319,,,,,,
random_forest,1,bio02,15,0.9411725490196079,0.8846539215686275,0.05651862745098035,,,,,,
random_forest,1,bio02,16,0.9411725490196079,0.8980823529411766,0.04309019607843134,,,,,,
random_forest,1,bio02,17,0.9411725490196079,0.8888745098039216,0.05229803921568632,,,,,,
random_forest,1,bio02,18,0.9411725490196079,0.8816696078431372,0.0595029411764707,,,,,,
random_forest,1,bio02,19,0.9411725490196079,0.9115480392156862,0.029624509803921728,,,,,,
random_forest,1,bio03,0,0.9411725490196079,0.8995137254901961,0.04165882352941175,,,,,,
random_forest,1,bio03,1,0.9411725490196079,0.9257029411764707,0.015469607843137223,,,,,,
random_forest,1,bio03,2,0.9411725490196079,0.8986088235294117,0.04256372549019616,,,,,,
random_forest,1,bio03,3,0.9411725490196079,0.9245509803921569,0.01662156862745101,,,,,,
random_forest,1,bio03,4,0.9411725490196079,0.8882333333333333,0.05293921568627458,,,,,,
random_forest,1,bio03,5,0.9411725490196079,0.9287029411764707,0.01246960784313722,,,,,,
random_forest,1,bio03,6,0.9411725490196079,0.9160401960784313,0.02513235294117655,,,,,,
random_forest,1,bio03,7,0.9411725490196079,0.8960431372549018,0.045129411764706084,,,,,,
random_forest,1,bio03,8,0.9411725490196079,0.8971843137254902,0.04398823529411766,,,,,,
random_forest,1,bio03,9,0.9411725490196079,0.9056196078431372,0.035552941176470676,,,,,,
random_forest,1,bio03,10,0.9411725490196079,0.9152127450980392,0.025959803921568714,,,,,,
random_forest,1,bio03,11,0.9411725490196079,0.8918960784313725,0.049276470588235366,,,,,,
random_forest,1,bio03,12,0.9411725490196079,0.9171039215686274,0.024068627450980484,,,,,,
random_forest,1,bio03,13,0.9411725490196079,0.898435294117647,0.0427372549019609,,,,,,
random_forest,1,bio03,14,0.9411725490196079,0.8826862745098039,0.05848627450980404,,,,,,
random_forest,1,bio03,15,0.9411725490196079,0.9011117647058824,0.040060784313725506,,,,,,
random_forest,1,bio03,16,0.9411725490196079,0.898328431372549,0.042844117647058866,,,,,,
random_forest,1,bio03,17,0.9411725490196079,0.8928254901960785,0.04834705882352941,,,,,,
random_forest,1,bio03,18,0.9411725490196079,0.8981901960784314,0.04298235294117647,,,,,,
random_forest,1,bio03,19,0.9411725490196079,0.909936274509804,0.03123627450980393,,,,,,
random_forest,1,bio05,0,0.9411725490196079,0.9043627450980392,0.03680980392156874,,,,,,
random_forest,1,bio05,1,0.9411725490196079,0.919713725490196,0.021458823529411863,,,,,,
random_forest,1,bio05,2,0.9411725490196079,0.9144421568627452,0.02673039215686268,,,,,,
random_forest,1,bio05,3,0.9411725490196079,0.9077421568627451,0.03343039215686283,,,,,,
random_forest,1,bio05,4,0.9411725490196079,0.9068058823529411,0.03436666666666677,,,,,,
random_forest,1,bio05,5,0.9411725490196079,0.9181147058823529,0.023057843137255007,,,,,,
random_forest,1,bio05,6,0.9411725490196079,0.9277196078431372,0.013452941176470667,,,,,,
random_forest,1,bio05,7,0.9411725490196079,0.9193666666666666,0.02180588235294134,,,,,,
random_forest,1,bio05,8,0.9411725490196079,0.9283627450980392,0.012809803921568719,,,,,,
random_forest,1,bio05,9,0.9411725490196079,0.8994205882352942,0.041751960784313646,,,,,,
random_forest,1,bio05,10,0.9411725490196079,0.9244509803921569,0.016721568627451,,,,,,
random_forest,1,bio05,11,0.9411725490196079,0.9108813725490197,0.03029117647058821,,,,,,
random_forest,1,bio05,12,0.9411725490196079,0.9235029411764706,0.017669607843137314,,,,,,
random_forest,1,bio05,13,0.9411725490196079,0.90185,0.039322549019607855,,,,,,
random_forest,1,bio05,14,0.9411725490196079,0.9128313725490196,0.028341176470588314,,,,,,
random_forest,1,bio05,15,0.9411725490196079,0.8974882352941177,0.0436843137254902,,,,,,
random_forest,1,bio05,16,0.9411725490196079,0.9122372549019607,0.02893529411764717,,,,,,
random_forest,1,bio05,17,0.9411725490196079,0.909249019607843,0.031923529411764906,,,,,,
random_forest,1,bio05,18,0.9411725490196079,0.9065549019607844,0.03461764705882353,,,,,,
random_forest,1,bio05,19,0.9411725490196079,0.9196872549019608,0.021485294117647102,,,,,,
random_forest,1,bio15,0,0.9411725490196079,0.8928823529411765,0.048290196078431435,,,,,,
random_forest,1,bio15,1,0.9411725490196079,0.8916225490196077,0.049550000000000205,,,,,,
random_forest,1,bio15,2,0.9411725490196079,0.8784813725490197,0.0626911764705882,,,,,,
random_forest,1,bio15,3,0.9411725490196079,0.887164705882353,0.05400784313725493,,,,,,
random_forest,1,bio15,4,0.9411725490196079,0.8678872549019608,0.07328529411764706,,,,,,
random_forest,1,bio15,5,0.9411725490196079,0.8990764705882353,0.04209607843137264,,,,,,
random_forest,1,bio15,6,0.9411725490196079,0.9042362745098038,0.03693627450980408,,,,,,
random_forest,1,bio15,7,0.9411725490196079,0.8632519607843137,0.07792058823529424,,,,,,
random_forest,1,bio15,8,0.9411725490196079,0.879371568627451,0.06180098039215687,,,,,,
random_forest,1,bio15,9,0.9411725490196079,0.8818431372549019,0.059329411764705964,,,,,,
random_forest,1,bio15,10,0.9411725490196079,0.881364705882353,0.059807843137254846,,,,,,
random_forest,1,bio15,11,0.9411725490196079,0.8843529411764706,0.05681960784313733,,,,,,
random_forest,1,bio15,12,0.9411725490196079,0.8810921568627451,0.06008039215686278,,,,,,
random_forest,1,bio15,13,0.9411725490196079,0.8811176470588236,0.060054901960784335,,,,,,
random_forest,1,bio15,14,0.9411725490196079,0.8613392156862745,0.07983333333333342,,,,,,
random_forest,1,bio15,15,0.9411725490196079,0.8853107843137255,0.055861764705882444,,,,,,
random_forest,1,bio15,16,0.9411725490196079,0.8720411764705882,0.06913137254901969,,,,,,
random_forest,1,bio15,17,0.9411725490196079,0.8651460784313725,0.07602647058823542,,,,,,
random_forest,1,bio15,18,0.9411725490196079,0.8908607843137254,0.0503117647058825,,,,,,
random_forest,1,bio15,19,0.9411725490196079,0.858543137254902,0.08262941176470595,,,,,,
random_forest,1,clay,0,0.9411725490196079,0.9350313725490196,0.0061411764705883165,,,,,,
random_forest,1,clay,1,0.9411725490196079,0.9094480392156863,0.03172450980392161,,,,,,
random_forest,1,clay,2,0.9411725490196079,0.9318578431372548,0.009314705882353058,,,,,,
random_forest,1,clay,3,0.9411725490196079,0.8995950980392156,0.04157745098039234,,,,,,
random_forest,1,clay,4,0.9411725490196079,0.9472392156862747,-0.006066666666666776,,,,,,
random_forest,1,clay,5,0.9411725490196079,0.9343068627450981,0.006865686274509786,,,,,,
random_forest,1,clay,6,0.9411725490196079,0.9466441176470588,-0.005471568627450907,,,,,,
random_forest,1,clay,7,0.9411725490196079,0.9062803921568627,0.03489215686274516,,,,,,
random_forest,1,clay,8,0.9411725490196079,0.9148411764705882,0.026331372549019738,,,,,,
random_forest,1,clay,9,0.9411725490196079,0.897344117647059,0.04382843137254888,,,,,,
random_forest,1,clay,10,0.9411725490196079,0.938835294117647,0.0023372549019609057,,,,,,
random_forest,1,clay,11,0.9411725490196079,0.9228372549019608,0.018335294117647116,,,,,,
random_forest,1,clay,12,0.9411725490196079,0.9344107843137255,0.0067617647058824115,,,,,,
random_forest,1,clay,13,0.9411725490196079,0.8942500000000001,0.046922549019607795,,,,,,
random_forest,1,clay,14,0.9411725490196079,0.9056529411764705,0.035519607843137346,,,,,,
random_forest,1,clay,15,0.9411725490196079,0.9088499999999999,0.03232254901960796,,,,,,
random_forest,1,clay,16,0.9411725490196079,0.9364333333333333,0.004739215686274556,,,,,,
random_forest,1,clay,17,0.9411725490196079,0.9097558823529411,0.03141666666666676,,,,,,
random_forest,1,clay,18,0.9411725490196079,0.9093450980392157,0.03182745098039219,,,,,,
random_forest,1,clay,19,0.9411725490196079,0.8950911764705882,0.04608137254901967,,,,,,
random_forest,1,elevation,0,0.9411725490196079,0.9262382352941175,0.014934313725490367,,,,,,
random_forest,1,elevation,1,0.9411725490196079,0.9126117647058822,0.028560784313725662,,,,,,
random_forest,1,elevation,2,0.9411725490196079,0.9168558823529414,0.024316666666666542,,,,,,
random_forest,1,elevation,3,0.9411725490196079,0.920157843137255,0.02101470588235288,,,,,,
random_forest,1,elevation,4,0.9411725490196079,0.9144421568627452,0.02673039215686268,,,,,,
random_forest,1,elevation,5,0.9411725490196079,0.9158823529411765,0.025290196078431415,,,,,,
random_forest,1,elevation,6,0.9411725490196079,0.9252460784313726,0.015926470588235264,,,,,,
random_forest,1,elevation,7,0.9411725490196079,0.9141196078431373,0.027052941176470613,,,,,,
random_forest,1,elevation,8,0.9411725490196079,0.9215411764705883,0.019631372549019588,,,,,,
random_forest,1,elevation,9,0.9411725490196079,0.9152588235294117,0.025913725490196216,,,,,,
random_forest,1,elevation,10,0.9411725490196079,0.9185666666666666,0.022605882352941253,,,,,,
random_forest,1,elevation,11,0.9411725490196079,0.9056460784313726,0.035526470588235326,,,,,,
random_forest,1,elevation,12,0.9411725490196079,0.9070284313725491,0.034144117647058825,,,,,,
random_forest,1,elevation,13,0.9411725490196079,0.9163019607843137,0.0248705882352942,,,,,,
random_forest,1,elevation,14,0.9411725490196079,0.9173362745098038,0.02383627450980408,,,,,,
random_forest,1,elevation,15,0.9411725490196079,0.9230441176470588,0.018128431372549048,,,,,,
random_forest,1,elevation,16,0.9411725490196079,0.9155794117647059,0.025593137254901976,,,,,,
random_forest,1,elevation,17,0.9411725490196079,0.9226950980392157,0.018477450980392218,,,,,,
random_forest,1,elevation,18,0.9411725490196079,0.9161372549019609,0.025035294117647044,,,,,,
random_forest,1,elevation,19,0.9411725490196079,0.9146333333333333,0.026539215686274598,,,,,,
random_forest,1,northness,0,0.9411725490196079,0.9217117647058825,0.019460784313725443,,,,,,
random_forest,1,northness,1,0.9411725490196079,0.9207000000000001,0.020472549019607822,,,,,,
random_forest,1,northness,2,0.9411725490196079,0.9290235294117647,0.012149019607843203,,,,,,
random_forest,1,northness,3,0.9411725490196079,0.9341676470588235,0.007004901960784404,,,,,,
random_forest,1,northness,4,0.9411725490196079,0.9295843137254902,0.011588235294117677,,,,,,
random_forest,1,northness,5,0.9411725490196079,0.9365833333333334,0.0045892156862744615,,,,,,
random_forest,1,northness,6,0.9411725490196079,0.9221088235294118,0.019063725490196082,,,,,,
random_forest,1,northness,7,0.9411725490196079,0.9398539215686275,0.0013186274509804363,,,,,,
random_forest,1,northness,8,0.9411725490196079,0.9269735294117647,0.0141990196078432,,,,,,
random_forest,1,northness,9,0.9411725490196079,0.9202784313725489,0.020894117647058952,,,,,,
random_forest,1,northness,10,0.9411725490196079,0.9168882352941177,0.024284313725490225,,,,,,
random_forest,1,northness,11,0.9411725490196079,0.9387176470588234,0.0024549019607844613,,,,,,
random_forest,1,northness,12,0.9411725490196079,0.9426970588235294,-0.0015245098039214922,,,,,,
random_forest,1,northness,13,0.9411725490196079,0.9293872549019608,0.01178529411764706,,,,,,
random_forest,1,northness,14,0.9411725490196079,0.9349166666666666,0.006255882352941278,,,,,,
random_forest,1,northness,15,0.9411725490196079,0.9172205882352942,0.02395196078431372,,,,,,
random_forest,1,northness,16,0.9411725490196079,0.9249166666666665,0.016255882352941398,,,,,,
random_forest,1,northness,17,0.9411725490196079,0.9212598039215686,0.01991274509803931,,,,,,
random_forest,1,northness,18,0.9411725490196079,0.9283235294117648,0.012849019607843126,,,,,,
random_forest,1,northness,19,0.9411725490196079,0.9261950980392157,0.01497745098039216,,,,,,
random_forest,1,sand,0,0.9411725490196079,0.9220735294117647,0.019099019607843215,,,,,,
random_forest,1,sand,1,0.9411725490196079,0.9343333333333332,0.006839215686274658,,,,,,
random_forest,1,sand,2,0.9411725490196079,0.9184892156862744,0.0226833333333335,,,,,,
random_forest,1,sand,3,0.9411725490196079,0.9261176470588235,0.015054901960784406,,,,,,
random_forest,1,sand,4,0.9411725490196079,0.9148186274509803,0.026353921568627592,,,,,,
random_forest,1,sand,5,0.9411725490196079,0.9411676470588235,4.901960784398085e-06,,,,,,
random_forest,1,sand,6,0.9411725490196079,0.9282950980392157,0.012877450980392169,,,,,,
random_forest,1,sand,7,0.9411725490196079,0.9380764705882353,0.0030960784313726064,,,,,,
random_forest,1,sand,8,0.9411725490196079,0.9427470588235294,-0.0015745098039214867,,,,,,
random_forest,1,sand,9,0.9411725490196079,0.9121166666666666,0.02905588235294132,,,,,,
random_forest,1,sand,10,0.9411725490196079,0.9255294117647059,0.015643137254901962,,,,,,
random_forest,1,sand,11,0.9411725490196079,0.9456303921568627,-0.0044578431372548355,,,,,,
random_forest,1,sand,12,0.9411725490196079,0.935528431372549,0.005644117647058855,,,,,,
random_forest,1,sand,13,0.9411725490196079,0.9298813725490196,0.011291176470588304,,,,,,
random_forest,1,sand,14,0.9411725490196079,0.930057843137255,0.01111470588235286,,,,,,
random_forest,1,sand,15,0.9411725490196079,0.9167480392156863,0.024424509803921635,,,,,,
random_forest,1,sand,16,0.9411725490196079,0.9442598039215686,-0.003087254901960712,,,,,,
random_forest,1,sand,17,0.9411725490196079,0.9394676470588235,0.001704901960784433,,,,,,
random_forest,1,sand,18,0.9411725490196079,0.9393078431372549,0.0018647058823529905,,,,,,
random_forest,1,sand,19,0.9411725490196079,0.9197078431372547,0.021464705882353163,,,,,,
random_forest,2,bio02,0,0.9493569999999999,0.880651,0.06870599999999993,,,,,,
random_forest,2,bio02,1,0.9493569999999999,0.884498,0.06485899999999989,,,,,,
random_forest,2,bio02,2,0.9493569999999999,0.910844,0.03851299999999991,,,,,,
random_forest,2,bio02,3,0.9493569999999999,0.8871760000000001,0.06218099999999982,,,,,,
random_forest,2,bio02,4,0.9493569999999999,0.884549,0.06480799999999987,,,,,,
random_forest,2,bio02,5,0.9493569999999999,0.891078,0.05827899999999986,,,,,,
random_forest,2,bio02,6,0.9493569999999999,0.9089220000000001,0.04043499999999978,,,,,,
random_forest,2,bio02,7,0.9493569999999999,0.879477,0.06987999999999994,,,,,,
random_forest,2,bio02,8,0.9493569999999999,0.8867149999999999,0.06264199999999998,,,,,,
random_forest,2,bio02,9,0.9493569999999999,0.872504,0.07685299999999995,,,,,,
random_forest,2,bio02,10,0.9493569999999999,0.889524,0.059832999999999914,,,,,,
random_forest,2,bio02,11,0.9493569999999999,0.886783,0.06257399999999991,,,,,,
random_forest,2,bio02,12,0.9493569999999999,0.874683,0.07467399999999991,,,,,,
random_forest,2,bio02,13,0.9493569999999999,0.885552,0.06380499999999989,,,,,,
random_forest,2,bio02,14,0.9493569999999999,0.8781110000000001,0.07124599999999981,,,,,,
random_forest,2,bio02,15,0.9493569999999999,0.8807189999999999,0.06863799999999998,,,,,,
random_forest,2,bio02,16,0.9493569999999999,0.890941,0.05841599999999991,,,,,,
random_forest,2,bio02,17,0.9493569999999999,0.901322,0.04803499999999994,,,,,,
random_forest,2,bio02,18,0.9493569999999999,0.887294,0.06206299999999987,,,,,,
random_forest,2,bio02,19,0.9493569999999999,0.891334,0.058022999999999936,,,,,,
random_forest,2,bio03,0,0.9493569999999999,0.931155,0.01820199999999994,,,,,,
random_forest,2,bio03,1,0.9493569999999999,0.90177,0.047586999999999935,,,,,,
random_forest,2,bio03,2,0.9493569999999999,0.925457,0.02389999999999992,,,,,,
random_forest,2,bio03,3,0.9493569999999999,0.8959780000000002,0.05337899999999973,,,,,,
random_forest,2,bio03,4,0.9493569999999999,0.8995839999999999,0.049772999999999956,,,,,,
random_forest,2,bio03,5,0.9493569999999999,0.9036599999999999,0.04569699999999999,,,,,,
random_forest,2,bio03,6,0.9493569999999999,0.942611,0.006745999999999919,,,,,,
random_forest,2,bio03,7,0.9493569999999999,0.9044859999999999,0.044870999999999994,,,,,,
random_forest,2,bio03,8,0.9493569999999999,0.9315370000000001,0.017819999999999836,,,,,,
random_forest,2,bio03,9,0.9493569999999999,0.9098149999999999,0.039541999999999966,,,,,,
random_forest,2,bio03,10,0.9493569999999999,0.9197379999999999,0.02961899999999995,,,,,,
random_forest,2,bio03,11,0.9493569999999999,0.9039839999999999,0.045373,,,,,,
random_forest,2,bio03,12,0.9493569999999999,0.9205099999999999,0.028846999999999956,,,,,,
random_forest,2,bio03,13,0.9493569999999999,0.9021609999999998,0.04719600000000013,,,,,,
random_forest,2,bio03,14,0.9493569999999999,0.8983829999999999,0.050973999999999964,,,,,,
random_forest,2,bio03,15,0.9493569999999999,0.9416549999999999,0.007701999999999987,,,,,,
random_forest,2,bio03,16,0.9493569999999999,0.910808,0.038548999999999944,,,,,,
random_forest,2,bio03,17,0.9493569999999999,0.903367,0.045989999999999864,,,,,,
random_forest,2,bio03,18,0.9493569999999999,0.895378,0.05397899999999989,,,,,,
random_forest,2,bio03,19,0.9493569999999999,0.8977410000000001,0.05161599999999977,,,,,,
random_forest,2,bio05,0,0.9493569999999999,0.9195800000000001,0.02977699999999983,,,,,,
random_forest,2,bio05,1,0.9493569999999999,0.918018,0.031338999999999895,,,,,,
random_forest,2,bio05,2,0.9493569999999999,0.931349,0.018007999999999913,,,,,,
random_forest,2,bio05,3,0.9493569999999999,0.938296,0.011060999999999876,,,,,,
random_forest,2,bio05,4,0.9493569999999999,0.925759,0.023597999999999897,,,,,,
random_forest,2,bio05,5,0.9493569999999999,0.9309649999999999,0.018391999999999964,,,,,,
random_forest,2,bio05,6,0.9493569999999999,0.929,0.020356999999999847,,,,,,
random_forest,2,bio05,7,0.9493569999999999,0.924504,0.024852999999999903,,,,,,
random_forest,2,bio05,8,0.9493569999999999,0.9240399999999999,0.025317000000000034,,,,,,
random_forest,2,bio05,9,0.9493569999999999,0.921584,0.027772999999999937,,,,,,
random_forest,2,bio05,10,0.9493569999999999,0.9276009999999999,0.021755999999999998,,,,,,
random_forest,2,bio05,11,0.9493569999999999,0.9263680000000001,0.022988999999999815,,,,,,
random_forest,2,bio05,12,0.9493569999999999,0.922419,0.026937999999999906,,,,,,
random_forest,2,bio05,13,0.9493569999999999,0.925429,0.02392799999999995,,,,,,
random_forest,2,bio05,14,0.9493569999999999,0.9144899999999999,0.03486699999999998,,,,,,
random_forest,2,bio05,15,0.9493569999999999,0.923837,0.025519999999999876,,,,,,
random_forest,2,bio05,16,0.9493569999999999,0.928057,0.021299999999999875,,,,,,
random_forest,2,bio05,17,0.9493569999999999,0.928829,0.02052799999999988,,,,,,
random_forest,2,bio05,18,0.9493569999999999,0.922752,0.02660499999999988,,,,,,
random_forest,2,bio05,19,0.9493569999999999,0.917422,0.031934999999999936,,,,,,
random_forest,2,bio15,0,0.9493569999999999,0.83907,0.11028699999999991,,,,,,
random_forest,2,bio15,1,0.9493569999999999,0.8332269999999999,0.11612999999999996,,,,,,
random_forest,2,bio15,2,0.9493569999999999,0.832907,0.11644999999999994,,,,,,
random_forest,2,bio15,3,0.9493569999999999,0.854871,0.09448599999999985,,,,,,
random_forest,2,bio15,4,0.9493569999999999,0.877699,0.07165799999999989,,,,,,
random_forest,2,bio15,5,0.9493569999999999,0.829383,0.11997399999999991,,,,,,
random_forest,2,bio15,6,0.9493569999999999,0.8295520000000001,0.11980499999999983,,,,,,
random_forest,2,bio15,7,0.9493569999999999,0.84561,0.10374699999999992,,,,,,
random_forest,2,bio15,8,0.9493569999999999,0.8413539999999999,0.10800299999999996,,,,,,
random_forest,2,bio15,9,0.9493569999999999,0.841882,0.10747499999999988,,,,,,
random_forest,2,bio15,10,0.9493569999999999,0.830063,0.1192939999999999,,,,,,
random_forest,2,bio15,11,0.9493569999999999,0.849619,0.09973799999999988,,,,,,
random_forest,2,bio15,12,0.9493569999999999,0.837593,0.11176399999999986,,,,,,
random_forest,2,bio15,13,0.9493569999999999,0.8563949999999999,0.09296199999999999,,,,,,
random_forest,2,bio15,14,0.9493569999999999,0.8454790000000001,0.1038779999999998,,,,,,
random_forest,2,bio15,15,0.9493569999999999,0.8323600000000001,0.1169969999999998,,,,,,
random_forest,2,bio15,16,0.9493569999999999,0.846134,0.10322299999999984,,,,,,
random_forest,2,bio15,17,0.9493569999999999,0.8768499999999999,0.07250699999999999,,,,,,
random_forest,2,bio15,18,0.9493569999999999,0.843175,0.10618199999999989,,,,,,
random_forest,2,bio15,19,0.9493569999999999,0.827549,0.12180799999999992,,,,,,
random_forest,2,clay,0,0.9493569999999999,0.9241849999999998,0.025172000000000083,,,,,,
random_forest,2,clay,1,0.9493569999999999,0.94766,0.0016969999999999485,,,,,,
random_forest,2,clay,2,0.9493569999999999,0.9252040000000001,0.024152999999999758,,,,,,
random_forest,2,clay,3,0.9493569999999999,0.925813,0.0235439999999999,,,,,,
random_forest,2,clay,4,0.9493569999999999,0.930854,0.018502999999999936,,,,,,
random_forest,2,clay,5,0.9493569999999999,0.9362240000000001,0.01313299999999984,,,,,,
random_forest,2,clay,6,0.9493569999999999,0.925443,0.02391399999999988,,,,,,
random_forest,2,clay,7,0.9493569999999999,0.9184929999999999,0.030864000000000003,,,,,,
random_forest,2,clay,8,0.9493569999999999,0.9194959999999999,0.029861000000000026,,,,,,
random_forest,2,clay,9,0.9493569999999999,0.926057,0.023299999999999876,,,,,,
random_forest,2,clay,10,0.9493569999999999,0.9284660000000001,0.02089099999999977,,,,,,
random_forest,2,clay,11,0.9493569999999999,0.918136,0.031220999999999943,,,,,,
random_forest,2,clay,12,0.9493569999999999,0.915564,0.03379299999999985,,,,,,
random_forest,2,clay,13,0.9493569999999999,0.915073,0.03428399999999987,,,,,,
random_forest,2,clay,14,0.9493569999999999,0.9298,0.019556999999999936,,,,,,
random_forest,2,clay,15,0.9493569999999999,0.9195600000000002,0.02979699999999974,,,,,,
random_forest,2,clay,16,0.9493569999999999,0.9267540000000001,0.022602999999999818,,,,,,
random_forest,2,clay,17,0.9493569999999999,0.9294180000000001,0.019938999999999818,,,,,,
random_forest,2,clay,18,0.9493569999999999,0.9180950000000001,0.03126199999999979,,,,,,
random_forest,2,clay,19,0.9493569999999999,0.924844,0.024512999999999896,,,,,,
random_forest,2,elevation,0,0.9493569999999999,0.9212800000000001,0.028076999999999797,,,,,,
random_forest,2,elevation,1,0.9493569999999999,0.918447,0.030909999999999882,,,,,,
random_forest,2,elevation,2,0.9493569999999999,0.906898,0.042458999999999913,,,,,,
random_forest,2,elevation,3,0.9493569999999999,0.9054049999999999,0.04395199999999999,,,,,,
random_forest,2,elevation,4,0.9493569999999999,0.893147,0.05620999999999987,,,,,,
random_forest,2,elevation,5,0.9493569999999999,0.915549,0.03380799999999995,,,,,,
random_forest,2,elevation,6,0.9493569999999999,0.9334039999999999,0.015952999999999995,,,,,,
random_forest,2,elevation,7,0.9493569999999999,0.9017639999999999,0.047592999999999996,,,,,,
random_forest,2,elevation,8,0.9493569999999999,0.913339,0.03601799999999988,,,,,,
random_forest,2,elevation,9,0.9493569999999999,0.910663,0.038693999999999895,,,,,,
random_forest,2,elevation,10,0.9493569999999999,0.8941959999999999,0.055161000000000016,,,,,,
random_forest,2,elevation,11,0.9493569999999999,0.914937,0.034419999999999895,,,,,,
random_forest,2,elevation,12,0.9493569999999999,0.9114959999999999,0.037861000000000034,,,,,,
random_forest,2,elevation,13,0.9493569999999999,0.9482919999999999,0.0010649999999999826,,,,,,
random_forest,2,elevation,14,0.9493569999999999,0.910902,0.038454999999999906,,,,,,
random_forest,2,elevation,15,0.9493569999999999,0.934329,0.01502799999999993,,,,,,
random_forest,2,elevation,16,0.9493569999999999,0.93956,0.009796999999999945,,,,,,
random_forest,2,elevation,17,0.9493569999999999,0.914171,0.03518599999999994,,,,,,
random_forest,2,elevation,18,0.9493569999999999,0.907858,0.04149899999999984,,,,,,
random_forest,2,elevation,19,0.9493569999999999,0.915273,0.03408399999999989,,,,,,
random_forest,2,northness,0,0.9493569999999999,0.952217,-0.0028600000000000847,,,,,,
random_forest,2,northness,1,0.9493569999999999,0.938124,0.011232999999999937,,,,,,
random_forest,2,northness,2,0.9493569999999999,0.938457,0.01089999999999991,,,,,,
random_forest,2,northness,3,0.9493569999999999,0.9502619999999999,-0.0009050000000000447,,,,,,
random_forest,2,northness,4,0.9493569999999999,0.937518,0.011838999999999933,,,,,,
random_forest,2,northness,5,0.9493569999999999,0.9317959999999998,0.01756100000000005,,,,,,
random_forest,2,northness,6,0.9493569999999999,0.942358,0.0069989999999998664,,,,,,
random_forest,2,northness,7,0.9493569999999999,0.938042,0.011314999999999853,,,,,,
random_forest,2,northness,8,0.9493569999999999,0.9414669999999999,0.007889999999999953,,,,,,
random_forest,2,northness,9,0.9493569999999999,0.9451649999999999,0.0041919999999999735,,,,,,
random_forest,2,northness,10,0.9493569999999999,0.954204,-0.004847000000000157,,,,,,
random_forest,2,northness,11,0.9493569999999999,0.931698,0.01765899999999987,,,,,,
random_forest,2,northness,12,0.9493569999999999,0.953693,-0.0043360000000001175,,,,,,
random_forest,2,northness,13,0.9493569999999999,0.9388160000000001,0.0105409999999998,,,,,,
random_forest,2,northness,14,0.9493569999999999,0.9448589999999999,0.004498000000000002,,,,,,
random_forest,2,northness,15,0.9493569999999999,0.9400809999999999,0.009275999999999951,,,,,,
random_forest,2,northness,16,0.9493569999999999,0.9585919999999999,-0.009234999999999993,,,,,,
random_forest,2,northness,17,0.9493569999999999,0.9410680000000001,0.008288999999999769,,,,,,
random_forest,2,northness,18,0.9493569999999999,0.941837,0.00751999999999986,,,,,,
random_forest,2,northness,19,0.9493569999999999,0.93162,0.017736999999999892,,,,,,
random_forest,2,sand,0,0.9493569999999999,0.913414,0.03594299999999995,,,,,,
random_forest,2,sand,1,0.9493569999999999,0.929171,0.020185999999999926,,,,,,
random_forest,2,sand,2,0.9493569999999999,0.9207209999999999,0.028635999999999995,,,,,,
random_forest,2,sand,3,0.9493569999999999,0.910885,0.03847199999999995,,,,,,
random_forest,2,sand,4,0.9493569999999999,0.9159599999999999,0.03339700000000001,,,,,,
random_forest,2,sand,5,0.9493569999999999,0.925139,0.02421799999999985,,,,,,
random_forest,2,sand,6,0.9493569999999999,0.9143080000000001,0.035048999999999775,,,,,,
random_forest,2,sand,7,0.9493569999999999,0.9122599999999998,0.03709700000000005,,,,,,
random_forest,2,sand,8,0.9493569999999999,0.918172,0.031184999999999907,,,,,,
random_forest,2,sand,9,0.9493569999999999,0.9304089999999999,0.018947999999999965,,,,,,
random_forest,2,sand,10,0.9493569999999999,0.935567,0.013789999999999858,,,,,,
random_forest,2,sand,11,0.9493569999999999,0.928885,0.020471999999999935,,,,,,
random_forest,2,sand,12,0.9493569999999999,0.9010020000000001,0.048354999999999815,,,,,,
random_forest,2,sand,13,0.9493569999999999,0.9156499999999999,0.03370700000000004,,,,,,
random_forest,2,sand,14,0.9493569999999999,0.893877,0.05547999999999986,,,,,,
random_forest,2,sand,15,0.9493569999999999,0.9118140000000001,0.03754299999999977,,,,,,
random_forest,2,sand,16,0.9493569999999999,0.919351,0.030005999999999866,,,,,,
random_forest,2,sand,17,0.9493569999999999,0.926331,0.02302599999999988,,,,,,
random_forest,2,sand,18,0.9493569999999999,0.9103330000000002,0.039023999999999726,,,,,,
random_forest,2,sand,19,0.9493569999999999,0.9245840000000001,0.024772999999999823,,,,,,
random_forest,3,bio02,0,0.913508,0.819045,0.09446299999999996,,,,,,
random_forest,3,bio02,1,0.913508,0.844047,0.069461,,,,,,
random_forest,3,bio02,2,0.913508,0.8506509999999999,0.06285700000000005,,,,,,
random_forest,3,bio02,3,0.913508,0.837724,0.07578399999999996,,,,,,
random_forest,3,bio02,4,0.913508,0.8371499999999998,0.07635800000000015,,,,,,
random_forest,3,bio02,5,0.913508,0.8631490000000002,0.05035899999999982,,,,,,
random_forest,3,bio02,6,0.913508,0.840682,0.07282599999999995,,,,,,
random_forest,3,bio02,7,0.913508,0.835656,0.07785200000000003,,,,,,
random_forest,3,bio02,8,0.913508,0.8344930000000002,0.07901499999999984,,,,,,
random_forest,3,bio02,9,0.913508,0.8258990000000002,0.08760899999999983,,,,,,
random_forest,3,bio02,10,0.913508,0.8354159999999999,0.07809200000000005,,,,,,
random_forest,3,bio02,11,0.913508,0.8216619999999999,0.0918460000000001,,,,,,
random_forest,3,bio02,12,0.913508,0.8343630000000001,0.07914499999999991,,,,,,
random_forest,3,bio02,13,0.913508,0.852213,0.06129499999999999,,,,,,
random_forest,3,bio02,14,0.913508,0.823323,0.09018499999999996,,,,,,
random_forest,3,bio02,15,0.913508,0.8294220000000001,0.08408599999999988,,,,,,
random_forest,3,bio02,16,0.913508,0.837729,0.07577900000000004,,,,,,
random_forest,3,bio02,17,0.913508,0.844905,0.06860299999999997,,,,,,
random_forest,3,bio02,18,0.913508,0.8447929999999999,0.06871500000000008,,,,,,
random_forest,3,bio02,19,0.913508,0.8460070000000001,0.06750099999999992,,,,,,
random_forest,3,bio03,0,0.913508,0.8444510000000001,0.06905699999999992,,,,,,
random_forest,3,bio03,1,0.913508,0.872116,0.041391999999999984,,,,,,
random_forest,3,bio03,2,0.913508,0.882479,0.031028999999999973,,,,,,
random_forest,3,bio03,3,0.913508,0.8580140000000002,0.05549399999999982,,,,,,
random_forest,3,bio03,4,0.913508,0.898805,0.014703000000000022,,,,,,
random_forest,3,bio03,5,0.913508,0.853669,0.059838999999999976,,,,,,
random_forest,3,bio03,6,0.913508,0.886112,0.027395999999999976,,,,,,
random_forest,3,bio03,7,0.913508,0.875911,0.03759699999999999,,,,,,
random_forest,3,bio03,8,0.913508,0.870883,0.042625000000000024,,,,,,
random_forest,3,bio03,9,0.913508,0.864818,0.04869000000000001,,,,,,
random_forest,3,bio03,10,0.913508,0.867437,0.04607099999999997,,,,,,
random_forest,3,bio03,11,0.913508,0.863251,0.050256999999999996,,,,,,
random_forest,3,bio03,12,0.913508,0.8614860000000001,0.0520219999999999,,,,,,
random_forest,3,bio03,13,0.913508,0.859358,0.05415000000000003,,,,,,
random_forest,3,bio03,14,0.913508,0.8840339999999999,0.02947400000000011,,,,,,
random_forest,3,bio03,15,0.913508,0.847039,0.066469,,,,,,
random_forest,3,bio03,16,0.913508,0.8905869999999999,0.02292100000000008,,,,,,
random_forest,3,bio03,17,0.913508,0.859495,0.05401299999999998,,,,,,
random_forest,3,bio03,18,0.913508,0.8498950000000001,0.06361299999999992,,,,,,
random_forest,3,bio03,19,0.913508,0.8574989999999999,0.056009000000000086,,,,,,
random_forest,3,bio05,0,0.913508,0.905351,0.00815699999999997,,,,,,
random_forest,3,bio05,1,0.913508,0.8817040000000002,0.03180399999999983,,,,,,
random_forest,3,bio05,2,0.913508,0.8824110000000001,0.03109699999999993,,,,,,
random_forest,3,bio05,3,0.913508,0.868732,0.04477600000000004,,,,,,
random_forest,3,bio05,4,0.913508,0.876448,0.03705999999999998,,,,,,
random_forest,3,bio05,5,0.913508,0.882405,0.031102999999999992,,,,,,
random_forest,3,bio05,6,0.913508,0.8623000000000001,0.05120799999999992,,,,,,
random_forest,3,bio05,7,0.913508,0.904605,0.008902999999999994,,,,,,
random_forest,3,bio05,8,0.913508,0.8802460000000001,0.0332619999999999,,,,,,
random_forest,3,bio05,9,0.913508,0.9068489999999999,0.0066590000000000815,,,,,,
random_forest,3,bio05,10,0.913508,0.875446,0.03806200000000004,,,,,,
random_forest,3,bio05,11,0.913508,0.880849,0.032658999999999994,,,,,,
random_forest,3,bio05,12,0.913508,0.882528,0.030980000000000008,,,,,,
random_forest,3,bio05,13,0.913508,0.879639,0.03386900000000004,,,,,,
random_forest,3,bio05,14,0.913508,0.8589679999999998,0.054540000000000144,,,,,,
random_forest,3,bio05,15,0.913508,0.8896039999999998,0.023904000000000147,,,,,,
random_forest,3,bio05,16,0.913508,0.8891969999999998,0.024311000000000194,,,,,,
random_forest,3,bio05,17,0.913508,0.887285,0.026222999999999996,,,,,,
random_forest,3,bio05,18,0.913508,0.8798049999999998,0.03370300000000015,,,,,,
random_forest,3,bio05,19,0.913508,0.871331,0.04217700000000002,,,,,,
random_forest,3,bio15,0,0.913508,0.7795510000000001,0.13395699999999988,,,,,,
random_forest,3,bio15,1,0.913508,0.7595700000000001,0.1539379999999999,,,,,,
random_forest,3,bio15,2,0.913508,0.7820719999999999,0.1314360000000001,,,,,,
random_forest,3,bio15,3,0.913508,0.744786,0.16872200000000004,,,,,,
random_forest,3,bio15,4,0.913508,0.8046599999999999,0.10884800000000006,,,,,,
random_forest,3,bio15,5,0.913508,0.765004,0.14850399999999997,,,,,,
random_forest,3,bio15,6,0.913508,0.771728,0.14178000000000002,,,,,,
random_forest,3,bio15,7,0.913508,0.7664300000000002,0.14707799999999982,,,,,,
random_forest,3,bio15,8,0.913508,0.740567,0.172941,,,,,,
random_forest,3,bio15,9,0.913508,0.786001,0.12750700000000004,,,,,,
random_forest,3,bio15,10,0.913508,0.775207,0.138301,,,,,,
random_forest,3,bio15,11,0.913508,0.7796300000000002,0.13387799999999983,,,,,,
random_forest,3,bio15,12,0.913508,0.760142,0.153366,,,,,,
random_forest,3,bio15,13,0.913508,0.760702,0.152806,,,,,,
random_forest,3,bio15,14,0.913508,0.7645519999999999,0.1489560000000001,,,,,,
random_forest,3,bio15,15,0.913508,0.7476149999999999,0.16589300000000007,,,,,,
random_forest,3,bio15,16,0.913508,0.763782,0.14972600000000003,,,,,,
random_forest,3,bio15,17,0.913508,0.7912850000000001,0.12222299999999986,,,,,,
random_forest,3,bio15,18,0.913508,0.7639929999999999,0.14951500000000006,,,,,,
random_forest,3,bio15,19,0.913508,0.780295,0.13321300000000003,,,,,,
random_forest,3,clay,0,0.913508,0.9060249999999999,0.0074830000000001284,,,,,,
random_forest,3,clay,1,0.913508,0.8790789999999999,0.03442900000000004,,,,,,
random_forest,3,clay,2,0.913508,0.8805729999999999,0.03293500000000005,,,,,,
random_forest,3,clay,3,0.913508,0.8732740000000001,0.04023399999999988,,,,,,
random_forest,3,clay,4,0.913508,0.905057,0.008450999999999986,,,,,,
random_forest,3,clay,5,0.913508,0.8886919999999999,0.02481600000000006,,,,,,
random_forest,3,clay,6,0.913508,0.8875449999999999,0.02596300000000007,,,,,,
random_forest,3,clay,7,0.913508,0.873779,0.039729000000000014,,,,,,
random_forest,3,clay,8,0.913508,0.8828260000000001,0.030681999999999876,,,,,,
random_forest,3,clay,9,0.913508,0.8617619999999999,0.05174600000000007,,,,,,
random_forest,3,clay,10,0.913508,0.875957,0.037551,,,,,,
random_forest,3,clay,11,0.913508,0.8821689999999999,0.03133900000000012,,,,,,
random_forest,3,clay,12,0.913508,0.88765,0.025857999999999937,,,,,,
random_forest,3,clay,13,0.913508,0.8839299999999999,0.029578000000000104,,,,,,
random_forest,3,clay,14,0.913508,0.8911990000000001,0.022308999999999912,,,,,,
random_forest,3,clay,15,0.913508,0.861073,0.05243500000000001,,,,,,
random_forest,3,clay,16,0.913508,0.916118,-0.002610000000000001,,,,,,
random_forest,3,clay,17,0.913508,0.8674540000000001,0.04605399999999993,,,,,,
random_forest,3,clay,18,0.913508,0.9027370000000001,0.010770999999999864,,,,,,
random_forest,3,clay,19,0.913508,0.889275,0.02423299999999995,,,,,,
random_forest,3,elevation,0,0.913508,0.902989,0.010518999999999945,,,,,,
random_forest,3,elevation,1,0.913508,0.9055779999999999,0.007930000000000104,,,,,,
random_forest,3,elevation,2,0.913508,0.9034520000000001,0.010055999999999843,,,,,,
random_forest,3,elevation,3,0.913508,0.892308,0.021199999999999997,,,,,,
random_forest,3,elevation,4,0.913508,0.913308,0.00019999999999997797,,,,,,
random_forest,3,elevation,5,0.913508,0.894051,0.019456999999999947,,,,,,
random_forest,3,elevation,6,0.913508,0.897544,0.015963999999999978,,,,,,
random_forest,3,elevation,7,0.913508,0.884879,0.028629000000000016,,,,,,
random_forest,3,elevation,8,0.913508,0.889159,0.024348999999999954,,,,,,
random_forest,3,elevation,9,0.913508,0.9130119999999999,0.000496000000000052,,,,,,
random_forest,3,elevation,10,0.913508,0.9121600000000001,0.0013479999999999048,,,,,,
random_forest,3,elevation,11,0.913508,0.9034610000000001,0.010046999999999917,,,,,,
random_forest,3,elevation,12,0.913508,0.8880550000000001,0.025452999999999837,,,,,,
random_forest,3,elevation,13,0.913508,0.888029,0.02547900000000003,,,,,,
random_forest,3,elevation,14,0.913508,0.913899,-0.0003910000000000302,,,,,,
random_forest,3,elevation,15,0.913508,0.9024890000000001,0.01101899999999989,,,,,,
random_forest,3,elevation,16,0.913508,0.9110099999999999,0.0024980000000001112,,,,,,
random_forest,3,elevation,17,0.913508,0.889025,0.024483000000000033,,,,,,
random_forest,3,elevation,18,0.913508,0.9263100000000001,-0.012802000000000091,,,,,,
random_forest,3,elevation,19,0.913508,0.885932,0.027575999999999934,,,,,,
random_forest,3,northness,0,0.913508,0.899862,0.013645999999999936,,,,,,
random_forest,3,northness,1,0.913508,0.9111199999999999,0.0023880000000000567,,,,,,
random_forest,3,northness,2,0.913508,0.903428,0.010079999999999978,,,,,,
random_forest,3,northness,3,0.913508,0.9241729999999998,-0.010664999999999814,,,,,,
random_forest,3,northness,4,0.913508,0.9093870000000001,0.00412099999999993,,,,,,
random_forest,3,northness,5,0.913508,0.92841,-0.01490199999999997,,,,,,
random_forest,3,northness,6,0.913508,0.9214899999999999,-0.007981999999999934,,,,,,
random_forest,3,northness,7,0.913508,0.905192,0.00831599999999999,,,,,,
random_forest,3,northness,8,0.913508,0.9092899999999999,0.004218000000000055,,,,,,
random_forest,3,northness,9,0.913508,0.922473,-0.008965,,,,,,
random_forest,3,northness,10,0.913508,0.894381,0.019127000000000005,,,,,,
random_forest,3,northness,11,0.913508,0.9256069999999998,-0.01209899999999986,,,,,,
random_forest,3,northness,12,0.913508,0.920236,-0.006728000000000067,,,,,,
random_forest,3,northness,13,0.913508,0.9047989999999999,0.008709000000000078,,,,,,
random_forest,3,northness,14,0.913508,0.9160769999999999,-0.0025689999999999324,,,,,,
random_forest,3,northness,15,0.913508,0.9176159999999999,-0.0041079999999998895,,,,,,
random_forest,3,northness,16,0.913508,0.883287,0.030220999999999942,,,,,,
random_forest,3,northness,17,0.913508,0.907367,0.006140999999999952,,,,,,
random_forest,3,northness,18,0.913508,0.9247460000000001,-0.011238000000000081,,,,,,
random_forest,3,northness,19,0.913508,0.903932,0.009576000000000029,,,,,,
random_forest,3,sand,0,0.913508,0.889936,0.023572000000000037,,,,,,
random_forest,3,sand,1,0.913508,0.889626,0.02388199999999996,,,,,,
random_forest,3,sand,2,0.913508,0.8956000000000001,0.017907999999999924,,,,,,
random_forest,3,sand,3,0.913508,0.8698639999999999,0.04364400000000013,,,,,,
random_forest,3,sand,4,0.913508,0.906627,0.006881000000000026,,,,,,
random_forest,3,sand,5,0.913508,0.907856,0.00565199999999999,,,,,,
random_forest,3,sand,6,0.913508,0.879325,0.03418299999999996,,,,,,
random_forest,3,sand,7,0.913508,0.9109910000000001,0.0025169999999998804,,,,,,
random_forest,3,sand,8,0.913508,0.891043,0.022464999999999957,,,,,,
random_forest,3,sand,9,0.913508,0.8951379999999999,0.01837000000000011,,,,,,
random_forest,3,sand,10,0.913508,0.8838600000000001,0.029647999999999897,,,,,,
random_forest,3,sand,11,0.913508,0.90776,0.005747999999999975,,,,,,
random_forest,3,sand,12,0.913508,0.8841300000000001,0.029377999999999904,,,,,,
random_forest,3,sand,13,0.913508,0.8942049999999999,0.01930300000000007,,,,,,
random_forest,3,sand,14,0.913508,0.896248,0.017259999999999942,,,,,,
random_forest,3,sand,15,0.913508,0.881172,0.03233600000000003,,,,,,
random_forest,3,sand,16,0.913508,0.8648080000000001,0.048699999999999855,,,,,,
random_forest,3,sand,17,0.913508,0.911808,0.0017000000000000348,,,,,,
random_forest,3,sand,18,0.913508,0.8819520000000001,0.03155599999999992,,,,,,
random_forest,3,sand,19,0.913508,0.9035229999999999,0.009985000000000133,,,,,,
random_forest,4,bio02,0,0.9620870000000001,0.9473020000000001,0.014785000000000048,,,,,,
random_forest,4,bio02,1,0.9620870000000001,0.9293100000000001,0.032777000000000056,,,,,,
random_forest,4,bio02,2,0.9620870000000001,0.932696,0.029391000000000167,,,,,,
random_forest,4,bio02,3,0.9620870000000001,0.9333009999999999,0.0287860000000002,,,,,,
random_forest,4,bio02,4,0.9620870000000001,0.946818,0.015269000000000088,,,,,,
random_forest,4,bio02,5,0.9620870000000001,0.9394799999999999,0.022607000000000266,,,,,,
random_forest,4,bio02,6,0.9620870000000001,0.9319299999999999,0.03015700000000021,,,,,,
random_forest,4,bio02,7,0.9620870000000001,0.9413379999999999,0.02074900000000024,,,,,,
random_forest,4,bio02,8,0.9620870000000001,0.941421,0.020666000000000184,,,,,,
random_forest,4,bio02,9,0.9620870000000001,0.9527450000000001,0.009342000000000072,,,,,,
random_forest,4,bio02,10,0.9620870000000001,0.952002,0.010085000000000122,,,,,,
random_forest,4,bio02,11,0.9620870000000001,0.938747,0.02334000000000014,,,,,,
random_forest,4,bio02,12,0.9620870000000001,0.944419,0.017668000000000128,,,,,,
random_forest,4,bio02,13,0.9620870000000001,0.91106,0.051027000000000156,,,,,,
random_forest,4,bio02,14,0.9620870000000001,0.9309559999999999,0.031131000000000242,,,,,,
random_forest,4,bio02,15,0.9620870000000001,0.9450069999999999,0.017080000000000206,,,,,,
random_forest,4,bio02,16,0.9620870000000001,0.9234910000000001,0.038596000000000075,,,,,,
random_forest,4,bio02,17,0.9620870000000001,0.936335,0.025752000000000108,,,,,,
random_forest,4,bio02,18,0.9620870000000001,0.9215240000000001,0.040563000000000016,,,,,,
random_forest,4,bio02,19,0.9620870000000001,0.925889,0.036198000000000174,,,,,,
random_forest,4,bio03,0,0.9620870000000001,0.929794,0.03229300000000013,,,,,,
random_forest,4,bio03,1,0.9620870000000001,0.940299,0.02178800000000014,,,,,,
random_forest,4,bio03,2,0.9620870000000001,0.9221300000000001,0.03995700000000002,,,,,,
random_forest,4,bio03,3,0.9620870000000001,0.9421519999999999,0.019935000000000258,,,,,,
random_forest,4,bio03,4,0.9620870000000001,0.931341,0.030746000000000162,,,,,,
random_forest,4,bio03,5,0.9620870000000001,0.9370510000000001,0.025036000000000058,,,,,,
random_forest,4,bio03,6,0.9620870000000001,0.933819,0.028268000000000182,,,,,,
random_forest,4,bio03,7,0.9620870000000001,0.941583,0.02050400000000019,,,,,,
random_forest,4,bio03,8,0.9620870000000001,0.93362,0.02846700000000013,,,,,,
random_forest,4,bio03,9,0.9620870000000001,0.9397229999999999,0.022364000000000273,,,,,,
random_forest,4,bio03,10,0.9620870000000001,0.943368,0.018719000000000152,,,,,,
random_forest,4,bio03,11,0.9620870000000001,0.9352010000000001,0.026886000000000077,,,,,,
random_forest,4,bio03,12,0.9620870000000001,0.9259469999999999,0.03614000000000028,,,,,,
random_forest,4,bio03,13,0.9620870000000001,0.9358339999999999,0.026253000000000193,,,,,,
random_forest,4,bio03,14,0.9620870000000001,0.938068,0.024019000000000124,,,,,,
random_forest,4,bio03,15,0.9620870000000001,0.938062,0.024025000000000185,,,,,,
random_forest,4,bio03,16,0.9620870000000001,0.9327460000000001,0.02934100000000006,,,,,,
random_forest,4,bio03,17,0.9620870000000001,0.9355209999999999,0.0265660000000002,,,,,,
random_forest,4,bio03,18,0.9620870000000001,0.933826,0.02826100000000009,,,,,,
random_forest,4,bio03,19,0.9620870000000001,0.9235279999999999,0.03855900000000023,,,,,,
random_forest,4,bio05,0,0.9620870000000001,0.934138,0.027949000000000113,,,,,,
random_forest,4,bio05,1,0.9620870000000001,0.931314,0.03077300000000016,,,,,,
random_forest,4,bio05,2,0.9620870000000001,0.9271720000000001,0.03491500000000003,,,,,,
random_forest,4,bio05,3,0.9620870000000001,0.9365860000000001,0.025500999999999996,,,,,,
random_forest,4,bio05,4,0.9620870000000001,0.9219900000000001,0.04009700000000005,,,,,,
random_forest,4,bio05,5,0.9620870000000001,0.9350480000000001,0.027039000000000035,,,,,,
random_forest,4,bio05,6,0.9620870000000001,0.9276650000000001,0.034422000000000064,,,,,,
random_forest,4,bio05,7,0.9620870000000001,0.927559,0.034528000000000114,,,,,,
random_forest,4,bio05,8,0.9620870000000001,0.93432,0.027767000000000097,,,,,,
random_forest,4,bio05,9,0.9620870000000001,0.9415439999999999,0.0205430000000002,,,,,,
random_forest,4,bio05,10,0.9620870000000001,0.9282860000000002,0.03380099999999997,,,,,,
random_forest,4,bio05,11,0.9620870000000001,0.931809,0.030278000000000138,,,,,,
random_forest,4,bio05,12,0.9620870000000001,0.931462,0.030625000000000124,,,,,,
random_forest,4,bio05,13,0.9620870000000001,0.929703,0.03238400000000019,,,,,,
random_forest,4,bio05,14,0.9620870000000001,0.9298059999999999,0.032281000000000226,,,,,,
random_forest,4,bio05,15,0.9620870000000001,0.9397660000000001,0.022321000000000035,,,,,,
random_forest,4,bio05,16,0.9620870000000001,0.932795,0.029292000000000096,,,,,,
random_forest,4,bio05,17,0.9620870000000001,0.9360430000000001,0.026044000000000067,,,,,,
random_forest,4,bio05,18,0.9620870000000001,0.9266070000000001,0.03548000000000007,,,,,,
random_forest,4,bio05,19,0.9620870000000001,0.953201,0.008886000000000172,,,,,,
random_forest,4,bio15,0,0.9620870000000001,0.850991,0.11109600000000008,,,,,,
random_forest,4,bio15,1,0.9620870000000001,0.887678,0.07440900000000017,,,,,,
random_forest,4,bio15,2,0.9620870000000001,0.8316699999999999,0.13041700000000023,,,,,,
random_forest,4,bio15,3,0.9620870000000001,0.881866,0.0802210000000001,,,,,,
random_forest,4,bio15,4,0.9620870000000001,0.881268,0.08081900000000009,,,,,,
random_forest,4,bio15,5,0.9620870000000001,0.8640619999999999,0.09802500000000025,,,,,,
random_forest,4,bio15,6,0.9620870000000001,0.8780450000000001,0.08404200000000006,,,,,,
random_forest,4,bio15,7,0.9620870000000001,0.906513,0.05557400000000012,,,,,,
random_forest,4,bio15,8,0.9620870000000001,0.9181189999999999,0.04396800000000023,,,,,,
random_forest,4,bio15,9,0.9620870000000001,0.8533069999999999,0.10878000000000021,,,,,,
random_forest,4,bio15,10,0.9620870000000001,0.868134,0.09395300000000018,,,,,,
random_forest,4,bio15,11,0.9620870000000001,0.8880600000000001,0.07402700000000006,,,,,,
random_forest,4,bio15,12,0.9620870000000001,0.8775939999999999,0.08449300000000026,,,,,,
random_forest,4,bio15,13,0.9620870000000001,0.864608,0.0974790000000001,,,,,,
random_forest,4,bio15,14,0.9620870000000001,0.9017160000000001,0.060371000000000064,,,,,,
random_forest,4,bio15,15,0.9620870000000001,0.885474,0.07661300000000015,,,,,,
random_forest,4,bio15,16,0.9620870000000001,0.86045,0.10163700000000009,,,,,,
random_forest,4,bio15,17,0.9620870000000001,0.8814350000000001,0.08065200000000006,,,,,,
random_forest,4,bio15,18,0.9620870000000001,0.8648799999999999,0.09720700000000027,,,,,,
random_forest,4,bio15,19,0.9620870000000001,0.86286,0.09922700000000018,,,,,,
random_forest,4,clay,0,0.9620870000000001,0.9473210000000001,0.014766000000000057,,,,,,
random_forest,4,clay,1,0.9620870000000001,0.9399409999999999,0.02214600000000022,,,,,,
random_forest,4,clay,2,0.9620870000000001,0.937829,0.024258000000000113,,,,,,
random_forest,4,clay,3,0.9620870000000001,0.938616,0.02347100000000013,,,,,,
random_forest,4,clay,4,0.9620870000000001,0.9502689999999999,0.011818000000000217,,,,,,
random_forest,4,clay,5,0.9620870000000001,0.947141,0.014946000000000126,,,,,,
random_forest,4,clay,6,0.9620870000000001,0.951337,0.010750000000000148,,,,,,
random_forest,4,clay,7,0.9620870000000001,0.9314000000000001,0.03068700000000002,,,,,,
random_forest,4,clay,8,0.9620870000000001,0.9524039999999998,0.00968300000000033,,,,,,
random_forest,4,clay,9,0.9620870000000001,0.951872,0.010215000000000085,,,,,,
random_forest,4,clay,10,0.9620870000000001,0.952554,0.009533000000000125,,,,,,
random_forest,4,clay,11,0.9620870000000001,0.956805,0.00528200000000012,,,,,,
random_forest,4,clay,12,0.9620870000000001,0.942365,0.01972200000000013,,,,,,
random_forest,4,clay,13,0.9620870000000001,0.9466589999999999,0.01542800000000022,,,,,,
random_forest,4,clay,14,0.9620870000000001,0.934809,0.027278000000000135,,,,,,
random_forest,4,clay,15,0.9620870000000001,0.943505,0.0185820000000001,,,,,,
random_forest,4,clay,16,0.9620870000000001,0.929392,0.03269500000000014,,,,,,
random_forest,4,clay,17,0.9620870000000001,0.9381959999999999,0.023891000000000218,,,,,,
random_forest,4,clay,18,0.9620870000000001,0.959626,0.0024610000000001575,,,,,,
random_forest,4,clay,19,0.9620870000000001,0.959906,0.0021810000000000995,,,,,,
random_forest,4,elevation,0,0.9620870000000001,0.9412799999999999,0.020807000000000242,,,,,,
random_forest,4,elevation,1,0.9620870000000001,0.9465509999999999,0.015536000000000216,,,,,,
random_forest,4,elevation,2,0.9620870000000001,0.9531750000000001,0.008912000000000031,,,,,,
random_forest,4,elevation,3,0.9620870000000001,0.9542260000000001,0.007861000000000007,,,,,,
random_forest,4,elevation,4,0.9620870000000001,0.9434039999999999,0.018683000000000227,,,,,,
random_forest,4,elevation,5,0.9620870000000001,0.946244,0.015843000000000163,,,,,,
random_forest,4,elevation,6,0.9620870000000001,0.948759,0.013328000000000118,,,,,,
random_forest,4,elevation,7,0.9620870000000001,0.958591,0.0034960000000001656,,,,,,
random_forest,4,elevation,8,0.9620870000000001,0.959698,0.0023890000000000855,,,,,,
random_forest,4,elevation,9,0.9620870000000001,0.9516449999999999,0.010442000000000284,,,,,,
random_forest,4,elevation,10,0.9620870000000001,0.9504189999999999,0.011668000000000234,,,,,,
random_forest,4,elevation,11,0.9620870000000001,0.949143,0.012944000000000178,,,,,,
random_forest,4,elevation,12,0.9620870000000001,0.9554079999999999,0.0066790000000002125,,,,,,
random_forest,4,elevation,13,0.9620870000000001,0.9592710000000001,0.0028160000000000407,,,,,,
random_forest,4,elevation,14,0.9620870000000001,0.9348020000000001,0.027285000000000004,,,,,,
random_forest,4,elevation,15,0.9620870000000001,0.9480470000000001,0.014040000000000052,,,,,,
random_forest,4,elevation,16,0.9620870000000001,0.966119,-0.0040319999999998135,,,,,,
random_forest,4,elevation,17,0.9620870000000001,0.9512190000000001,0.010867999999999989,,,,,,
random_forest,4,elevation,18,0.9620870000000001,0.9653240000000001,-0.0032369999999999344,,,,,,
random_forest,4,elevation,19,0.9620870000000001,0.940944,0.021143000000000134,,,,,,
random_forest,4,northness,0,0.9620870000000001,0.965863,-0.0037759999999998906,,,,,,
random_forest,4,northness,1,0.9620870000000001,0.961656,0.00043100000000018124,,,,,,
random_forest,4,northness,2,0.9620870000000001,0.964078,-0.001990999999999854,,,,,,
random_forest,4,northness,3,0.9620870000000001,0.964782,-0.002694999999999892,,,,,,
random_forest,4,northness,4,0.9620870000000001,0.962711,-0.0006239999999998469,,,,,,
random_forest,4,northness,5,0.9620870000000001,0.951788,0.010299000000000169,,,,,,
random_forest,4,northness,6,0.9620870000000001,0.961751,0.000336000000000114,,,,,,
random_forest,4,northness,7,0.9620870000000001,0.9568370000000002,0.005249999999999977,,,,,,
random_forest,4,northness,8,0.9620870000000001,0.963552,-0.0014649999999998276,,,,,,
random_forest,4,northness,9,0.9620870000000001,0.9617159999999999,0.00037100000000023226,,,,,,
random_forest,4,northness,10,0.9620870000000001,0.963859,-0.0017719999999998848,,,,,,
random_forest,4,northness,11,0.9620870000000001,0.967731,-0.005643999999999871,,,,,,
random_forest,4,northness,12,0.9620870000000001,0.964287,-0.0021999999999998687,,,,,,
random_forest,4,northness,13,0.9620870000000001,0.962065,2.2000000000188535e-05,,,,,,
random_forest,4,northness,14,0.9620870000000001,0.9671630000000001,-0.005075999999999969,,,,,,
random_forest,4,northness,15,0.9620870000000001,0.968582,-0.0064949999999999175,,,,,,
random_forest,4,northness,16,0.9620870000000001,0.9659300000000001,-0.00384299999999993,,,,,,
random_forest,4,northness,17,0.9620870000000001,0.967652,-0.00556499999999982,,,,,,
random_forest,4,northness,18,0.9620870000000001,0.9579859999999999,0.004101000000000243,,,,,,
random_forest,4,northness,19,0.9620870000000001,0.9692809999999998,-0.007193999999999701,,,,,,
random_forest,4,sand,0,0.9620870000000001,0.9446620000000001,0.017425000000000024,,,,,,
random_forest,4,sand,1,0.9620870000000001,0.9426239999999999,0.01946300000000023,,,,,,
random_forest,4,sand,2,0.9620870000000001,0.9484720000000001,0.013615000000000044,,,,,,
random_forest,4,sand,3,0.9620870000000001,0.9491799999999999,0.012907000000000224,,,,,,
random_forest,4,sand,4,0.9620870000000001,0.9428289999999999,0.01925800000000022,,,,,,
random_forest,4,sand,5,0.9620870000000001,0.952681,0.009406000000000136,,,,,,
random_forest,4,sand,6,0.9620870000000001,0.9438869999999999,0.018200000000000216,,,,,,
random_forest,4,sand,7,0.9620870000000001,0.952116,0.009971000000000174,,,,,,
random_forest,4,sand,8,0.9620870000000001,0.959006,0.0030810000000001114,,,,,,
random_forest,4,sand,9,0.9620870000000001,0.9454579999999999,0.016629000000000227,,,,,,
random_forest,4,sand,10,0.9620870000000001,0.946063,0.01602400000000015,,,,,,
random_forest,4,sand,11,0.9620870000000001,0.939991,0.022096000000000116,,,,,,
random_forest,4,sand,12,0.9620870000000001,0.946674,0.015413000000000121,,,,,,
random_forest,4,sand,13,0.9620870000000001,0.9529209999999999,0.00916600000000023,,,,,,
random_forest,4,sand,14,0.9620870000000001,0.943042,0.01904500000000009,,,,,,
random_forest,4,sand,15,0.9620870000000001,0.9621229999999998,-3.5999999999702936e-05,,,,,,
random_forest,4,sand,16,0.9620870000000001,0.9503269999999999,0.011760000000000215,,,,,,
random_forest,4,sand,17,0.9620870000000001,0.9493799999999999,0.012707000000000246,,,,,,
random_forest,4,sand,18,0.9620870000000001,0.9429630000000001,0.01912400000000003,,,,,,
random_forest,4,sand,19,0.9620870000000001,0.942688,0.019399000000000166,,,,,,
xgboost,0,bio02,0,0.9923607843137255,0.9573431372549018,0.03501764705882371,,,,,,
xgboost,0,bio02,1,0.9923607843137255,0.9630843137254901,0.02927647058823546,,,,,,
xgboost,0,bio02,2,0.9923607843137255,0.9614843137254903,0.030876470588235283,,,,,,
xgboost,0,bio02,3,0.9923607843137255,0.9644392156862744,0.0279215686274511,,,,,,
xgboost,0,bio02,4,0.9923607843137255,0.9553588235294118,0.037001960784313725,,,,,,
xgboost,0,bio02,5,0.9923607843137255,0.9610019607843137,0.03135882352941188,,,,,,
xgboost,0,bio02,6,0.9923607843137255,0.946292156862745,0.046068627450980504,,,,,,
xgboost,0,bio02,7,0.9923607843137255,0.9595235294117647,0.03283725490196088,,,,,,
xgboost,0,bio02,8,0.9923607843137255,0.9594019607843137,0.03295882352941182,,,,,,
xgboost,0,bio02,9,0.9923607843137255,0.9650352941176471,0.02732549019607844,,,,,,
xgboost,0,bio02,10,0.9923607843137255,0.964707843137255,0.027652941176470547,,,,,,
xgboost,0,bio02,11,0.9923607843137255,0.9647843137254901,0.027576470588235424,,,,,,
xgboost,0,bio02,12,0.9923607843137255,0.9612666666666667,0.031094117647058828,,,,,,
xgboost,0,bio02,13,0.9923607843137255,0.9687529411764706,0.023607843137254947,,,,,,
xgboost,0,bio02,14,0.9923607843137255,0.9612176470588236,0.03114313725490192,,,,,,
xgboost,0,bio02,15,0.9923607843137255,0.9603666666666666,0.03199411764705895,,,,,,
xgboost,0,bio02,16,0.9923607843137255,0.9519156862745098,0.0404450980392157,,,,,,
xgboost,0,bio02,17,0.9923607843137255,0.9482019607843137,0.044158823529411806,,,,,,
xgboost,0,bio02,18,0.9923607843137255,0.9617352941176471,0.03062549019607841,,,,,,
xgboost,0,bio02,19,0.9923607843137255,0.9568549019607843,0.035505882352941276,,,,,,
xgboost,0,bio03,0,0.9923607843137255,0.9363254901960785,0.05603529411764707,,,,,,
xgboost,0,bio03,1,0.9923607843137255,0.9355372549019608,0.05682352941176472,,,,,,
xgboost,0,bio03,2,0.9923607843137255,0.9508999999999999,0.041460784313725685,,,,,,
xgboost,0,bio03,3,0.9923607843137255,0.951035294117647,0.04132549019607856,,,,,,
xgboost,0,bio03,4,0.9923607843137255,0.931329411764706,0.06103137254901958,,,,,,
xgboost,0,bio03,5,0.9923607843137255,0.9445921568627451,0.04776862745098043,,,,,,
xgboost,0,bio03,6,0.9923607843137255,0.9538117647058824,0.03854901960784318,,,,,,
xgboost,0,bio03,7,0.9923607843137255,0.9463450980392156,0.046015686274509915,,,,,,
xgboost,0,bio03,8,0.9923607843137255,0.9353137254901961,0.05704705882352945,,,,,,
xgboost,0,bio03,9,0.9923607843137255,0.9271450980392156,0.06521568627450991,,,,,,
xgboost,0,bio03,10,0.9923607843137255,0.9297784313725491,0.06258235294117642,,,,,,
xgboost,0,bio03,11,0.9923607843137255,0.9459686274509803,0.046392156862745226,,,,,,
xgboost,0,bio03,12,0.9923607843137255,0.9335470588235295,0.058813725490196034,,,,,,
xgboost,0,bio03,13,0.9923607843137255,0.9277117647058823,0.0646490196078432,,,,,,
xgboost,0,bio03,14,0.9923607843137255,0.9421156862745099,0.05024509803921562,,,,,,
xgboost,0,bio03,15,0.9923607843137255,0.9375137254901961,0.05484705882352947,,,,,,
xgboost,0,bio03,16,0.9923607843137255,0.9487019607843138,0.04365882352941175,,,,,,
xgboost,0,bio03,17,0.9923607843137255,0.9298647058823529,0.062496078431372615,,,,,,
xgboost,0,bio03,18,0.9923607843137255,0.9382686274509804,0.054092156862745155,,,,,,
xgboost,0,bio03,19,0.9923607843137255,0.9391235294117647,0.05323725490196085,,,,,,
xgboost,0,bio05,0,0.9923607843137255,0.975470588235294,0.016890196078431563,,,,,,
xgboost,0,bio05,1,0.9923607843137255,0.9725431372549019,0.019817647058823606,,,,,,
xgboost,0,bio05,2,0.9923607843137255,0.9728882352941177,0.01947254901960782,,,,,,
xgboost,0,bio05,3,0.9923607843137255,0.9774470588235294,0.014913725490196095,,,,,,
xgboost,0,bio05,4,0.9923607843137255,0.9801529411764706,0.012207843137254981,,,,,,
xgboost,0,bio05,5,0.9923607843137255,0.9594529411764706,0.03290784313725492,,,,,,
xgboost,0,bio05,6,0.9923607843137255,0.9755529411764705,0.01680784313725503,,,,,,
xgboost,0,bio05,7,0.9923607843137255,0.9845,0.0078607843137255,,,,,,
xgboost,0,bio05,8,0.9923607843137255,0.9828019607843137,0.009558823529411842,,,,,,
xgboost,0,bio05,9,0.9923607843137255,0.9762352941176472,0.01612549019607834,,,,,,
xgboost,0,bio05,10,0.9923607843137255,0.9668058823529412,0.02555490196078436,,,,,,
xgboost,0,bio05,11,0.9923607843137255,0.9705980392156863,0.021762745098039216,,,,,,
xgboost,0,bio05,12,0.9923607843137255,0.9797,0.012660784313725526,,,,,,
xgboost,0,bio05,13,0.9923607843137255,0.9719725490196078,0.020388235294117707,,,,,,
xgboost,0,bio05,14,0.9923607843137255,0.9700882352941176,0.022272549019607957,,,,,,
xgboost,0,bio05,15,0.9923607843137255,0.9776039215686274,0.014756862745098132,,,,,,
xgboost,0,bio05,16,0.9923607843137255,0.9738686274509805,0.01849215686274508,,,,,,
xgboost,0,bio05,17,0.9923607843137255,0.9729470588235294,0.019413725490196154,,,,,,
xgboost,0,bio05,18,0.9923607843137255,0.9833058823529413,0.00905490196078429,,,,,,
xgboost,0,bio05,19,0.9923607843137255,0.9687745098039215,0.023586274509803995,,,,,,
xgboost,0,bio15,0,0.9923607843137255,0.9345490196078432,0.05781176470588234,,,,,,
xgboost,0,bio15,1,0.9923607843137255,0.9533078431372548,0.039052941176470735,,,,,,
xgboost,0,bio15,2,0.9923607843137255,0.9062803921568627,0.0860803921568628,,,,,,
xgboost,0,bio15,3,0.9923607843137255,0.9536411764705882,0.03871960784313733,,,,,,
xgboost,0,bio15,4,0.9923607843137255,0.9276509803921568,0.06470980392156878,,,,,,
xgboost,0,bio15,5,0.9923607843137255,0.9326372549019608,0.05972352941176473,,,,,,
xgboost,0,bio15,6,0.9923607843137255,0.937949019607843,0.05441176470588249,,,,,,
xgboost,0,bio15,7,0.9923607843137255,0.9544254901960785,0.03793529411764707,,,,,,
xgboost,0,bio15,8,0.9923607843137255,0.9123509803921569,0.08000980392156865,,,,,,
xgboost,0,bio15,9,0.9923607843137255,0.9148274509803922,0.07753333333333334,,,,,,
xgboost,0,bio15,10,0.9923607843137255,0.9316647058823531,0.06069607843137248,,,,,,
xgboost,0,bio15,11,0.9923607843137255,0.9283156862745099,0.06404509803921565,,,,,,
xgboost,0,bio15,12,0.9923607843137255,0.9192725490196079,0.07308823529411768,,,,,,
xgboost,0,bio15,13,0.9923607843137255,0.9396254901960783,0.05273529411764721,,,,,,
xgboost,0,bio15,14,0.9923607843137255,0.9318941176470588,0.06046666666666678,,,,,,
xgboost,0,bio15,15,0.9923607843137255,0.9577921568627451,0.03456862745098044,,,,,,
xgboost,0,bio15,16,0.9923607843137255,0.937813725490196,0.054547058823529504,,,,,,
xgboost,0,bio15,17,0.9923607843137255,0.9354196078431373,0.05694117647058827,,,,,,
xgboost,0,bio15,18,0.9923607843137255,0.9182901960784312,0.07407058823529433,,,,,,
xgboost,0,bio15,19,0.9923607843137255,0.9471607843137253,0.04520000000000024,,,,,,
xgboost,0,clay,0,0.9923607843137255,0.9816411764705882,0.010719607843137302,,,,,,
xgboost,0,clay,1,0.9923607843137255,0.9823588235294117,0.010001960784313813,,,,,,
xgboost,0,clay,2,0.9923607843137255,0.9805882352941176,0.011772549019607892,,,,,,
xgboost,0,clay,3,0.9923607843137255,0.9854823529411765,0.006878431372549065,,,,,,
xgboost,0,clay,4,0.9923607843137255,0.9870529411764706,0.005307843137254964,,,,,,
xgboost,0,clay,5,0.9923607843137255,0.9859921568627451,0.006368627450980435,,,,,,
xgboost,0,clay,6,0.9923607843137255,0.9773254901960784,0.015035294117647147,,,,,,
xgboost,0,clay,7,0.9923607843137255,0.981356862745098,0.011003921568627506,,,,,,
xgboost,0,clay,8,0.9923607843137255,0.9811313725490196,0.011229411764705932,,,,,,
xgboost,0,clay,9,0.9923607843137255,0.9829745098039215,0.009386274509804005,,,,,,
xgboost,0,clay,10,0.9923607843137255,0.990321568627451,0.0020392156862745203,,,,,,
xgboost,0,clay,11,0.9923607843137255,0.9894490196078431,0.0029117647058823914,,,,,,
xgboost,0,clay,12,0.9923607843137255,0.9918862745098039,0.0004745098039216078,,,,,,
xgboost,0,clay,13,0.9923607843137255,0.9775156862745098,0.014845098039215743,,,,,,
xgboost,0,clay,14,0.9923607843137255,0.9776019607843138,0.014758823529411713,,,,,,
xgboost,0,clay,15,0.9923607843137255,0.9831607843137254,0.009200000000000097,,,,,,
xgboost,0,clay,16,0.9923607843137255,0.9783843137254902,0.013976470588235368,,,,,,
xgboost,0,clay,17,0.9923607843137255,0.9895803921568627,0.0027803921568628764,,,,,,
xgboost,0,clay,18,0.9923607843137255,0.9816803921568628,0.010680392156862784,,,,,,
xgboost,0,clay,19,0.9923607843137255,0.9844470588235295,0.007913725490196089,,,,,,
xgboost,0,elevation,0,0.9923607843137255,0.989,0.003360784313725551,,,,,,
xgboost,0,elevation,1,0.9923607843137255,0.9798529411764705,0.01250784313725506,,,,,,
xgboost,0,elevation,2,0.9923607843137255,0.9831196078431372,0.009241176470588308,,,,,,
xgboost,0,elevation,3,0.9923607843137255,0.9797274509803922,0.012633333333333385,,,,,,
xgboost,0,elevation,4,0.9923607843137255,0.9717784313725489,0.020582352941176607,,,,,,
xgboost,0,elevation,5,0.9923607843137255,0.9761803921568627,0.016180392156862844,,,,,,
xgboost,0,elevation,6,0.9923607843137255,0.9879568627450981,0.004403921568627456,,,,,,
xgboost,0,elevation,7,0.9923607843137255,0.9830274509803921,0.009333333333333416,,,,,,
xgboost,0,elevation,8,0.9923607843137255,0.9834196078431372,0.008941176470588341,,,,,,
xgboost,0,elevation,9,0.9923607843137255,0.9702274509803922,0.022133333333333338,,,,,,
xgboost,0,elevation,10,0.9923607843137255,0.9711862745098039,0.02117450980392166,,,,,,
xgboost,0,elevation,11,0.9923607843137255,0.9782686274509804,0.01409215686274512,,,,,,
xgboost,0,elevation,12,0.9923607843137255,0.9739019607843137,0.01845882352941186,,,,,,
xgboost,0,elevation,13,0.9923607843137255,0.9880470588235294,0.004313725490196152,,,,,,
xgboost,0,elevation,14,0.9923607843137255,0.9779117647058823,0.014449019607843283,,,,,,
xgboost,0,elevation,15,0.9923607843137255,0.9903,0.0020607843137255832,,,,,,
xgboost,0,elevation,16,0.9923607843137255,0.9815529411764706,0.010807843137254913,,,,,,
xgboost,0,elevation,17,0.9923607843137255,0.9784352941176471,0.013925490196078472,,,,,,
xgboost,0,elevation,18,0.9923607843137255,0.9780529411764706,0.014307843137254972,,,,,,
xgboost,0,elevation,19,0.9923607843137255,0.9815529411764705,0.010807843137255024,,,,,,
xgboost,0,northness,0,0.9923607843137255,0.9955862745098039,-0.0032254901960783178,,,,,,
xgboost,0,northness,1,0.9923607843137255,0.9922000000000001,0.00016078431372545943,,,,,,
xgboost,0,northness,2,0.9923607843137255,0.993078431372549,-0.0007176470588234896,,,,,,
xgboost,0,northness,3,0.9923607843137255,0.9935058823529411,-0.0011450980392155863,,,,,,
xgboost,0,northness,4,0.9923607843137255,0.9943941176470589,-0.0020333333333333314,,,,,,
xgboost,0,northness,5,0.9923607843137255,0.9930666666666667,-0.0007058823529411118,,,,,,
xgboost,0,northness,6,0.9923607843137255,0.9948490196078431,-0.002488235294117569,,,,,,
xgboost,0,northness,7,0.9923607843137255,0.9943803921568627,-0.00201960784313715,,,,,,
xgboost,0,northness,8,0.9923607843137255,0.9952725490196077,-0.0029117647058821694,,,,,,
xgboost,0,northness,9,0.9923607843137255,0.9937647058823529,-0.001403921568627342,,,,,,
xgboost,0,northness,10,0.9923607843137255,0.9955411764705882,-0.0031803921568626103,,,,,,
xgboost,0,northness,11,0.9923607843137255,0.9955686274509804,-0.003207843137254862,,,,,,
xgboost,0,northness,12,0.9923607843137255,0.9921803921568627,0.00018039215686282972,,,,,,
xgboost,0,northness,13,0.9923607843137255,0.9946156862745098,-0.0022549019607842613,,,,,,
xgboost,0,northness,14,0.9923607843137255,0.9941607843137255,-0.0017999999999999128,,,,,,
xgboost,0,northness,15,0.9923607843137255,0.9943294117647059,-0.0019686274509803647,,,,,,
xgboost,0,northness,16,0.9923607843137255,0.9943235294117647,-0.001962745098039176,,,,,,
xgboost,0,northness,17,0.9923607843137255,0.9938313725490197,-0.0014705882352941124,,,,,,
xgboost,0,northness,18,0.9923607843137255,0.9939019607843137,-0.001541176470588157,,,,,,
xgboost,0,northness,19,0.9923607843137255,0.9945470588235293,-0.0021862745098037983,,,,,,
xgboost,0,sand,0,0.9923607843137255,0.9861764705882353,0.00618431372549022,,,,,,
xgboost,0,sand,1,0.9923607843137255,0.9904294117647059,0.0019313725490196498,,,,,,
xgboost,0,sand,2,0.9923607843137255,0.9942215686274509,-0.0018607843137253832,,,,,,
xgboost,0,sand,3,0.9923607843137255,0.9877509803921568,0.004609803921568734,,,,,,
xgboost,0,sand,4,0.9923607843137255,0.9938882352941176,-0.0015274509803920866,,,,,,
xgboost,0,sand,5,0.9923607843137255,0.9853058823529411,0.007054901960784399,,,,,,
xgboost,0,sand,6,0.9923607843137255,0.9893607843137254,0.0030000000000001137,,,,,,
xgboost,0,sand,7,0.9923607843137255,0.989664705882353,0.0026960784313725394,,,,,,
xgboost,0,sand,8,0.9923607843137255,0.9932960784313726,-0.0009352941176470342,,,,,,
xgboost,0,sand,9,0.9923607843137255,0.9937882352941176,-0.0014274509803920976,,,,,,
xgboost,0,sand,10,0.9923607843137255,0.9875843137254903,0.004776470588235271,,,,,,
xgboost,0,sand,11,0.9923607843137255,0.9895137254901961,0.0028470588235294247,,,,,,
xgboost,0,sand,12,0.9923607843137255,0.9905450980392156,0.0018156862745098978,,,,,,
xgboost,0,sand,13,0.9923607843137255,0.9909627450980393,0.0013980392156862642,,,,,,
xgboost,0,sand,14,0.9923607843137255,0.9907411764705882,0.001619607843137305,,,,,,
xgboost,0,sand,15,0.9923607843137255,0.9923411764705882,1.9607843137370295e-05,,,,,,
xgboost,0,sand,16,0.9923607843137255,0.9929941176470588,-0.0006333333333332636,,,,,,
xgboost,0,sand,17,0.9923607843137255,0.9860549019607844,0.006305882352941161,,,,,,
xgboost,0,sand,18,0.9923607843137255,0.993156862745098,-0.0007960784313724156,,,,,,
xgboost,0,sand,19,0.9923607843137255,0.9891588235294118,0.0032019607843137843,,,,,,
xgboost,1,bio02,0,0.9470950980392157,0.8979607843137256,0.04913431372549004,,,,,,
xgboost,1,bio02,1,0.9470950980392157,0.9088549019607843,0.03824019607843132,,,,,,
xgboost,1,bio02,2,0.9470950980392157,0.9149313725490197,0.03216372549019597,,,,,,
xgboost,1,bio02,3,0.9470950980392157,0.9068274509803921,0.040267647058823575,,,,,,
xgboost,1,bio02,4,0.9470950980392157,0.9158411764705882,0.031253921568627496,,,,,,
xgboost,1,bio02,5,0.9470950980392157,0.9033666666666667,0.043728431372549004,,,,,,
xgboost,1,bio02,6,0.9470950980392157,0.8907254901960784,0.05636960784313727,,,,,,
xgboost,1,bio02,7,0.9470950980392157,0.9079392156862747,0.039155882352940985,,,,,,
xgboost,1,bio02,8,0.9470950980392157,0.909021568627451,0.03807352941176467,,,,,,
xgboost,1,bio02,9,0.9470950980392157,0.8919254901960784,0.05516960784313729,,,,,,
xgboost,1,bio02,10,0.9470950980392157,0.9065215686274509,0.04057352941176473,,,,,,
xgboost,1,bio02,11,0.9470950980392157,0.8838666666666667,0.06322843137254897,,,,,,
xgboost,1,bio02,12,0.9470950980392157,0.8876529411764706,0.05944215686274501,,,,,,
xgboost,1,bio02,13,0.9470950980392157,0.9123470588235294,0.034748039215686255,,,,,,
xgboost,1,bio02,14,0.9470950980392157,0.9101117647058823,0.03698333333333337,,,,,,
xgboost,1,bio02,15,0.9470950980392157,0.9010156862745099,0.04607941176470576,,,,,,
xgboost,1,bio02,16,0.9470950980392157,0.9290274509803922,0.018067647058823466,,,,,,
xgboost,1,bio02,17,0.9470950980392157,0.9060274509803922,0.04106764705882349,,,,,,
xgboost,1,bio02,18,0.9470950980392157,0.9118078431372549,0.03528725490196072,,,,,,
xgboost,1,bio02,19,0.9470950980392157,0.9156156862745098,0.03147941176470581,,,,,,
xgboost,1,bio03,0,0.9470950980392157,0.8819372549019607,0.06515784313725492,,,,,,
xgboost,1,bio03,1,0.9470950980392157,0.9288666666666667,0.018228431372548926,,,,,,
xgboost,1,bio03,2,0.9470950980392157,0.9001529411764706,0.046942156862745055,,,,,,
xgboost,1,bio03,3,0.9470950980392157,0.9238450980392157,0.023249999999999993,,,,,,
xgboost,1,bio03,4,0.9470950980392157,0.8994019607843138,0.047693137254901874,,,,,,
xgboost,1,bio03,5,0.9470950980392157,0.9051529411764705,0.04194215686274516,,,,,,
xgboost,1,bio03,6,0.9470950980392157,0.9091784313725491,0.0379166666666666,,,,,,
xgboost,1,bio03,7,0.9470950980392157,0.899986274509804,0.0471088235294117,,,,,,
xgboost,1,bio03,8,0.9470950980392157,0.9183176470588236,0.028777450980392083,,,,,,
xgboost,1,bio03,9,0.9470950980392157,0.8772098039215687,0.06988529411764699,,,,,,
xgboost,1,bio03,10,0.9470950980392157,0.906143137254902,0.040951960784313624,,,,,,
xgboost,1,bio03,11,0.9470950980392157,0.894929411764706,0.05216568627450968,,,,,,
xgboost,1,bio03,12,0.9470950980392157,0.9265156862745098,0.0205794117647059,,,,,,
xgboost,1,bio03,13,0.9470950980392157,0.9001921568627452,0.046902941176470425,,,,,,
xgboost,1,bio03,14,0.9470950980392157,0.8957235294117647,0.05137156862745096,,,,,,
xgboost,1,bio03,15,0.9470950980392157,0.8898294117647059,0.057265686274509786,,,,,,
xgboost,1,bio03,16,0.9470950980392157,0.8774745098039215,0.06962058823529416,,,,,,
xgboost,1,bio03,17,0.9470950980392157,0.8937254901960785,0.05336960784313716,,,,,,
xgboost,1,bio03,18,0.9470950980392157,0.8888411764705881,0.05825392156862752,,,,,,
xgboost,1,bio03,19,0.9470950980392157,0.8926705882352943,0.05442450980392133,,,,,,
xgboost,1,bio05,0,0.9470950980392157,0.9100196078431373,0.037075490196078364,,,,,,
xgboost,1,bio05,1,0.9470950980392157,0.9237058823529412,0.0233892156862745,,,,,,
xgboost,1,bio05,2,0.9470950980392157,0.9236941176470587,0.02340098039215699,,,,,,
xgboost,1,bio05,3,0.9470950980392157,0.9071225490196079,0.039972549019607784,,,,,,
xgboost,1,bio05,4,0.9470950980392157,0.9010686274509804,0.04602647058823528,,,,,,
xgboost,1,bio05,5,0.9470950980392157,0.9293666666666668,0.01772843137254887,,,,,,
xgboost,1,bio05,6,0.9470950980392157,0.9279294117647059,0.019165686274509763,,,,,,
xgboost,1,bio05,7,0.9470950980392157,0.9291166666666666,0.017978431372549064,,,,,,
xgboost,1,bio05,8,0.9470950980392157,0.9104627450980392,0.036632352941176505,,,,,,
xgboost,1,bio05,9,0.9470950980392157,0.9259960784313725,0.021099019607843106,,,,,,
xgboost,1,bio05,10,0.9470950980392157,0.9253725490196077,0.021722549019607906,,,,,,
xgboost,1,bio05,11,0.9470950980392157,0.915143137254902,0.031951960784313616,,,,,,
xgboost,1,bio05,12,0.9470950980392157,0.9283196078431373,0.01877549019607838,,,,,,
xgboost,1,bio05,13,0.9470950980392157,0.9223196078431372,0.024775490196078498,,,,,,
xgboost,1,bio05,14,0.9470950980392157,0.9370117647058823,0.010083333333333333,,,,,,
xgboost,1,bio05,15,0.9470950980392157,0.9157225490196078,0.03137254901960784,,,,,,
xgboost,1,bio05,16,0.9470950980392157,0.9247078431372548,0.022387254901960807,,,,,,
xgboost,1,bio05,17,0.9470950980392157,0.9174450980392156,0.029650000000000065,,,,,,
xgboost,1,bio05,18,0.9470950980392157,0.9212372549019607,0.02585784313725492,,,,,,
xgboost,1,bio05,19,0.9470950980392157,0.9241176470588235,0.022977450980392167,,,,,,
xgboost,1,bio15,0,0.9470950980392157,0.9096235294117647,0.037471568627450935,,,,,,
xgboost,1,bio15,1,0.9470950980392157,0.8970490196078432,0.05004607843137243,,,,,,
xgboost,1,bio15,2,0.9470950980392157,0.9006411764705883,0.04645392156862738,,,,,,
xgboost,1,bio15,3,0.9470950980392157,0.8893588235294116,0.05773627450980401,,,,,,
xgboost,1,bio15,4,0.9470950980392157,0.8894235294117647,0.05767156862745093,,,,,,
xgboost,1,bio15,5,0.9470950980392157,0.899792156862745,0.0473029411764706,,,,,,
xgboost,1,bio15,6,0.9470950980392157,0.9081039215686275,0.03899117647058814,,,,,,
xgboost,1,bio15,7,0.9470950980392157,0.8944588235294118,0.052636274509803904,,,,,,
xgboost,1,bio15,8,0.9470950980392157,0.897735294117647,0.04935980392156869,,,,,,
xgboost,1,bio15,9,0.9470950980392157,0.9010156862745098,0.04607941176470587,,,,,,
xgboost,1,bio15,10,0.9470950980392157,0.8890058823529412,0.058089215686274454,,,,,,
xgboost,1,bio15,11,0.9470950980392157,0.9031352941176471,0.04395980392156851,,,,,,
xgboost,1,bio15,12,0.9470950980392157,0.8737823529411763,0.07331274509803931,,,,,,
xgboost,1,bio15,13,0.9470950980392157,0.8951196078431372,0.0519754901960785,,,,,,
xgboost,1,bio15,14,0.9470950980392157,0.8854607843137254,0.06163431372549022,,,,,,
xgboost,1,bio15,15,0.9470950980392157,0.8928196078431373,0.05427549019607836,,,,,,
xgboost,1,bio15,16,0.9470950980392157,0.8865725490196079,0.06052254901960774,,,,,,
xgboost,1,bio15,17,0.9470950980392157,0.8844450980392157,0.06264999999999998,,,,,,
xgboost,1,bio15,18,0.9470950980392157,0.8977529411764706,0.04934215686274501,,,,,,
xgboost,1,bio15,19,0.9470950980392157,0.8683137254901961,0.07878137254901951,,,,,,
xgboost,1,clay,0,0.9470950980392157,0.9352843137254901,0.011810784313725509,,,,,,
xgboost,1,clay,1,0.9470950980392157,0.9178901960784314,0.02920490196078429,,,,,,
xgboost,1,clay,2,0.9470950980392157,0.923186274509804,0.023908823529411705,,,,,,
xgboost,1,clay,3,0.9470950980392157,0.937620588235294,0.009474509803921616,,,,,,
xgboost,1,clay,4,0.9470950980392157,0.9205078431372549,0.02658725490196079,,,,,,
xgboost,1,clay,5,0.9470950980392157,0.9330803921568627,0.014014705882352985,,,,,,
xgboost,1,clay,6,0.9470950980392157,0.9375823529411765,0.009512745098039121,,,,,,
xgboost,1,clay,7,0.9470950980392157,0.9157509803921569,0.0313441176470588,,,,,,
xgboost,1,clay,8,0.9470950980392157,0.9340450980392158,0.013049999999999895,,,,,,
xgboost,1,clay,9,0.9470950980392157,0.9154078431372549,0.03168725490196078,,,,,,
xgboost,1,clay,10,0.9470950980392157,0.9094313725490197,0.03766372549019592,,,,,,
xgboost,1,clay,11,0.9470950980392157,0.9213862745098039,0.02570882352941173,,,,,,
xgboost,1,clay,12,0.9470950980392157,0.9247980392156863,0.022297058823529392,,,,,,
xgboost,1,clay,13,0.9470950980392157,0.9273274509803922,0.0197676470588235,,,,,,
xgboost,1,clay,14,0.9470950980392157,0.9203725490196079,0.0267225490196078,,,,,,
xgboost,1,clay,15,0.9470950980392157,0.9371156862745098,0.009979411764705848,,,,,,
xgboost,1,clay,16,0.9470950980392157,0.9245117647058824,0.02258333333333329,,,,,,
xgboost,1,clay,17,0.9470950980392157,0.9146274509803922,0.032467647058823434,,,,,,
xgboost,1,clay,18,0.9470950980392157,0.9354254901960785,0.011669607843137197,,,,,,
xgboost,1,clay,19,0.9470950980392157,0.9145176470588235,0.03257745098039211,,,,,,
xgboost,1,elevation,0,0.9470950980392157,0.9289843137254902,0.01811078431372548,,,,,,
xgboost,1,elevation,1,0.9470950980392157,0.9411156862745098,0.005979411764705844,,,,,,
xgboost,1,elevation,2,0.9470950980392157,0.9348156862745097,0.012279411764705928,,,,,,
xgboost,1,elevation,3,0.9470950980392157,0.9368490196078432,0.010246078431372485,,,,,,
xgboost,1,elevation,4,0.9470950980392157,0.941886274509804,0.005208823529411655,,,,,,
xgboost,1,elevation,5,0.9470950980392157,0.9389588235294117,0.00813627450980392,,,,,,
xgboost,1,elevation,6,0.9470950980392157,0.9325137254901962,0.014581372549019478,,,,,,
xgboost,1,elevation,7,0.9470950980392157,0.9373549019607843,0.009740196078431351,,,,,,
xgboost,1,elevation,8,0.9470950980392157,0.941735294117647,0.005359803921568651,,,,,,
xgboost,1,elevation,9,0.9470950980392157,0.9384666666666667,0.008628431372548984,,,,,,
xgboost,1,elevation,10,0.9470950980392157,0.9331803921568628,0.013914705882352885,,,,,,
xgboost,1,elevation,11,0.9470950980392157,0.9316549019607844,0.015440196078431279,,,,,,
xgboost,1,elevation,12,0.9470950980392157,0.9359235294117646,0.011171568627451056,,,,,,
xgboost,1,elevation,13,0.9470950980392157,0.9428372549019607,0.0042578431372549685,,,,,,
xgboost,1,elevation,14,0.9470950980392157,0.9539509803921569,-0.006855882352941212,,,,,,
xgboost,1,elevation,15,0.9470950980392157,0.9217725490196079,0.025322549019607732,,,,,,
xgboost,1,elevation,16,0.9470950980392157,0.926813725490196,0.020281372549019627,,,,,,
xgboost,1,elevation,17,0.9470950980392157,0.9456843137254901,0.0014107843137255438,,,,,,
xgboost,1,elevation,18,0.9470950980392157,0.9355529411764705,0.011542156862745179,,,,,,
xgboost,1,elevation,19,0.9470950980392157,0.9395725490196078,0.007522549019607805,,,,,,
xgboost,1,northness,0,0.9470950980392157,0.9264803921568627,0.020614705882352924,,,,,,
xgboost,1,northness,1,0.9470950980392157,0.9278950980392157,0.019199999999999995,,,,,,
xgboost,1,northness,2,0.9470950980392157,0.936043137254902,0.011051960784313697,,,,,,
xgboost,1,northness,3,0.9470950980392157,0.9315186274509804,0.015576470588235303,,,,,,
xgboost,1,northness,4,0.9470950980392157,0.9438098039215687,0.0032852941176469974,,,,,,
xgboost,1,northness,5,0.9470950980392157,0.9457666666666666,0.0013284313725490104,,,,,,
xgboost,1,northness,6,0.9470950980392157,0.9086372549019608,0.038457843137254866,,,,,,
xgboost,1,northness,7,0.9470950980392157,0.9365607843137255,0.010534313725490185,,,,,,
xgboost,1,northness,8,0.9470950980392157,0.9326333333333334,0.01446176470588223,,,,,,
xgboost,1,northness,9,0.9470950980392157,0.9416509803921568,0.005444117647058877,,,,,,
xgboost,1,northness,10,0.9470950980392157,0.9255627450980393,0.02153235294117639,,,,,,
xgboost,1,northness,11,0.9470950980392157,0.9195196078431372,0.02757549019607841,,,,,,
xgboost,1,northness,12,0.9470950980392157,0.9367470588235294,0.010348039215686278,,,,,,
xgboost,1,northness,13,0.9470950980392157,0.9338980392156864,0.013197058823529284,,,,,,
xgboost,1,northness,14,0.9470950980392157,0.9215705882352941,0.025524509803921513,,,,,,
xgboost,1,northness,15,0.9470950980392157,0.9205313725490196,0.026563725490196033,,,,,,
xgboost,1,northness,16,0.9470950980392157,0.9337980392156862,0.013297058823529495,,,,,,
xgboost,1,northness,17,0.9470950980392157,0.9242970588235295,0.022798039215686128,,,,,,
xgboost,1,northness,18,0.9470950980392157,0.9400539215686274,0.007041176470588217,,,,,,
xgboost,1,northness,19,0.9470950980392157,0.9337450980392157,0.013349999999999973,,,,,,
xgboost,1,sand,0,0.9470950980392157,0.947149019607843,-5.3921568627379735e-05,,,,,,
xgboost,1,sand,1,0.9470950980392157,0.9566313725490195,-0.009536274509803877,,,,,,
xgboost,1,sand,2,0.9470950980392157,0.9375098039215686,0.00958529411764708,,,,,,
xgboost,1,sand,3,0.9470950980392157,0.9607078431372549,-0.013612745098039225,,,,,,
xgboost,1,sand,4,0.9470950980392157,0.9540892156862745,-0.006994117647058817,,,,,,
xgboost,1,sand,5,0.9470950980392157,0.9571490196078432,-0.0100539215686275,,,,,,
xgboost,1,sand,6,0.9470950980392157,0.9424117647058824,0.004683333333333262,,,,,,
xgboost,1,sand,7,0.9470950980392157,0.9592764705882353,-0.012181372549019631,,,,,,
xgboost,1,sand,8,0.9470950980392157,0.9574549019607843,-0.010359803921568655,,,,,,
xgboost,1,sand,9,0.9470950980392157,0.9511862745098039,-0.004091176470588209,,,,,,
xgboost,1,sand,10,0.9470950980392157,0.9565372549019608,-0.009442156862745188,,,,,,
xgboost,1,sand,11,0.9470950980392157,0.9634803921568628,-0.01638529411764711,,,,,,
xgboost,1,sand,12,0.9470950980392157,0.9448098039215685,0.0022852941176471075,,,,,,
xgboost,1,sand,13,0.9470950980392157,0.9656392156862745,-0.018544117647058878,,,,,,
xgboost,1,sand,14,0.9470950980392157,0.9423725490196078,0.004722549019607891,,,,,,
xgboost,1,sand,15,0.9470950980392157,0.9453764705882352,0.0017186274509805033,,,,,,
xgboost,1,sand,16,0.9470950980392157,0.9603411764705881,-0.013246078431372488,,,,,,
xgboost,1,sand,17,0.9470950980392157,0.9478529411764706,-0.0007578431372549099,,,,,,
xgboost,1,sand,18,0.9470950980392157,0.9596686274509805,-0.012573529411764817,,,,,,
xgboost,1,sand,19,0.9470950980392157,0.9653254901960784,-0.01823039215686273,,,,,,
xgboost,2,bio02,0,0.9242620000000001,0.896882,0.027380000000000182,,,,,,
xgboost,2,bio02,1,0.9242620000000001,0.8858039999999999,0.038458000000000214,,,,,,
xgboost,2,bio02,2,0.9242620000000001,0.9101999999999999,0.014062000000000241,,,,,,
xgboost,2,bio02,3,0.9242620000000001,0.88249,0.04177200000000014,,,,,,
xgboost,2,bio02,4,0.9242620000000001,0.8783340000000001,0.04592800000000008,,,,,,
xgboost,2,bio02,5,0.9242620000000001,0.8885799999999999,0.035682000000000214,,,,,,
xgboost,2,bio02,6,0.9242620000000001,0.911874,0.012388000000000177,,,,,,
xgboost,2,bio02,7,0.9242620000000001,0.8900120000000001,0.03425,,,,,,
xgboost,2,bio02,8,0.9242620000000001,0.8912439999999999,0.033018000000000214,,,,,,
xgboost,2,bio02,9,0.9242620000000001,0.8931119999999999,0.031150000000000233,,,,,,
xgboost,2,bio02,10,0.9242620000000001,0.8770939999999999,0.04716800000000021,,,,,,
xgboost,2,bio02,11,0.9242620000000001,0.87904,0.045222000000000095,,,,,,
xgboost,2,bio02,12,0.9242620000000001,0.875424,0.04883800000000016,,,,,,
xgboost,2,bio02,13,0.9242620000000001,0.8846059999999999,0.03965600000000025,,,,,,
xgboost,2,bio02,14,0.9242620000000001,0.8992800000000001,0.02498200000000006,,,,,,
xgboost,2,bio02,15,0.9242620000000001,0.9041180000000001,0.02014400000000005,,,,,,
xgboost,2,bio02,16,0.9242620000000001,0.883712,0.040550000000000086,,,,,,
xgboost,2,bio02,17,0.9242620000000001,0.9009020000000001,0.023360000000000047,,,,,,
xgboost,2,bio02,18,0.9242620000000001,0.888634,0.035628000000000104,,,,,,
xgboost,2,bio02,19,0.9242620000000001,0.896342,0.027920000000000167,,,,,,
xgboost,2,bio03,0,0.9242620000000001,0.8885880000000002,0.035673999999999984,,,,,,
xgboost,2,bio03,1,0.9242620000000001,0.873382,0.05088000000000015,,,,,,
xgboost,2,bio03,2,0.9242620000000001,0.859736,0.0645260000000002,,,,,,
xgboost,2,bio03,3,0.9242620000000001,0.864098,0.060164000000000106,,,,,,
xgboost,2,bio03,4,0.9242620000000001,0.85631,0.06795200000000012,,,,,,
xgboost,2,bio03,5,0.9242620000000001,0.86715,0.05711200000000016,,,,,,
xgboost,2,bio03,6,0.9242620000000001,0.878936,0.04532600000000009,,,,,,
xgboost,2,bio03,7,0.9242620000000001,0.867764,0.05649800000000016,,,,,,
xgboost,2,bio03,8,0.9242620000000001,0.8721119999999999,0.05215000000000025,,,,,,
xgboost,2,bio03,9,0.9242620000000001,0.8802879999999998,0.04397400000000029,,,,,,
xgboost,2,bio03,10,0.9242620000000001,0.8756379999999999,0.04862400000000022,,,,,,
xgboost,2,bio03,11,0.9242620000000001,0.851436,0.07282600000000017,,,,,,
xgboost,2,bio03,12,0.9242620000000001,0.8552679999999999,0.06899400000000022,,,,,,
xgboost,2,bio03,13,0.9242620000000001,0.8545520000000001,0.06971000000000005,,,,,,
xgboost,2,bio03,14,0.9242620000000001,0.876524,0.04773800000000017,,,,,,
xgboost,2,bio03,15,0.9242620000000001,0.8791199999999999,0.04514200000000024,,,,,,
xgboost,2,bio03,16,0.9242620000000001,0.874478,0.04978400000000016,,,,,,
xgboost,2,bio03,17,0.9242620000000001,0.8477079999999999,0.07655400000000023,,,,,,
xgboost,2,bio03,18,0.9242620000000001,0.853598,0.07066400000000017,,,,,,
xgboost,2,bio03,19,0.9242620000000001,0.8694280000000001,0.05483400000000005,,,,,,
xgboost,2,bio05,0,0.9242620000000001,0.9176360000000001,0.006626000000000021,,,,,,
xgboost,2,bio05,1,0.9242620000000001,0.8885679999999999,0.035694000000000226,,,,,,
xgboost,2,bio05,2,0.9242620000000001,0.9177159999999999,0.006546000000000274,,,,,,
xgboost,2,bio05,3,0.9242620000000001,0.922176,0.0020860000000001433,,,,,,
xgboost,2,bio05,4,0.9242620000000001,0.9143060000000001,0.009956000000000076,,,,,,
xgboost,2,bio05,5,0.9242620000000001,0.903762,0.020500000000000185,,,,,,
xgboost,2,bio05,6,0.9242620000000001,0.914462,0.009800000000000142,,,,,,
xgboost,2,bio05,7,0.9242620000000001,0.9066580000000001,0.017604000000000064,,,,,,
xgboost,2,bio05,8,0.9242620000000001,0.904538,0.019724000000000186,,,,,,
xgboost,2,bio05,9,0.9242620000000001,0.904554,0.01970800000000017,,,,,,
xgboost,2,bio05,10,0.9242620000000001,0.912158,0.012104000000000115,,,,,,
xgboost,2,bio05,11,0.9242620000000001,0.925158,-0.0008959999999998969,,,,,,
xgboost,2,bio05,12,0.9242620000000001,0.9119079999999999,0.012354000000000198,,,,,,
xgboost,2,bio05,13,0.9242620000000001,0.910426,0.013836000000000181,,,,,,
xgboost,2,bio05,14,0.9242620000000001,0.90009,0.024172000000000193,,,,,,
xgboost,2,bio05,15,0.9242620000000001,0.91132,0.01294200000000012,,,,,,
xgboost,2,bio05,16,0.9242620000000001,0.916214,0.008048000000000166,,,,,,
xgboost,2,bio05,17,0.9242620000000001,0.9271240000000001,-0.00286199999999992,,,,,,
xgboost,2,bio05,18,0.9242620000000001,0.907438,0.016824000000000172,,,,,,
xgboost,2,bio05,19,0.9242620000000001,0.9171900000000001,0.007072000000000078,,,,,,
xgboost,2,bio15,0,0.9242620000000001,0.828832,0.09543000000000013,,,,,,
xgboost,2,bio15,1,0.9242620000000001,0.81185,0.11241200000000018,,,,,,
xgboost,2,bio15,2,0.9242620000000001,0.8283339999999999,0.09592800000000024,,,,,,
xgboost,2,bio15,3,0.9242620000000001,0.8362799999999999,0.08798200000000023,,,,,,
xgboost,2,bio15,4,0.9242620000000001,0.8697379999999999,0.05452400000000024,,,,,,
xgboost,2,bio15,5,0.9242620000000001,0.8176159999999999,0.10664600000000024,,,,,,
xgboost,2,bio15,6,0.9242620000000001,0.8346439999999999,0.0896180000000002,,,,,,
xgboost,2,bio15,7,0.9242620000000001,0.827048,0.09721400000000013,,,,,,
xgboost,2,bio15,8,0.9242620000000001,0.8398739999999999,0.08438800000000024,,,,,,
xgboost,2,bio15,9,0.9242620000000001,0.8645160000000001,0.05974600000000008,,,,,,
xgboost,2,bio15,10,0.9242620000000001,0.818376,0.10588600000000015,,,,,,
xgboost,2,bio15,11,0.9242620000000001,0.85538,0.06888200000000011,,,,,,
xgboost,2,bio15,12,0.9242620000000001,0.8282959999999999,0.09596600000000022,,,,,,
xgboost,2,bio15,13,0.9242620000000001,0.8698419999999999,0.054420000000000246,,,,,,
xgboost,2,bio15,14,0.9242620000000001,0.855748,0.06851400000000019,,,,,,
xgboost,2,bio15,15,0.9242620000000001,0.805744,0.11851800000000012,,,,,,
xgboost,2,bio15,16,0.9242620000000001,0.8393359999999999,0.08492600000000028,,,,,,
xgboost,2,bio15,17,0.9242620000000001,0.853236,0.07102600000000014,,,,,,
xgboost,2,bio15,18,0.9242620000000001,0.841426,0.08283600000000013,,,,,,
xgboost,2,bio15,19,0.9242620000000001,0.8253800000000001,0.09888200000000003,,,,,,
xgboost,2,clay,0,0.9242620000000001,0.916782,0.007480000000000153,,,,,,
xgboost,2,clay,1,0.9242620000000001,0.9379839999999999,-0.01372199999999979,,,,,,
xgboost,2,clay,2,0.9242620000000001,0.935044,-0.010781999999999847,,,,,,
xgboost,2,clay,3,0.9242620000000001,0.9351619999999999,-0.010899999999999799,,,,,,
xgboost,2,clay,4,0.9242620000000001,0.9156020000000001,0.008660000000000001,,,,,,
xgboost,2,clay,5,0.9242620000000001,0.9366840000000001,-0.012421999999999933,,,,,,
xgboost,2,clay,6,0.9242620000000001,0.9162680000000002,0.007993999999999946,,,,,,
xgboost,2,clay,7,0.9242620000000001,0.935888,-0.011625999999999914,,,,,,
xgboost,2,clay,8,0.9242620000000001,0.9370099999999999,-0.01274799999999976,,,,,,
xgboost,2,clay,9,0.9242620000000001,0.937766,-0.01350399999999985,,,,,,
xgboost,2,clay,10,0.9242620000000001,0.9430019999999999,-0.018739999999999757,,,,,,
xgboost,2,clay,11,0.9242620000000001,0.9348900000000001,-0.01062799999999997,,,,,,
xgboost,2,clay,12,0.9242620000000001,0.9281959999999999,-0.003933999999999771,,,,,,
xgboost,2,clay,13,0.9242620000000001,0.934534,-0.010271999999999837,,,,,,
xgboost,2,clay,14,0.9242620000000001,0.931106,-0.00684399999999985,,,,,,
xgboost,2,clay,15,0.9242620000000001,0.924442,-0.00017999999999984695,,,,,,
xgboost,2,clay,16,0.9242620000000001,0.929476,-0.00521399999999983,,,,,,
xgboost,2,clay,17,0.9242620000000001,0.9353760000000001,-0.011113999999999957,,,,,,
xgboost,2,clay,18,0.9242620000000001,0.924746,-0.0004839999999998179,,,,,,
xgboost,2,clay,19,0.9242620000000001,0.918548,0.005714000000000108,,,,,,
xgboost,2,elevation,0,0.9242620000000001,0.91266,0.011602000000000112,,,,,,
xgboost,2,elevation,1,0.9242620000000001,0.918652,0.005610000000000115,,,,,,
xgboost,2,elevation,2,0.9242620000000001,0.9245459999999999,-0.0002839999999997289,,,,,,
xgboost,2,elevation,3,0.9242620000000001,0.9334039999999999,-0.009141999999999761,,,,,,
xgboost,2,elevation,4,0.9242620000000001,0.9212279999999999,0.003034000000000203,,,,,,
xgboost,2,elevation,5,0.9242620000000001,0.942866,-0.018603999999999843,,,,,,
xgboost,2,elevation,6,0.9242620000000001,0.93153,-0.00726799999999983,,,,,,
xgboost,2,elevation,7,0.9242620000000001,0.91673,0.007532000000000094,,,,,,
xgboost,2,elevation,8,0.9242620000000001,0.921756,0.0025060000000001192,,,,,,
xgboost,2,elevation,9,0.9242620000000001,0.940284,-0.01602199999999987,,,,,,
xgboost,2,elevation,10,0.9242620000000001,0.925368,-0.0011059999999998293,,,,,,
xgboost,2,elevation,11,0.9242620000000001,0.9360240000000001,-0.01176199999999994,,,,,,
xgboost,2,elevation,12,0.9242620000000001,0.9182639999999999,0.005998000000000281,,,,,,
xgboost,2,elevation,13,0.9242620000000001,0.9490679999999999,-0.024805999999999773,,,,,,
xgboost,2,elevation,14,0.9242620000000001,0.929414,-0.005151999999999823,,,,,,
xgboost,2,elevation,15,0.9242620000000001,0.926916,-0.002653999999999823,,,,,,
xgboost,2,elevation,16,0.9242620000000001,0.9284239999999999,-0.004161999999999777,,,,,,
xgboost,2,elevation,17,0.9242620000000001,0.9254060000000001,-0.0011439999999999229,,,,,,
xgboost,2,elevation,18,0.9242620000000001,0.9251119999999999,-0.0008499999999997954,,,,,,
xgboost,2,elevation,19,0.9242620000000001,0.9131039999999999,0.011158000000000223,,,,,,
xgboost,2,northness,0,0.9242620000000001,0.922662,0.0016000000000001569,,,,,,
xgboost,2,northness,1,0.9242620000000001,0.922408,0.0018540000000001333,,,,,,
xgboost,2,northness,2,0.9242620000000001,0.9278839999999998,-0.003621999999999681,,,,,,
xgboost,2,northness,3,0.9242620000000001,0.924496,-0.00023399999999984544,,,,,,
xgboost,2,northness,4,0.9242620000000001,0.9071560000000001,0.017106000000000066,,,,,,
xgboost,2,northness,5,0.9242620000000001,0.921204,0.003058000000000116,,,,,,
xgboost,2,northness,6,0.9242620000000001,0.9280839999999999,-0.00382199999999977,,,,,,
xgboost,2,northness,7,0.9242620000000001,0.920312,0.00395000000000012,,,,,,
xgboost,2,northness,8,0.9242620000000001,0.92398,0.0002820000000001155,,,,,,
xgboost,2,northness,9,0.9242620000000001,0.919724,0.004538000000000153,,,,,,
xgboost,2,northness,10,0.9242620000000001,0.922362,0.0019000000000001238,,,,,,
xgboost,2,northness,11,0.9242620000000001,0.9241439999999999,0.00011800000000028454,,,,,,
xgboost,2,northness,12,0.9242620000000001,0.922078,0.002184000000000186,,,,,,
xgboost,2,northness,13,0.9242620000000001,0.9338719999999999,-0.009609999999999785,,,,,,
xgboost,2,northness,14,0.9242620000000001,0.917302,0.006960000000000188,,,,,,
xgboost,2,northness,15,0.9242620000000001,0.928296,-0.004033999999999871,,,,,,
xgboost,2,northness,16,0.9242620000000001,0.9305420000000001,-0.006279999999999952,,,,,,
xgboost,2,northness,17,0.9242620000000001,0.9222180000000001,0.0020440000000000458,,,,,,
xgboost,2,northness,18,0.9242620000000001,0.916928,0.007334000000000174,,,,,,
xgboost,2,northness,19,0.9242620000000001,0.9248160000000001,-0.0005539999999999434,,,,,,
xgboost,2,sand,0,0.9242620000000001,0.930774,-0.006511999999999851,,,,,,
xgboost,2,sand,1,0.9242620000000001,0.9184479999999999,0.005814000000000208,,,,,,
xgboost,2,sand,2,0.9242620000000001,0.9242699999999999,-7.999999999785956e-06,,,,,,
xgboost,2,sand,3,0.9242620000000001,0.9141380000000001,0.010124000000000022,,,,,,
xgboost,2,sand,4,0.9242620000000001,0.900804,0.02345800000000009,,,,,,
xgboost,2,sand,5,0.9242620000000001,0.9405219999999999,-0.01625999999999972,,,,,,
xgboost,2,sand,6,0.9242620000000001,0.88827,0.035992000000000135,,,,,,
xgboost,2,sand,7,0.9242620000000001,0.898966,0.025296000000000096,,,,,,
xgboost,2,sand,8,0.9242620000000001,0.90903,0.015232000000000134,,,,,,
xgboost,2,sand,9,0.9242620000000001,0.923688,0.0005740000000001855,,,,,,
xgboost,2,sand,10,0.9242620000000001,0.919758,0.0045040000000001745,,,,,,
xgboost,2,sand,11,0.9242620000000001,0.911492,0.01277000000000017,,,,,,
xgboost,2,sand,12,0.9242620000000001,0.884544,0.03971800000000014,,,,,,
xgboost,2,sand,13,0.9242620000000001,0.9134979999999999,0.010764000000000218,,,,,,
xgboost,2,sand,14,0.9242620000000001,0.8863160000000001,0.037946000000000035,,,,,,
xgboost,2,sand,15,0.9242620000000001,0.9202799999999999,0.003982000000000263,,,,,,
xgboost,2,sand,16,0.9242620000000001,0.917692,0.006570000000000187,,,,,,
xgboost,2,sand,17,0.9242620000000001,0.9249080000000001,-0.0006459999999999244,,,,,,
xgboost,2,sand,18,0.9242620000000001,0.907518,0.016744000000000092,,,,,,
xgboost,2,sand,19,0.9242620000000001,0.905388,0.01887400000000017,,,,,,
xgboost,3,bio02,0,0.8933800000000001,0.8112379999999999,0.08214200000000016,,,,,,
xgboost,3,bio02,1,0.8933800000000001,0.8238639999999999,0.06951600000000013,,,,,,
xgboost,3,bio02,2,0.8933800000000001,0.8397899999999999,0.05359000000000014,,,,,,
xgboost,3,bio02,3,0.8933800000000001,0.848116,0.04526400000000008,,,,,,
xgboost,3,bio02,4,0.8933800000000001,0.8314659999999999,0.061914000000000136,,,,,,
xgboost,3,bio02,5,0.8933800000000001,0.8367159999999999,0.05666400000000016,,,,,,
xgboost,3,bio02,6,0.8933800000000001,0.827014,0.06636600000000004,,,,,,
xgboost,3,bio02,7,0.8933800000000001,0.830962,0.062418000000000085,,,,,,
xgboost,3,bio02,8,0.8933800000000001,0.8243419999999999,0.06903800000000015,,,,,,
xgboost,3,bio02,9,0.8933800000000001,0.816898,0.07648200000000005,,,,,,
xgboost,3,bio02,10,0.8933800000000001,0.8382700000000001,0.05510999999999999,,,,,,
xgboost,3,bio02,11,0.8933800000000001,0.8379019999999999,0.05547800000000014,,,,,,
xgboost,3,bio02,12,0.8933800000000001,0.8296300000000001,0.06374999999999997,,,,,,
xgboost,3,bio02,13,0.8933800000000001,0.8271799999999999,0.06620000000000015,,,,,,
xgboost,3,bio02,14,0.8933800000000001,0.823828,0.06955200000000006,,,,,,
xgboost,3,bio02,15,0.8933800000000001,0.831132,0.06224800000000008,,,,,,
xgboost,3,bio02,16,0.8933800000000001,0.8237599999999999,0.06962000000000013,,,,,,
xgboost,3,bio02,17,0.8933800000000001,0.8295899999999999,0.06379000000000012,,,,,,
xgboost,3,bio02,18,0.8933800000000001,0.838516,0.054864000000000024,,,,,,
xgboost,3,bio02,19,0.8933800000000001,0.83617,0.057210000000000094,,,,,,
xgboost,3,bio03,0,0.8933800000000001,0.8422540000000001,0.051126000000000005,,,,,,
xgboost,3,bio03,1,0.8933800000000001,0.8222339999999999,0.07114600000000015,,,,,,
xgboost,3,bio03,2,0.8933800000000001,0.8158700000000001,0.07750999999999997,,,,,,
xgboost,3,bio03,3,0.8933800000000001,0.819242,0.07413800000000004,,,,,,
xgboost,3,bio03,4,0.8933800000000001,0.86174,0.03164000000000011,,,,,,
xgboost,3,bio03,5,0.8933800000000001,0.8063400000000001,0.08704,,,,,,
xgboost,3,bio03,6,0.8933800000000001,0.8194960000000001,0.07388399999999995,,,,,,
xgboost,3,bio03,7,0.8933800000000001,0.8309420000000001,0.062437999999999994,,,,,,
xgboost,3,bio03,8,0.8933800000000001,0.813246,0.08013400000000004,,,,,,
xgboost,3,bio03,9,0.8933800000000001,0.8154779999999999,0.07790200000000014,,,,,,
xgboost,3,bio03,10,0.8933800000000001,0.8407540000000001,0.05262599999999995,,,,,,
xgboost,3,bio03,11,0.8933800000000001,0.8507260000000001,0.04265399999999997,,,,,,
xgboost,3,bio03,12,0.8933800000000001,0.84434,0.049040000000000084,,,,,,
xgboost,3,bio03,13,0.8933800000000001,0.821402,0.0719780000000001,,,,,,
xgboost,3,bio03,14,0.8933800000000001,0.8426420000000001,0.05073799999999995,,,,,,
xgboost,3,bio03,15,0.8933800000000001,0.823168,0.07021200000000005,,,,,,
xgboost,3,bio03,16,0.8933800000000001,0.8482139999999999,0.04516600000000015,,,,,,
xgboost,3,bio03,17,0.8933800000000001,0.8370380000000001,0.056342,,,,,,
xgboost,3,bio03,18,0.8933800000000001,0.817378,0.07600200000000001,,,,,,
xgboost,3,bio03,19,0.8933800000000001,0.842826,0.0505540000000001,,,,,,
xgboost,3,bio05,0,0.8933800000000001,0.8584660000000001,0.034914,,,,,,
xgboost,3,bio05,1,0.8933800000000001,0.83091,0.062470000000000026,,,,,,
xgboost,3,bio05,2,0.8933800000000001,0.857186,0.03619400000000006,,,,,,
xgboost,3,bio05,3,0.8933800000000001,0.841584,0.051796000000000064,,,,,,
xgboost,3,bio05,4,0.8933800000000001,0.869428,0.023952000000000084,,,,,,
xgboost,3,bio05,5,0.8933800000000001,0.857474,0.035906000000000104,,,,,,
xgboost,3,bio05,6,0.8933800000000001,0.8503539999999999,0.04302600000000012,,,,,,
xgboost,3,bio05,7,0.8933800000000001,0.876292,0.017088000000000103,,,,,,
xgboost,3,bio05,8,0.8933800000000001,0.84423,0.04915000000000003,,,,,,
xgboost,3,bio05,9,0.8933800000000001,0.86425,0.0291300000000001,,,,,,
xgboost,3,bio05,10,0.8933800000000001,0.8434840000000001,0.04989599999999994,,,,,,
xgboost,3,bio05,11,0.8933800000000001,0.870648,0.022732000000000085,,,,,,
xgboost,3,bio05,12,0.8933800000000001,0.87827,0.015110000000000068,,,,,,
xgboost,3,bio05,13,0.8933800000000001,0.890464,0.0029160000000000297,,,,,,
xgboost,3,bio05,14,0.8933800000000001,0.8571019999999999,0.03627800000000014,,,,,,
xgboost,3,bio05,15,0.8933800000000001,0.8668560000000001,0.026523999999999992,,,,,,
xgboost,3,bio05,16,0.8933800000000001,0.846542,0.046838000000000046,,,,,,
xgboost,3,bio05,17,0.8933800000000001,0.8279700000000001,0.06540999999999997,,,,,,
xgboost,3,bio05,18,0.8933800000000001,0.8536279999999999,0.03975200000000012,,,,,,
xgboost,3,bio05,19,0.8933800000000001,0.8616839999999999,0.03169600000000017,,,,,,
xgboost,3,bio15,0,0.8933800000000001,0.758272,0.13510800000000012,,,,,,
xgboost,3,bio15,1,0.8933800000000001,0.7408759999999999,0.1525040000000002,,,,,,
xgboost,3,bio15,2,0.8933800000000001,0.77797,0.11541000000000001,,,,,,
xgboost,3,bio15,3,0.8933800000000001,0.75675,0.13663000000000003,,,,,,
xgboost,3,bio15,4,0.8933800000000001,0.773182,0.12019800000000003,,,,,,
xgboost,3,bio15,5,0.8933800000000001,0.755738,0.13764200000000004,,,,,,
xgboost,3,bio15,6,0.8933800000000001,0.77002,0.12336000000000003,,,,,,
xgboost,3,bio15,7,0.8933800000000001,0.786352,0.10702800000000001,,,,,,
xgboost,3,bio15,8,0.8933800000000001,0.7424599999999999,0.15092000000000017,,,,,,
xgboost,3,bio15,9,0.8933800000000001,0.7829640000000001,0.11041599999999996,,,,,,
xgboost,3,bio15,10,0.8933800000000001,0.768272,0.1251080000000001,,,,,,
xgboost,3,bio15,11,0.8933800000000001,0.76372,0.1296600000000001,,,,,,
xgboost,3,bio15,12,0.8933800000000001,0.7352259999999999,0.15815400000000013,,,,,,
xgboost,3,bio15,13,0.8933800000000001,0.746274,0.14710600000000007,,,,,,
xgboost,3,bio15,14,0.8933800000000001,0.7497519999999999,0.1436280000000002,,,,,,
xgboost,3,bio15,15,0.8933800000000001,0.7569039999999999,0.13647600000000015,,,,,,
xgboost,3,bio15,16,0.8933800000000001,0.7563340000000001,0.137046,,,,,,
xgboost,3,bio15,17,0.8933800000000001,0.79406,0.09932000000000007,,,,,,
xgboost,3,bio15,18,0.8933800000000001,0.749352,0.14402800000000004,,,,,,
xgboost,3,bio15,19,0.8933800000000001,0.7822279999999999,0.11115200000000014,,,,,,
xgboost,3,clay,0,0.8933800000000001,0.895662,-0.0022819999999998952,,,,,,
xgboost,3,clay,1,0.8933800000000001,0.888108,0.005272000000000054,,,,,,
xgboost,3,clay,2,0.8933800000000001,0.89696,-0.0035799999999999166,,,,,,
xgboost,3,clay,3,0.8933800000000001,0.8861,0.007280000000000064,,,,,,
xgboost,3,clay,4,0.8933800000000001,0.890632,0.0027480000000000837,,,,,,
xgboost,3,clay,5,0.8933800000000001,0.8821959999999999,0.011184000000000194,,,,,,
xgboost,3,clay,6,0.8933800000000001,0.888454,0.004926000000000097,,,,,,
xgboost,3,clay,7,0.8933800000000001,0.870914,0.022466000000000097,,,,,,
xgboost,3,clay,8,0.8933800000000001,0.881732,0.011648000000000103,,,,,,
xgboost,3,clay,9,0.8933800000000001,0.8876820000000001,0.005697999999999981,,,,,,
xgboost,3,clay,10,0.8933800000000001,0.89729,-0.003909999999999969,,,,,,
xgboost,3,clay,11,0.8933800000000001,0.8896459999999999,0.003734000000000126,,,,,,
xgboost,3,clay,12,0.8933800000000001,0.892484,0.0008960000000000079,,,,,,
xgboost,3,clay,13,0.8933800000000001,0.895918,-0.002537999999999929,,,,,,
xgboost,3,clay,14,0.8933800000000001,0.9015740000000001,-0.008194000000000035,,,,,,
xgboost,3,clay,15,0.8933800000000001,0.8898559999999999,0.0035240000000001936,,,,,,
xgboost,3,clay,16,0.8933800000000001,0.8860140000000001,0.007365999999999984,,,,,,
xgboost,3,clay,17,0.8933800000000001,0.8908839999999999,0.0024960000000001648,,,,,,
xgboost,3,clay,18,0.8933800000000001,0.8908900000000001,0.0024899999999999922,,,,,,
xgboost,3,clay,19,0.8933800000000001,0.888822,0.004558000000000062,,,,,,
xgboost,3,elevation,0,0.8933800000000001,0.8821159999999999,0.011264000000000163,,,,,,
xgboost,3,elevation,1,0.8933800000000001,0.871324,0.022056000000000076,,,,,,
xgboost,3,elevation,2,0.8933800000000001,0.870212,0.023168000000000077,,,,,,
xgboost,3,elevation,3,0.8933800000000001,0.8905879999999999,0.0027920000000001277,,,,,,
xgboost,3,elevation,4,0.8933800000000001,0.8832,0.010180000000000078,,,,,,
xgboost,3,elevation,5,0.8933800000000001,0.876054,0.017326000000000064,,,,,,
xgboost,3,elevation,6,0.8933800000000001,0.889608,0.0037720000000001086,,,,,,
xgboost,3,elevation,7,0.8933800000000001,0.8753219999999999,0.01805800000000013,,,,,,
xgboost,3,elevation,8,0.8933800000000001,0.8865919999999999,0.006788000000000127,,,,,,
xgboost,3,elevation,9,0.8933800000000001,0.8821859999999999,0.011194000000000148,,,,,,
xgboost,3,elevation,10,0.8933800000000001,0.874448,0.01893200000000006,,,,,,
xgboost,3,elevation,11,0.8933800000000001,0.898978,-0.005597999999999992,,,,,,
xgboost,3,elevation,12,0.8933800000000001,0.88089,0.012490000000000112,,,,,,
xgboost,3,elevation,13,0.8933800000000001,0.8719140000000001,0.021465999999999985,,,,,,
xgboost,3,elevation,14,0.8933800000000001,0.888912,0.0044680000000000275,,,,,,
xgboost,3,elevation,15,0.8933800000000001,0.880568,0.012812000000000046,,,,,,
xgboost,3,elevation,16,0.8933800000000001,0.878354,0.015026000000000095,,,,,,
xgboost,3,elevation,17,0.8933800000000001,0.871976,0.02140400000000009,,,,,,
xgboost,3,elevation,18,0.8933800000000001,0.882088,0.01129200000000008,,,,,,
xgboost,3,elevation,19,0.8933800000000001,0.8641860000000001,0.029193999999999942,,,,,,
xgboost,3,northness,0,0.8933800000000001,0.9018680000000001,-0.008488000000000051,,,,,,
xgboost,3,northness,1,0.8933800000000001,0.904384,-0.011003999999999903,,,,,,
xgboost,3,northness,2,0.8933800000000001,0.9076439999999999,-0.014263999999999832,,,,,,
xgboost,3,northness,3,0.8933800000000001,0.9019879999999999,-0.008607999999999838,,,,,,
xgboost,3,northness,4,0.8933800000000001,0.9116839999999999,-0.018303999999999876,,,,,,
xgboost,3,northness,5,0.8933800000000001,0.9181520000000001,-0.024772000000000016,,,,,,
xgboost,3,northness,6,0.8933800000000001,0.906362,-0.012981999999999938,,,,,,
xgboost,3,northness,7,0.8933800000000001,0.9081879999999999,-0.014807999999999821,,,,,,
xgboost,3,northness,8,0.8933800000000001,0.92111,-0.02772999999999992,,,,,,
xgboost,3,northness,9,0.8933800000000001,0.8949959999999999,-0.0016159999999998398,,,,,,
xgboost,3,northness,10,0.8933800000000001,0.893252,0.000128000000000017,,,,,,
xgboost,3,northness,11,0.8933800000000001,0.910034,-0.016653999999999947,,,,,,
xgboost,3,northness,12,0.8933800000000001,0.927326,-0.03394599999999992,,,,,,
xgboost,3,northness,13,0.8933800000000001,0.908136,-0.014755999999999991,,,,,,
xgboost,3,northness,14,0.8933800000000001,0.917076,-0.02369599999999994,,,,,,
xgboost,3,northness,15,0.8933800000000001,0.8997080000000001,-0.006328,,,,,,
xgboost,3,northness,16,0.8933800000000001,0.882064,0.011316000000000104,,,,,,
xgboost,3,northness,17,0.8933800000000001,0.9047580000000001,-0.011378,,,,,,
xgboost,3,northness,18,0.8933800000000001,0.9191400000000001,-0.025760000000000005,,,,,,
xgboost,3,northness,19,0.8933800000000001,0.90405,-0.010669999999999957,,,,,,
xgboost,3,sand,0,0.8933800000000001,0.89216,0.0012200000000001099,,,,,,
xgboost,3,sand,1,0.8933800000000001,0.89184,0.0015400000000000968,,,,,,
xgboost,3,sand,2,0.8933800000000001,0.895936,-0.0025559999999998917,,,,,,
xgboost,3,sand,3,0.8933800000000001,0.89754,-0.0041599999999999415,,,,,,
xgboost,3,sand,4,0.8933800000000001,0.899546,-0.006165999999999894,,,,,,
xgboost,3,sand,5,0.8933800000000001,0.8922,0.0011800000000000699,,,,,,
xgboost,3,sand,6,0.8933800000000001,0.8866719999999999,0.006708000000000158,,,,,,
xgboost,3,sand,7,0.8933800000000001,0.8827499999999999,0.01063000000000014,,,,,,
xgboost,3,sand,8,0.8933800000000001,0.899894,-0.006513999999999909,,,,,,
xgboost,3,sand,9,0.8933800000000001,0.895532,-0.0021519999999999317,,,,,,
xgboost,3,sand,10,0.8933800000000001,0.8872980000000001,0.006081999999999921,,,,,,
xgboost,3,sand,11,0.8933800000000001,0.891582,0.0017980000000000773,,,,,,
xgboost,3,sand,12,0.8933800000000001,0.897868,-0.0044879999999999365,,,,,,
xgboost,3,sand,13,0.8933800000000001,0.891338,0.0020420000000000993,,,,,,
xgboost,3,sand,14,0.8933800000000001,0.89032,0.0030600000000000627,,,,,,
xgboost,3,sand,15,0.8933800000000001,0.8995819999999999,-0.006201999999999819,,,,,,
xgboost,3,sand,16,0.8933800000000001,0.8697280000000001,0.023652000000000006,,,,,,
xgboost,3,sand,17,0.8933800000000001,0.888072,0.00530800000000009,,,,,,
xgboost,3,sand,18,0.8933800000000001,0.886146,0.007234000000000074,,,,,,
xgboost,3,sand,19,0.8933800000000001,0.8983479999999998,-0.00496799999999975,,,,,,
xgboost,4,bio02,0,0.956148,0.953294,0.002854000000000023,,,,,,
xgboost,4,bio02,1,0.956148,0.9262260000000001,0.029921999999999893,,,,,,
xgboost,4,bio02,2,0.956148,0.940076,0.016071999999999975,,,,,,
xgboost,4,bio02,3,0.956148,0.944156,0.011992000000000003,,,,,,
xgboost,4,bio02,4,0.956148,0.94616,0.009987999999999997,,,,,,
xgboost,4,bio02,5,0.956148,0.927118,0.02903,,,,,,
xgboost,4,bio02,6,0.956148,0.9362419999999999,0.01990600000000009,,,,,,
xgboost,4,bio02,7,0.956148,0.928878,0.027270000000000016,,,,,,
xgboost,4,bio02,8,0.956148,0.93789,0.018257999999999996,,,,,,
xgboost,4,bio02,9,0.956148,0.9496119999999999,0.006536000000000097,,,,,,
xgboost,4,bio02,10,0.956148,0.9370820000000001,0.019065999999999916,,,,,,
xgboost,4,bio02,11,0.956148,0.910708,0.045440000000000036,,,,,,
xgboost,4,bio02,12,0.956148,0.94392,0.012228000000000017,,,,,,
xgboost,4,bio02,13,0.956148,0.919982,0.03616600000000003,,,,,,
xgboost,4,bio02,14,0.956148,0.9268620000000001,0.029285999999999923,,,,,,
xgboost,4,bio02,15,0.956148,0.955028,0.0011200000000000099,,,,,,
xgboost,4,bio02,16,0.956148,0.926558,0.029590000000000005,,,,,,
xgboost,4,bio02,17,0.956148,0.930402,0.025746000000000047,,,,,,
xgboost,4,bio02,18,0.956148,0.9264159999999999,0.02973200000000009,,,,,,
xgboost,4,bio02,19,0.956148,0.9297340000000001,0.026413999999999938,,,,,,
xgboost,4,bio03,0,0.956148,0.911914,0.044233999999999996,,,,,,
xgboost,4,bio03,1,0.956148,0.917252,0.03889600000000004,,,,,,
xgboost,4,bio03,2,0.956148,0.9022719999999999,0.053876000000000146,,,,,,
xgboost,4,bio03,3,0.956148,0.9094279999999999,0.046720000000000095,,,,,,
xgboost,4,bio03,4,0.956148,0.906726,0.049421999999999966,,,,,,
xgboost,4,bio03,5,0.956148,0.90496,0.05118800000000001,,,,,,
xgboost,4,bio03,6,0.956148,0.9099639999999999,0.046184000000000114,,,,,,
xgboost,4,bio03,7,0.956148,0.911464,0.044683999999999946,,,,,,
xgboost,4,bio03,8,0.956148,0.905902,0.05024600000000001,,,,,,
xgboost,4,bio03,9,0.956148,0.91225,0.04389799999999999,,,,,,
xgboost,4,bio03,10,0.956148,0.9166420000000001,0.03950599999999993,,,,,,
xgboost,4,bio03,11,0.956148,0.9125260000000001,0.04362199999999994,,,,,,
xgboost,4,bio03,12,0.956148,0.893338,0.06281000000000003,,,,,,
xgboost,4,bio03,13,0.956148,0.9032439999999999,0.05290400000000006,,,,,,
xgboost,4,bio03,14,0.956148,0.912946,0.04320199999999996,,,,,,
xgboost,4,bio03,15,0.956148,0.9070119999999999,0.04913600000000007,,,,,,
xgboost,4,bio03,16,0.956148,0.910372,0.04577600000000004,,,,,,
xgboost,4,bio03,17,0.956148,0.89478,0.06136799999999998,,,,,,
xgboost,4,bio03,18,0.956148,0.91666,0.03948799999999997,,,,,,
xgboost,4,bio03,19,0.956148,0.911746,0.04440200000000005,,,,,,
xgboost,4,bio05,0,0.956148,0.9352039999999999,0.020944000000000074,,,,,,
xgboost,4,bio05,1,0.956148,0.93858,0.017568000000000028,,,,,,
xgboost,4,bio05,2,0.956148,0.922312,0.03383599999999998,,,,,,
xgboost,4,bio05,3,0.956148,0.938462,0.01768599999999998,,,,,,
xgboost,4,bio05,4,0.956148,0.9266120000000001,0.029535999999999896,,,,,,
xgboost,4,bio05,5,0.956148,0.922964,0.03318399999999999,,,,,,
xgboost,4,bio05,6,0.956148,0.924052,0.03209600000000001,,,,,,
xgboost,4,bio05,7,0.956148,0.929016,0.027132000000000045,,,,,,
xgboost,4,bio05,8,0.956148,0.9409299999999999,0.015218000000000065,,,,,,
xgboost,4,bio05,9,0.956148,0.9527439999999999,0.0034040000000000736,,,,,,
xgboost,4,bio05,10,0.956148,0.930214,0.025934000000000013,,,,,,
xgboost,4,bio05,11,0.956148,0.9366119999999999,0.01953600000000011,,,,,,
xgboost,4,bio05,12,0.956148,0.92336,0.03278800000000004,,,,,,
xgboost,4,bio05,13,0.956148,0.942414,0.013734000000000024,,,,,,
xgboost,4,bio05,14,0.956148,0.922318,0.03383000000000003,,,,,,
xgboost,4,bio05,15,0.956148,0.9338099999999999,0.02233800000000008,,,,,,
xgboost,4,bio05,16,0.956148,0.935762,0.020386000000000015,,,,,,
xgboost,4,bio05,17,0.956148,0.944668,0.011480000000000046,,,,,,
xgboost,4,bio05,18,0.956148,0.9160039999999999,0.04014400000000007,,,,,,
xgboost,4,bio05,19,0.956148,0.940008,0.016140000000000043,,,,,,
xgboost,4,bio15,0,0.956148,0.8841399999999999,0.07200800000000007,,,,,,
xgboost,4,bio15,1,0.956148,0.881322,0.07482599999999995,,,,,,
xgboost,4,bio15,2,0.956148,0.873816,0.08233199999999996,,,,,,
xgboost,4,bio15,3,0.956148,0.9042279999999999,0.05192000000000008,,,,,,
xgboost,4,bio15,4,0.956148,0.8876899999999999,0.06845800000000013,,,,,,
xgboost,4,bio15,5,0.956148,0.8883200000000001,0.06782799999999989,,,,,,
xgboost,4,bio15,6,0.956148,0.8849100000000001,0.07123799999999991,,,,,,
xgboost,4,bio15,7,0.956148,0.9064319999999999,0.04971600000000009,,,,,,
xgboost,4,bio15,8,0.956148,0.9249080000000001,0.031239999999999934,,,,,,
xgboost,4,bio15,9,0.956148,0.8780779999999999,0.07807000000000008,,,,,,
xgboost,4,bio15,10,0.956148,0.871478,0.08467000000000002,,,,,,
xgboost,4,bio15,11,0.956148,0.910502,0.045645999999999964,,,,,,
xgboost,4,bio15,12,0.956148,0.889714,0.06643399999999999,,,,,,
xgboost,4,bio15,13,0.956148,0.881802,0.07434600000000002,,,,,,
xgboost,4,bio15,14,0.956148,0.9116219999999999,0.044526000000000066,,,,,,
xgboost,4,bio15,15,0.956148,0.9033999999999999,0.05274800000000013,,,,,,
xgboost,4,bio15,16,0.956148,0.882856,0.07329200000000002,,,,,,
xgboost,4,bio15,17,0.956148,0.90341,0.05273799999999995,,,,,,
xgboost,4,bio15,18,0.956148,0.902266,0.053881999999999985,,,,,,
xgboost,4,bio15,19,0.956148,0.884774,0.07137400000000005,,,,,,
xgboost,4,clay,0,0.956148,0.949364,0.006784000000000012,,,,,,
xgboost,4,clay,1,0.956148,0.964584,-0.008435999999999999,,,,,,
xgboost,4,clay,2,0.956148,0.958692,-0.0025439999999999907,,,,,,
xgboost,4,clay,3,0.956148,0.9397779999999999,0.016370000000000107,,,,,,
xgboost,4,clay,4,0.956148,0.9590460000000001,-0.002898000000000067,,,,,,
xgboost,4,clay,5,0.956148,0.952888,0.0032600000000000406,,,,,,
xgboost,4,clay,6,0.956148,0.955452,0.0006960000000000299,,,,,,
xgboost,4,clay,7,0.956148,0.9419019999999999,0.014246000000000092,,,,,,
xgboost,4,clay,8,0.956148,0.966738,-0.010589999999999988,,,,,,
xgboost,4,clay,9,0.956148,0.948554,0.00759399999999999,,,,,,
xgboost,4,clay,10,0.956148,0.96254,-0.006391999999999953,,,,,,
xgboost,4,clay,11,0.956148,0.9701580000000001,-0.014010000000000078,,,,,,
xgboost,4,clay,12,0.956148,0.954016,0.0021320000000000228,,,,,,
xgboost,4,clay,13,0.956148,0.957692,-0.0015439999999999898,,,,,,
xgboost,4,clay,14,0.956148,0.943668,0.012480000000000047,,,,,,
xgboost,4,clay,15,0.956148,0.948566,0.007581999999999978,,,,,,
xgboost,4,clay,16,0.956148,0.9604099999999999,-0.004261999999999877,,,,,,
xgboost,4,clay,17,0.956148,0.954692,0.0014560000000000128,,,,,,
xgboost,4,clay,18,0.956148,0.96833,-0.012182000000000026,,,,,,
xgboost,4,clay,19,0.956148,0.9693,-0.013152000000000053,,,,,,
xgboost,4,elevation,0,0.956148,0.9388,0.01734800000000003,,,,,,
xgboost,4,elevation,1,0.956148,0.9587079999999999,-0.0025599999999998957,,,,,,
xgboost,4,elevation,2,0.956148,0.96185,-0.005701999999999985,,,,,,
xgboost,4,elevation,3,0.956148,0.94835,0.007797999999999972,,,,,,
xgboost,4,elevation,4,0.956148,0.95177,0.004377999999999993,,,,,,
xgboost,4,elevation,5,0.956148,0.948106,0.008041999999999994,,,,,,
xgboost,4,elevation,6,0.956148,0.957676,-0.0015279999999999738,,,,,,
xgboost,4,elevation,7,0.956148,0.949102,0.007045999999999997,,,,,,
xgboost,4,elevation,8,0.956148,0.963382,-0.007233999999999963,,,,,,
xgboost,4,elevation,9,0.956148,0.94494,0.011207999999999996,,,,,,
xgboost,4,elevation,10,0.956148,0.9402919999999999,0.015856000000000092,,,,,,
xgboost,4,elevation,11,0.956148,0.956568,-0.00041999999999997595,,,,,,
xgboost,4,elevation,12,0.956148,0.9642820000000001,-0.008134000000000086,,,,,,
xgboost,4,elevation,13,0.956148,0.959944,-0.0037960000000000216,,,,,,
xgboost,4,elevation,14,0.956148,0.956766,-0.0006180000000000074,,,,,,
xgboost,4,elevation,15,0.956148,0.9551259999999999,0.0010220000000000784,,,,,,
xgboost,4,elevation,16,0.956148,0.9450860000000001,0.011061999999999905,,,,,,
xgboost,4,elevation,17,0.956148,0.957152,-0.0010040000000000049,,,,,,
xgboost,4,elevation,18,0.956148,0.963276,-0.007128000000000023,,,,,,
xgboost,4,elevation,19,0.956148,0.9434499999999999,0.012698000000000098,,,,,,
xgboost,4,northness,0,0.956148,0.950978,0.005170000000000008,,,,,,
xgboost,4,northness,1,0.956148,0.9540759999999999,0.0020720000000000738,,,,,,
xgboost,4,northness,2,0.956148,0.945914,0.010233999999999965,,,,,,
xgboost,4,northness,3,0.956148,0.939458,0.016689999999999983,,,,,,
xgboost,4,northness,4,0.956148,0.962962,-0.006813999999999987,,,,,,
xgboost,4,northness,5,0.956148,0.968874,-0.012726000000000015,,,,,,
xgboost,4,northness,6,0.956148,0.9547300000000001,0.0014179999999999193,,,,,,
xgboost,4,northness,7,0.956148,0.948286,0.007862000000000036,,,,,,
xgboost,4,northness,8,0.956148,0.94724,0.008908000000000027,,,,,,
xgboost,4,northness,9,0.956148,0.943374,0.012773999999999952,,,,,,
xgboost,4,northness,10,0.956148,0.961698,-0.005550000000000055,,,,,,
xgboost,4,northness,11,0.956148,0.9611519999999999,-0.005003999999999897,,,,,,
xgboost,4,northness,12,0.956148,0.95472,0.0014279999999999848,,,,,,
xgboost,4,northness,13,0.956148,0.952868,0.0032799999999999496,,,,,,
xgboost,4,northness,14,0.956148,0.950728,0.00541999999999998,,,,,,
xgboost,4,northness,15,0.956148,0.9668199999999999,-0.010671999999999904,,,,,,
xgboost,4,northness,16,0.956148,0.96646,-0.010311999999999988,,,,,,
xgboost,4,northness,17,0.956148,0.966412,-0.01026400000000005,,,,,,
xgboost,4,northness,18,0.956148,0.956634,-0.00048599999999998644,,,,,,
xgboost,4,northness,19,0.956148,0.952696,0.0034520000000000106,,,,,,
xgboost,4,sand,0,0.956148,0.9412979999999999,0.01485000000000014,,,,,,
xgboost,4,sand,1,0.956148,0.9351940000000001,0.020953999999999917,,,,,,
xgboost,4,sand,2,0.956148,0.9342159999999999,0.021932000000000063,,,,,,
xgboost,4,sand,3,0.956148,0.9490299999999999,0.007118000000000069,,,,,,
xgboost,4,sand,4,0.956148,0.939572,0.016576000000000035,,,,,,
xgboost,4,sand,5,0.956148,0.935452,0.020696000000000048,,,,,,
xgboost,4,sand,6,0.956148,0.9523240000000001,0.0038239999999999386,,,,,,
xgboost,4,sand,7,0.956148,0.9418120000000001,0.014335999999999904,,,,,,
xgboost,4,sand,8,0.956148,0.939114,0.017033999999999994,,,,,,
xgboost,4,sand,9,0.956148,0.938394,0.017754000000000048,,,,,,
xgboost,4,sand,10,0.956148,0.9342259999999999,0.021922000000000108,,,,,,
xgboost,4,sand,11,0.956148,0.939814,0.01633399999999996,,,,,,
xgboost,4,sand,12,0.956148,0.93285,0.02329800000000004,,,,,,
xgboost,4,sand,13,0.956148,0.9363259999999999,0.019822000000000117,,,,,,
xgboost,4,sand,14,0.956148,0.936058,0.020090000000000052,,,,,,
xgboost,4,sand,15,0.956148,0.942832,0.013315999999999995,,,,,,
xgboost,4,sand,16,0.956148,0.946538,0.009610000000000007,,,,,,
xgboost,4,sand,17,0.956148,0.9435140000000001,0.012633999999999923,,,,,,
xgboost,4,sand,18,0.956148,0.936782,0.019365999999999994,,,,,,
xgboost,4,sand,19,0.956148,0.9368099999999999,0.019338000000000077,,,,,,
brt,0,bio02,0,0.987929411764706,0.9685294117647059,0.019400000000000084,,,,,,
brt,0,bio02,1,0.987929411764706,0.969678431372549,0.01825098039215689,,,,,,
brt,0,bio02,2,0.987929411764706,0.9671019607843137,0.020827450980392292,,,,,,
brt,0,bio02,3,0.987929411764706,0.9714274509803921,0.016501960784313874,,,,,,
brt,0,bio02,4,0.987929411764706,0.9656882352941175,0.02224117647058843,,,,,,
brt,0,bio02,5,0.987929411764706,0.9692156862745098,0.01871372549019612,,,,,,
brt,0,bio02,6,0.987929411764706,0.9515921568627451,0.036337254901960825,,,,,,
brt,0,bio02,7,0.987929411764706,0.9655039215686274,0.022425490196078535,,,,,,
brt,0,bio02,8,0.987929411764706,0.9648431372549019,0.02308627450980405,,,,,,
brt,0,bio02,9,0.987929411764706,0.9583980392156863,0.029531372549019608,,,,,,
brt,0,bio02,10,0.987929411764706,0.9682529411764706,0.019676470588235295,,,,,,
brt,0,bio02,11,0.987929411764706,0.972521568627451,0.015407843137254962,,,,,,
brt,0,bio02,12,0.987929411764706,0.9637764705882353,0.0241529411764706,,,,,,
brt,0,bio02,13,0.987929411764706,0.9728568627450981,0.015072549019607862,,,,,,
brt,0,bio02,14,0.987929411764706,0.9545666666666667,0.03336274509803927,,,,,,
brt,0,bio02,15,0.987929411764706,0.9579627450980392,0.029966666666666697,,,,,,
brt,0,bio02,16,0.987929411764706,0.9623803921568628,0.02554901960784317,,,,,,
brt,0,bio02,17,0.987929411764706,0.9591,0.028829411764705992,,,,,,
brt,0,bio02,18,0.987929411764706,0.9688627450980393,0.019066666666666676,,,,,,
brt,0,bio02,19,0.987929411764706,0.9750470588235294,0.012882352941176567,,,,,,
brt,0,bio03,0,0.987929411764706,0.7880627450980393,0.19986666666666664,,,,,,
brt,0,bio03,1,0.987929411764706,0.7672745098039215,0.2206549019607844,,,,,,
brt,0,bio03,2,0.987929411764706,0.7951058823529412,0.19282352941176473,,,,,,
brt,0,bio03,3,0.987929411764706,0.8320313725490197,0.15589803921568623,,,,,,
brt,0,bio03,4,0.987929411764706,0.7935372549019608,0.19439215686274514,,,,,,
brt,0,bio03,5,0.987929411764706,0.8048549019607844,0.1830745098039216,,,,,,
brt,0,bio03,6,0.987929411764706,0.8232999999999999,0.16462941176470602,,,,,,
brt,0,bio03,7,0.987929411764706,0.8369705882352941,0.1509588235294118,,,,,,
brt,0,bio03,8,0.987929411764706,0.809735294117647,0.17819411764705895,,,,,,
brt,0,bio03,9,0.987929411764706,0.772643137254902,0.21528627450980398,,,,,,
brt,0,bio03,10,0.987929411764706,0.7773725490196078,0.2105568627450981,,,,,,
brt,0,bio03,11,0.987929411764706,0.7970843137254902,0.1908450980392158,,,,,,
brt,0,bio03,12,0.987929411764706,0.7937588235294117,0.1941705882352942,,,,,,
brt,0,bio03,13,0.987929411764706,0.7676725490196079,0.22025686274509804,,,,,,
brt,0,bio03,14,0.987929411764706,0.8080117647058824,0.17991764705882352,,,,,,
brt,0,bio03,15,0.987929411764706,0.7937980392156863,0.1941313725490197,,,,,,
brt,0,bio03,16,0.987929411764706,0.8003333333333333,0.1875960784313726,,,,,,
brt,0,bio03,17,0.987929411764706,0.7921039215686274,0.19582549019607853,,,,,,
brt,0,bio03,18,0.987929411764706,0.8011862745098041,0.18674313725490188,,,,,,
brt,0,bio03,19,0.987929411764706,0.7889176470588235,0.19901176470588244,,,,,,
brt,0,bio05,0,0.987929411764706,0.9721980392156863,0.015731372549019684,,,,,,
brt,0,bio05,1,0.987929411764706,0.9706647058823529,0.01726470588235307,,,,,,
brt,0,bio05,2,0.987929411764706,0.9744274509803922,0.01350196078431376,,,,,,
brt,0,bio05,3,0.987929411764706,0.9727607843137255,0.015168627450980465,,,,,,
brt,0,bio05,4,0.987929411764706,0.9724843137254902,0.015445098039215788,,,,,,
brt,0,bio05,5,0.987929411764706,0.9688313725490195,0.019098039215686424,,,,,,
brt,0,bio05,6,0.987929411764706,0.9724039215686274,0.015525490196078517,,,,,,
brt,0,bio05,7,0.987929411764706,0.9702156862745098,0.01771372549019612,,,,,,
brt,0,bio05,8,0.987929411764706,0.9734196078431372,0.014509803921568754,,,,,,
brt,0,bio05,9,0.987929411764706,0.9749901960784314,0.012939215686274541,,,,,,
brt,0,bio05,10,0.987929411764706,0.9741686274509803,0.013760784313725627,,,,,,
brt,0,bio05,11,0.987929411764706,0.9751627450980392,0.012766666666666704,,,,,,
brt,0,bio05,12,0.987929411764706,0.9823941176470589,0.005535294117647083,,,,,,
brt,0,bio05,13,0.987929411764706,0.9740294117647059,0.013900000000000023,,,,,,
brt,0,bio05,14,0.987929411764706,0.9732000000000001,0.01472941176470588,,,,,,
brt,0,bio05,15,0.987929411764706,0.9688294117647058,0.019100000000000117,,,,,,
brt,0,bio05,16,0.987929411764706,0.9680627450980392,0.0198666666666667,,,,,,
brt,0,bio05,17,0.987929411764706,0.9713960784313725,0.0165333333333334,,,,,,
brt,0,bio05,18,0.987929411764706,0.9784568627450981,0.009472549019607812,,,,,,
brt,0,bio05,19,0.987929411764706,0.9708333333333334,0.017096078431372508,,,,,,
brt,0,bio15,0,0.987929411764706,0.9384196078431373,0.049509803921568674,,,,,,
brt,0,bio15,1,0.987929411764706,0.965586274509804,0.02234313725490189,,,,,,
brt,0,bio15,2,0.987929411764706,0.9315352941176471,0.05639411764705882,,,,,,
brt,0,bio15,3,0.987929411764706,0.9569941176470587,0.030935294117647283,,,,,,
brt,0,bio15,4,0.987929411764706,0.944743137254902,0.043186274509803946,,,,,,
brt,0,bio15,5,0.987929411764706,0.9407705882352941,0.04715882352941181,,,,,,
brt,0,bio15,6,0.987929411764706,0.9464470588235294,0.041482352941176526,,,,,,
brt,0,bio15,7,0.987929411764706,0.9552607843137255,0.032668627450980425,,,,,,
brt,0,bio15,8,0.987929411764706,0.937292156862745,0.050637254901960915,,,,,,
brt,0,bio15,9,0.987929411764706,0.9447254901960783,0.04320392156862762,,,,,,
brt,0,bio15,10,0.987929411764706,0.9399823529411766,0.04794705882352934,,,,,,
brt,0,bio15,11,0.987929411764706,0.9379333333333333,0.04999607843137266,,,,,,
brt,0,bio15,12,0.987929411764706,0.9351117647058823,0.052817647058823636,,,,,,
brt,0,bio15,13,0.987929411764706,0.9598686274509803,0.028060784313725606,,,,,,
brt,0,bio15,14,0.987929411764706,0.9566627450980392,0.031266666666666776,,,,,,
brt,0,bio15,15,0.987929411764706,0.9580843137254901,0.029845098039215867,,,,,,
brt,0,bio15,16,0.987929411764706,0.9683294117647058,0.019600000000000173,,,,,,
brt,0,bio15,17,0.987929411764706,0.9641960784313726,0.023733333333333384,,,,,,
brt,0,bio15,18,0.987929411764706,0.9381666666666667,0.04976274509803924,,,,,,
brt,0,bio15,19,0.987929411764706,0.9520921568627452,0.03583725490196077,,,,,,
brt,0,clay,0,0.987929411764706,0.980621568627451,0.007307843137254966,,,,,,
brt,0,clay,1,0.987929411764706,0.9779431372549019,0.00998627450980405,,,,,,
brt,0,clay,2,0.987929411764706,0.9794745098039216,0.008454901960784356,,,,,,
brt,0,clay,3,0.987929411764706,0.9836529411764706,0.004276470588235326,,,,,,
brt,0,clay,4,0.987929411764706,0.9778058823529412,0.010123529411764753,,,,,,
brt,0,clay,5,0.987929411764706,0.9823333333333333,0.005596078431372664,,,,,,
brt,0,clay,6,0.987929411764706,0.9880372549019608,-0.00010784313725487049,,,,,,
brt,0,clay,7,0.987929411764706,0.9814333333333334,0.006496078431372565,,,,,,
brt,0,clay,8,0.987929411764706,0.9819764705882353,0.005952941176470605,,,,,,
brt,0,clay,9,0.987929411764706,0.982064705882353,0.005864705882352994,,,,,,
brt,0,clay,10,0.987929411764706,0.9822666666666666,0.0056627450980393235,,,,,,
brt,0,clay,11,0.987929411764706,0.9827960784313725,0.005133333333333434,,,,,,
brt,0,clay,12,0.987929411764706,0.980978431372549,0.0069509803921569135,,,,,,
brt,0,clay,13,0.987929411764706,0.9869980392156863,0.0009313725490196489,,,,,,
brt,0,clay,14,0.987929411764706,0.9870372549019608,0.0008921568627451304,,,,,,
brt,0,clay,15,0.987929411764706,0.9864392156862746,0.0014901960784313717,,,,,,
brt,0,clay,16,0.987929411764706,0.9833509803921568,0.004578431372549097,,,,,,
brt,0,clay,17,0.987929411764706,0.9865019607843136,0.0014274509803923197,,,,,,
brt,0,clay,18,0.987929411764706,0.9777764705882352,0.010152941176470698,,,,,,
brt,0,clay,19,0.987929411764706,0.9798098039215686,0.008119607843137366,,,,,,
brt,0,elevation,0,0.987929411764706,0.9826117647058823,0.005317647058823649,,,,,,
brt,0,elevation,1,0.987929411764706,0.983621568627451,0.004307843137254963,,,,,,
brt,0,elevation,2,0.987929411764706,0.9808588235294118,0.007070588235294162,,,,,,
brt,0,elevation,3,0.987929411764706,0.9826196078431372,0.005309803921568768,,,,,,
brt,0,elevation,4,0.987929411764706,0.9851549019607844,0.0027745098039215765,,,,,,
brt,0,elevation,5,0.987929411764706,0.9807039215686274,0.007225490196078543,,,,,,
brt,0,elevation,6,0.987929411764706,0.9791294117647059,0.00880000000000003,,,,,,
brt,0,elevation,7,0.987929411764706,0.9845078431372549,0.0034215686274510215,,,,,,
brt,0,elevation,8,0.987929411764706,0.9865960784313725,0.0013333333333334085,,,,,,
brt,0,elevation,9,0.987929411764706,0.9829588235294118,0.004970588235294171,,,,,,
brt,0,elevation,10,0.987929411764706,0.9805352941176472,0.007394117647058773,,,,,,
brt,0,elevation,11,0.987929411764706,0.9828843137254901,0.005045098039215823,,,,,,
brt,0,elevation,12,0.987929411764706,0.9825607843137255,0.005368627450980434,,,,,,
brt,0,elevation,13,0.987929411764706,0.983870588235294,0.004058823529411892,,,,,,
brt,0,elevation,14,0.987929411764706,0.9842411764705882,0.00368823529411777,,,,,,
brt,0,elevation,15,0.987929411764706,0.980578431372549,0.0073509803921569805,,,,,,
brt,0,elevation,16,0.987929411764706,0.9784176470588235,0.009511764705882442,,,,,,
brt,0,elevation,17,0.987929411764706,0.9828411764705882,0.005088235294117727,,,,,,
brt,0,elevation,18,0.987929411764706,0.9827078431372549,0.005221568627451045,,,,,,
brt,0,elevation,19,0.987929411764706,0.9847529411764706,0.003176470588235336,,,,,,
brt,0,northness,0,0.987929411764706,0.9861470588235294,0.0017823529411765682,,,,,,
brt,0,northness,1,0.987929411764706,0.990007843137255,-0.002078431372549039,,,,,,
brt,0,northness,2,0.987929411764706,0.9871960784313725,0.0007333333333334746,,,,,,
brt,0,northness,3,0.987929411764706,0.9871803921568628,0.0007490196078431266,,,,,,
brt,0,northness,4,0.987929411764706,0.9875823529411765,0.00034705882352947803,,,,,,
brt,0,northness,5,0.987929411764706,0.986078431372549,0.0018509803921569201,,,,,,
brt,0,northness,6,0.987929411764706,0.9835294117647059,0.0044000000000000705,,,,,,
brt,0,northness,7,0.987929411764706,0.9873254901960784,0.0006039215686275412,,,,,,
brt,0,northness,8,0.987929411764706,0.9880372549019607,-0.00010784313725475947,,,,,,
brt,0,northness,9,0.987929411764706,0.9856058823529412,0.0023235294117647243,,,,,,
brt,0,northness,10,0.987929411764706,0.987792156862745,0.00013725490196092593,,,,,,
brt,0,northness,11,0.987929411764706,0.9883156862745097,-0.00038627450980377454,,,,,,
brt,0,northness,12,0.987929411764706,0.9863647058823529,0.0015647058823530235,,,,,,
brt,0,northness,13,0.987929411764706,0.9879,2.941176470594442e-05,,,,,,
brt,0,northness,14,0.987929411764706,0.9888,-0.0008705882352940675,,,,,,
brt,0,northness,15,0.987929411764706,0.9903176470588235,-0.00238823529411758,,,,,,
brt,0,northness,16,0.987929411764706,0.9896196078431373,-0.0016901960784313497,,,,,,
brt,0,northness,17,0.987929411764706,0.9884078431372549,-0.00047843137254899304,,,,,,
brt,0,northness,18,0.987929411764706,0.9908705882352941,-0.002941176470588114,,,,,,
brt,0,northness,19,0.987929411764706,0.9905411764705883,-0.0026117647058823135,,,,,,
brt,0,sand,0,0.987929411764706,0.9869235294117648,0.0010058823529411898,,,,,,
brt,0,sand,1,0.987929411764706,0.9879725490196078,-4.313725490190379e-05,,,,,,
brt,0,sand,2,0.987929411764706,0.9878980392156862,3.1372549019748064e-05,,,,,,
brt,0,sand,3,0.987929411764706,0.9883176470588235,-0.0003882352941175782,,,,,,
brt,0,sand,4,0.987929411764706,0.9879470588235293,-1.7647058823344608e-05,,,,,,
brt,0,sand,5,0.987929411764706,0.9866666666666667,0.001262745098039253,,,,,,
brt,0,sand,6,0.987929411764706,0.9868372549019607,0.0010921568627452194,,,,,,
brt,0,sand,7,0.987929411764706,0.9871568627450981,0.0007725490196078821,,,,,,
brt,0,sand,8,0.987929411764706,0.9895352941176471,-0.0016058823529411237,,,,,,
brt,0,sand,9,0.987929411764706,0.9898156862745098,-0.0018862745098038314,,,,,,
brt,0,sand,10,0.987929411764706,0.9871647058823529,0.0007647058823530006,,,,,,
brt,0,sand,11,0.987929411764706,0.9882843137254902,-0.0003549019607842485,,,,,,
brt,0,sand,12,0.987929411764706,0.9872058823529413,0.0007235294117646784,,,,,,
brt,0,sand,13,0.987929411764706,0.9877450980392157,0.00018431372549021496,,,,,,
brt,0,sand,14,0.987929411764706,0.9868862745098039,0.0010431372549020157,,,,,,
brt,0,sand,15,0.987929411764706,0.9878117647058824,0.00011764705882355564,,,,,,
brt,0,sand,16,0.987929411764706,0.9890176470588236,-0.001088235294117612,,,,,,
brt,0,sand,17,0.987929411764706,0.9806450980392156,0.007284313725490321,,,,,,
brt,0,sand,18,0.987929411764706,0.9872686274509804,0.0006607843137255154,,,,,,
brt,0,sand,19,0.987929411764706,0.9869176470588236,0.0010117647058823787,,,,,,
brt,1,bio02,0,0.9420901960784314,0.9008843137254902,0.0412058823529412,,,,,,
brt,1,bio02,1,0.9420901960784314,0.8947705882352941,0.04731960784313727,,,,,,
brt,1,bio02,2,0.9420901960784314,0.8967470588235293,0.04534313725490202,,,,,,
brt,1,bio02,3,0.9420901960784314,0.8979549019607843,0.04413529411764705,,,,,,
brt,1,bio02,4,0.9420901960784314,0.9187411764705882,0.02334901960784319,,,,,,
brt,1,bio02,5,0.9420901960784314,0.9097892156862746,0.032300980392156786,,,,,,
brt,1,bio02,6,0.9420901960784314,0.8828901960784313,0.05920000000000003,,,,,,
brt,1,bio02,7,0.9420901960784314,0.9026627450980392,0.03942745098039213,,,,,,
brt,1,bio02,8,0.9420901960784314,0.9041000000000001,0.03799019607843124,,,,,,
brt,1,bio02,9,0.9420901960784314,0.8738872549019608,0.06820294117647052,,,,,,
brt,1,bio02,10,0.9420901960784314,0.8945098039215686,0.047580392156862716,,,,,,
brt,1,bio02,11,0.9420901960784314,0.8806588235294116,0.06143137254901976,,,,,,
brt,1,bio02,12,0.9420901960784314,0.8777941176470588,0.06429607843137253,,,,,,
brt,1,bio02,13,0.9420901960784314,0.8901705882352942,0.051919607843137205,,,,,,
brt,1,bio02,14,0.9420901960784314,0.8794823529411765,0.06260784313725487,,,,,,
brt,1,bio02,15,0.9420901960784314,0.9110980392156862,0.030992156862745146,,,,,,
brt,1,bio02,16,0.9420901960784314,0.9039666666666667,0.03812352941176467,,,,,,
brt,1,bio02,17,0.9420901960784314,0.8984176470588235,0.04367254901960782,,,,,,
brt,1,bio02,18,0.9420901960784314,0.908613725490196,0.03347647058823533,,,,,,
brt,1,bio02,19,0.9420901960784314,0.9040725490196079,0.03801764705882349,,,,,,
brt,1,bio03,0,0.9420901960784314,0.8348049019607844,0.10728529411764698,,,,,,
brt,1,bio03,1,0.9420901960784314,0.8462294117647059,0.09586078431372547,,,,,,
brt,1,bio03,2,0.9420901960784314,0.8314823529411765,0.11060784313725491,,,,,,
brt,1,bio03,3,0.9420901960784314,0.849928431372549,0.09216176470588233,,,,,,
brt,1,bio03,4,0.9420901960784314,0.8433588235294117,0.09873137254901965,,,,,,
brt,1,bio03,5,0.9420901960784314,0.8266431372549019,0.11544705882352946,,,,,,
brt,1,bio03,6,0.9420901960784314,0.8438725490196078,0.09821764705882352,,,,,,
brt,1,bio03,7,0.9420901960784314,0.8419313725490196,0.10015882352941174,,,,,,
brt,1,bio03,8,0.9420901960784314,0.8405392156862745,0.10155098039215682,,,,,,
brt,1,bio03,9,0.9420901960784314,0.8334784313725491,0.1086117647058823,,,,,,
brt,1,bio03,10,0.9420901960784314,0.8440411764705882,0.09804901960784318,,,,,,
brt,1,bio03,11,0.9420901960784314,0.836714705882353,0.10537549019607839,,,,,,
brt,1,bio03,12,0.9420901960784314,0.8467745098039217,0.0953156862745097,,,,,,
brt,1,bio03,13,0.9420901960784314,0.8373303921568627,0.1047598039215687,,,,,,
brt,1,bio03,14,0.9420901960784314,0.8453245098039216,0.09676568627450977,,,,,,
brt,1,bio03,15,0.9420901960784314,0.8284705882352942,0.11361960784313718,,,,,,
brt,1,bio03,16,0.9420901960784314,0.8383176470588235,0.10377254901960786,,,,,,
brt,1,bio03,17,0.9420901960784314,0.8463882352941177,0.0957019607843137,,,,,,
brt,1,bio03,18,0.9420901960784314,0.8388254901960783,0.10326470588235304,,,,,,
brt,1,bio03,19,0.9420901960784314,0.8256323529411765,0.11645784313725482,,,,,,
brt,1,bio05,0,0.9420901960784314,0.9066960784313725,0.03539411764705891,,,,,,
brt,1,bio05,1,0.9420901960784314,0.9279617647058824,0.014128431372548933,,,,,,
brt,1,bio05,2,0.9420901960784314,0.9229411764705882,0.01914901960784321,,,,,,
brt,1,bio05,3,0.9420901960784314,0.9174088235294118,0.024681372549019587,,,,,,
brt,1,bio05,4,0.9420901960784314,0.9234960784313725,0.018594117647058872,,,,,,
brt,1,bio05,5,0.9420901960784314,0.9232509803921569,0.018839215686274446,,,,,,
brt,1,bio05,6,0.9420901960784314,0.9235901960784312,0.018500000000000183,,,,,,
brt,1,bio05,7,0.9420901960784314,0.9279676470588236,0.014122549019607744,,,,,,
brt,1,bio05,8,0.9420901960784314,0.934056862745098,0.008033333333333337,,,,,,
brt,1,bio05,9,0.9420901960784314,0.9236882352941176,0.018401960784313776,,,,,,
brt,1,bio05,10,0.9420901960784314,0.9296450980392157,0.012445098039215674,,,,,,
brt,1,bio05,11,0.9420901960784314,0.9218303921568628,0.020259803921568564,,,,,,
brt,1,bio05,12,0.9420901960784314,0.9286764705882352,0.013413725490196149,,,,,,
brt,1,bio05,13,0.9420901960784314,0.9242598039215686,0.017830392156862773,,,,,,
brt,1,bio05,14,0.9420901960784314,0.9250411764705883,0.017049019607843108,,,,,,
brt,1,bio05,15,0.9420901960784314,0.9201078431372548,0.021982352941176564,,,,,,
brt,1,bio05,16,0.9420901960784314,0.9143294117647058,0.02776078431372553,,,,,,
brt,1,bio05,17,0.9420901960784314,0.9127921568627452,0.02929803921568619,,,,,,
brt,1,bio05,18,0.9420901960784314,0.9182068627450981,0.023883333333333256,,,,,,
brt,1,bio05,19,0.9420901960784314,0.9227882352941175,0.0193019607843139,,,,,,
brt,1,bio15,0,0.9420901960784314,0.8844960784313725,0.05759411764705891,,,,,,
brt,1,bio15,1,0.9420901960784314,0.857613725490196,0.08447647058823538,,,,,,
brt,1,bio15,2,0.9420901960784314,0.8700745098039215,0.07201568627450983,,,,,,
brt,1,bio15,3,0.9420901960784314,0.8469039215686275,0.09518627450980388,,,,,,
brt,1,bio15,4,0.9420901960784314,0.8491156862745097,0.09297450980392163,,,,,,
brt,1,bio15,5,0.9420901960784314,0.8635166666666667,0.07857352941176465,,,,,,
brt,1,bio15,6,0.9420901960784314,0.8900333333333332,0.05205686274509813,,,,,,
brt,1,bio15,7,0.9420901960784314,0.8428127450980392,0.0992774509803922,,,,,,
brt,1,bio15,8,0.9420901960784314,0.8652215686274509,0.07686862745098044,,,,,,
brt,1,bio15,9,0.9420901960784314,0.8714382352941177,0.07065196078431368,,,,,,
brt,1,bio15,10,0.9420901960784314,0.8632803921568628,0.07880980392156856,,,,,,
brt,1,bio15,11,0.9420901960784314,0.8863186274509803,0.05577156862745103,,,,,,
brt,1,bio15,12,0.9420901960784314,0.8563705882352939,0.08571960784313748,,,,,,
brt,1,bio15,13,0.9420901960784314,0.8927833333333334,0.04930686274509799,,,,,,
brt,1,bio15,14,0.9420901960784314,0.8711843137254902,0.07090588235294115,,,,,,
brt,1,bio15,15,0.9420901960784314,0.8563941176470589,0.0856960784313725,,,,,,
brt,1,bio15,16,0.9420901960784314,0.8652843137254902,0.07680588235294117,,,,,,
brt,1,bio15,17,0.9420901960784314,0.8674411764705883,0.07464901960784309,,,,,,
brt,1,bio15,18,0.9420901960784314,0.8701411764705882,0.07194901960784317,,,,,,
brt,1,bio15,19,0.9420901960784314,0.8485117647058824,0.09357843137254895,,,,,,
brt,1,clay,0,0.9420901960784314,0.9386715686274509,0.003418627450980427,,,,,,
brt,1,clay,1,0.9420901960784314,0.9169843137254902,0.0251058823529412,,,,,,
brt,1,clay,2,0.9420901960784314,0.9309941176470587,0.011096078431372614,,,,,,
brt,1,clay,3,0.9420901960784314,0.9449656862745097,-0.0028754901960783563,,,,,,
brt,1,clay,4,0.9420901960784314,0.9363431372549019,0.005747058823529438,,,,,,
brt,1,clay,5,0.9420901960784314,0.9390980392156862,0.002992156862745121,,,,,,
brt,1,clay,6,0.9420901960784314,0.9152862745098038,0.026803921568627542,,,,,,
brt,1,clay,7,0.9420901960784314,0.914635294117647,0.027454901960784373,,,,,,
brt,1,clay,8,0.9420901960784314,0.9245764705882352,0.01751372549019614,,,,,,
brt,1,clay,9,0.9420901960784314,0.9224941176470587,0.019596078431372677,,,,,,
brt,1,clay,10,0.9420901960784314,0.9159921568627452,0.02609803921568621,,,,,,
brt,1,clay,11,0.9420901960784314,0.9289901960784313,0.013100000000000112,,,,,,
brt,1,clay,12,0.9420901960784314,0.9339196078431373,0.00817058823529404,,,,,,
brt,1,clay,13,0.9420901960784314,0.9324980392156863,0.00959215686274506,,,,,,
brt,1,clay,14,0.9420901960784314,0.926156862745098,0.015933333333333355,,,,,,
brt,1,clay,15,0.9420901960784314,0.9284549019607843,0.013635294117647079,,,,,,
brt,1,clay,16,0.9420901960784314,0.9275568627450981,0.014533333333333287,,,,,,
brt,1,clay,17,0.9420901960784314,0.9225470588235293,0.019543137254902088,,,,,,
brt,1,clay,18,0.9420901960784314,0.9263078431372549,0.01578235294117647,,,,,,
brt,1,clay,19,0.9420901960784314,0.9313235294117647,0.010766666666666702,,,,,,
brt,1,elevation,0,0.9420901960784314,0.9377509803921568,0.0043392156862746,,,,,,
brt,1,elevation,1,0.9420901960784314,0.9277401960784313,0.014350000000000085,,,,,,
brt,1,elevation,2,0.9420901960784314,0.9281754901960784,0.013914705882352996,,,,,,
brt,1,elevation,3,0.9420901960784314,0.9265921568627451,0.015498039215686266,,,,,,
brt,1,elevation,4,0.9420901960784314,0.9197803921568627,0.02230980392156867,,,,,,
brt,1,elevation,5,0.9420901960784314,0.9272774509803922,0.014812745098039204,,,,,,
brt,1,elevation,6,0.9420901960784314,0.9382764705882353,0.003813725490196096,,,,,,
brt,1,elevation,7,0.9420901960784314,0.9281,0.013990196078431327,,,,,,
brt,1,elevation,8,0.9420901960784314,0.9308235294117648,0.011266666666666536,,,,,,
brt,1,elevation,9,0.9420901960784314,0.9276941176470588,0.014396078431372583,,,,,,
brt,1,elevation,10,0.9420901960784314,0.9287235294117647,0.013366666666666638,,,,,,
brt,1,elevation,11,0.9420901960784314,0.9368372549019607,0.005252941176470682,,,,,,
brt,1,elevation,12,0.9420901960784314,0.9363529411764705,0.005737254901960864,,,,,,
brt,1,elevation,13,0.9420901960784314,0.9305686274509803,0.011521568627451018,,,,,,
brt,1,elevation,14,0.9420901960784314,0.9263558823529411,0.01573431372549028,,,,,,
brt,1,elevation,15,0.9420901960784314,0.9326509803921568,0.009439215686274594,,,,,,
brt,1,elevation,16,0.9420901960784314,0.9329098039215686,0.009180392156862727,,,,,,
brt,1,elevation,17,0.9420901960784314,0.9449725490196079,-0.002882352941176558,,,,,,
brt,1,elevation,18,0.9420901960784314,0.9282019607843137,0.013888235294117646,,,,,,
brt,1,elevation,19,0.9420901960784314,0.9270333333333333,0.015056862745098099,,,,,,
brt,1,northness,0,0.9420901960784314,0.9344519607843137,0.007638235294117668,,,,,,
brt,1,northness,1,0.9420901960784314,0.9307509803921569,0.011339215686274495,,,,,,
brt,1,northness,2,0.9420901960784314,0.9292254901960784,0.012864705882353,,,,,,
brt,1,northness,3,0.9420901960784314,0.9360666666666667,0.00602352941176465,,,,,,
brt,1,northness,4,0.9420901960784314,0.9302333333333334,0.011856862745098007,,,,,,
brt,1,northness,5,0.9420901960784314,0.931662745098039,0.010427450980392328,,,,,,
brt,1,northness,6,0.9420901960784314,0.9268078431372548,0.015282352941176525,,,,,,
brt,1,northness,7,0.9420901960784314,0.9356843137254902,0.00640588235294115,,,,,,
brt,1,northness,8,0.9420901960784314,0.9206529411764707,0.02143725490196069,,,,,,
brt,1,northness,9,0.9420901960784314,0.9425656862745099,-0.0004754901960785096,,,,,,
brt,1,northness,10,0.9420901960784314,0.9241764705882353,0.017913725490196097,,,,,,
brt,1,northness,11,0.9420901960784314,0.9147901960784315,0.02729999999999988,,,,,,
brt,1,northness,12,0.9420901960784314,0.9330725490196078,0.009017647058823575,,,,,,
brt,1,northness,13,0.9420901960784314,0.9417901960784315,0.00029999999999985594,,,,,,
brt,1,northness,14,0.9420901960784314,0.9257549019607844,0.016335294117647003,,,,,,
brt,1,northness,15,0.9420901960784314,0.931986274509804,0.010103921568627383,,,,,,
brt,1,northness,16,0.9420901960784314,0.9352843137254901,0.006805882352941217,,,,,,
brt,1,northness,17,0.9420901960784314,0.9277960784313725,0.014294117647058902,,,,,,
brt,1,northness,18,0.9420901960784314,0.9322039215686275,0.009886274509803838,,,,,,
brt,1,northness,19,0.9420901960784314,0.9306411764705883,0.011449019607843058,,,,,,
brt,1,sand,0,0.9420901960784314,0.9231764705882354,0.018913725490195987,,,,,,
brt,1,sand,1,0.9420901960784314,0.9273470588235293,0.014743137254902061,,,,,,
brt,1,sand,2,0.9420901960784314,0.9017274509803921,0.04036274509803928,,,,,,
brt,1,sand,3,0.9420901960784314,0.9183862745098039,0.02370392156862744,,,,,,
brt,1,sand,4,0.9420901960784314,0.915514705882353,0.02657549019607841,,,,,,
brt,1,sand,5,0.9420901960784314,0.9194372549019608,0.022652941176470542,,,,,,
brt,1,sand,6,0.9420901960784314,0.8896960784313726,0.05239411764705881,,,,,,
brt,1,sand,7,0.9420901960784314,0.9099549019607843,0.03213529411764704,,,,,,
brt,1,sand,8,0.9420901960784314,0.9238666666666666,0.01822352941176475,,,,,,
brt,1,sand,9,0.9420901960784314,0.9142931372549019,0.027797058823529452,,,,,,
brt,1,sand,10,0.9420901960784314,0.9268254901960785,0.015264705882352847,,,,,,
brt,1,sand,11,0.9420901960784314,0.9187647058823529,0.023325490196078436,,,,,,
brt,1,sand,12,0.9420901960784314,0.9076862745098039,0.03440392156862748,,,,,,
brt,1,sand,13,0.9420901960784314,0.925763725490196,0.01632647058823533,,,,,,
brt,1,sand,14,0.9420901960784314,0.9068176470588234,0.03527254901960797,,,,,,
brt,1,sand,15,0.9420901960784314,0.9053450980392156,0.03674509803921577,,,,,,
brt,1,sand,16,0.9420901960784314,0.9283411764705882,0.013749019607843138,,,,,,
brt,1,sand,17,0.9420901960784314,0.9209372549019608,0.021152941176470597,,,,,,
brt,1,sand,18,0.9420901960784314,0.9258784313725491,0.01621176470588226,,,,,,
brt,1,sand,19,0.9420901960784314,0.9239274509803921,0.01816274509803928,,,,,,
brt,2,bio02,0,0.912404,0.8867519999999999,0.02565200000000012,,,,,,
brt,2,bio02,1,0.912404,0.890396,0.022008000000000028,,,,,,
brt,2,bio02,2,0.912404,0.90207,0.010333999999999954,,,,,,
brt,2,bio02,3,0.912404,0.88421,0.02819399999999994,,,,,,
brt,2,bio02,4,0.912404,0.872234,0.04017000000000004,,,,,,
brt,2,bio02,5,0.912404,0.877904,0.034499999999999975,,,,,,
brt,2,bio02,6,0.912404,0.883822,0.028581999999999996,,,,,,
brt,2,bio02,7,0.912404,0.885312,0.027092000000000005,,,,,,
brt,2,bio02,8,0.912404,0.886716,0.025688000000000044,,,,,,
brt,2,bio02,9,0.912404,0.8821320000000001,0.030271999999999855,,,,,,
brt,2,bio02,10,0.912404,0.8753759999999999,0.03702800000000006,,,,,,
brt,2,bio02,11,0.912404,0.856216,0.056188000000000016,,,,,,
brt,2,bio02,12,0.912404,0.867726,0.044677999999999995,,,,,,
brt,2,bio02,13,0.912404,0.871464,0.040939999999999976,,,,,,
brt,2,bio02,14,0.912404,0.87544,0.036964,,,,,,
brt,2,bio02,15,0.912404,0.8689100000000001,0.04349399999999992,,,,,,
brt,2,bio02,16,0.912404,0.881088,0.03131600000000001,,,,,,
brt,2,bio02,17,0.912404,0.89721,0.01519400000000004,,,,,,
brt,2,bio02,18,0.912404,0.8773659999999999,0.035038000000000125,,,,,,
brt,2,bio02,19,0.912404,0.87941,0.03299399999999997,,,,,,
brt,2,bio03,0,0.912404,0.8381259999999999,0.07427800000000007,,,,,,
brt,2,bio03,1,0.912404,0.783556,0.12884799999999996,,,,,,
brt,2,bio03,2,0.912404,0.810286,0.10211800000000004,,,,,,
brt,2,bio03,3,0.912404,0.7706780000000001,0.1417259999999999,,,,,,
brt,2,bio03,4,0.912404,0.7899560000000001,0.12244799999999989,,,,,,
brt,2,bio03,5,0.912404,0.8209439999999999,0.0914600000000001,,,,,,
brt,2,bio03,6,0.912404,0.858234,0.05416999999999994,,,,,,
brt,2,bio03,7,0.912404,0.806276,0.106128,,,,,,
brt,2,bio03,8,0.912404,0.824884,0.08752000000000004,,,,,,
brt,2,bio03,9,0.912404,0.8214,0.09100399999999997,,,,,,
brt,2,bio03,10,0.912404,0.7984100000000001,0.11399399999999993,,,,,,
brt,2,bio03,11,0.912404,0.769478,0.142926,,,,,,
brt,2,bio03,12,0.912404,0.801864,0.11053999999999997,,,,,,
brt,2,bio03,13,0.912404,0.773478,0.138926,,,,,,
brt,2,bio03,14,0.912404,0.774798,0.137606,,,,,,
brt,2,bio03,15,0.912404,0.8182879999999999,0.09411600000000009,,,,,,
brt,2,bio03,16,0.912404,0.78105,0.13135399999999997,,,,,,
brt,2,bio03,17,0.912404,0.8318639999999999,0.08054000000000006,,,,,,
brt,2,bio03,18,0.912404,0.8259820000000001,0.08642199999999989,,,,,,
brt,2,bio03,19,0.912404,0.8049559999999999,0.1074480000000001,,,,,,
brt,2,bio05,0,0.912404,0.8670580000000001,0.045345999999999886,,,,,,
brt,2,bio05,1,0.912404,0.8623620000000001,0.05004199999999992,,,,,,
brt,2,bio05,2,0.912404,0.8939760000000001,0.01842799999999989,,,,,,
brt,2,bio05,3,0.912404,0.887308,0.025096000000000007,,,,,,
brt,2,bio05,4,0.912404,0.8634839999999999,0.048920000000000075,,,,,,
brt,2,bio05,5,0.912404,0.88517,0.02723399999999998,,,,,,
brt,2,bio05,6,0.912404,0.88789,0.024514000000000036,,,,,,
brt,2,bio05,7,0.912404,0.871572,0.04083199999999998,,,,,,
brt,2,bio05,8,0.912404,0.880368,0.03203599999999995,,,,,,
brt,2,bio05,9,0.912404,0.8630499999999999,0.04935400000000012,,,,,,
brt,2,bio05,10,0.912404,0.9055960000000001,0.006807999999999925,,,,,,
brt,2,bio05,11,0.912404,0.90471,0.007693999999999979,,,,,,
brt,2,bio05,12,0.912404,0.90075,0.011653999999999942,,,,,,
brt,2,bio05,13,0.912404,0.881898,0.030506000000000033,,,,,,
brt,2,bio05,14,0.912404,0.8832199999999999,0.0291840000000001,,,,,,
brt,2,bio05,15,0.912404,0.8811359999999999,0.031268000000000074,,,,,,
brt,2,bio05,16,0.912404,0.8846419999999999,0.027762000000000064,,,,,,
brt,2,bio05,17,0.912404,0.8942239999999999,0.018180000000000085,,,,,,
brt,2,bio05,18,0.912404,0.885566,0.02683800000000003,,,,,,
brt,2,bio05,19,0.912404,0.8900099999999999,0.022394000000000136,,,,,,
brt,2,bio15,0,0.912404,0.845384,0.06701999999999997,,,,,,
brt,2,bio15,1,0.912404,0.84077,0.07163399999999998,,,,,,
brt,2,bio15,2,0.912404,0.8322339999999999,0.08017000000000007,,,,,,
brt,2,bio15,3,0.912404,0.847396,0.06500799999999995,,,,,,
brt,2,bio15,4,0.912404,0.85893,0.05347400000000002,,,,,,
brt,2,bio15,5,0.912404,0.834886,0.07751799999999998,,,,,,
brt,2,bio15,6,0.912404,0.825224,0.08718000000000004,,,,,,
brt,2,bio15,7,0.912404,0.8355540000000001,0.07684999999999986,,,,,,
brt,2,bio15,8,0.912404,0.8323419999999999,0.08006200000000008,,,,,,
brt,2,bio15,9,0.912404,0.853538,0.058865999999999974,,,,,,
brt,2,bio15,10,0.912404,0.811052,0.101352,,,,,,
brt,2,bio15,11,0.912404,0.85439,0.05801400000000001,,,,,,
brt,2,bio15,12,0.912404,0.8502400000000001,0.062163999999999886,,,,,,
brt,2,bio15,13,0.912404,0.8555519999999999,0.056852000000000125,,,,,,
brt,2,bio15,14,0.912404,0.861148,0.05125599999999997,,,,,,
brt,2,bio15,15,0.912404,0.821074,0.09133000000000002,,,,,,
brt,2,bio15,16,0.912404,0.8357619999999999,0.0766420000000001,,,,,,
brt,2,bio15,17,0.912404,0.8671880000000001,0.04521599999999992,,,,,,
brt,2,bio15,18,0.912404,0.83412,0.07828400000000002,,,,,,
brt,2,bio15,19,0.912404,0.8279259999999999,0.08447800000000005,,,,,,
brt,2,clay,0,0.912404,0.8746100000000001,0.03779399999999988,,,,,,
brt,2,clay,1,0.912404,0.902466,0.009938000000000002,,,,,,
brt,2,clay,2,0.912404,0.909556,0.0028479999999999617,,,,,,
brt,2,clay,3,0.912404,0.90632,0.006083999999999978,,,,,,
brt,2,clay,4,0.912404,0.883652,0.028752,,,,,,
brt,2,clay,5,0.912404,0.9026919999999998,0.009712000000000165,,,,,,
brt,2,clay,6,0.912404,0.8874340000000001,0.024969999999999937,,,,,,
brt,2,clay,7,0.912404,0.90412,0.008283999999999958,,,,,,
brt,2,clay,8,0.912404,0.9021100000000001,0.010293999999999914,,,,,,
brt,2,clay,9,0.912404,0.893276,0.019128000000000034,,,,,,
brt,2,clay,10,0.912404,0.9074019999999999,0.005002000000000062,,,,,,
brt,2,clay,11,0.912404,0.9184699999999999,-0.006065999999999905,,,,,,
brt,2,clay,12,0.912404,0.8993740000000001,0.013029999999999875,,,,,,
brt,2,clay,13,0.912404,0.910602,0.0018019999999999703,,,,,,
brt,2,clay,14,0.912404,0.9093559999999999,0.0030480000000000507,,,,,,
brt,2,clay,15,0.912404,0.853198,0.05920599999999998,,,,,,
brt,2,clay,16,0.912404,0.8800779999999999,0.03232600000000008,,,,,,
brt,2,clay,17,0.912404,0.9013059999999999,0.011098000000000052,,,,,,
brt,2,clay,18,0.912404,0.9026499999999998,0.009754000000000151,,,,,,
brt,2,clay,19,0.912404,0.913128,-0.0007240000000000579,,,,,,
brt,2,elevation,0,0.912404,0.901064,0.011340000000000017,,,,,,
brt,2,elevation,1,0.912404,0.899344,0.01305999999999996,,,,,,
brt,2,elevation,2,0.912404,0.900712,0.011692000000000036,,,,,,
brt,2,elevation,3,0.912404,0.913192,-0.0007880000000000109,,,,,,
brt,2,elevation,4,0.912404,0.897504,0.014900000000000024,,,,,,
brt,2,elevation,5,0.912404,0.9101,0.0023039999999999727,,,,,,
brt,2,elevation,6,0.912404,0.90656,0.00584399999999996,,,,,,
brt,2,elevation,7,0.912404,0.8987019999999999,0.013702000000000103,,,,,,
brt,2,elevation,8,0.912404,0.905248,0.00715599999999994,,,,,,
brt,2,elevation,9,0.912404,0.903264,0.009140000000000037,,,,,,
brt,2,elevation,10,0.912404,0.905276,0.007128000000000023,,,,,,
brt,2,elevation,11,0.912404,0.9051819999999999,0.007222000000000062,,,,,,
brt,2,elevation,12,0.912404,0.9116179999999999,0.0007860000000000644,,,,,,
brt,2,elevation,13,0.912404,0.92523,-0.012826000000000004,,,,,,
brt,2,elevation,14,0.912404,0.8988700000000001,0.013533999999999935,,,,,,
brt,2,elevation,15,0.912404,0.9131119999999999,-0.0007079999999999309,,,,,,
brt,2,elevation,16,0.912404,0.91034,0.0020639999999999548,,,,,,
brt,2,elevation,17,0.912404,0.9100980000000001,0.0023059999999999192,,,,,,
brt,2,elevation,18,0.912404,0.888354,0.024050000000000016,,,,,,
brt,2,elevation,19,0.912404,0.890842,0.02156199999999997,,,,,,
brt,2,northness,0,0.912404,0.915864,-0.0034600000000000186,,,,,,
brt,2,northness,1,0.912404,0.9166019999999999,-0.004197999999999924,,,,,,
brt,2,northness,2,0.912404,0.9038999999999999,0.008504000000000067,,,,,,
brt,2,northness,3,0.912404,0.9058520000000001,0.006551999999999891,,,,,,
brt,2,northness,4,0.912404,0.8970859999999999,0.015318000000000054,,,,,,
brt,2,northness,5,0.912404,0.905446,0.00695800000000002,,,,,,
brt,2,northness,6,0.912404,0.903018,0.009386000000000005,,,,,,
brt,2,northness,7,0.912404,0.9020499999999999,0.010354000000000085,,,,,,
brt,2,northness,8,0.912404,0.907998,0.004406000000000021,,,,,,
brt,2,northness,9,0.912404,0.9081299999999999,0.004274000000000111,,,,,,
brt,2,northness,10,0.912404,0.9022,0.01020399999999999,,,,,,
brt,2,northness,11,0.912404,0.9068120000000001,0.00559199999999993,,,,,,
brt,2,northness,12,0.912404,0.908688,0.0037159999999999416,,,,,,
brt,2,northness,13,0.912404,0.920116,-0.007712000000000052,,,,,,
brt,2,northness,14,0.912404,0.8924579999999999,0.01994600000000013,,,,,,
brt,2,northness,15,0.912404,0.912416,-1.2000000000012001e-05,,,,,,
brt,2,northness,16,0.912404,0.9044460000000001,0.00795799999999991,,,,,,
brt,2,northness,17,0.912404,0.903918,0.008485999999999994,,,,,,
brt,2,northness,18,0.912404,0.899436,0.01296799999999998,,,,,,
brt,2,northness,19,0.912404,0.906258,0.006145999999999985,,,,,,
brt,2,sand,0,0.912404,0.892354,0.020050000000000012,,,,,,
brt,2,sand,1,0.912404,0.8890539999999999,0.023350000000000093,,,,,,
brt,2,sand,2,0.912404,0.9028359999999999,0.009568000000000132,,,,,,
brt,2,sand,3,0.912404,0.88862,0.023784000000000027,,,,,,
brt,2,sand,4,0.912404,0.8924479999999999,0.019956000000000085,,,,,,
brt,2,sand,5,0.912404,0.913232,-0.0008280000000000509,,,,,,
brt,2,sand,6,0.912404,0.8839159999999999,0.02848800000000007,,,,,,
brt,2,sand,7,0.912404,0.8846700000000001,0.027733999999999925,,,,,,
brt,2,sand,8,0.912404,0.906266,0.006137999999999977,,,,,,
brt,2,sand,9,0.912404,0.909726,0.002677999999999958,,,,,,
brt,2,sand,10,0.912404,0.8941139999999999,0.01829000000000014,,,,,,
brt,2,sand,11,0.912404,0.9068180000000001,0.005585999999999869,,,,,,
brt,2,sand,12,0.912404,0.89315,0.019253999999999993,,,,,,
brt,2,sand,13,0.912404,0.9011399999999999,0.011264000000000052,,,,,,
brt,2,sand,14,0.912404,0.8736980000000001,0.03870599999999991,,,,,,
brt,2,sand,15,0.912404,0.900506,0.011897999999999964,,,,,,
brt,2,sand,16,0.912404,0.89679,0.015614000000000017,,,,,,
brt,2,sand,17,0.912404,0.905,0.007403999999999966,,,,,,
brt,2,sand,18,0.912404,0.887504,0.024900000000000033,,,,,,
brt,2,sand,19,0.912404,0.8934540000000001,0.01894999999999991,,,,,,
brt,3,bio02,0,0.891176,0.812952,0.07822399999999996,,,,,,
brt,3,bio02,1,0.891176,0.82864,0.06253599999999992,,,,,,
brt,3,bio02,2,0.891176,0.8347979999999999,0.05637800000000004,,,,,,
brt,3,bio02,3,0.891176,0.8182419999999999,0.07293400000000005,,,,,,
brt,3,bio02,4,0.891176,0.823256,0.06791999999999998,,,,,,
brt,3,bio02,5,0.891176,0.8310939999999999,0.06008200000000008,,,,,,
brt,3,bio02,6,0.891176,0.820132,0.071044,,,,,,
brt,3,bio02,7,0.891176,0.830346,0.06082999999999994,,,,,,
brt,3,bio02,8,0.891176,0.813814,0.07736199999999993,,,,,,
brt,3,bio02,9,0.891176,0.8154999999999999,0.07567600000000008,,,,,,
brt,3,bio02,10,0.891176,0.834058,0.057118,,,,,,
brt,3,bio02,11,0.891176,0.815092,0.07608399999999993,,,,,,
brt,3,bio02,12,0.891176,0.813024,0.078152,,,,,,
brt,3,bio02,13,0.891176,0.804756,0.08641999999999994,,,,,,
brt,3,bio02,14,0.891176,0.8084279999999999,0.08274800000000004,,,,,,
brt,3,bio02,15,0.891176,0.82587,0.06530599999999998,,,,,,
brt,3,bio02,16,0.891176,0.8330019999999999,0.05817400000000006,,,,,,
brt,3,bio02,17,0.891176,0.84814,0.04303599999999996,,,,,,
brt,3,bio02,18,0.891176,0.823894,0.06728199999999995,,,,,,
brt,3,bio02,19,0.891176,0.8280839999999998,0.06309200000000015,,,,,,
brt,3,bio03,0,0.891176,0.8671420000000001,0.02403399999999989,,,,,,
brt,3,bio03,1,0.891176,0.8596459999999999,0.03153000000000006,,,,,,
brt,3,bio03,2,0.891176,0.861904,0.029271999999999965,,,,,,
brt,3,bio03,3,0.891176,0.84104,0.05013599999999996,,,,,,
brt,3,bio03,4,0.891176,0.8676499999999999,0.023526000000000047,,,,,,
brt,3,bio03,5,0.891176,0.8473719999999999,0.043804000000000065,,,,,,
brt,3,bio03,6,0.891176,0.844142,0.04703400000000002,,,,,,
brt,3,bio03,7,0.891176,0.868206,0.022969999999999935,,,,,,
brt,3,bio03,8,0.891176,0.850886,0.04028999999999994,,,,,,
brt,3,bio03,9,0.891176,0.8518199999999999,0.03935600000000006,,,,,,
brt,3,bio03,10,0.891176,0.8534660000000002,0.0377099999999998,,,,,,
brt,3,bio03,11,0.891176,0.8468839999999999,0.04429200000000011,,,,,,
brt,3,bio03,12,0.891176,0.8628199999999998,0.02835600000000016,,,,,,
brt,3,bio03,13,0.891176,0.855772,0.03540399999999999,,,,,,
brt,3,bio03,14,0.891176,0.8659380000000001,0.02523799999999987,,,,,,
brt,3,bio03,15,0.891176,0.8488019999999998,0.042374000000000134,,,,,,
brt,3,bio03,16,0.891176,0.8680439999999998,0.023132000000000152,,,,,,
brt,3,bio03,17,0.891176,0.850514,0.040661999999999976,,,,,,
brt,3,bio03,18,0.891176,0.8490059999999999,0.04217000000000004,,,,,,
brt,3,bio03,19,0.891176,0.862042,0.029133999999999993,,,,,,
brt,3,bio05,0,0.891176,0.870158,0.02101799999999998,,,,,,
brt,3,bio05,1,0.891176,0.859478,0.031698000000000004,,,,,,
brt,3,bio05,2,0.891176,0.8637159999999999,0.02746000000000004,,,,,,
brt,3,bio05,3,0.891176,0.8517340000000001,0.039441999999999866,,,,,,
brt,3,bio05,4,0.891176,0.8656079999999999,0.025568000000000035,,,,,,
brt,3,bio05,5,0.891176,0.8634139999999999,0.027762000000000064,,,,,,
brt,3,bio05,6,0.891176,0.8589260000000001,0.03224999999999989,,,,,,
brt,3,bio05,7,0.891176,0.8788560000000001,0.012319999999999887,,,,,,
brt,3,bio05,8,0.891176,0.8565200000000001,0.03465599999999991,,,,,,
brt,3,bio05,9,0.891176,0.871988,0.019187999999999983,,,,,,
brt,3,bio05,10,0.891176,0.858774,0.03240199999999993,,,,,,
brt,3,bio05,11,0.891176,0.869318,0.021857999999999933,,,,,,
brt,3,bio05,12,0.891176,0.873076,0.018100000000000005,,,,,,
brt,3,bio05,13,0.891176,0.8775459999999999,0.013630000000000031,,,,,,
brt,3,bio05,14,0.891176,0.8668779999999999,0.024298000000000042,,,,,,
brt,3,bio05,15,0.891176,0.8654219999999999,0.025754000000000055,,,,,,
brt,3,bio05,16,0.891176,0.86969,0.021486000000000005,,,,,,
brt,3,bio05,17,0.891176,0.854884,0.03629199999999999,,,,,,
brt,3,bio05,18,0.891176,0.861672,0.029503999999999975,,,,,,
brt,3,bio05,19,0.891176,0.8601000000000001,0.03107599999999988,,,,,,
brt,3,bio15,0,0.891176,0.7457499999999999,0.14542600000000006,,,,,,
brt,3,bio15,1,0.891176,0.7388319999999999,0.15234400000000003,,,,,,
brt,3,bio15,2,0.891176,0.7731819999999999,0.11799400000000004,,,,,,
brt,3,bio15,3,0.891176,0.73594,0.15523599999999993,,,,,,
brt,3,bio15,4,0.891176,0.806818,0.08435799999999993,,,,,,
brt,3,bio15,5,0.891176,0.7400700000000001,0.15110599999999985,,,,,,
brt,3,bio15,6,0.891176,0.7586979999999999,0.1324780000000001,,,,,,
brt,3,bio15,7,0.891176,0.7788,0.11237599999999992,,,,,,
brt,3,bio15,8,0.891176,0.719704,0.17147199999999996,,,,,,
brt,3,bio15,9,0.891176,0.784524,0.10665199999999997,,,,,,
brt,3,bio15,10,0.891176,0.771774,0.11940200000000001,,,,,,
brt,3,bio15,11,0.891176,0.752322,0.13885399999999992,,,,,,
brt,3,bio15,12,0.891176,0.742686,0.14849,,,,,,
brt,3,bio15,13,0.891176,0.7248159999999999,0.16636000000000006,,,,,,
brt,3,bio15,14,0.891176,0.742118,0.1490579999999999,,,,,,
brt,3,bio15,15,0.891176,0.75669,0.134486,,,,,,
brt,3,bio15,16,0.891176,0.766548,0.12462799999999996,,,,,,
brt,3,bio15,17,0.891176,0.7586440000000001,0.13253199999999987,,,,,,
brt,3,bio15,18,0.891176,0.73502,0.15615599999999996,,,,,,
brt,3,bio15,19,0.891176,0.764542,0.1266339999999999,,,,,,
brt,3,clay,0,0.891176,0.87861,0.012565999999999966,,,,,,
brt,3,clay,1,0.891176,0.8734719999999999,0.017704000000000053,,,,,,
brt,3,clay,2,0.891176,0.874276,0.016899999999999915,,,,,,
brt,3,clay,3,0.891176,0.880396,0.010780000000000012,,,,,,
brt,3,clay,4,0.891176,0.881118,0.010058000000000011,,,,,,
brt,3,clay,5,0.891176,0.87283,0.018345999999999973,,,,,,
brt,3,clay,6,0.891176,0.886568,0.0046079999999999455,,,,,,
brt,3,clay,7,0.891176,0.8639740000000001,0.027201999999999837,,,,,,
brt,3,clay,8,0.891176,0.874042,0.017133999999999983,,,,,,
brt,3,clay,9,0.891176,0.879138,0.012037999999999993,,,,,,
brt,3,clay,10,0.891176,0.888158,0.003017999999999965,,,,,,
brt,3,clay,11,0.891176,0.870474,0.020701999999999998,,,,,,
brt,3,clay,12,0.891176,0.881518,0.009657999999999944,,,,,,
brt,3,clay,13,0.891176,0.883382,0.007793999999999968,,,,,,
brt,3,clay,14,0.891176,0.880264,0.010911999999999922,,,,,,
brt,3,clay,15,0.891176,0.878174,0.013001999999999958,,,,,,
brt,3,clay,16,0.891176,0.874236,0.016939999999999955,,,,,,
brt,3,clay,17,0.891176,0.8812220000000002,0.009953999999999796,,,,,,
brt,3,clay,18,0.891176,0.885342,0.005834000000000006,,,,,,
brt,3,clay,19,0.891176,0.870792,0.020383999999999958,,,,,,
brt,3,elevation,0,0.891176,0.900038,-0.008862000000000037,,,,,,
brt,3,elevation,1,0.891176,0.8880440000000001,0.0031319999999999126,,,,,,
brt,3,elevation,2,0.891176,0.8872760000000001,0.0038999999999999035,,,,,,
brt,3,elevation,3,0.891176,0.8949779999999999,-0.003801999999999972,,,,,,
brt,3,elevation,4,0.891176,0.904654,-0.01347799999999999,,,,,,
brt,3,elevation,5,0.891176,0.884756,0.006419999999999981,,,,,,
brt,3,elevation,6,0.891176,0.882488,0.008687999999999918,,,,,,
brt,3,elevation,7,0.891176,0.888936,0.0022400000000000198,,,,,,
brt,3,elevation,8,0.891176,0.871412,0.019764000000000004,,,,,,
brt,3,elevation,9,0.891176,0.875038,0.016137999999999986,,,,,,
brt,3,elevation,10,0.891176,0.888654,0.002521999999999913,,,,,,
brt,3,elevation,11,0.891176,0.901582,-0.010406000000000026,,,,,,
brt,3,elevation,12,0.891176,0.8770220000000001,0.014153999999999889,,,,,,
brt,3,elevation,13,0.891176,0.882748,0.008427999999999991,,,,,,
brt,3,elevation,14,0.891176,0.8996500000000001,-0.008474000000000093,,,,,,
brt,3,elevation,15,0.891176,0.885246,0.005929999999999991,,,,,,
brt,3,elevation,16,0.891176,0.8782000000000001,0.012975999999999877,,,,,,
brt,3,elevation,17,0.891176,0.886582,0.004593999999999987,,,,,,
brt,3,elevation,18,0.891176,0.880762,0.010413999999999923,,,,,,
brt,3,elevation,19,0.891176,0.882074,0.009101999999999943,,,,,,
brt,3,northness,0,0.891176,0.89256,-0.0013840000000000519,,,,,,
brt,3,northness,1,0.891176,0.883422,0.007753999999999928,,,,,,
brt,3,northness,2,0.891176,0.900236,-0.009060000000000068,,,,,,
brt,3,northness,3,0.891176,0.8935200000000001,-0.0023440000000001238,,,,,,
brt,3,northness,4,0.891176,0.8836339999999999,0.007542000000000049,,,,,,
brt,3,northness,5,0.891176,0.897446,-0.006269999999999998,,,,,,
brt,3,northness,6,0.891176,0.894364,-0.0031880000000000797,,,,,,
brt,3,northness,7,0.891176,0.891624,-0.00044800000000000395,,,,,,
brt,3,northness,8,0.891176,0.899656,-0.008480000000000043,,,,,,
brt,3,northness,9,0.891176,0.884706,0.006469999999999976,,,,,,
brt,3,northness,10,0.891176,0.891016,0.00015999999999993797,,,,,,
brt,3,northness,11,0.891176,0.8898900000000001,0.0012859999999998983,,,,,,
brt,3,northness,12,0.891176,0.9102499999999999,-0.019073999999999924,,,,,,
brt,3,northness,13,0.891176,0.891012,0.00016399999999994197,,,,,,
brt,3,northness,14,0.891176,0.8972359999999999,-0.006059999999999954,,,,,,
brt,3,northness,15,0.891176,0.8900440000000001,0.0011319999999999109,,,,,,
brt,3,northness,16,0.891176,0.8875339999999999,0.003642000000000034,,,,,,
brt,3,northness,17,0.891176,0.89103,0.00014599999999997948,,,,,,
brt,3,northness,18,0.891176,0.890894,0.00028200000000000447,,,,,,
brt,3,northness,19,0.891176,0.896276,-0.005099999999999993,,,,,,
brt,3,sand,0,0.891176,0.8721300000000001,0.019045999999999896,,,,,,
brt,3,sand,1,0.891176,0.884868,0.00630799999999998,,,,,,
brt,3,sand,2,0.891176,0.8719180000000001,0.019257999999999886,,,,,,
brt,3,sand,3,0.891176,0.876258,0.014917999999999987,,,,,,
brt,3,sand,4,0.891176,0.883416,0.007759999999999989,,,,,,
brt,3,sand,5,0.891176,0.863712,0.027463999999999933,,,,,,
brt,3,sand,6,0.891176,0.881498,0.009677999999999964,,,,,,
brt,3,sand,7,0.891176,0.8573360000000001,0.03383999999999987,,,,,,
brt,3,sand,8,0.891176,0.89266,-0.0014840000000000408,,,,,,
brt,3,sand,9,0.891176,0.876356,0.014819999999999944,,,,,,
brt,3,sand,10,0.891176,0.8755220000000001,0.015653999999999835,,,,,,
brt,3,sand,11,0.891176,0.869922,0.021253999999999995,,,,,,
brt,3,sand,12,0.891176,0.8857740000000001,0.005401999999999907,,,,,,
brt,3,sand,13,0.891176,0.877488,0.013687999999999922,,,,,,
brt,3,sand,14,0.891176,0.872978,0.018197999999999936,,,,,,
brt,3,sand,15,0.891176,0.8847959999999999,0.006380000000000052,,,,,,
brt,3,sand,16,0.891176,0.8505519999999999,0.040624000000000104,,,,,,
brt,3,sand,17,0.891176,0.884916,0.006259999999999932,,,,,,
brt,3,sand,18,0.891176,0.873912,0.017263999999999946,,,,,,
brt,3,sand,19,0.891176,0.882528,0.008647999999999989,,,,,,
brt,4,bio02,0,0.9344399999999999,0.926011,0.008428999999999909,,,,,,
brt,4,bio02,1,0.9344399999999999,0.915165,0.01927499999999993,,,,,,
brt,4,bio02,2,0.9344399999999999,0.9191779999999999,0.015261999999999998,,,,,,
brt,4,bio02,3,0.9344399999999999,0.9179970000000001,0.016442999999999874,,,,,,
brt,4,bio02,4,0.9344399999999999,0.919027,0.015412999999999899,,,,,,
brt,4,bio02,5,0.9344399999999999,0.923188,0.011251999999999929,,,,,,
brt,4,bio02,6,0.9344399999999999,0.924203,0.01023699999999994,,,,,,
brt,4,bio02,7,0.9344399999999999,0.9223619999999999,0.012078000000000033,,,,,,
brt,4,bio02,8,0.9344399999999999,0.9193459999999999,0.015094000000000052,,,,,,
brt,4,bio02,9,0.9344399999999999,0.926744,0.007695999999999925,,,,,,
brt,4,bio02,10,0.9344399999999999,0.9277880000000001,0.00665199999999988,,,,,,
brt,4,bio02,11,0.9344399999999999,0.916816,0.017623999999999973,,,,,,
brt,4,bio02,12,0.9344399999999999,0.9297099999999999,0.004730000000000012,,,,,,
brt,4,bio02,13,0.9344399999999999,0.9109700000000001,0.02346999999999988,,,,,,
brt,4,bio02,14,0.9344399999999999,0.9166719999999999,0.017768000000000006,,,,,,
brt,4,bio02,15,0.9344399999999999,0.9245439999999999,0.009896000000000016,,,,,,
brt,4,bio02,16,0.9344399999999999,0.912082,0.02235799999999999,,,,,,
brt,4,bio02,17,0.9344399999999999,0.91755,0.01688999999999996,,,,,,
brt,4,bio02,18,0.9344399999999999,0.9071199999999999,0.02732000000000001,,,,,,
brt,4,bio02,19,0.9344399999999999,0.91794,0.01649999999999996,,,,,,
brt,4,bio03,0,0.9344399999999999,0.826862,0.10757799999999995,,,,,,
brt,4,bio03,1,0.9344399999999999,0.841113,0.09332699999999994,,,,,,
brt,4,bio03,2,0.9344399999999999,0.8271660000000001,0.10727399999999987,,,,,,
brt,4,bio03,3,0.9344399999999999,0.8315319999999999,0.102908,,,,,,
brt,4,bio03,4,0.9344399999999999,0.838492,0.09594799999999992,,,,,,
brt,4,bio03,5,0.9344399999999999,0.8176139999999998,0.1168260000000001,,,,,,
brt,4,bio03,6,0.9344399999999999,0.8224899999999999,0.11195,,,,,,
brt,4,bio03,7,0.9344399999999999,0.8240240000000001,0.11041599999999985,,,,,,
brt,4,bio03,8,0.9344399999999999,0.825379,0.10906099999999996,,,,,,
brt,4,bio03,9,0.9344399999999999,0.8355139999999999,0.09892600000000007,,,,,,
brt,4,bio03,10,0.9344399999999999,0.81677,0.11766999999999994,,,,,,
brt,4,bio03,11,0.9344399999999999,0.828832,0.10560799999999992,,,,,,
brt,4,bio03,12,0.9344399999999999,0.830713,0.1037269999999999,,,,,,
brt,4,bio03,13,0.9344399999999999,0.841074,0.09336599999999995,,,,,,
brt,4,bio03,14,0.9344399999999999,0.8303539999999999,0.10408600000000001,,,,,,
brt,4,bio03,15,0.9344399999999999,0.8319749999999999,0.10246500000000003,,,,,,
brt,4,bio03,16,0.9344399999999999,0.8352999999999999,0.09914,,,,,,
brt,4,bio03,17,0.9344399999999999,0.845232,0.08920799999999995,,,,,,
brt,4,bio03,18,0.9344399999999999,0.828311,0.10612899999999992,,,,,,
brt,4,bio03,19,0.9344399999999999,0.824103,0.11033699999999991,,,,,,
brt,4,bio05,0,0.9344399999999999,0.9240079999999999,0.010431999999999997,,,,,,
brt,4,bio05,1,0.9344399999999999,0.931003,0.0034369999999999123,,,,,,
brt,4,bio05,2,0.9344399999999999,0.9253790000000001,0.009060999999999875,,,,,,
brt,4,bio05,3,0.9344399999999999,0.925889,0.008550999999999975,,,,,,
brt,4,bio05,4,0.9344399999999999,0.9267429999999999,0.007697000000000065,,,,,,
brt,4,bio05,5,0.9344399999999999,0.9226179999999999,0.011822,,,,,,
brt,4,bio05,6,0.9344399999999999,0.922488,0.011951999999999963,,,,,,
brt,4,bio05,7,0.9344399999999999,0.922886,0.011553999999999953,,,,,,
brt,4,bio05,8,0.9344399999999999,0.9295,0.0049399999999999444,,,,,,
brt,4,bio05,9,0.9344399999999999,0.934842,-0.00040200000000001346,,,,,,
brt,4,bio05,10,0.9344399999999999,0.927624,0.006815999999999933,,,,,,
brt,4,bio05,11,0.9344399999999999,0.9298379999999999,0.004601999999999995,,,,,,
brt,4,bio05,12,0.9344399999999999,0.929621,0.004818999999999907,,,,,,
brt,4,bio05,13,0.9344399999999999,0.9257369999999998,0.008703000000000127,,,,,,
brt,4,bio05,14,0.9344399999999999,0.926287,0.008152999999999966,,,,,,
brt,4,bio05,15,0.9344399999999999,0.9277219999999998,0.006718000000000113,,,,,,
brt,4,bio05,16,0.9344399999999999,0.930272,0.0041679999999999495,,,,,,
brt,4,bio05,17,0.9344399999999999,0.9252909999999999,0.009149000000000074,,,,,,
brt,4,bio05,18,0.9344399999999999,0.9211039999999999,0.013336000000000015,,,,,,
brt,4,bio05,19,0.9344399999999999,0.9304759999999999,0.003964000000000079,,,,,,
brt,4,bio15,0,0.9344399999999999,0.8856379999999999,0.04880200000000001,,,,,,
brt,4,bio15,1,0.9344399999999999,0.9076929999999999,0.026747000000000076,,,,,,
brt,4,bio15,2,0.9344399999999999,0.8799029999999999,0.05453700000000006,,,,,,
brt,4,bio15,3,0.9344399999999999,0.9182410000000001,0.016198999999999852,,,,,,
brt,4,bio15,4,0.9344399999999999,0.899428,0.03501199999999993,,,,,,
brt,4,bio15,5,0.9344399999999999,0.9138709999999999,0.02056900000000006,,,,,,
brt,4,bio15,6,0.9344399999999999,0.911033,0.023406999999999956,,,,,,
brt,4,bio15,7,0.9344399999999999,0.887088,0.04735199999999995,,,,,,
brt,4,bio15,8,0.9344399999999999,0.9263089999999998,0.00813100000000011,,,,,,
brt,4,bio15,9,0.9344399999999999,0.9009079999999998,0.03353200000000012,,,,,,
brt,4,bio15,10,0.9344399999999999,0.8857299999999999,0.04871000000000003,,,,,,
brt,4,bio15,11,0.9344399999999999,0.920383,0.014056999999999986,,,,,,
brt,4,bio15,12,0.9344399999999999,0.893199,0.04124099999999997,,,,,,
brt,4,bio15,13,0.9344399999999999,0.8994709999999999,0.03496900000000003,,,,,,
brt,4,bio15,14,0.9344399999999999,0.9288479999999999,0.005592000000000041,,,,,,
brt,4,bio15,15,0.9344399999999999,0.9371959999999999,-0.0027559999999999807,,,,,,
brt,4,bio15,16,0.9344399999999999,0.9114059999999999,0.023034,,,,,,
brt,4,bio15,17,0.9344399999999999,0.937777,-0.0033370000000000344,,,,,,
brt,4,bio15,18,0.9344399999999999,0.905844,0.028595999999999955,,,,,,
brt,4,bio15,19,0.9344399999999999,0.9132719999999999,0.021168000000000076,,,,,,
brt,4,clay,0,0.9344399999999999,0.935403,-0.0009630000000000472,,,,,,
brt,4,clay,1,0.9344399999999999,0.9350419999999999,-0.0006019999999999914,,,,,,
brt,4,clay,2,0.9344399999999999,0.9370879999999999,-0.0026479999999999837,,,,,,
brt,4,clay,3,0.9344399999999999,0.934898,-0.00045800000000006946,,,,,,
brt,4,clay,4,0.9344399999999999,0.939288,-0.0048480000000000745,,,,,,
brt,4,clay,5,0.9344399999999999,0.933456,0.0009839999999999849,,,,,,
brt,4,clay,6,0.9344399999999999,0.939856,-0.005416000000000087,,,,,,
brt,4,clay,7,0.9344399999999999,0.921726,0.012713999999999892,,,,,,
brt,4,clay,8,0.9344399999999999,0.9363919999999999,-0.0019519999999999538,,,,,,
brt,4,clay,9,0.9344399999999999,0.9338740000000001,0.0005659999999998444,,,,,,
brt,4,clay,10,0.9344399999999999,0.9440219999999999,-0.00958199999999998,,,,,,
brt,4,clay,11,0.9344399999999999,0.935574,-0.0011340000000000794,,,,,,
brt,4,clay,12,0.9344399999999999,0.940256,-0.005816000000000043,,,,,,
brt,4,clay,13,0.9344399999999999,0.936238,-0.0017980000000000773,,,,,,
brt,4,clay,14,0.9344399999999999,0.950019,-0.01557900000000001,,,,,,
brt,4,clay,15,0.9344399999999999,0.9476,-0.01316000000000006,,,,,,
brt,4,clay,16,0.9344399999999999,0.9280930000000001,0.0063469999999998805,,,,,,
brt,4,clay,17,0.9344399999999999,0.9364809999999999,-0.0020409999999999595,,,,,,
brt,4,clay,18,0.9344399999999999,0.935501,-0.0010610000000000896,,,,,,
brt,4,clay,19,0.9344399999999999,0.947754,-0.013314000000000048,,,,,,
brt,4,elevation,0,0.9344399999999999,0.9484540000000001,-0.014014000000000193,,,,,,
brt,4,elevation,1,0.9344399999999999,0.9415480000000002,-0.007108000000000225,,,,,,
brt,4,elevation,2,0.9344399999999999,0.94678,-0.012340000000000018,,,,,,
brt,4,elevation,3,0.9344399999999999,0.948882,-0.014442000000000066,,,,,,
brt,4,elevation,4,0.9344399999999999,0.951476,-0.01703600000000005,,,,,,
brt,4,elevation,5,0.9344399999999999,0.9449050000000001,-0.010465000000000169,,,,,,
brt,4,elevation,6,0.9344399999999999,0.948302,-0.013862000000000041,,,,,,
brt,4,elevation,7,0.9344399999999999,0.9425399999999999,-0.008099999999999996,,,,,,
brt,4,elevation,8,0.9344399999999999,0.9476349999999999,-0.013194999999999957,,,,,,
brt,4,elevation,9,0.9344399999999999,0.940006,-0.005566000000000071,,,,,,
brt,4,elevation,10,0.9344399999999999,0.947048,-0.012608000000000064,,,,,,
brt,4,elevation,11,0.9344399999999999,0.9482659999999998,-0.013825999999999894,,,,,,
brt,4,elevation,12,0.9344399999999999,0.924593,0.00984699999999994,,,,,,
brt,4,elevation,13,0.9344399999999999,0.9303919999999999,0.0040480000000000516,,,,,,
brt,4,elevation,14,0.9344399999999999,0.9492500000000001,-0.014810000000000212,,,,,,
brt,4,elevation,15,0.9344399999999999,0.9278359999999999,0.006604000000000054,,,,,,
brt,4,elevation,16,0.9344399999999999,0.9358799999999999,-0.0014399999999999968,,,,,,
brt,4,elevation,17,0.9344399999999999,0.9397939999999999,-0.00535399999999997,,,,,,
brt,4,elevation,18,0.9344399999999999,0.9232719999999999,0.011168000000000067,,,,,,
brt,4,elevation,19,0.9344399999999999,0.9226139999999999,0.011826000000000003,,,,,,
brt,4,northness,0,0.9344399999999999,0.926148,0.008291999999999966,,,,,,
brt,4,northness,1,0.9344399999999999,0.9284509999999999,0.005989000000000022,,,,,,
brt,4,northness,2,0.9344399999999999,0.942358,-0.007918000000000092,,,,,,
brt,4,northness,3,0.9344399999999999,0.9298179999999999,0.004622000000000015,,,,,,
brt,4,northness,4,0.9344399999999999,0.9575999999999999,-0.02315999999999996,,,,,,
brt,4,northness,5,0.9344399999999999,0.9355410000000001,-0.0011010000000001297,,,,,,
brt,4,northness,6,0.9344399999999999,0.93431,0.00012999999999996348,,,,,,
brt,4,northness,7,0.9344399999999999,0.911716,0.022723999999999966,,,,,,
brt,4,northness,8,0.9344399999999999,0.91473,0.019709999999999894,,,,,,
brt,4,northness,9,0.9344399999999999,0.928132,0.00630799999999998,,,,,,
brt,4,northness,10,0.9344399999999999,0.926998,0.007441999999999949,,,,,,
brt,4,northness,11,0.9344399999999999,0.9472099999999999,-0.012769999999999948,,,,,,
brt,4,northness,12,0.9344399999999999,0.93033,0.004109999999999947,,,,,,
brt,4,northness,13,0.9344399999999999,0.9281499999999999,0.006290000000000018,,,,,,
brt,4,northness,14,0.9344399999999999,0.943917,-0.009477000000000069,,,,,,
brt,4,northness,15,0.9344399999999999,0.94924,-0.014800000000000035,,,,,,
brt,4,northness,16,0.9344399999999999,0.9349640000000001,-0.000524000000000191,,,,,,
brt,4,northness,17,0.9344399999999999,0.9475070000000001,-0.013067000000000162,,,,,,
brt,4,northness,18,0.9344399999999999,0.9255279999999999,0.008912000000000031,,,,,,
brt,4,northness,19,0.9344399999999999,0.945934,-0.011494000000000115,,,,,,
brt,4,sand,0,0.9344399999999999,0.9454039999999999,-0.010963999999999974,,,,,,
brt,4,sand,1,0.9344399999999999,0.939188,-0.0047480000000000855,,,,,,
brt,4,sand,2,0.9344399999999999,0.9205180000000002,0.013921999999999768,,,,,,
brt,4,sand,3,0.9344399999999999,0.9422780000000001,-0.007838000000000123,,,,,,
brt,4,sand,4,0.9344399999999999,0.9255809999999999,0.008859000000000061,,,,,,
brt,4,sand,5,0.9344399999999999,0.938437,-0.003997000000000028,,,,,,
brt,4,sand,6,0.9344399999999999,0.940498,-0.006058000000000008,,,,,,
brt,4,sand,7,0.9344399999999999,0.91578,0.0186599999999999,,,,,,
brt,4,sand,8,0.9344399999999999,0.9461499999999999,-0.011709999999999998,,,,,,
brt,4,sand,9,0.9344399999999999,0.919176,0.015263999999999944,,,,,,
brt,4,sand,10,0.9344399999999999,0.9217219999999999,0.012718000000000007,,,,,,
brt,4,sand,11,0.9344399999999999,0.9317449999999999,0.002695000000000003,,,,,,
brt,4,sand,12,0.9344399999999999,0.9389339999999999,-0.004493999999999998,,,,,,
brt,4,sand,13,0.9344399999999999,0.919776,0.0146639999999999,,,,,,
brt,4,sand,14,0.9344399999999999,0.926437,0.008002999999999982,,,,,,
brt,4,sand,15,0.9344399999999999,0.9267679999999999,0.007672000000000012,,,,,,
brt,4,sand,16,0.9344399999999999,0.9358500000000001,-0.0014100000000001334,,,,,,
brt,4,sand,17,0.9344399999999999,0.944093,-0.009653000000000023,,,,,,
brt,4,sand,18,0.9344399999999999,0.948082,-0.013642000000000043,,,,,,
brt,4,sand,19,0.9344399999999999,0.9249040000000001,0.009535999999999878,,,,,,
maxent,0,bio02,0,0.5,0.5,0.0,,,,,,
maxent,0,bio02,1,0.5,0.5,0.0,,,,,,
maxent,0,bio02,2,0.5,0.5,0.0,,,,,,
maxent,0,bio02,3,0.5,0.5,0.0,,,,,,
maxent,0,bio02,4,0.5,0.5,0.0,,,,,,
maxent,0,bio02,5,0.5,0.5,0.0,,,,,,
maxent,0,bio02,6,0.5,0.5,0.0,,,,,,
maxent,0,bio02,7,0.5,0.5,0.0,,,,,,
maxent,0,bio02,8,0.5,0.5,0.0,,,,,,
maxent,0,bio02,9,0.5,0.5,0.0,,,,,,
maxent,0,bio02,10,0.5,0.5,0.0,,,,,,
maxent,0,bio02,11,0.5,0.5,0.0,,,,,,
maxent,0,bio02,12,0.5,0.5,0.0,,,,,,
maxent,0,bio02,13,0.5,0.5,0.0,,,,,,
maxent,0,bio02,14,0.5,0.5,0.0,,,,,,
maxent,0,bio02,15,0.5,0.5,0.0,,,,,,
maxent,0,bio02,16,0.5,0.5,0.0,,,,,,
maxent,0,bio02,17,0.5,0.5,0.0,,,,,,
maxent,0,bio02,18,0.5,0.5,0.0,,,,,,
maxent,0,bio02,19,0.5,0.5,0.0,,,,,,
maxent,0,bio03,0,0.5,0.5,0.0,,,,,,
maxent,0,bio03,1,0.5,0.5,0.0,,,,,,
maxent,0,bio03,2,0.5,0.5,0.0,,,,,,
maxent,0,bio03,3,0.5,0.5,0.0,,,,,,
maxent,0,bio03,4,0.5,0.5,0.0,,,,,,
maxent,0,bio03,5,0.5,0.5,0.0,,,,,,
maxent,0,bio03,6,0.5,0.5,0.0,,,,,,
maxent,0,bio03,7,0.5,0.5,0.0,,,,,,
maxent,0,bio03,8,0.5,0.5,0.0,,,,,,
maxent,0,bio03,9,0.5,0.5,0.0,,,,,,
maxent,0,bio03,10,0.5,0.5,0.0,,,,,,
maxent,0,bio03,11,0.5,0.5,0.0,,,,,,
maxent,0,bio03,12,0.5,0.5,0.0,,,,,,
maxent,0,bio03,13,0.5,0.5,0.0,,,,,,
maxent,0,bio03,14,0.5,0.5,0.0,,,,,,
maxent,0,bio03,15,0.5,0.5,0.0,,,,,,
maxent,0,bio03,16,0.5,0.5,0.0,,,,,,
maxent,0,bio03,17,0.5,0.5,0.0,,,,,,
maxent,0,bio03,18,0.5,0.5,0.0,,,,,,
maxent,0,bio03,19,0.5,0.5,0.0,,,,,,
maxent,0,bio05,0,0.5,0.5,0.0,,,,,,
maxent,0,bio05,1,0.5,0.5,0.0,,,,,,
maxent,0,bio05,2,0.5,0.5,0.0,,,,,,
maxent,0,bio05,3,0.5,0.5,0.0,,,,,,
maxent,0,bio05,4,0.5,0.5,0.0,,,,,,
maxent,0,bio05,5,0.5,0.5,0.0,,,,,,
maxent,0,bio05,6,0.5,0.5,0.0,,,,,,
maxent,0,bio05,7,0.5,0.5,0.0,,,,,,
maxent,0,bio05,8,0.5,0.5,0.0,,,,,,
maxent,0,bio05,9,0.5,0.5,0.0,,,,,,
maxent,0,bio05,10,0.5,0.5,0.0,,,,,,
maxent,0,bio05,11,0.5,0.5,0.0,,,,,,
maxent,0,bio05,12,0.5,0.5,0.0,,,,,,
maxent,0,bio05,13,0.5,0.5,0.0,,,,,,
maxent,0,bio05,14,0.5,0.5,0.0,,,,,,
maxent,0,bio05,15,0.5,0.5,0.0,,,,,,
maxent,0,bio05,16,0.5,0.5,0.0,,,,,,
maxent,0,bio05,17,0.5,0.5,0.0,,,,,,
maxent,0,bio05,18,0.5,0.5,0.0,,,,,,
maxent,0,bio05,19,0.5,0.5,0.0,,,,,,
maxent,0,bio15,0,0.5,0.5,0.0,,,,,,
maxent,0,bio15,1,0.5,0.5,0.0,,,,,,
maxent,0,bio15,2,0.5,0.5,0.0,,,,,,
maxent,0,bio15,3,0.5,0.5,0.0,,,,,,
maxent,0,bio15,4,0.5,0.5,0.0,,,,,,
maxent,0,bio15,5,0.5,0.5,0.0,,,,,,
maxent,0,bio15,6,0.5,0.5,0.0,,,,,,
maxent,0,bio15,7,0.5,0.5,0.0,,,,,,
maxent,0,bio15,8,0.5,0.5,0.0,,,,,,
maxent,0,bio15,9,0.5,0.5,0.0,,,,,,
maxent,0,bio15,10,0.5,0.5,0.0,,,,,,
maxent,0,bio15,11,0.5,0.5,0.0,,,,,,
maxent,0,bio15,12,0.5,0.5,0.0,,,,,,
maxent,0,bio15,13,0.5,0.5,0.0,,,,,,
maxent,0,bio15,14,0.5,0.5,0.0,,,,,,
maxent,0,bio15,15,0.5,0.5,0.0,,,,,,
maxent,0,bio15,16,0.5,0.5,0.0,,,,,,
maxent,0,bio15,17,0.5,0.5,0.0,,,,,,
maxent,0,bio15,18,0.5,0.5,0.0,,,,,,
maxent,0,bio15,19,0.5,0.5,0.0,,,,,,
maxent,0,clay,0,0.5,0.5,0.0,,,,,,
maxent,0,clay,1,0.5,0.5,0.0,,,,,,
maxent,0,clay,2,0.5,0.5,0.0,,,,,,
maxent,0,clay,3,0.5,0.5,0.0,,,,,,
maxent,0,clay,4,0.5,0.5,0.0,,,,,,
maxent,0,clay,5,0.5,0.5,0.0,,,,,,
maxent,0,clay,6,0.5,0.5,0.0,,,,,,
maxent,0,clay,7,0.5,0.5,0.0,,,,,,
maxent,0,clay,8,0.5,0.5,0.0,,,,,,
maxent,0,clay,9,0.5,0.5,0.0,,,,,,
maxent,0,clay,10,0.5,0.5,0.0,,,,,,
maxent,0,clay,11,0.5,0.5,0.0,,,,,,
maxent,0,clay,12,0.5,0.5,0.0,,,,,,
maxent,0,clay,13,0.5,0.5,0.0,,,,,,
maxent,0,clay,14,0.5,0.5,0.0,,,,,,
maxent,0,clay,15,0.5,0.5,0.0,,,,,,
maxent,0,clay,16,0.5,0.5,0.0,,,,,,
maxent,0,clay,17,0.5,0.5,0.0,,,,,,
maxent,0,clay,18,0.5,0.5,0.0,,,,,,
maxent,0,clay,19,0.5,0.5,0.0,,,,,,
maxent,0,elevation,0,0.5,0.5,0.0,,,,,,
maxent,0,elevation,1,0.5,0.5,0.0,,,,,,
maxent,0,elevation,2,0.5,0.5,0.0,,,,,,
maxent,0,elevation,3,0.5,0.5,0.0,,,,,,
maxent,0,elevation,4,0.5,0.5,0.0,,,,,,
maxent,0,elevation,5,0.5,0.5,0.0,,,,,,
maxent,0,elevation,6,0.5,0.5,0.0,,,,,,
maxent,0,elevation,7,0.5,0.5,0.0,,,,,,
maxent,0,elevation,8,0.5,0.5,0.0,,,,,,
maxent,0,elevation,9,0.5,0.5,0.0,,,,,,
maxent,0,elevation,10,0.5,0.5,0.0,,,,,,
maxent,0,elevation,11,0.5,0.5,0.0,,,,,,
maxent,0,elevation,12,0.5,0.5,0.0,,,,,,
maxent,0,elevation,13,0.5,0.5,0.0,,,,,,
maxent,0,elevation,14,0.5,0.5,0.0,,,,,,
maxent,0,elevation,15,0.5,0.5,0.0,,,,,,
maxent,0,elevation,16,0.5,0.5,0.0,,,,,,
maxent,0,elevation,17,0.5,0.5,0.0,,,,,,
maxent,0,elevation,18,0.5,0.5,0.0,,,,,,
maxent,0,elevation,19,0.5,0.5,0.0,,,,,,
maxent,0,northness,0,0.5,0.5,0.0,,,,,,
maxent,0,northness,1,0.5,0.5,0.0,,,,,,
maxent,0,northness,2,0.5,0.5,0.0,,,,,,
maxent,0,northness,3,0.5,0.5,0.0,,,,,,
maxent,0,northness,4,0.5,0.5,0.0,,,,,,
maxent,0,northness,5,0.5,0.5,0.0,,,,,,
maxent,0,northness,6,0.5,0.5,0.0,,,,,,
maxent,0,northness,7,0.5,0.5,0.0,,,,,,
maxent,0,northness,8,0.5,0.5,0.0,,,,,,
maxent,0,northness,9,0.5,0.5,0.0,,,,,,
maxent,0,northness,10,0.5,0.5,0.0,,,,,,
maxent,0,northness,11,0.5,0.5,0.0,,,,,,
maxent,0,northness,12,0.5,0.5,0.0,,,,,,
maxent,0,northness,13,0.5,0.5,0.0,,,,,,
maxent,0,northness,14,0.5,0.5,0.0,,,,,,
maxent,0,northness,15,0.5,0.5,0.0,,,,,,
maxent,0,northness,16,0.5,0.5,0.0,,,,,,
maxent,0,northness,17,0.5,0.5,0.0,,,,,,
maxent,0,northness,18,0.5,0.5,0.0,,,,,,
maxent,0,northness,19,0.5,0.5,0.0,,,,,,
maxent,0,sand,0,0.5,0.5,0.0,,,,,,
maxent,0,sand,1,0.5,0.5,0.0,,,,,,
maxent,0,sand,2,0.5,0.5,0.0,,,,,,
maxent,0,sand,3,0.5,0.5,0.0,,,,,,
maxent,0,sand,4,0.5,0.5,0.0,,,,,,
maxent,0,sand,5,0.5,0.5,0.0,,,,,,
maxent,0,sand,6,0.5,0.5,0.0,,,,,,
maxent,0,sand,7,0.5,0.5,0.0,,,,,,
maxent,0,sand,8,0.5,0.5,0.0,,,,,,
maxent,0,sand,9,0.5,0.5,0.0,,,,,,
maxent,0,sand,10,0.5,0.5,0.0,,,,,,
maxent,0,sand,11,0.5,0.5,0.0,,,,,,
maxent,0,sand,12,0.5,0.5,0.0,,,,,,
maxent,0,sand,13,0.5,0.5,0.0,,,,,,
maxent,0,sand,14,0.5,0.5,0.0,,,,,,
maxent,0,sand,15,0.5,0.5,0.0,,,,,,
maxent,0,sand,16,0.5,0.5,0.0,,,,,,
maxent,0,sand,17,0.5,0.5,0.0,,,,,,
maxent,0,sand,18,0.5,0.5,0.0,,,,,,
maxent,0,sand,19,0.5,0.5,0.0,,,,,,
maxent,1,bio02,0,0.5,0.5,0.0,,,,,,
maxent,1,bio02,1,0.5,0.5,0.0,,,,,,
maxent,1,bio02,2,0.5,0.5,0.0,,,,,,
maxent,1,bio02,3,0.5,0.5,0.0,,,,,,
maxent,1,bio02,4,0.5,0.5,0.0,,,,,,
maxent,1,bio02,5,0.5,0.5,0.0,,,,,,
maxent,1,bio02,6,0.5,0.5,0.0,,,,,,
maxent,1,bio02,7,0.5,0.5,0.0,,,,,,
maxent,1,bio02,8,0.5,0.5,0.0,,,,,,
maxent,1,bio02,9,0.5,0.5,0.0,,,,,,
maxent,1,bio02,10,0.5,0.5,0.0,,,,,,
maxent,1,bio02,11,0.5,0.5,0.0,,,,,,
maxent,1,bio02,12,0.5,0.5,0.0,,,,,,
maxent,1,bio02,13,0.5,0.5,0.0,,,,,,
maxent,1,bio02,14,0.5,0.5,0.0,,,,,,
maxent,1,bio02,15,0.5,0.5,0.0,,,,,,
maxent,1,bio02,16,0.5,0.5,0.0,,,,,,
maxent,1,bio02,17,0.5,0.5,0.0,,,,,,
maxent,1,bio02,18,0.5,0.5,0.0,,,,,,
maxent,1,bio02,19,0.5,0.5,0.0,,,,,,
maxent,1,bio03,0,0.5,0.5,0.0,,,,,,
maxent,1,bio03,1,0.5,0.5,0.0,,,,,,
maxent,1,bio03,2,0.5,0.5,0.0,,,,,,
maxent,1,bio03,3,0.5,0.5,0.0,,,,,,
maxent,1,bio03,4,0.5,0.5,0.0,,,,,,
maxent,1,bio03,5,0.5,0.5,0.0,,,,,,
maxent,1,bio03,6,0.5,0.5,0.0,,,,,,
maxent,1,bio03,7,0.5,0.5,0.0,,,,,,
maxent,1,bio03,8,0.5,0.5,0.0,,,,,,
maxent,1,bio03,9,0.5,0.5,0.0,,,,,,
maxent,1,bio03,10,0.5,0.5,0.0,,,,,,
maxent,1,bio03,11,0.5,0.5,0.0,,,,,,
maxent,1,bio03,12,0.5,0.5,0.0,,,,,,
maxent,1,bio03,13,0.5,0.5,0.0,,,,,,
maxent,1,bio03,14,0.5,0.5,0.0,,,,,,
maxent,1,bio03,15,0.5,0.5,0.0,,,,,,
maxent,1,bio03,16,0.5,0.5,0.0,,,,,,
maxent,1,bio03,17,0.5,0.5,0.0,,,,,,
maxent,1,bio03,18,0.5,0.5,0.0,,,,,,
maxent,1,bio03,19,0.5,0.5,0.0,,,,,,
maxent,1,bio05,0,0.5,0.5,0.0,,,,,,
maxent,1,bio05,1,0.5,0.5,0.0,,,,,,
maxent,1,bio05,2,0.5,0.5,0.0,,,,,,
maxent,1,bio05,3,0.5,0.5,0.0,,,,,,
maxent,1,bio05,4,0.5,0.5,0.0,,,,,,
maxent,1,bio05,5,0.5,0.5,0.0,,,,,,
maxent,1,bio05,6,0.5,0.5,0.0,,,,,,
maxent,1,bio05,7,0.5,0.5,0.0,,,,,,
maxent,1,bio05,8,0.5,0.5,0.0,,,,,,
maxent,1,bio05,9,0.5,0.5,0.0,,,,,,
maxent,1,bio05,10,0.5,0.5,0.0,,,,,,
maxent,1,bio05,11,0.5,0.5,0.0,,,,,,
maxent,1,bio05,12,0.5,0.5,0.0,,,,,,
maxent,1,bio05,13,0.5,0.5,0.0,,,,,,
maxent,1,bio05,14,0.5,0.5,0.0,,,,,,
maxent,1,bio05,15,0.5,0.5,0.0,,,,,,
maxent,1,bio05,16,0.5,0.5,0.0,,,,,,
maxent,1,bio05,17,0.5,0.5,0.0,,,,,,
maxent,1,bio05,18,0.5,0.5,0.0,,,,,,
maxent,1,bio05,19,0.5,0.5,0.0,,,,,,
maxent,1,bio15,0,0.5,0.5,0.0,,,,,,
maxent,1,bio15,1,0.5,0.5,0.0,,,,,,
maxent,1,bio15,2,0.5,0.5,0.0,,,,,,
maxent,1,bio15,3,0.5,0.5,0.0,,,,,,
maxent,1,bio15,4,0.5,0.5,0.0,,,,,,
maxent,1,bio15,5,0.5,0.5,0.0,,,,,,
maxent,1,bio15,6,0.5,0.5,0.0,,,,,,
maxent,1,bio15,7,0.5,0.5,0.0,,,,,,
maxent,1,bio15,8,0.5,0.5,0.0,,,,,,
maxent,1,bio15,9,0.5,0.5,0.0,,,,,,
maxent,1,bio15,10,0.5,0.5,0.0,,,,,,
maxent,1,bio15,11,0.5,0.5,0.0,,,,,,
maxent,1,bio15,12,0.5,0.5,0.0,,,,,,
maxent,1,bio15,13,0.5,0.5,0.0,,,,,,
maxent,1,bio15,14,0.5,0.5,0.0,,,,,,
maxent,1,bio15,15,0.5,0.5,0.0,,,,,,
maxent,1,bio15,16,0.5,0.5,0.0,,,,,,
maxent,1,bio15,17,0.5,0.5,0.0,,,,,,
maxent,1,bio15,18,0.5,0.5,0.0,,,,,,
maxent,1,bio15,19,0.5,0.5,0.0,,,,,,
maxent,1,clay,0,0.5,0.5,0.0,,,,,,
maxent,1,clay,1,0.5,0.5,0.0,,,,,,
maxent,1,clay,2,0.5,0.5,0.0,,,,,,
maxent,1,clay,3,0.5,0.5,0.0,,,,,,
maxent,1,clay,4,0.5,0.5,0.0,,,,,,
maxent,1,clay,5,0.5,0.5,0.0,,,,,,
maxent,1,clay,6,0.5,0.5,0.0,,,,,,
maxent,1,clay,7,0.5,0.5,0.0,,,,,,
maxent,1,clay,8,0.5,0.5,0.0,,,,,,
maxent,1,clay,9,0.5,0.5,0.0,,,,,,
maxent,1,clay,10,0.5,0.5,0.0,,,,,,
maxent,1,clay,11,0.5,0.5,0.0,,,,,,
maxent,1,clay,12,0.5,0.5,0.0,,,,,,
maxent,1,clay,13,0.5,0.5,0.0,,,,,,
maxent,1,clay,14,0.5,0.5,0.0,,,,,,
maxent,1,clay,15,0.5,0.5,0.0,,,,,,
maxent,1,clay,16,0.5,0.5,0.0,,,,,,
maxent,1,clay,17,0.5,0.5,0.0,,,,,,
maxent,1,clay,18,0.5,0.5,0.0,,,,,,
maxent,1,clay,19,0.5,0.5,0.0,,,,,,
maxent,1,elevation,0,0.5,0.5,0.0,,,,,,
maxent,1,elevation,1,0.5,0.5,0.0,,,,,,
maxent,1,elevation,2,0.5,0.5,0.0,,,,,,
maxent,1,elevation,3,0.5,0.5,0.0,,,,,,
maxent,1,elevation,4,0.5,0.5,0.0,,,,,,
maxent,1,elevation,5,0.5,0.5,0.0,,,,,,
maxent,1,elevation,6,0.5,0.5,0.0,,,,,,
maxent,1,elevation,7,0.5,0.5,0.0,,,,,,
maxent,1,elevation,8,0.5,0.5,0.0,,,,,,
maxent,1,elevation,9,0.5,0.5,0.0,,,,,,
maxent,1,elevation,10,0.5,0.5,0.0,,,,,,
maxent,1,elevation,11,0.5,0.5,0.0,,,,,,
maxent,1,elevation,12,0.5,0.5,0.0,,,,,,
maxent,1,elevation,13,0.5,0.5,0.0,,,,,,
maxent,1,elevation,14,0.5,0.5,0.0,,,,,,
maxent,1,elevation,15,0.5,0.5,0.0,,,,,,
maxent,1,elevation,16,0.5,0.5,0.0,,,,,,
maxent,1,elevation,17,0.5,0.5,0.0,,,,,,
maxent,1,elevation,18,0.5,0.5,0.0,,,,,,
maxent,1,elevation,19,0.5,0.5,0.0,,,,,,
maxent,1,northness,0,0.5,0.5,0.0,,,,,,
maxent,1,northness,1,0.5,0.5,0.0,,,,,,
maxent,1,northness,2,0.5,0.5,0.0,,,,,,
maxent,1,northness,3,0.5,0.5,0.0,,,,,,
maxent,1,northness,4,0.5,0.5,0.0,,,,,,
maxent,1,northness,5,0.5,0.5,0.0,,,,,,
maxent,1,northness,6,0.5,0.5,0.0,,,,,,
maxent,1,northness,7,0.5,0.5,0.0,,,,,,
maxent,1,northness,8,0.5,0.5,0.0,,,,,,
maxent,1,northness,9,0.5,0.5,0.0,,,,,,
maxent,1,northness,10,0.5,0.5,0.0,,,,,,
maxent,1,northness,11,0.5,0.5,0.0,,,,,,
maxent,1,northness,12,0.5,0.5,0.0,,,,,,
maxent,1,northness,13,0.5,0.5,0.0,,,,,,
maxent,1,northness,14,0.5,0.5,0.0,,,,,,
maxent,1,northness,15,0.5,0.5,0.0,,,,,,
maxent,1,northness,16,0.5,0.5,0.0,,,,,,
maxent,1,northness,17,0.5,0.5,0.0,,,,,,
maxent,1,northness,18,0.5,0.5,0.0,,,,,,
maxent,1,northness,19,0.5,0.5,0.0,,,,,,
maxent,1,sand,0,0.5,0.5,0.0,,,,,,
maxent,1,sand,1,0.5,0.5,0.0,,,,,,
maxent,1,sand,2,0.5,0.5,0.0,,,,,,
maxent,1,sand,3,0.5,0.5,0.0,,,,,,
maxent,1,sand,4,0.5,0.5,0.0,,,,,,
maxent,1,sand,5,0.5,0.5,0.0,,,,,,
maxent,1,sand,6,0.5,0.5,0.0,,,,,,
maxent,1,sand,7,0.5,0.5,0.0,,,,,,
maxent,1,sand,8,0.5,0.5,0.0,,,,,,
maxent,1,sand,9,0.5,0.5,0.0,,,,,,
maxent,1,sand,10,0.5,0.5,0.0,,,,,,
maxent,1,sand,11,0.5,0.5,0.0,,,,,,
maxent,1,sand,12,0.5,0.5,0.0,,,,,,
maxent,1,sand,13,0.5,0.5,0.0,,,,,,
maxent,1,sand,14,0.5,0.5,0.0,,,,,,
maxent,1,sand,15,0.5,0.5,0.0,,,,,,
maxent,1,sand,16,0.5,0.5,0.0,,,,,,
maxent,1,sand,17,0.5,0.5,0.0,,,,,,
maxent,1,sand,18,0.5,0.5,0.0,,,,,,
maxent,1,sand,19,0.5,0.5,0.0,,,,,,
maxent,2,bio02,0,0.51,0.509949,5.100000000002325e-05,,,,,,
maxent,2,bio02,1,0.51,0.509949,5.100000000002325e-05,,,,,,
maxent,2,bio02,2,0.51,0.509949,5.100000000002325e-05,,,,,,
maxent,2,bio02,3,0.51,0.52,-0.010000000000000009,,,,,,
maxent,2,bio02,4,0.51,0.509949,5.100000000002325e-05,,,,,,
maxent,2,bio02,5,0.51,0.509949,5.100000000002325e-05,,,,,,
maxent,2,bio02,6,0.51,0.509949,5.100000000002325e-05,,,,,,
maxent,2,bio02,7,0.51,0.509949,5.100000000002325e-05,,,,,,
maxent,2,bio02,8,0.51,0.509949,5.100000000002325e-05,,,,,,
maxent,2,bio02,9,0.51,0.509949,5.100000000002325e-05,,,,,,
maxent,2,bio02,10,0.51,0.509949,5.100000000002325e-05,,,,,,
maxent,2,bio02,11,0.51,0.509949,5.100000000002325e-05,,,,,,
maxent,2,bio02,12,0.51,0.509949,5.100000000002325e-05,,,,,,
maxent,2,bio02,13,0.51,0.509949,5.100000000002325e-05,,,,,,
maxent,2,bio02,14,0.51,0.509949,5.100000000002325e-05,,,,,,
maxent,2,bio02,15,0.51,0.509949,5.100000000002325e-05,,,,,,
maxent,2,bio02,16,0.51,0.509949,5.100000000002325e-05,,,,,,
maxent,2,bio02,17,0.51,0.509949,5.100000000002325e-05,,,,,,
maxent,2,bio02,18,0.51,0.509949,5.100000000002325e-05,,,,,,
maxent,2,bio02,19,0.51,0.509949,5.100000000002325e-05,,,,,,
maxent,2,bio03,0,0.51,0.48995099999999997,0.02004900000000004,,,,,,
maxent,2,bio03,1,0.51,0.48995099999999997,0.02004900000000004,,,,,,
maxent,2,bio03,2,0.51,0.48995099999999997,0.02004900000000004,,,,,,
maxent,2,bio03,3,0.51,0.48995099999999997,0.02004900000000004,,,,,,
maxent,2,bio03,4,0.51,0.48995099999999997,0.02004900000000004,,,,,,
maxent,2,bio03,5,0.51,0.48995099999999997,0.02004900000000004,,,,,,
maxent,2,bio03,6,0.51,0.48995099999999997,0.02004900000000004,,,,,,
maxent,2,bio03,7,0.51,0.48995099999999997,0.02004900000000004,,,,,,
maxent,2,bio03,8,0.51,0.48995099999999997,0.02004900000000004,,,,,,
maxent,2,bio03,9,0.51,0.48995099999999997,0.02004900000000004,,,,,,
maxent,2,bio03,10,0.51,0.48995099999999997,0.02004900000000004,,,,,,
maxent,2,bio03,11,0.51,0.48995099999999997,0.02004900000000004,,,,,,
maxent,2,bio03,12,0.51,0.48995099999999997,0.02004900000000004,,,,,,
maxent,2,bio03,13,0.51,0.48995099999999997,0.02004900000000004,,,,,,
maxent,2,bio03,14,0.51,0.48995099999999997,0.02004900000000004,,,,,,
maxent,2,bio03,15,0.51,0.48995099999999997,0.02004900000000004,,,,,,
maxent,2,bio03,16,0.51,0.48995099999999997,0.02004900000000004,,,,,,
maxent,2,bio03,17,0.51,0.48995099999999997,0.02004900000000004,,,,,,
maxent,2,bio03,18,0.51,0.48995099999999997,0.02004900000000004,,,,,,
maxent,2,bio03,19,0.51,0.48995099999999997,0.02004900000000004,,,,,,
maxent,2,bio05,0,0.51,0.510049,-4.899999999996574e-05,,,,,,
maxent,2,bio05,1,0.51,0.510049,-4.899999999996574e-05,,,,,,
maxent,2,bio05,2,0.51,0.510049,-4.899999999996574e-05,,,,,,
maxent,2,bio05,3,0.51,0.510049,-4.899999999996574e-05,,,,,,
maxent,2,bio05,4,0.51,0.510049,-4.899999999996574e-05,,,,,,
maxent,2,bio05,5,0.51,0.510049,-4.899999999996574e-05,,,,,,
maxent,2,bio05,6,0.51,0.510049,-4.899999999996574e-05,,,,,,
maxent,2,bio05,7,0.51,0.510049,-4.899999999996574e-05,,,,,,
maxent,2,bio05,8,0.51,0.510049,-4.899999999996574e-05,,,,,,
maxent,2,bio05,9,0.51,0.510049,-4.899999999996574e-05,,,,,,
maxent,2,bio05,10,0.51,0.510049,-4.899999999996574e-05,,,,,,
maxent,2,bio05,11,0.51,0.510049,-4.899999999996574e-05,,,,,,
maxent,2,bio05,12,0.51,0.510049,-4.899999999996574e-05,,,,,,
maxent,2,bio05,13,0.51,0.510049,-4.899999999996574e-05,,,,,,
maxent,2,bio05,14,0.51,0.510049,-4.899999999996574e-05,,,,,,
maxent,2,bio05,15,0.51,0.510049,-4.899999999996574e-05,,,,,,
maxent,2,bio05,16,0.51,0.510049,-4.899999999996574e-05,,,,,,
maxent,2,bio05,17,0.51,0.510049,-4.899999999996574e-05,,,,,,
maxent,2,bio05,18,0.51,0.510049,-4.899999999996574e-05,,,,,,
maxent,2,bio05,19,0.51,0.510049,-4.899999999996574e-05,,,,,,
maxent,2,bio15,0,0.51,0.510049,-4.899999999996574e-05,,,,,,
maxent,2,bio15,1,0.51,0.510049,-4.899999999996574e-05,,,,,,
maxent,2,bio15,2,0.51,0.510049,-4.899999999996574e-05,,,,,,
maxent,2,bio15,3,0.51,0.510049,-4.899999999996574e-05,,,,,,
maxent,2,bio15,4,0.51,0.510049,-4.899999999996574e-05,,,,,,
maxent,2,bio15,5,0.51,0.510049,-4.899999999996574e-05,,,,,,
maxent,2,bio15,6,0.51,0.510049,-4.899999999996574e-05,,,,,,
maxent,2,bio15,7,0.51,0.510049,-4.899999999996574e-05,,,,,,
maxent,2,bio15,8,0.51,0.510049,-4.899999999996574e-05,,,,,,
maxent,2,bio15,9,0.51,0.510049,-4.899999999996574e-05,,,,,,
maxent,2,bio15,10,0.51,0.510049,-4.899999999996574e-05,,,,,,
maxent,2,bio15,11,0.51,0.510049,-4.899999999996574e-05,,,,,,
maxent,2,bio15,12,0.51,0.510049,-4.899999999996574e-05,,,,,,
maxent,2,bio15,13,0.51,0.510049,-4.899999999996574e-05,,,,,,
maxent,2,bio15,14,0.51,0.510049,-4.899999999996574e-05,,,,,,
maxent,2,bio15,15,0.51,0.510049,-4.899999999996574e-05,,,,,,
maxent,2,bio15,16,0.51,0.510049,-4.899999999996574e-05,,,,,,
maxent,2,bio15,17,0.51,0.510049,-4.899999999996574e-05,,,,,,
maxent,2,bio15,18,0.51,0.510049,-4.899999999996574e-05,,,,,,
maxent,2,bio15,19,0.51,0.510049,-4.899999999996574e-05,,,,,,
maxent,2,clay,0,0.51,0.51,0.0,,,,,,
maxent,2,clay,1,0.51,0.51,0.0,,,,,,
maxent,2,clay,2,0.51,0.51,0.0,,,,,,
maxent,2,clay,3,0.51,0.51,0.0,,,,,,
maxent,2,clay,4,0.51,0.51,0.0,,,,,,
maxent,2,clay,5,0.51,0.51,0.0,,,,,,
maxent,2,clay,6,0.51,0.51,0.0,,,,,,
maxent,2,clay,7,0.51,0.51,0.0,,,,,,
maxent,2,clay,8,0.51,0.51,0.0,,,,,,
maxent,2,clay,9,0.51,0.51,0.0,,,,,,
maxent,2,clay,10,0.51,0.51,0.0,,,,,,
maxent,2,clay,11,0.51,0.51,0.0,,,,,,
maxent,2,clay,12,0.51,0.51,0.0,,,,,,
maxent,2,clay,13,0.51,0.51,0.0,,,,,,
maxent,2,clay,14,0.51,0.51,0.0,,,,,,
maxent,2,clay,15,0.51,0.51,0.0,,,,,,
maxent,2,clay,16,0.51,0.51,0.0,,,,,,
maxent,2,clay,17,0.51,0.51,0.0,,,,,,
maxent,2,clay,18,0.51,0.51,0.0,,,,,,
maxent,2,clay,19,0.51,0.51,0.0,,,,,,
maxent,2,elevation,0,0.51,0.51,0.0,,,,,,
maxent,2,elevation,1,0.51,0.51,0.0,,,,,,
maxent,2,elevation,2,0.51,0.51,0.0,,,,,,
maxent,2,elevation,3,0.51,0.51,0.0,,,,,,
maxent,2,elevation,4,0.51,0.51,0.0,,,,,,
maxent,2,elevation,5,0.51,0.51,0.0,,,,,,
maxent,2,elevation,6,0.51,0.51,0.0,,,,,,
maxent,2,elevation,7,0.51,0.51,0.0,,,,,,
maxent,2,elevation,8,0.51,0.51,0.0,,,,,,
maxent,2,elevation,9,0.51,0.51,0.0,,,,,,
maxent,2,elevation,10,0.51,0.51,0.0,,,,,,
maxent,2,elevation,11,0.51,0.51,0.0,,,,,,
maxent,2,elevation,12,0.51,0.51,0.0,,,,,,
maxent,2,elevation,13,0.51,0.51,0.0,,,,,,
maxent,2,elevation,14,0.51,0.51,0.0,,,,,,
maxent,2,elevation,15,0.51,0.51,0.0,,,,,,
maxent,2,elevation,16,0.51,0.51,0.0,,,,,,
maxent,2,elevation,17,0.51,0.51,0.0,,,,,,
maxent,2,elevation,18,0.51,0.51,0.0,,,,,,
maxent,2,elevation,19,0.51,0.51,0.0,,,,,,
maxent,2,northness,0,0.51,0.51,0.0,,,,,,
maxent,2,northness,1,0.51,0.51,0.0,,,,,,
maxent,2,northness,2,0.51,0.51,0.0,,,,,,
maxent,2,northness,3,0.51,0.51,0.0,,,,,,
maxent,2,northness,4,0.51,0.51,0.0,,,,,,
maxent,2,northness,5,0.51,0.51,0.0,,,,,,
maxent,2,northness,6,0.51,0.51,0.0,,,,,,
maxent,2,northness,7,0.51,0.51,0.0,,,,,,
maxent,2,northness,8,0.51,0.51,0.0,,,,,,
maxent,2,northness,9,0.51,0.51,0.0,,,,,,
maxent,2,northness,10,0.51,0.51,0.0,,,,,,
maxent,2,northness,11,0.51,0.51,0.0,,,,,,
maxent,2,northness,12,0.51,0.51,0.0,,,,,,
maxent,2,northness,13,0.51,0.51,0.0,,,,,,
maxent,2,northness,14,0.51,0.51,0.0,,,,,,
maxent,2,northness,15,0.51,0.51,0.0,,,,,,
maxent,2,northness,16,0.51,0.51,0.0,,,,,,
maxent,2,northness,17,0.51,0.51,0.0,,,,,,
maxent,2,northness,18,0.51,0.51,0.0,,,,,,
maxent,2,northness,19,0.51,0.51,0.0,,,,,,
maxent,2,sand,0,0.51,0.51,0.0,,,,,,
maxent,2,sand,1,0.51,0.51,0.0,,,,,,
maxent,2,sand,2,0.51,0.51,0.0,,,,,,
maxent,2,sand,3,0.51,0.51,0.0,,,,,,
maxent,2,sand,4,0.51,0.51,0.0,,,,,,
maxent,2,sand,5,0.51,0.51,0.0,,,,,,
maxent,2,sand,6,0.51,0.51,0.0,,,,,,
maxent,2,sand,7,0.51,0.51,0.0,,,,,,
maxent,2,sand,8,0.51,0.51,0.0,,,,,,
maxent,2,sand,9,0.51,0.51,0.0,,,,,,
maxent,2,sand,10,0.51,0.51,0.0,,,,,,
maxent,2,sand,11,0.51,0.51,0.0,,,,,,
maxent,2,sand,12,0.51,0.51,0.0,,,,,,
maxent,2,sand,13,0.51,0.51,0.0,,,,,,
maxent,2,sand,14,0.51,0.51,0.0,,,,,,
maxent,2,sand,15,0.51,0.51,0.0,,,,,,
maxent,2,sand,16,0.51,0.51,0.0,,,,,,
maxent,2,sand,17,0.51,0.51,0.0,,,,,,
maxent,2,sand,18,0.51,0.51,0.0,,,,,,
maxent,2,sand,19,0.51,0.51,0.0,,,,,,
maxent,3,bio02,0,0.5,0.5,0.0,,,,,,
maxent,3,bio02,1,0.5,0.5,0.0,,,,,,
maxent,3,bio02,2,0.5,0.5,0.0,,,,,,
maxent,3,bio02,3,0.5,0.5,0.0,,,,,,
maxent,3,bio02,4,0.5,0.5,0.0,,,,,,
maxent,3,bio02,5,0.5,0.5,0.0,,,,,,
maxent,3,bio02,6,0.5,0.5,0.0,,,,,,
maxent,3,bio02,7,0.5,0.5,0.0,,,,,,
maxent,3,bio02,8,0.5,0.5,0.0,,,,,,
maxent,3,bio02,9,0.5,0.5,0.0,,,,,,
maxent,3,bio02,10,0.5,0.5,0.0,,,,,,
maxent,3,bio02,11,0.5,0.5,0.0,,,,,,
maxent,3,bio02,12,0.5,0.5,0.0,,,,,,
maxent,3,bio02,13,0.5,0.5,0.0,,,,,,
maxent,3,bio02,14,0.5,0.5,0.0,,,,,,
maxent,3,bio02,15,0.5,0.5,0.0,,,,,,
maxent,3,bio02,16,0.5,0.5,0.0,,,,,,
maxent,3,bio02,17,0.5,0.5,0.0,,,,,,
maxent,3,bio02,18,0.5,0.5,0.0,,,,,,
maxent,3,bio02,19,0.5,0.5,0.0,,,,,,
maxent,3,bio03,0,0.5,0.5,0.0,,,,,,
maxent,3,bio03,1,0.5,0.5,0.0,,,,,,
maxent,3,bio03,2,0.5,0.5,0.0,,,,,,
maxent,3,bio03,3,0.5,0.5,0.0,,,,,,
maxent,3,bio03,4,0.5,0.5,0.0,,,,,,
maxent,3,bio03,5,0.5,0.5,0.0,,,,,,
maxent,3,bio03,6,0.5,0.5,0.0,,,,,,
maxent,3,bio03,7,0.5,0.5,0.0,,,,,,
maxent,3,bio03,8,0.5,0.5,0.0,,,,,,
maxent,3,bio03,9,0.5,0.5,0.0,,,,,,
maxent,3,bio03,10,0.5,0.5,0.0,,,,,,
maxent,3,bio03,11,0.5,0.5,0.0,,,,,,
maxent,3,bio03,12,0.5,0.5,0.0,,,,,,
maxent,3,bio03,13,0.5,0.5,0.0,,,,,,
maxent,3,bio03,14,0.5,0.5,0.0,,,,,,
maxent,3,bio03,15,0.5,0.5,0.0,,,,,,
maxent,3,bio03,16,0.5,0.5,0.0,,,,,,
maxent,3,bio03,17,0.5,0.5,0.0,,,,,,
maxent,3,bio03,18,0.5,0.5,0.0,,,,,,
maxent,3,bio03,19,0.5,0.5,0.0,,,,,,
maxent,3,bio05,0,0.5,0.5,0.0,,,,,,
maxent,3,bio05,1,0.5,0.5,0.0,,,,,,
maxent,3,bio05,2,0.5,0.5,0.0,,,,,,
maxent,3,bio05,3,0.5,0.5,0.0,,,,,,
maxent,3,bio05,4,0.5,0.5,0.0,,,,,,
maxent,3,bio05,5,0.5,0.5,0.0,,,,,,
maxent,3,bio05,6,0.5,0.5,0.0,,,,,,
maxent,3,bio05,7,0.5,0.5,0.0,,,,,,
maxent,3,bio05,8,0.5,0.5,0.0,,,,,,
maxent,3,bio05,9,0.5,0.5,0.0,,,,,,
maxent,3,bio05,10,0.5,0.5,0.0,,,,,,
maxent,3,bio05,11,0.5,0.5,0.0,,,,,,
maxent,3,bio05,12,0.5,0.5,0.0,,,,,,
maxent,3,bio05,13,0.5,0.5,0.0,,,,,,
maxent,3,bio05,14,0.5,0.5,0.0,,,,,,
maxent,3,bio05,15,0.5,0.5,0.0,,,,,,
maxent,3,bio05,16,0.5,0.5,0.0,,,,,,
maxent,3,bio05,17,0.5,0.5,0.0,,,,,,
maxent,3,bio05,18,0.5,0.5,0.0,,,,,,
maxent,3,bio05,19,0.5,0.5,0.0,,,,,,
maxent,3,bio15,0,0.5,0.5,0.0,,,,,,
maxent,3,bio15,1,0.5,0.5,0.0,,,,,,
maxent,3,bio15,2,0.5,0.5,0.0,,,,,,
maxent,3,bio15,3,0.5,0.5,0.0,,,,,,
maxent,3,bio15,4,0.5,0.5,0.0,,,,,,
maxent,3,bio15,5,0.5,0.5,0.0,,,,,,
maxent,3,bio15,6,0.5,0.5,0.0,,,,,,
maxent,3,bio15,7,0.5,0.5,0.0,,,,,,
maxent,3,bio15,8,0.5,0.5,0.0,,,,,,
maxent,3,bio15,9,0.5,0.5,0.0,,,,,,
maxent,3,bio15,10,0.5,0.5,0.0,,,,,,
maxent,3,bio15,11,0.5,0.5,0.0,,,,,,
maxent,3,bio15,12,0.5,0.5,0.0,,,,,,
maxent,3,bio15,13,0.5,0.5,0.0,,,,,,
maxent,3,bio15,14,0.5,0.5,0.0,,,,,,
maxent,3,bio15,15,0.5,0.5,0.0,,,,,,
maxent,3,bio15,16,0.5,0.5,0.0,,,,,,
maxent,3,bio15,17,0.5,0.5,0.0,,,,,,
maxent,3,bio15,18,0.5,0.5,0.0,,,,,,
maxent,3,bio15,19,0.5,0.5,0.0,,,,,,
maxent,3,clay,0,0.5,0.5,0.0,,,,,,
maxent,3,clay,1,0.5,0.5,0.0,,,,,,
maxent,3,clay,2,0.5,0.5,0.0,,,,,,
maxent,3,clay,3,0.5,0.5,0.0,,,,,,
maxent,3,clay,4,0.5,0.5,0.0,,,,,,
maxent,3,clay,5,0.5,0.5,0.0,,,,,,
maxent,3,clay,6,0.5,0.5,0.0,,,,,,
maxent,3,clay,7,0.5,0.5,0.0,,,,,,
maxent,3,clay,8,0.5,0.5,0.0,,,,,,
maxent,3,clay,9,0.5,0.5,0.0,,,,,,
maxent,3,clay,10,0.5,0.5,0.0,,,,,,
maxent,3,clay,11,0.5,0.5,0.0,,,,,,
maxent,3,clay,12,0.5,0.5,0.0,,,,,,
maxent,3,clay,13,0.5,0.5,0.0,,,,,,
maxent,3,clay,14,0.5,0.5,0.0,,,,,,
maxent,3,clay,15,0.5,0.5,0.0,,,,,,
maxent,3,clay,16,0.5,0.5,0.0,,,,,,
maxent,3,clay,17,0.5,0.5,0.0,,,,,,
maxent,3,clay,18,0.5,0.5,0.0,,,,,,
maxent,3,clay,19,0.5,0.5,0.0,,,,,,
maxent,3,elevation,0,0.5,0.5,0.0,,,,,,
maxent,3,elevation,1,0.5,0.5,0.0,,,,,,
maxent,3,elevation,2,0.5,0.5,0.0,,,,,,
maxent,3,elevation,3,0.5,0.5,0.0,,,,,,
maxent,3,elevation,4,0.5,0.5,0.0,,,,,,
maxent,3,elevation,5,0.5,0.5,0.0,,,,,,
maxent,3,elevation,6,0.5,0.5,0.0,,,,,,
maxent,3,elevation,7,0.5,0.5,0.0,,,,,,
maxent,3,elevation,8,0.5,0.5,0.0,,,,,,
maxent,3,elevation,9,0.5,0.5,0.0,,,,,,
maxent,3,elevation,10,0.5,0.5,0.0,,,,,,
maxent,3,elevation,11,0.5,0.5,0.0,,,,,,
maxent,3,elevation,12,0.5,0.5,0.0,,,,,,
maxent,3,elevation,13,0.5,0.5,0.0,,,,,,
maxent,3,elevation,14,0.5,0.5,0.0,,,,,,
maxent,3,elevation,15,0.5,0.5,0.0,,,,,,
maxent,3,elevation,16,0.5,0.5,0.0,,,,,,
maxent,3,elevation,17,0.5,0.5,0.0,,,,,,
maxent,3,elevation,18,0.5,0.5,0.0,,,,,,
maxent,3,elevation,19,0.5,0.5,0.0,,,,,,
maxent,3,northness,0,0.5,0.5,0.0,,,,,,
maxent,3,northness,1,0.5,0.5,0.0,,,,,,
maxent,3,northness,2,0.5,0.5,0.0,,,,,,
maxent,3,northness,3,0.5,0.5,0.0,,,,,,
maxent,3,northness,4,0.5,0.5,0.0,,,,,,
maxent,3,northness,5,0.5,0.5,0.0,,,,,,
maxent,3,northness,6,0.5,0.5,0.0,,,,,,
maxent,3,northness,7,0.5,0.5,0.0,,,,,,
maxent,3,northness,8,0.5,0.5,0.0,,,,,,
maxent,3,northness,9,0.5,0.5,0.0,,,,,,
maxent,3,northness,10,0.5,0.5,0.0,,,,,,
maxent,3,northness,11,0.5,0.5,0.0,,,,,,
maxent,3,northness,12,0.5,0.5,0.0,,,,,,
maxent,3,northness,13,0.5,0.5,0.0,,,,,,
maxent,3,northness,14,0.5,0.5,0.0,,,,,,
maxent,3,northness,15,0.5,0.5,0.0,,,,,,
maxent,3,northness,16,0.5,0.5,0.0,,,,,,
maxent,3,northness,17,0.5,0.5,0.0,,,,,,
maxent,3,northness,18,0.5,0.5,0.0,,,,,,
maxent,3,northness,19,0.5,0.5,0.0,,,,,,
maxent,3,sand,0,0.5,0.5,0.0,,,,,,
maxent,3,sand,1,0.5,0.5,0.0,,,,,,
maxent,3,sand,2,0.5,0.5,0.0,,,,,,
maxent,3,sand,3,0.5,0.5,0.0,,,,,,
maxent,3,sand,4,0.5,0.5,0.0,,,,,,
maxent,3,sand,5,0.5,0.5,0.0,,,,,,
maxent,3,sand,6,0.5,0.5,0.0,,,,,,
maxent,3,sand,7,0.5,0.5,0.0,,,,,,
maxent,3,sand,8,0.5,0.5,0.0,,,,,,
maxent,3,sand,9,0.5,0.5,0.0,,,,,,
maxent,3,sand,10,0.5,0.5,0.0,,,,,,
maxent,3,sand,11,0.5,0.5,0.0,,,,,,
maxent,3,sand,12,0.5,0.5,0.0,,,,,,
maxent,3,sand,13,0.5,0.5,0.0,,,,,,
maxent,3,sand,14,0.5,0.5,0.0,,,,,,
maxent,3,sand,15,0.5,0.5,0.0,,,,,,
maxent,3,sand,16,0.5,0.5,0.0,,,,,,
maxent,3,sand,17,0.5,0.5,0.0,,,,,,
maxent,3,sand,18,0.5,0.5,0.0,,,,,,
maxent,3,sand,19,0.5,0.5,0.0,,,,,,
maxent,4,bio02,0,0.51,0.509949,5.100000000002325e-05,,,,,,
maxent,4,bio02,1,0.51,0.509949,5.100000000002325e-05,,,,,,
maxent,4,bio02,2,0.51,0.509949,5.100000000002325e-05,,,,,,
maxent,4,bio02,3,0.51,0.509949,5.100000000002325e-05,,,,,,
maxent,4,bio02,4,0.51,0.509949,5.100000000002325e-05,,,,,,
maxent,4,bio02,5,0.51,0.509949,5.100000000002325e-05,,,,,,
maxent,4,bio02,6,0.51,0.509949,5.100000000002325e-05,,,,,,
maxent,4,bio02,7,0.51,0.509949,5.100000000002325e-05,,,,,,
maxent,4,bio02,8,0.51,0.509949,5.100000000002325e-05,,,,,,
maxent,4,bio02,9,0.51,0.509949,5.100000000002325e-05,,,,,,
maxent,4,bio02,10,0.51,0.509949,5.100000000002325e-05,,,,,,
maxent,4,bio02,11,0.51,0.509949,5.100000000002325e-05,,,,,,
maxent,4,bio02,12,0.51,0.509949,5.100000000002325e-05,,,,,,
maxent,4,bio02,13,0.51,0.509949,5.100000000002325e-05,,,,,,
maxent,4,bio02,14,0.51,0.509949,5.100000000002325e-05,,,,,,
maxent,4,bio02,15,0.51,0.509949,5.100000000002325e-05,,,,,,
maxent,4,bio02,16,0.51,0.509949,5.100000000002325e-05,,,,,,
maxent,4,bio02,17,0.51,0.509949,5.100000000002325e-05,,,,,,
maxent,4,bio02,18,0.51,0.509949,5.100000000002325e-05,,,,,,
maxent,4,bio02,19,0.51,0.509949,5.100000000002325e-05,,,,,,
maxent,4,bio03,0,0.51,0.48995099999999997,0.02004900000000004,,,,,,
maxent,4,bio03,1,0.51,0.48995099999999997,0.02004900000000004,,,,,,
maxent,4,bio03,2,0.51,0.48995099999999997,0.02004900000000004,,,,,,
maxent,4,bio03,3,0.51,0.48995099999999997,0.02004900000000004,,,,,,
maxent,4,bio03,4,0.51,0.5,0.010000000000000009,,,,,,
maxent,4,bio03,5,0.51,0.48995099999999997,0.02004900000000004,,,,,,
maxent,4,bio03,6,0.51,0.48995099999999997,0.02004900000000004,,,,,,
maxent,4,bio03,7,0.51,0.48995099999999997,0.02004900000000004,,,,,,
maxent,4,bio03,8,0.51,0.48995099999999997,0.02004900000000004,,,,,,
maxent,4,bio03,9,0.51,0.48995099999999997,0.02004900000000004,,,,,,
maxent,4,bio03,10,0.51,0.48995099999999997,0.02004900000000004,,,,,,
maxent,4,bio03,11,0.51,0.48995099999999997,0.02004900000000004,,,,,,
maxent,4,bio03,12,0.51,0.48995099999999997,0.02004900000000004,,,,,,
maxent,4,bio03,13,0.51,0.48995099999999997,0.02004900000000004,,,,,,
maxent,4,bio03,14,0.51,0.48995099999999997,0.02004900000000004,,,,,,
maxent,4,bio03,15,0.51,0.48995099999999997,0.02004900000000004,,,,,,
maxent,4,bio03,16,0.51,0.48995099999999997,0.02004900000000004,,,,,,
maxent,4,bio03,17,0.51,0.48995099999999997,0.02004900000000004,,,,,,
maxent,4,bio03,18,0.51,0.48995099999999997,0.02004900000000004,,,,,,
maxent,4,bio03,19,0.51,0.48995099999999997,0.02004900000000004,,,,,,
maxent,4,bio05,0,0.51,0.510049,-4.899999999996574e-05,,,,,,
maxent,4,bio05,1,0.51,0.510049,-4.899999999996574e-05,,,,,,
maxent,4,bio05,2,0.51,0.510049,-4.899999999996574e-05,,,,,,
maxent,4,bio05,3,0.51,0.510049,-4.899999999996574e-05,,,,,,
maxent,4,bio05,4,0.51,0.510049,-4.899999999996574e-05,,,,,,
maxent,4,bio05,5,0.51,0.510049,-4.899999999996574e-05,,,,,,
maxent,4,bio05,6,0.51,0.510049,-4.899999999996574e-05,,,,,,
maxent,4,bio05,7,0.51,0.510049,-4.899999999996574e-05,,,,,,
maxent,4,bio05,8,0.51,0.510049,-4.899999999996574e-05,,,,,,
maxent,4,bio05,9,0.51,0.510049,-4.899999999996574e-05,,,,,,
maxent,4,bio05,10,0.51,0.510049,-4.899999999996574e-05,,,,,,
maxent,4,bio05,11,0.51,0.510049,-4.899999999996574e-05,,,,,,
maxent,4,bio05,12,0.51,0.510049,-4.899999999996574e-05,,,,,,
maxent,4,bio05,13,0.51,0.510049,-4.899999999996574e-05,,,,,,
maxent,4,bio05,14,0.51,0.510049,-4.899999999996574e-05,,,,,,
maxent,4,bio05,15,0.51,0.510049,-4.899999999996574e-05,,,,,,
maxent,4,bio05,16,0.51,0.510049,-4.899999999996574e-05,,,,,,
maxent,4,bio05,17,0.51,0.510049,-4.899999999996574e-05,,,,,,
maxent,4,bio05,18,0.51,0.510049,-4.899999999996574e-05,,,,,,
maxent,4,bio05,19,0.51,0.510049,-4.899999999996574e-05,,,,,,
maxent,4,bio15,0,0.51,0.510049,-4.899999999996574e-05,,,,,,
maxent,4,bio15,1,0.51,0.510049,-4.899999999996574e-05,,,,,,
maxent,4,bio15,2,0.51,0.510049,-4.899999999996574e-05,,,,,,
maxent,4,bio15,3,0.51,0.510049,-4.899999999996574e-05,,,,,,
maxent,4,bio15,4,0.51,0.510049,-4.899999999996574e-05,,,,,,
maxent,4,bio15,5,0.51,0.510049,-4.899999999996574e-05,,,,,,
maxent,4,bio15,6,0.51,0.510049,-4.899999999996574e-05,,,,,,
maxent,4,bio15,7,0.51,0.510049,-4.899999999996574e-05,,,,,,
maxent,4,bio15,8,0.51,0.510049,-4.899999999996574e-05,,,,,,
maxent,4,bio15,9,0.51,0.510049,-4.899999999996574e-05,,,,,,
maxent,4,bio15,10,0.51,0.510049,-4.899999999996574e-05,,,,,,
maxent,4,bio15,11,0.51,0.510049,-4.899999999996574e-05,,,,,,
maxent,4,bio15,12,0.51,0.510049,-4.899999999996574e-05,,,,,,
maxent,4,bio15,13,0.51,0.510049,-4.899999999996574e-05,,,,,,
maxent,4,bio15,14,0.51,0.510049,-4.899999999996574e-05,,,,,,
maxent,4,bio15,15,0.51,0.510049,-4.899999999996574e-05,,,,,,
maxent,4,bio15,16,0.51,0.510049,-4.899999999996574e-05,,,,,,
maxent,4,bio15,17,0.51,0.510049,-4.899999999996574e-05,,,,,,
maxent,4,bio15,18,0.51,0.510049,-4.899999999996574e-05,,,,,,
maxent,4,bio15,19,0.51,0.510049,-4.899999999996574e-05,,,,,,
maxent,4,clay,0,0.51,0.51,0.0,,,,,,
maxent,4,clay,1,0.51,0.51,0.0,,,,,,
maxent,4,clay,2,0.51,0.51,0.0,,,,,,
maxent,4,clay,3,0.51,0.51,0.0,,,,,,
maxent,4,clay,4,0.51,0.51,0.0,,,,,,
maxent,4,clay,5,0.51,0.51,0.0,,,,,,
maxent,4,clay,6,0.51,0.51,0.0,,,,,,
maxent,4,clay,7,0.51,0.51,0.0,,,,,,
maxent,4,clay,8,0.51,0.51,0.0,,,,,,
maxent,4,clay,9,0.51,0.51,0.0,,,,,,
maxent,4,clay,10,0.51,0.51,0.0,,,,,,
maxent,4,clay,11,0.51,0.51,0.0,,,,,,
maxent,4,clay,12,0.51,0.51,0.0,,,,,,
maxent,4,clay,13,0.51,0.51,0.0,,,,,,
maxent,4,clay,14,0.51,0.51,0.0,,,,,,
maxent,4,clay,15,0.51,0.51,0.0,,,,,,
maxent,4,clay,16,0.51,0.51,0.0,,,,,,
maxent,4,clay,17,0.51,0.51,0.0,,,,,,
maxent,4,clay,18,0.51,0.51,0.0,,,,,,
maxent,4,clay,19,0.51,0.51,0.0,,,,,,
maxent,4,elevation,0,0.51,0.51,0.0,,,,,,
maxent,4,elevation,1,0.51,0.51,0.0,,,,,,
maxent,4,elevation,2,0.51,0.51,0.0,,,,,,
maxent,4,elevation,3,0.51,0.51,0.0,,,,,,
maxent,4,elevation,4,0.51,0.51,0.0,,,,,,
maxent,4,elevation,5,0.51,0.51,0.0,,,,,,
maxent,4,elevation,6,0.51,0.51,0.0,,,,,,
maxent,4,elevation,7,0.51,0.51,0.0,,,,,,
maxent,4,elevation,8,0.51,0.51,0.0,,,,,,
maxent,4,elevation,9,0.51,0.51,0.0,,,,,,
maxent,4,elevation,10,0.51,0.51,0.0,,,,,,
maxent,4,elevation,11,0.51,0.51,0.0,,,,,,
maxent,4,elevation,12,0.51,0.51,0.0,,,,,,
maxent,4,elevation,13,0.51,0.51,0.0,,,,,,
maxent,4,elevation,14,0.51,0.51,0.0,,,,,,
maxent,4,elevation,15,0.51,0.51,0.0,,,,,,
maxent,4,elevation,16,0.51,0.51,0.0,,,,,,
maxent,4,elevation,17,0.51,0.51,0.0,,,,,,
maxent,4,elevation,18,0.51,0.51,0.0,,,,,,
maxent,4,elevation,19,0.51,0.51,0.0,,,,,,
maxent,4,northness,0,0.51,0.51,0.0,,,,,,
maxent,4,northness,1,0.51,0.51,0.0,,,,,,
maxent,4,northness,2,0.51,0.51,0.0,,,,,,
maxent,4,northness,3,0.51,0.51,0.0,,,,,,
maxent,4,northness,4,0.51,0.51,0.0,,,,,,
maxent,4,northness,5,0.51,0.51,0.0,,,,,,
maxent,4,northness,6,0.51,0.51,0.0,,,,,,
maxent,4,northness,7,0.51,0.51,0.0,,,,,,
maxent,4,northness,8,0.51,0.51,0.0,,,,,,
maxent,4,northness,9,0.51,0.51,0.0,,,,,,
maxent,4,northness,10,0.51,0.51,0.0,,,,,,
maxent,4,northness,11,0.51,0.51,0.0,,,,,,
maxent,4,northness,12,0.51,0.51,0.0,,,,,,
maxent,4,northness,13,0.51,0.51,0.0,,,,,,
maxent,4,northness,14,0.51,0.51,0.0,,,,,,
maxent,4,northness,15,0.51,0.51,0.0,,,,,,
maxent,4,northness,16,0.51,0.51,0.0,,,,,,
maxent,4,northness,17,0.51,0.51,0.0,,,,,,
maxent,4,northness,18,0.51,0.51,0.0,,,,,,
maxent,4,northness,19,0.51,0.51,0.0,,,,,,
maxent,4,sand,0,0.51,0.51,0.0,,,,,,
maxent,4,sand,1,0.51,0.51,0.0,,,,,,
maxent,4,sand,2,0.51,0.51,0.0,,,,,,
maxent,4,sand,3,0.51,0.51,0.0,,,,,,
maxent,4,sand,4,0.51,0.51,0.0,,,,,,
maxent,4,sand,5,0.51,0.51,0.0,,,,,,
maxent,4,sand,6,0.51,0.51,0.0,,,,,,
maxent,4,sand,7,0.51,0.51,0.0,,,,,,
maxent,4,sand,8,0.51,0.51,0.0,,,,,,
maxent,4,sand,9,0.51,0.51,0.0,,,,,,
maxent,4,sand,10,0.51,0.51,0.0,,,,,,
maxent,4,sand,11,0.51,0.51,0.0,,,,,,
maxent,4,sand,12,0.51,0.51,0.0,,,,,,
maxent,4,sand,13,0.51,0.51,0.0,,,,,,
maxent,4,sand,14,0.51,0.51,0.0,,,,,,
maxent,4,sand,15,0.51,0.51,0.0,,,,,,
maxent,4,sand,16,0.51,0.51,0.0,,,,,,
maxent,4,sand,17,0.51,0.51,0.0,,,,,,
maxent,4,sand,18,0.51,0.51,0.0,,,,,,
maxent,4,sand,19,0.51,0.51,0.0,,,,,,
