bio02,bio03,bio05,bio15,clay,elevation,northness,sand,label,sample_type
7.3326387,22.863886,23.7125,29.461641,18.730453,219.59294,-0.40456927,41.935215,0,background
12.216333,28.080944,27.748,103.78816,21.616322,203.92537,-0.14045697,35.204334,0,background
10.39,21.271803,25.068,94.3248,22.309452,470.50366,0.16468717,35.479153,0,background
13.165,29.787764,21.564,92.94199,22.68082,1339.5535,0.15768807,38.50175,0,background
6.003667,19.520311,22.0,39.24109,11.827004,77.8907,-0.44862387,46.410862,0,background
10.843,21.103542,26.6,74.81326,32.278732,58.058224,-0.029378414,22.585215,0,background
14.738667,33.327305,27.028,92.20601,0.0,0.0,0.0,0.0,0,background
9.757334,25.588308,24.744,91.06181,24.718523,93.97705,-0.33959064,31.286858,0,background
8.407,25.54698,25.084,42.499535,27.056252,919.88495,-0.30352873,37.667156,0,background
12.636333,23.334934,25.676,93.84987,23.712004,384.4389,-0.7352024,36.533947,0,background
9.209667,28.37935,28.916,69.72458,29.226713,157.8732,0.25943306,31.285227,0,background
13.003333,29.38208,28.872,99.114174,20.301443,1115.324,-0.43170735,35.18984,0,background
5.7791667,19.088907,21.175001,30.039017,19.919075,11.476978,0.69715625,39.323345,0,background
7.2943335,25.565449,30.144,60.807045,0.0,0.0,0.0,0.0,0,background
7.8116665,21.37138,19.78,59.071766,20.647373,390.36627,-0.22956118,42.48442,0,background
12.370334,22.908024,24.344,93.797165,20.400026,620.11896,-0.4657361,42.190166,0,background
12.668667,23.62852,26.472,78.210625,22.239185,248.04625,-0.25933546,32.938,0,background
12.5546665,25.436962,29.0,122.99671,21.540424,158.57158,0.16760844,55.00167,0,background
6.2386665,20.625055,24.812,27.878899,18.909542,61.84172,-0.22243229,44.496117,0,background
8.216,48.477695,19.18,23.985384,0.0,0.0,0.0,0.0,1,presence
8.421666,22.63889,23.972,34.627087,30.739258,115.33687,0.62112004,29.040306,0,background
12.085334,24.373455,24.104,100.59138,25.1755,627.3927,-0.24894775,33.140144,0,background
11.890667,24.158201,25.904,96.880974,26.207106,460.72067,0.63056713,33.588146,0,background
9.464334,25.629152,27.956,102.90897,23.250383,54.838875,-0.29061037,35.431694,0,background
9.073667,28.544313,30.332,51.17731,16.496819,18.912924,-0.32095534,30.839272,0,background
10.197333,19.649555,26.456,86.51976,30.28794,44.211906,0.37633255,27.95699,0,background
10.509666,29.860401,29.12,78.15362,26.247896,88.75969,0.010763305,31.536901,0,background
13.406667,27.236036,23.016,69.76592,21.005358,872.10144,-0.08310912,42.967518,0,background
13.724334,25.224844,26.48,71.43621,21.154964,359.25952,0.2791314,34.52456,0,background
8.158667,26.686728,30.02,63.55046,23.868961,372.30832,-0.87352633,41.45749,0,background
11.867,22.982027,27.816,120.95596,18.809988,138.65422,-0.17013726,54.020966,0,background
7.674621,26.872778,29.827272,41.815327,34.18245,25.283356,-0.05216036,30.999477,0,background
14.139667,29.027071,25.516,125.31764,27.114141,521.40106,-0.1397542,37.272305,0,background
11.208667,21.541872,27.404,112.83363,31.266296,130.82727,-0.5311113,30.479605,0,background
11.968333,21.08586,26.112,78.39544,30.119553,26.771965,0.23405477,29.887712,0,background
11.080334,21.153748,26.756,113.97379,31.486757,183.85126,0.21637115,27.819271,0,background
11.691334,22.22349,27.824,113.208954,34.862385,119.49654,0.17626776,21.449572,0,background
13.912667,31.141253,29.220001,97.74336,16.532383,1372.1072,-0.010346261,55.028442,0,background
12.900667,32.351955,21.384,98.0395,0.0,0.0,0.0,0.0,0,background
8.051667,26.639977,31.44,60.22772,0.0,0.0,0.0,0.0,0,background
12.155,25.299725,27.54,102.09561,20.267916,289.3957,0.17520961,37.34282,0,background
10.528334,31.068027,15.632,97.5622,0.0,0.0,0.0,0.0,0,background
12.007,22.821789,27.472,113.6072,28.396832,155.29396,-0.20491558,36.853127,0,background
13.706,31.155666,30.592,96.653076,18.269186,1231.2461,0.6993317,38.551994,0,background
13.380333,27.704847,27.316,123.23882,20.908815,414.96167,-0.01353223,49.30229,0,background
11.418,22.31124,26.268,77.09063,27.153854,218.3286,-0.073145434,30.569746,0,background
7.0473332,24.835543,29.24,60.100567,0.0,0.0,0.0,0.0,0,background
10.236334,30.367668,27.772,49.679512,27.850922,799.8124,0.06171042,37.372498,0,background
12.918333,32.31199,24.924,96.60034,0.0,0.0,0.0,0.0,0,background
10.738334,26.964478,25.072,109.716156,24.57345,666.9889,-0.65709376,34.025112,0,background
10.398,19.757544,26.356,83.3665,25.644787,94.334496,-0.51053786,31.94216,0,background
11.470667,22.839016,26.796,95.82336,28.020193,191.91357,0.34028676,28.637545,0,background
14.491,30.792606,31.384,95.164696,0.0,0.0,0.0,0.0,0,background
12.217,24.488855,29.016,121.485016,21.434752,147.07204,0.095510215,55.425804,0,background
7.5933337,25.70526,30.6,59.071182,0.0,0.0,0.0,0.0,0,background
12.012667,22.789246,27.108,111.3033,31.18027,152.79794,-0.8917826,25.010805,0,background
8.378333,28.077524,25.104,65.62514,26.368889,1502.7714,0.2729882,27.074965,0,background
12.267,22.97191,25.548,75.80355,25.219952,170.31335,-0.2236404,33.3556,0,background
11.779667,25.755787,26.68,102.6304,17.19636,359.04773,0.015683988,36.378708,0,background
9.716333,24.13636,24.708,86.979294,22.65752,64.76014,-0.49905002,30.149431,0,background
10.927334,21.861662,26.808,95.09349,27.421803,232.59792,-0.0071954923,29.004683,0,background
11.859,22.547342,27.4,113.45839,31.735605,143.11649,0.75793725,27.310783,0,background
6.9453335,25.077026,26.716,56.003044,28.108278,531.6047,0.6272332,33.59367,0,background
11.5963335,20.373037,26.668001,79.29923,30.593369,23.17416,0.776886,30.398167,0,background
11.792,25.614737,24.028,103.83081,18.034472,884.2751,-0.11753005,32.157696,0,background
7.664666,24.500275,32.976,46.312973,0.0,0.0,0.0,0.0,0,background
11.335667,26.044636,25.828,104.55956,23.532993,460.8496,-0.15728289,34.892204,0,background
7.4040003,22.520988,22.772,25.750269,20.780874,520.8642,0.20837797,44.784657,0,background
11.691334,21.885685,26.932,93.287865,27.814186,52.702858,-0.00751823,28.746521,0,background
10.581667,20.881021,26.604,85.69696,32.366108,114.77508,0.014739065,28.574108,0,background
12.710334,24.67068,26.556,100.47871,26.312862,332.73523,0.57796574,26.060604,0,background
11.364,24.693611,26.992,103.14081,18.389193,330.583,-0.5230703,48.145943,0,background
12.465667,24.229643,25.428,101.344154,25.945732,362.37018,0.31519786,28.684774,0,background
9.988667,24.539766,27.720001,103.28971,19.107336,21.304737,-0.18416157,39.94811,0,background
9.166667,24.707996,24.5,91.539894,7.4264526,4.5933065,0.31080014,8.704159,0,background
9.389334,30.45716,25.396,52.252735,30.42563,1228.522,-0.538064,36.409782,0,background
10.445,20.32892,26.7,85.76505,30.231022,74.50138,0.569113,25.936928,0,background
10.263667,29.568066,29.084,81.1578,27.541487,82.931694,-0.18367653,35.394016,0,background
13.902667,30.296955,29.256,103.073364,22.044798,1305.6185,0.5486404,45.327736,0,background
7.4206667,23.125986,24.488,26.666414,14.149532,456.92172,0.5784044,49.233303,0,background
13.476334,29.942083,30.044,100.76774,0.0,0.0,0.0,0.0,0,background
11.969334,26.738749,22.728,105.89569,21.107664,1085.722,0.782066,32.23325,0,background
11.762,25.676739,28.248,107.37458,19.304607,84.1286,-0.63928604,51.298996,0,background
12.374,30.891752,26.504,95.55261,0.0,0.0,0.0,0.0,0,background
10.6206665,29.58403,20.932,95.92462,0.0,0.0,0.0,0.0,0,background
13.093333,25.829191,27.18,126.40415,24.206465,283.16772,0.2939546,33.890354,0,background
10.209,26.401676,26.036,105.220146,24.27594,377.92853,-0.32017958,35.78978,0,background
10.337334,19.575317,26.372,81.51204,22.880407,37.755486,-0.013863697,25.875364,0,background
11.140667,27.077257,27.964,101.19367,23.55393,61.09885,0.06455402,35.683887,0,background
9.194333,26.263521,23.604,41.085247,27.915207,1484.8861,0.078192696,35.89393,0,background
11.953334,24.936026,28.288,103.030426,24.549229,82.881165,0.20974106,39.965397,0,background
13.191,31.681717,28.612,93.562675,0.0,0.0,0.0,0.0,0,background
9.978847,24.956715,21.184616,55.48024,14.075177,24.127558,0.12397612,28.489378,0,background
8.0,25.403278,31.311998,52.11058,18.6128,49.678745,-0.18770781,46.98822,0,background
11.597667,23.425844,26.352,93.25284,24.943844,330.50104,-0.2633856,33.502117,0,background
7.9333334,25.1724,31.708,50.769493,30.860037,30.628172,0.51528543,24.511837,0,background
10.273666,24.663115,26.592,105.234375,19.232254,269.4423,0.19070077,40.630203,0,background
7.931667,27.092728,26.512,61.634907,26.40923,1217.7129,0.20641111,28.962309,0,background
12.809,24.307348,27.088001,102.16731,25.47216,267.95615,-0.13941488,25.270258,0,background
7.830333,22.377495,22.132,30.392138,20.913488,595.0859,-0.40552098,45.269302,0,background
13.141,27.452578,24.964,122.90207,20.309439,838.7774,0.15087938,49.10659,0,background
12.242666,24.109228,29.08,121.07593,20.40756,138.43175,-0.18833677,55.59599,0,background
9.059,30.317938,30.08,41.45163,31.719463,134.05338,-0.6359745,34.876884,0,background
13.434999,29.786715,28.768,91.25996,0.0,0.0,0.0,0.0,0,background
13.248333,22.780682,25.732,83.784294,25.426607,143.31578,-0.7660691,34.38,0,background
8.022333,26.99668,29.7,63.85575,26.354544,887.1855,0.09557076,29.773823,0,background
11.266666,21.611805,27.208,117.2575,30.14338,145.94316,-0.13493784,36.781918,0,background
7.2336664,22.546024,28.396,24.359566,25.56811,244.99588,-0.1350686,33.39859,0,background
14.953,31.93175,31.056,92.88117,0.0,0.0,0.0,0.0,0,background
9.011333,28.632858,28.32,48.04406,23.107319,150.95992,-0.032502003,44.27833,0,background
13.022333,28.294659,23.216,102.40256,21.505102,1106.3499,-0.42889118,33.149208,0,background
8.761667,22.991673,27.072,99.82099,17.774086,25.748634,-0.20936865,53.983063,0,background
7.5606666,25.716553,32.284,64.81113,27.80411,487.76144,-0.31079984,25.149763,0,background
7.390333,22.51503,21.468,25.040892,23.425327,832.8793,-0.31474864,42.52975,0,background
8.5616665,24.199171,22.612,35.49594,20.405352,370.1914,0.092790216,42.46829,0,background
7.651666,24.49631,32.239998,47.023434,0.0,0.0,0.0,0.0,0,background
14.756333,31.709501,30.855999,93.56275,0.0,0.0,0.0,0.0,0,background
13.1119995,29.137777,29.42,106.78081,13.996872,1230.8125,0.019301666,58.46125,0,background
13.593333,24.657766,26.352,75.08177,20.458282,346.3579,0.2313969,36.598854,0,background
10.111,23.752584,26.96,105.945694,20.656902,206.40256,-0.51195574,39.18643,0,background
5.425,17.387821,27.3,93.79009,2.7866583,0.3596597,0.39772105,5.827939,0,background
10.607333,26.875782,27.712,104.13806,22.571472,148.64226,-0.41326344,37.071934,0,background
14.283999,29.244123,24.36,68.39406,20.495998,495.2472,0.21544881,42.472355,0,background
14.1536665,30.294664,30.383999,98.20202,0.0,0.0,0.0,0.0,0,background
10.087,24.161636,26.06,105.263016,18.040543,394.4698,-0.26201537,52.607746,0,background
12.690001,24.648436,26.92,98.44607,19.455692,371.5929,-0.57974154,34.717922,0,background
8.454,26.807459,31.508,60.993237,26.370987,124.33557,-0.10176758,37.718014,0,background
11.425,23.090137,27.279999,116.53829,27.295675,227.37573,0.15830459,42.53249,0,background
14.431666,31.832685,29.468,84.359215,0.0,0.0,0.0,0.0,0,background
10.479667,20.549978,26.6,79.62355,36.05025,62.52752,0.61895114,19.520855,0,background
11.474999,22.457726,27.34,95.240746,26.472185,86.93672,0.921504,28.596556,0,background
7.604,24.148882,28.72,21.275139,28.638338,333.98044,0.27935576,32.55438,0,background
11.215667,21.759403,28.196001,116.807274,22.292057,143.12244,-0.10331133,53.313347,0,background
12.767333,26.128302,29.3,118.20792,18.28647,184.57324,0.4800586,50.280994,0,background
11.475667,21.160324,27.0,78.81402,29.527313,40.342842,0.71934724,29.09718,0,background
12.457,24.712349,26.032,98.34983,23.745499,441.1413,0.57584566,32.936085,0,background
13.931334,24.93616,27.248,73.796234,22.722107,192.01514,0.47953057,33.69013,0,background
12.646667,27.61281,20.452,100.23057,19.004951,1611.2915,0.21507548,34.03141,0,background
7.716,22.758377,22.912,30.482779,22.720816,403.66782,-0.34062225,42.551178,0,background
8.917334,28.566547,31.488,47.77982,30.123661,16.891306,-0.10018939,27.86258,0,background
11.247666,22.233864,27.828,122.78909,25.20356,127.16356,-0.061213322,37.81209,0,background
11.643,24.404713,24.016,98.83621,19.127058,773.8543,0.2669494,38.374607,0,background
7.3403335,23.593254,32.492,47.07811,0.0,0.0,0.0,0.0,0,background
9.480666,29.869774,27.892,65.879585,26.46704,1019.254,-0.07408496,30.219685,0,background
12.944,25.55073,27.144001,124.290764,24.066153,270.41507,-0.09962962,38.173096,0,background
11.541333,22.22051,23.816,74.04826,18.605934,440.484,-0.12016863,44.751587,0,background
5.1625,17.512722,26.45,91.94389,17.20169,3.34726,0.1499197,26.415268,0,background
12.576,22.980776,25.968,72.5306,26.734823,105.38651,-0.022079816,31.233498,0,background
13.108666,21.524904,26.608,80.12162,29.244808,21.833258,-0.11523364,29.599947,0,background
10.438001,20.586147,25.892,116.77,31.487234,256.68076,0.14069524,30.223545,0,background
11.496667,25.849146,25.66,104.99404,21.428026,523.4943,0.0035898234,35.000507,0,background
11.862666,23.191013,26.38,111.420845,24.46783,162.98874,0.15356739,23.35382,0,background
7.4500003,27.695168,29.253847,40.28508,24.149178,62.910942,0.00137956,26.89749,0,background
12.595333,27.696661,25.124,94.90131,24.184898,421.6597,0.4811492,31.044062,0,background
5.130833,17.723085,21.39,30.538603,18.789833,18.508963,0.37756512,37.239746,0,background
12.492,23.164219,26.9,105.36492,24.645353,182.65211,0.4444583,34.41998,0,background
12.854,23.229,25.884,92.94178,21.952414,333.1799,0.19543868,38.97695,0,background
9.696667,23.687382,26.452,105.96418,17.519032,259.7687,-0.089233644,50.06398,0,background
11.606,23.853172,20.396,64.37404,19.467464,865.54266,-0.117181554,41.97101,0,background
9.828333,28.930687,25.872,50.71623,26.482737,1208.0149,-0.2829429,40.088615,0,background
8.828,27.859125,27.516,68.52898,26.946537,275.1702,-0.11498376,41.366615,0,background
12.254,25.8327,23.988,97.55149,24.73533,657.89374,-0.50792605,32.742947,0,background
6.9349995,24.693775,30.244,61.364464,0.0,0.0,0.0,0.0,0,background
13.372334,27.339575,23.884,69.811806,22.188253,679.67236,0.46502247,38.37692,0,background
11.653333,22.269785,27.307999,113.657555,31.645336,167.67572,-0.04179506,26.468061,0,background
10.859333,24.550852,24.956,105.21144,19.334322,684.3712,0.15241317,39.03921,0,background
10.704,31.541725,29.024,49.520267,26.852734,432.09406,-0.35137764,34.683174,0,background
14.064333,28.639597,25.332,123.179886,22.99965,751.815,-0.2999036,42.08298,0,background
7.876333,24.978857,29.228,21.610516,29.500551,202.48024,0.7086966,31.416805,0,background
12.366333,24.48779,28.7,121.40445,22.311897,138.44856,0.25516802,54.545876,0,background
13.985666,28.451597,24.484,124.25547,25.9915,650.7451,0.33960804,31.857008,0,background
11.068666,21.272806,27.512,113.0996,29.191048,120.79242,0.046632703,30.954868,0,background
11.974667,22.705093,27.212,108.41789,28.13562,171.58946,-0.05421235,22.753778,0,background
10.712,29.752249,23.92,84.14894,25.649366,1899.0177,-0.1735507,24.475643,0,background
11.157667,20.570919,26.652,89.984,31.69116,55.253223,0.16837868,27.654842,0,background
11.168,20.48122,26.26,85.56665,26.21763,41.02634,-0.43737882,30.785337,0,background
8.632,26.87757,31.176,61.33079,25.946417,142.92564,0.3001877,31.827456,0,background
12.059,24.74758,21.512,61.399242,19.23943,689.52386,-0.40453503,41.8929,0,background
14.798667,31.292114,31.303999,92.47061,0.0,0.0,0.0,0.0,0,background
12.759999,25.98778,27.84,127.08356,29.181602,169.44345,-0.80016714,48.101063,0,background
14.033999,25.107342,19.568,88.95057,21.272608,1730.0148,0.15828764,43.920624,0,background
7.8583326,26.683641,28.6,68.944214,3.8839195,5.500375,0.37285453,4.699019,0,background
11.906667,27.05077,22.796,93.8559,20.68395,827.3236,-0.26158944,41.353695,0,background
13.015,24.141193,24.66,95.088745,20.034885,622.9046,-0.029003518,41.656525,0,background
12.953667,24.775585,22.796,72.66299,19.58022,814.86224,-0.30682394,42.75802,0,background
10.342667,19.541012,25.416,83.95664,25.301023,114.83795,-0.17631224,32.428978,0,background
11.765333,22.993538,27.036,120.54299,21.913446,145.93158,-0.24438263,48.36383,0,background
11.830333,23.180368,28.92,119.4209,22.433163,134.11298,0.011300705,53.486393,0,background
11.300667,28.226263,23.836,98.73003,21.063015,2114.319,-0.043521892,35.342102,0,background
13.220667,23.89853,25.936,97.872116,20.830818,346.70468,0.041679263,37.601215,0,background
11.832334,22.63435,27.204,111.43108,30.24995,146.59604,-0.38711828,28.97798,0,background
14.504,30.627586,31.232,96.278336,0.0,0.0,0.0,0.0,0,background
13.269,23.94262,24.228,91.347885,23.227894,718.0543,-0.19805606,42.47499,0,background
7.209,23.215895,32.344,47.451576,0.0,0.0,0.0,0.0,0,background
9.479333,22.690859,23.98,85.33973,22.023226,242.28711,0.06877027,33.639626,0,background
11.639667,24.958544,26.18,102.68578,18.432447,417.0868,-0.14209604,36.023685,0,background
12.397667,31.20323,27.116,88.490204,20.850937,1527.7885,-0.071627215,31.803854,0,background
7.676333,25.783733,32.284,64.41105,27.773687,474.7645,0.6577666,28.603964,0,background
13.257667,30.013735,28.216,104.54946,16.039959,1530.666,-0.36996812,50.225628,0,background
11.269667,24.891039,23.308,90.22445,16.152191,667.15894,0.4679141,37.550755,0,background
12.789333,25.967134,29.96,120.44155,16.81093,201.1952,0.7152292,52.39421,0,background
11.809999,22.751791,25.564,108.84323,26.955336,367.7849,-0.13139787,30.370205,0,background
7.0436664,23.160814,31.896,48.154976,0.0,0.0,0.0,0.0,0,background
14.248,25.537712,25.036,74.76711,18.793428,693.79425,0.039670464,40.071312,0,background
13.088667,24.676973,27.328,64.39021,28.68785,128.66245,0.39222586,29.696047,0,background
6.7366667,20.066324,21.892,34.62988,16.970163,253.22406,0.10703996,45.93027,0,background
11.553,24.57876,28.368,102.18334,17.548012,120.18138,-0.36037388,38.945576,0,background
12.698334,27.21927,22.192,101.37276,20.059563,1346.4269,0.36462894,32.820717,0,background
11.729333,27.280058,25.855999,106.61537,23.21852,583.54114,0.72538126,33.841827,0,background
8.429333,25.328526,25.184,40.795765,27.043253,908.7676,0.42174324,37.96262,0,background
12.823,26.432634,29.331999,122.84467,17.846981,200.5684,-0.45743474,55.596416,0,background
7.932333,25.631166,31.792,57.10487,28.04445,92.52837,-0.05081651,30.89434,0,background
9.464666,30.092417,29.1,66.95742,27.0195,815.8394,-0.07428961,29.84911,0,background
13.733666,24.307375,26.831999,73.3798,28.187376,145.17001,0.047114406,35.203922,0,background
10.231,26.952055,28.0,102.75172,26.673664,51.09464,0.11172824,32.963062,0,background
11.663333,22.928625,26.364,99.78951,26.19265,198.08943,0.48780572,29.446955,0,background
12.603667,25.345211,25.812,98.835236,22.572796,560.6777,0.02251122,33.03758,0,background
14.026,30.756073,28.988,102.234474,16.748371,1361.7086,0.09836737,59.18885,0,background
11.990666,24.029392,24.508,101.24194,26.938725,507.7575,-0.5586184,31.050795,0,background
11.283334,28.14922,22.3,86.06379,22.907522,1002.1825,0.2816625,36.43278,0,background
13.545667,25.132973,23.74,71.13843,19.39625,639.005,0.14302053,43.26756,0,background
8.35,24.558823,24.7,87.83811,13.951791,6.1529894,0.19993205,13.460414,0,background
8.026667,27.376081,24.768,63.39748,28.80262,1685.4714,-0.21809396,27.866623,0,background
14.709666,25.764847,25.944,72.657936,19.191418,398.51505,-0.18816055,41.427914,0,background
13.553,31.133419,28.904,95.56054,15.394021,1450.2753,-0.22042799,45.73643,0,background
12.072667,28.70617,20.696,91.48377,23.683783,1374.3756,-0.12804127,37.800526,0,background
14.069667,25.26154,25.836,74.53734,19.18661,504.82156,-0.38966173,38.649784,0,background
7.75,26.396458,28.472,62.887917,25.806711,1004.809,0.3927491,29.072636,0,background
10.636666,22.287878,20.556,64.646866,21.406864,831.12476,-0.42315847,42.180817,0,background
11.927667,22.971394,25.528,106.42059,27.06593,366.77396,-0.41258824,29.523647,0,background
11.767667,22.82502,27.496,114.225395,27.1953,184.22504,0.09850063,36.887444,0,background
11.586666,21.71577,27.152,118.38351,36.290176,175.50542,-0.46903583,25.340187,0,background
9.661364,27.507442,29.254545,79.936066,27.508263,38.0013,0.46057737,33.34454,0,background
12.452333,25.721584,26.1,97.60265,22.853127,660.4602,-0.44567797,26.060558,0,background
7.8476663,24.944902,31.66,49.705692,27.276768,30.389574,0.21293816,33.913975,0,background
12.836333,32.184166,24.444,92.70607,0.0,0.0,0.0,0.0,0,background
10.047334,23.770544,26.548,106.83439,19.022013,285.95868,-0.084610105,40.384026,0,background
9.064333,24.650095,27.74,99.47014,24.378899,67.98909,0.17109635,38.521515,0,background
14.065333,28.449299,25.960001,122.197685,20.032124,692.53345,-0.4088685,47.4217,0,background
13.370333,24.557957,21.956,92.21439,21.017532,1025.9247,-0.19427685,43.220814,0,background
7.9070005,26.220322,32.548,59.61935,0.0,0.0,0.0,0.0,0,background
8.937719,22.945099,27.584211,101.69923,17.932259,23.708075,-0.58625185,37.271545,0,background
12.939,24.043036,23.104,93.80662,21.482967,853.0466,-0.3080557,42.93355,0,background
11.200666,25.458374,28.208,108.85916,29.487442,10.341449,-0.8092814,35.22257,0,background
11.512667,23.30122,27.5,116.35053,25.745531,194.74979,-0.3459488,40.68497,0,background
11.928667,27.90723,27.5,96.47338,0.0,0.0,0.0,0.0,0,background
7.415667,25.420494,30.864,62.538315,28.261242,687.5125,0.49746963,25.641184,0,background
13.816667,24.780592,27.264,75.66314,22.156033,178.26486,-0.30213362,31.39613,0,background
14.326333,25.074091,27.144001,69.28342,23.8449,205.37811,-0.27432433,36.61294,0,background
7.8570004,26.426075,31.816,64.11508,28.463789,558.9143,0.23741733,26.1714,0,background
12.4626665,33.173622,14.852,99.414734,0.0,0.0,0.0,0.0,0,background
12.688666,26.287949,29.268,116.213356,17.079435,204.2036,-0.22872406,52.785957,0,background
7.474667,25.629772,31.184,60.865414,0.0,0.0,0.0,0.0,0,background
7.726333,23.210566,28.016,20.306318,28.635162,370.3591,-0.09809757,33.460457,0,background
10.246333,25.871965,25.78,108.29984,25.623755,463.22482,0.35968325,32.97865,0,background
11.586333,21.69888,27.3,118.64092,35.798553,166.3621,-0.20653081,28.030054,0,background
10.526334,27.037743,26.428,104.84508,24.127987,315.03003,-0.010357724,35.48641,0,background
14.264667,31.628973,29.944,83.63662,0.0,0.0,0.0,0.0,0,background
8.169583,27.127954,30.925,49.087296,26.57946,0.49423414,0.33921885,18.960903,0,background
7.5986667,26.072834,29.444,61.753384,29.717175,746.77014,0.65235025,26.312704,0,background
15.256333,27.107914,25.9,71.181984,20.139553,576.3438,0.015263997,39.504642,0,background
14.470333,34.31591,25.352,90.93496,0.0,0.0,0.0,0.0,0,background
8.134,26.841341,31.24,60.941795,0.0,0.0,0.0,0.0,0,background
8.492333,25.187843,23.364,41.146294,27.568632,1568.2535,0.24455734,36.84538,0,background
10.601,21.58184,26.068,96.023346,27.571644,276.06372,0.25033623,31.31965,0,background
11.809334,23.5979,28.62,123.11031,22.683268,158.24109,-0.038636632,42.680817,0,background
12.161333,25.072845,24.552,100.194466,25.770262,496.26385,-0.056400843,32.16769,0,background
12.588333,25.66115,24.336,100.032745,19.524931,972.72534,0.49814835,28.359394,0,background
11.335333,21.273428,27.284,80.226814,27.669298,43.43105,-0.1820237,29.375418,0,background
12.042334,24.717432,25.228,98.46034,24.851553,495.4351,-0.15415515,32.34335,0,background
8.0199995,27.153303,27.652,62.533627,26.88791,1137.1698,-0.17513184,29.962612,0,background
8.113667,23.179255,27.588001,92.77651,25.259356,28.364542,0.34323987,37.66547,0,background
14.180333,28.866405,25.26,122.037704,26.637747,645.3041,-0.27127492,35.709476,0,background
7.2683334,25.899134,25.516,59.282116,25.603765,1516.1271,-0.2768019,31.099363,0,background
10.601666,28.15399,24.204,87.50048,25.790094,757.62933,0.08296912,38.776573,0,background
8.012667,21.716898,22.404,33.505104,17.006317,383.70966,0.05816083,49.61016,0,background
7.6666665,24.3479,29.468,40.895447,29.52552,10.568374,0.048601102,26.387197,0,background
13.863333,30.308992,29.04,106.64152,20.130053,1343.2401,0.5834068,46.95621,0,background
8.128667,27.682423,23.86,65.319405,28.061695,1748.7617,-0.47007948,28.173191,0,background
12.630667,23.33481,27.192001,100.76182,27.122938,170.38242,0.07258197,27.443504,0,background
12.667,31.089241,27.428,90.50672,19.302996,1472.7477,0.023556918,36.306107,0,background
13.406333,24.022243,26.383999,92.18031,29.75688,226.15042,0.039295595,33.78419,0,background
13.46,32.044567,28.564,92.28096,0.0,0.0,0.0,0.0,0,background
14.008333,30.991888,28.704,102.35582,13.520669,1400.7594,-0.328683,58.34562,0,background
12.144667,24.576385,25.612,75.14341,26.524517,176.53198,-0.6054838,30.15242,0,background
8.531333,25.089207,23.355999,42.030533,17.90523,29.055399,0.1150705,47.246143,0,background
12.881333,26.294874,24.604,96.3299,21.0273,843.1017,0.2129995,28.60697,0,background
9.706667,28.099428,28.908,78.68037,27.38841,222.49403,0.23741879,33.649323,0,background
8.369,27.475378,28.76,40.82137,22.561302,19.329842,0.01985448,42.806576,0,background
13.387333,25.150923,21.592001,69.230484,19.62684,1062.1324,0.42647243,41.36375,0,background
10.743667,20.65613,26.88,90.16702,31.393368,57.33951,0.23142286,26.888445,0,background
12.372666,27.529074,24.355999,96.59127,21.134352,577.0445,0.28222513,38.052288,0,background
11.472333,21.293959,26.46,78.16566,30.014853,49.430603,0.3078323,28.15108,0,background
10.971333,22.530256,26.184,88.51172,26.344072,239.60973,-0.2860493,29.765656,0,background
12.599334,30.35984,28.1,94.51991,28.559608,1121.0392,0.014454307,19.806952,0,background
8.501041,26.65948,29.125,75.68228,14.23584,19.247408,0.5282203,20.619493,0,background
10.668,23.962263,23.624,83.60609,19.476532,495.1575,0.31530738,37.444473,0,background
12.369667,25.26897,25.384,98.70163,21.948729,626.4458,-0.21324511,31.607504,0,background
10.667,20.132494,26.6,87.35903,30.780828,55.09067,0.171347,27.395767,0,background
13.64,29.901789,29.256,91.30764,0.0,0.0,0.0,0.0,0,background
11.988334,25.349602,22.896,99.95762,20.73434,1002.1076,-0.36472523,34.321026,0,background
10.480333,27.819956,27.712,94.306755,31.101887,319.72446,0.50514984,28.92389,0,background
12.447,23.202969,27.359999,70.78888,28.081148,99.10909,-0.19289358,25.489408,0,background
11.632,26.958376,20.316,92.22856,20.473743,1374.9675,-0.0020381333,38.21197,0,background
14.078667,30.331495,29.376,96.29678,19.765377,1567.0006,0.30251315,42.275955,0,background
12.630667,24.569456,26.688002,97.71471,29.722124,286.5588,0.164647,22.667795,0,background
14.147667,30.873922,29.652,100.55658,15.636235,1293.8452,0.74135375,48.507965,0,background
13.033667,28.075277,22.392,98.417854,21.722143,1156.954,-0.4186059,35.000248,0,background
11.391334,27.528597,27.94,101.17579,25.79968,81.181526,-0.072986655,33.041172,0,background
12.724333,25.589924,28.32,125.97965,28.446,178.28494,-0.56162965,44.35379,0,background
13.291,24.673275,26.94,70.418,24.825928,188.39192,-0.004553542,29.533216,0,background
6.8223333,21.838455,23.460001,31.173214,21.03278,219.04091,-0.07412554,44.655823,0,background
10.705667,28.214386,24.468,88.30079,26.173563,454.5574,-0.30652794,31.98799,0,background
6.783666,22.171743,32.163998,47.923847,0.0,0.0,0.0,0.0,0,background
13.206,32.870373,23.64,92.09099,0.0,0.0,0.0,0.0,0,background
11.961333,23.17549,27.872,120.32603,25.615803,153.03447,0.25650612,38.74273,0,background
12.837333,25.724056,28.188,126.89421,25.709856,227.68279,-0.21827789,38.66519,0,background
12.341666,26.070272,24.016,99.17513,18.467136,798.5384,0.76290274,33.499596,0,background
9.785666,25.140444,23.648,37.81034,16.789816,204.34593,-0.17936926,49.602726,0,background
7.731667,25.433115,30.5,56.22814,26.1508,369.73236,0.087070815,33.075653,0,background
9.585667,24.053164,27.584,102.106995,18.370375,21.017906,-0.43199536,45.994377,0,background
12.819666,23.335638,26.8,92.42028,31.476894,71.49151,-0.081603765,29.455807,0,background
9.220333,23.120195,27.5,101.01556,20.832088,5.1618752,-0.0540701,35.163166,0,background
11.229333,32.73858,12.484,93.65194,0.0,0.0,0.0,0.0,0,background
7.065,25.120893,28.712,59.880054,29.560429,1041.7415,-0.5016186,29.107666,0,background
14.517667,31.881735,30.248,83.69031,0.0,0.0,0.0,0.0,0,background
14.021667,31.421806,30.664,99.6759,16.454784,1290.9053,0.13064358,47.190582,0,background
13.371333,31.58682,28.928,95.79347,23.09532,1218.9489,-0.3191185,30.48339,0,background
13.275,35.831894,19.828001,95.27548,0.0,0.0,0.0,0.0,0,background
12.719334,25.526478,29.372,120.22707,20.012615,154.31267,0.44690892,54.11472,0,background
7.876333,24.978857,29.228,21.610516,29.500551,202.48024,0.7086966,31.416805,0,background
8.523,26.534868,31.52,59.359043,23.258427,53.286465,0.11580789,34.591663,0,background
12.596666,31.453922,27.032,88.81223,20.216866,1672.6907,0.5060292,33.226936,0,background
11.09,21.151205,27.04,112.40394,28.241352,159.98203,-0.23891473,28.265291,0,background
7.5196667,26.263157,26.22,59.88656,27.805462,1305.5206,0.42555958,27.150414,0,background
8.435333,27.196716,30.44,65.197105,22.493284,367.85852,0.12140376,41.35459,0,background
10.807333,24.801113,26.908,105.323944,18.605198,269.96457,0.2544915,40.755047,0,background
10.664333,26.94102,24.708,104.89245,24.23308,586.2438,0.37046012,32.149895,0,background
13.335667,25.281843,22.64,68.1654,19.906746,820.6105,0.40602595,41.23051,0,background
7.489,26.08317,28.304,59.644413,0.0,0.0,0.0,0.0,0,background
13.149334,31.70959,26.972,92.10759,18.603376,1615.6158,0.5340621,38.020103,0,background
11.309667,21.675995,27.096,116.162056,27.676474,179.71301,0.034522884,28.251766,0,background
11.110333,21.846653,26.428,77.84163,28.82237,157.0082,-0.4206684,26.964664,0,background
13.675,31.59366,29.708,98.35242,16.293486,1348.1205,0.898882,43.452805,0,background
10.428333,19.508257,26.824,81.679504,27.657621,48.373505,-0.07731609,29.322966,0,background
12.129667,24.193527,29.1,120.155426,23.945307,140.4502,0.39804205,51.21686,0,background
10.669,24.726522,27.132,105.30179,18.765282,217.61902,0.19169587,39.677986,0,background
10.208667,26.783154,24.676,99.75682,25.981415,708.2627,-0.11500713,37.510612,0,background
12.953667,29.088446,20.368,100.400986,20.601124,1509.0203,0.09544501,33.590744,0,background
14.823334,32.493057,30.444,90.57318,0.0,0.0,0.0,0.0,0,background
8.026,40.033916,22.392,23.429485,0.0,0.0,0.0,0.0,1,presence
8.761666,26.521572,26.472,74.025314,28.070295,215.60426,0.38364208,37.343624,0,background
11.565333,20.86099,26.324,86.32482,27.145573,63.22933,-0.72147745,30.160336,0,background
7.7573333,25.44389,27.696001,45.75929,22.217772,144.83438,-0.14059168,41.196335,0,background
10.714334,20.263132,26.984,84.90375,28.92623,52.399494,0.5613317,24.823292,0,background
12.8793335,25.983162,29.859999,119.29188,18.038086,192.61972,0.32352006,50.028885,0,background
12.690666,26.611866,22.812,97.93214,21.56541,1114.5167,-0.008942229,34.621155,0,background
12.670334,26.094269,24.708,99.02698,24.629595,521.4047,-0.25183803,29.271965,0,background
8.045667,27.262356,27.544,62.79099,24.883595,1007.1411,0.40197855,30.824823,0,background
10.795,21.991117,25.8,89.25246,26.926842,415.7307,-0.17672305,33.796307,0,background
14.588,30.58794,31.608,95.765434,0.0,0.0,0.0,0.0,0,background
11.492,22.137463,26.092001,99.79269,25.445105,102.62621,0.4728695,34.100517,0,background
12.795,25.224747,21.64,67.48092,21.55382,808.53534,-0.037814546,40.136795,0,background
9.960334,23.232723,28.02,110.80883,32.774456,3.6974452,0.36768433,22.964176,0,background
7.592,26.032095,28.788,61.48148,26.7966,851.37396,0.5160718,29.264458,0,background
11.708,24.698338,19.908,66.53358,18.761627,1030.6357,0.64698666,42.545124,0,background
12.407666,23.744003,25.964,104.75331,25.478815,244.273,0.3281184,21.284771,0,background
13.842667,26.58779,23.184,70.27052,20.721413,718.6905,-0.20113286,40.31959,0,background
8.968667,28.146708,31.88,49.183422,17.046713,7.3413553,-0.24778408,17.152567,0,background
11.922,22.21601,26.556,89.76629,29.6039,64.1765,0.230006,29.350395,0,background
10.58,19.808283,26.896,84.00947,25.854033,41.7587,0.13029441,28.655037,0,background
7.7173333,24.586891,31.888,48.667397,0.0,0.0,0.0,0.0,0,background
8.071667,22.080278,20.9,34.01526,19.298344,697.4901,-0.19378705,46.03264,0,background
7.108333,25.615614,30.150002,51.82628,8.00616,1.3834952,0.9537821,6.731308,0,background
12.809,24.32027,22.188,91.58027,21.534176,907.24384,0.27239552,43.937664,0,background
8.047334,22.200766,22.448,34.27678,20.875124,217.31308,-0.2660449,43.178143,0,background
10.105667,26.308619,27.952,104.15283,22.99579,95.164276,-0.20881408,35.740772,0,background
9.905,29.053736,29.732,72.43269,31.515158,73.85201,0.3668639,24.799791,0,background
13.816667,25.220259,24.092,68.67694,18.168354,610.3652,0.258349,41.808292,0,background
8.408,25.240154,27.22,22.857985,25.903847,639.04376,0.021428423,37.83785,0,background
13.354334,24.285906,26.14,72.167694,24.645435,275.03104,0.1024194,40.353443,0,background
12.346001,27.41119,24.380001,103.816345,21.910337,830.1582,0.09760081,31.015282,0,background
7.2433333,25.31218,30.892,61.19217,0.0,0.0,0.0,0.0,0,background
9.364,26.247337,24.956,78.52207,27.078957,270.04355,-0.23056969,32.58574,0,background
12.777333,25.78779,28.664,113.00976,24.175827,157.64252,0.020994024,49.11073,0,background
12.051,23.733654,28.636,122.70691,19.676945,137.54378,0.04764314,58.152336,0,background
7.182,25.295858,28.368,60.35463,0.0,0.0,0.0,0.0,0,background
10.605333,21.452654,25.584,80.16025,28.297417,311.35013,-0.5154139,30.013403,0,background
9.6189995,23.659485,25.94,107.210754,18.316029,353.89365,-0.10538545,42.783607,0,background
11.309667,22.895916,26.472,97.70776,26.392763,123.53344,0.4610294,33.1738,0,background
12.778,25.149584,21.192,63.804592,19.92185,768.0789,0.06411457,41.180397,0,background
8.272667,23.720228,21.907999,35.679245,21.799149,94.144806,-0.69221807,42.314762,0,background
9.953667,30.39102,30.268,66.55367,27.820024,588.4756,-0.0075296005,31.144178,0,background
9.746667,24.366667,27.7,100.92734,13.770392,10.854578,-0.14147288,28.14909,0,background
13.796,23.65407,25.776001,93.03598,22.676357,443.4084,-0.4572801,42.619663,0,background
11.875999,24.708721,25.372,92.131004,24.624428,488.56866,0.043565948,35.4787,0,background
14.565666,31.42403,30.864,91.06825,0.0,0.0,0.0,0.0,0,background
12.646667,28.54005,28.476,107.27665,15.52415,1449.8693,0.27492198,49.42635,0,background
12.581333,31.340508,26.56,91.77518,19.551607,1579.3424,-0.214925,39.891644,0,background
13.931,32.542984,28.34,93.88686,0.0,0.0,0.0,0.0,0,background
7.9796667,22.065222,22.308,33.772835,23.431612,277.39554,-0.39368156,44.57155,0,background
7.3846664,24.326876,29.036,19.679918,28.077356,186.80414,0.28564188,32.739254,0,background
9.576333,23.503666,21.56,58.884724,22.582872,295.76855,-0.33534297,42.512516,0,background
11.122666,21.294737,26.74,112.82382,30.49459,198.13112,0.20706838,27.372084,0,background
11.246333,22.974205,25.392,95.48169,25.255894,453.09586,-0.09199881,32.447136,0,background
8.907666,28.597878,31.532,47.78768,20.057032,17.217,-0.06119061,18.524086,0,background
7.9056664,26.46514,31.567999,65.281075,27.753977,545.87933,-0.031682685,29.608763,0,background
10.997,21.302109,26.872,115.703186,28.690193,167.17838,0.57713735,29.170948,0,background
9.351,20.296492,19.508,65.89608,19.490843,839.679,0.5619861,43.80674,0,background
13.978,23.055353,26.564001,89.855064,25.100647,294.8755,0.56946504,37.11053,0,background
11.227,31.127314,19.408,98.86934,0.0,0.0,0.0,0.0,0,background
12.947667,26.110485,26.244,126.68855,26.223349,338.79156,0.17889798,29.56477,0,background
12.890667,27.624435,24.128,100.428535,20.844679,941.2372,-0.5757334,32.1656,0,background
12.121,21.734686,25.452,73.383484,28.09705,76.4781,0.19766483,32.58193,0,background
10.763,25.995073,27.424,102.00443,22.940765,150.5825,-0.22678415,38.200138,0,background
7.8533335,23.030304,23.78,32.61184,23.701256,225.86731,0.1493722,40.486153,0,background
11.548333,21.983425,27.548,113.86868,31.626514,120.817795,-0.25205192,27.777773,0,background
12.321,23.674198,25.56,105.97909,25.617487,264.92227,0.09998296,23.672369,0,background
6.772222,21.262863,19.616667,54.0151,8.308765,21.026527,0.2681177,18.113594,0,background
8.263888,23.53267,24.266666,67.00279,6.605751,4.4710107,0.07461092,9.751097,0,background
14.583334,31.099833,31.148,89.74092,0.0,0.0,0.0,0.0,0,background
13.969,28.745163,31.424,100.00371,22.840933,1198.1473,-0.8734379,43.73532,0,background
11.283334,26.847181,25.188,91.81393,21.489311,183.01492,0.19167805,31.564371,0,background
13.071667,27.619308,26.496,126.933525,19.169508,692.1499,-0.1118196,51.053833,0,background
8.913,28.807367,26.816,63.37529,27.053846,1121.1074,0.3148202,35.064953,0,background
13.469,25.029732,21.544,92.35338,20.93284,1105.8356,-0.067897856,43.892605,0,background
7.5916667,23.159447,26.78,96.21784,17.514488,175.16786,-0.3342864,50.14957,0,background
9.224,25.282314,28.092001,102.73546,23.952139,18.958439,-0.16241798,35.83538,0,background
9.886666,24.04345,26.752,104.99477,17.189922,224.7707,0.32374537,50.53489,0,background
6.025,21.949,24.45,29.899511,6.6079884,5.336628,0.37031123,13.712043,0,background
8.135417,20.913668,27.45,101.08012,3.2535782,0.5079546,0.41212848,6.140208,0,background
11.882,25.105646,25.296,89.601135,25.523012,481.14838,0.15086095,31.762613,0,background
14.741667,33.297947,29.472,91.143135,0.0,0.0,0.0,0.0,0,background
7.5903335,25.926813,31.248,60.271427,0.0,0.0,0.0,0.0,0,background
8.468452,22.694933,24.692858,87.17308,21.221119,4.6865697,0.08350094,21.176144,0,background
7.575667,24.132475,32.928,46.422176,0.0,0.0,0.0,0.0,0,background
7.727667,26.743032,29.384,37.618465,29.022757,52.934418,0.39928657,36.210175,0,background
13.732,29.692095,29.308,91.75447,0.0,0.0,0.0,0.0,0,background
12.115333,23.98696,29.096,113.36308,25.320879,138.1816,-0.13033706,44.496284,0,background
12.517,25.01599,28.72,125.6302,28.264423,144.87163,0.33280864,45.010845,0,background
13.168,27.421907,27.496,128.14069,26.259245,288.8236,0.268482,45.32548,0,background
14.02,25.675776,23.168,70.96899,20.932219,958.9428,-0.006819168,41.213028,0,background
9.210667,29.05573,29.46,66.230804,25.316992,705.14124,-0.40709728,34.124874,0,background
8.364,24.370628,27.276001,21.1268,26.551563,558.06915,0.045749083,38.96931,0,background
10.375999,29.912361,27.34,53.11927,27.844173,912.4278,0.13393305,38.022865,0,background
9.930667,26.558266,27.892,93.80222,29.523863,219.55138,-0.36151817,33.75786,0,background
11.759667,22.418154,26.732,74.596695,30.03556,94.41368,0.32571515,24.964499,0,background
13.847334,25.080297,25.316,72.67468,19.353142,435.62335,0.2624251,44.83098,0,background
8.9123335,29.193964,26.08,64.61113,27.5753,1398.9279,-0.6263686,32.366016,0,background
10.454666,29.082748,28.912,82.57993,25.82287,184.79825,0.48072004,39.513447,0,background
13.316667,27.882467,24.652,124.49695,23.511093,799.06244,0.12758802,42.643288,0,background
11.510667,25.936607,23.424,66.568146,27.179855,99.76092,0.2545148,37.100746,0,background
12.788333,23.56341,22.428,82.76559,19.6984,906.26654,-0.26878372,44.22648,0,background
9.5303335,30.003569,29.972,66.60419,25.867903,633.553,-0.0243946,28.915466,0,background
9.235666,22.080105,27.407999,105.67294,30.330807,4.2913823,0.2332507,26.963379,0,background
9.600333,27.224176,20.528,52.312183,27.752235,2035.1042,-0.35467353,38.015224,0,background
11.874667,25.08591,28.22,102.784134,28.699936,59.274597,-0.61525255,35.306507,0,background
11.213,25.593445,27.94,112.46147,20.999424,136.15431,0.008364088,45.963013,0,background
12.119,24.819775,28.228,116.84073,20.76508,155.99481,-0.71414655,43.136784,0,background
13.1119995,24.149109,25.968,75.895226,21.138298,332.71985,0.26474303,37.415607,0,background
12.703333,27.102179,28.564,128.33157,15.659918,361.42053,-0.24294208,49.128563,0,background
11.867666,31.194582,25.276001,85.31114,20.488243,1781.6469,0.029166916,31.915047,0,background
13.913667,28.056273,23.204,71.28244,20.411644,675.56165,0.068247214,42.06099,0,background
10.621,20.02602,26.236,80.291466,27.823933,57.296608,-0.19065684,30.640665,0,background
11.565001,22.554413,25.96,103.06468,25.991846,182.40312,0.10822951,30.293835,0,background
13.989667,29.526524,31.356,94.80878,0.0,0.0,0.0,0.0,0,background
10.505667,29.961403,29.392,81.42652,27.44306,49.401085,0.10513263,28.803898,0,background
11.665,24.935871,27.14,103.486984,20.272896,331.44946,-0.32891908,37.137627,0,background
9.616,28.080833,28.116,76.40109,27.574362,409.64252,0.3713657,30.69528,0,background
11.497,23.173828,26.452,97.71888,27.640821,175.68724,0.42294762,26.317314,0,background
6.1676664,19.266733,21.552,29.891546,22.716665,55.463165,0.1756335,41.781097,0,background
10.907666,25.494734,25.644,103.901764,22.17409,465.7746,-0.48006627,34.554348,0,background
12.878333,23.809963,26.116001,76.46489,23.269875,236.00221,0.17778632,34.48914,0,background
11.555666,22.63864,28.24,121.82801,24.270082,131.3983,0.32246688,42.24821,0,background
13.801667,25.494434,22.844,69.48868,19.07976,855.9091,0.4531366,41.31446,0,background
6.876,24.694727,28.316,60.314384,0.0,0.0,0.0,0.0,0,background
13.314667,27.875946,27.02,128.49977,24.688696,374.76926,0.30662754,44.484768,0,background
11.799334,24.815624,28.2,102.5621,24.50274,66.032616,-0.30088237,39.720493,0,background
11.187333,21.433315,26.84,113.768295,29.11767,175.17844,0.6386329,29.062407,0,background
11.678,22.860388,27.156,112.44428,27.10032,165.66617,0.7146098,33.880516,0,background
10.602333,25.337763,26.776001,103.3104,20.496822,232.28973,-0.37740883,41.681587,0,background
6.1656666,19.098211,21.78,31.941963,25.787249,121.16862,-0.0120392265,40.959667,0,background
12.427333,23.188784,26.784,105.59655,23.94952,202.71272,-0.29509658,26.765095,0,background
11.920667,25.09614,24.960001,94.90177,24.51278,468.27048,0.04658495,33.890186,0,background
11.514333,22.53647,23.852,73.314354,19.579409,491.00833,0.24103865,45.17852,0,background
12.096,23.94489,21.912,72.408005,19.744217,924.3439,0.27530828,42.832623,0,background
12.308001,25.931232,24.416,101.41554,19.961983,964.8434,-0.19610044,31.42069,0,background
7.098,25.397165,29.912,62.69472,0.0,0.0,0.0,0.0,0,background
7.601042,23.893253,21.79375,38.035103,16.150852,86.53464,-0.5633898,35.90639,0,background
9.297667,25.34253,27.723999,97.22289,30.029547,196.43365,-0.010568073,35.579414,0,background
8.063,24.057167,27.616,22.852823,24.88874,488.72794,-0.026534276,39.23355,0,background
11.697,25.56833,26.524,102.387054,16.85563,356.5664,-0.1986607,34.74815,0,background
8.314,23.348686,25.036,30.376146,28.23344,17.678864,-0.2822802,34.660442,0,background
7.579,22.194565,23.424,70.875404,27.232723,306.57312,0.7680135,37.07423,0,background
10.192,26.658297,21.892,82.96303,23.141785,896.94196,-0.18823837,40.555416,0,background
10.836333,20.393581,26.2,77.51653,27.218603,32.07231,0.19080198,30.374323,0,background
11.067,26.210213,23.644,94.735634,19.470615,556.15753,-0.15254326,40.244316,0,background
7.483333,23.019974,27.456,21.886545,24.634277,388.85724,0.4089873,35.966656,0,background
14.832666,30.414753,32.852,93.674706,23.021961,1036.7958,-0.46425167,31.913229,0,background
10.806666,28.570925,27.992,86.54938,31.56657,289.07684,-0.4208645,28.345795,0,background
11.539,22.291553,23.98,71.88849,19.300055,405.62753,-0.42431316,45.038727,0,background
14.615,30.851557,31.22,91.15421,0.0,0.0,0.0,0.0,0,background
12.743333,27.931206,22.3,91.0249,23.652668,1061.9996,0.4229257,39.148987,0,background
7.8906665,26.948997,25.808,59.885544,24.843838,1316.9465,0.51795423,33.090862,0,background
10.853333,20.84774,27.256,90.147804,31.972576,56.41949,0.22324944,26.550503,0,background
14.019667,29.026226,30.792,91.84968,19.380356,1297.6699,0.85148495,44.686207,0,background
10.439,29.801874,22.532,83.68752,0.0,0.0,0.0,0.0,0,background
10.810667,21.012804,26.396,81.031044,27.468224,140.94014,-0.1255641,26.783648,0,background
10.919333,20.335468,27.12,84.84329,27.079525,57.199383,0.2930198,27.101656,0,background
8.600333,24.291983,24.92,31.540405,28.655071,85.54167,0.11661996,37.933178,0,background
8.644334,23.866188,21.656,33.229546,19.917362,649.08466,-0.07380252,44.383915,0,background
14.042,31.126972,28.832,92.44506,0.0,0.0,0.0,0.0,0,background
8.386,27.618233,29.74,67.430565,25.607647,939.81903,0.21600442,28.994423,0,background
7.586,25.026394,30.744,54.779907,25.55976,318.2174,0.25648493,34.23794,0,background
13.630667,29.76648,30.768,98.8663,0.0,0.0,0.0,0.0,0,background
9.925334,18.823648,26.24,80.8425,27.560558,41.344826,0.20581374,31.672977,0,background
12.031,31.409252,24.74,87.03486,21.152006,2033.6416,-0.14690587,24.084635,0,background
13.277333,27.84442,24.988,67.50535,22.473827,384.69244,0.14615723,40.54712,1,presence
12.84,31.11068,26.796,90.93093,16.497522,1710.4893,0.65456283,50.936302,0,background
11.631333,22.119532,27.331999,114.96806,28.52564,155.28825,-0.26064092,27.659668,0,background
12.080667,25.418,28.056,104.6377,21.334597,105.20101,0.07080874,45.57994,0,background
12.699333,23.854784,27.04,67.97817,29.958035,70.60749,0.46648258,26.448376,0,background
9.220333,28.80274,28.28,45.283745,23.858753,269.85248,0.169741,40.945915,0,background
11.131333,23.013838,25.564,92.352425,26.47924,429.68527,-0.1292886,31.606424,0,background
10.218,20.434366,26.204,83.3093,30.503796,73.68159,0.4468737,22.608961,0,background
11.099667,24.403452,27.78,104.06383,18.608381,191.7446,0.28699872,46.518307,0,background
14.384334,30.610176,29.98,97.56966,19.889612,1464.3723,-0.59490687,37.420944,0,background
7.7910004,24.974356,32.492,50.48504,0.0,0.0,0.0,0.0,0,background
11.843667,31.11841,24.26,88.59329,0.0,0.0,0.0,0.0,0,background
10.429,24.05878,28.084,104.76298,27.652525,24.728848,0.481828,34.243492,0,background
13.342,27.97065,27.172,129.85417,25.202913,361.5717,-0.064003654,43.656433,0,background
14.023666,31.330801,29.244,95.48728,12.790869,1334.2415,-0.039619807,64.85199,0,background
11.644667,24.097067,27.98,107.820984,26.486584,169.01315,-0.25957564,30.665073,0,background
12.665667,31.516043,25.56,91.05877,0.0,0.0,0.0,0.0,0,background
7.253667,25.660345,29.784,60.868168,0.0,0.0,0.0,0.0,0,background
13.681666,25.493155,23.04,69.647736,20.653076,878.16266,-0.13422506,41.259945,0,background
10.606,26.462076,27.907999,98.84654,22.528004,26.607563,-0.46358496,32.67412,0,background
12.203667,22.99628,27.092001,111.102905,29.829699,173.88232,-0.47163302,23.080734,0,background
11.263667,22.078695,27.036,97.0038,27.073896,94.38519,0.46566302,31.5938,0,background
13.328,35.322803,20.624,98.273315,0.0,0.0,0.0,0.0,0,background
11.759334,22.330675,27.92,113.664,29.530798,149.93175,0.51080394,32.643585,0,background
9.568666,29.543865,30.38,66.32372,25.747053,627.1435,0.32787454,32.882755,0,background
7.891667,26.556963,31.6,63.752922,28.896397,572.148,0.14599197,25.043732,0,background
13.348333,23.781952,23.48,91.221794,20.171877,746.11475,0.025885923,42.59906,0,background
10.106334,30.68849,30.76,40.847866,23.168943,110.00662,-0.8339776,38.921234,0,background
7.284,21.423529,22.416,33.14925,22.476694,355.87857,0.027260926,41.11628,0,background
10.202333,26.825655,25.8,99.76191,26.345901,483.5289,0.014137325,36.263588,0,background
10.909667,21.16245,27.352,90.05505,31.035446,57.45904,0.7219043,25.440983,0,background
7.688,26.17459,31.292,59.635235,0.0,0.0,0.0,0.0,0,background
10.757667,25.122995,27.424,104.550186,18.07237,130.66885,-0.047459494,40.630703,0,background
12.122001,22.139832,26.452,77.06621,26.035095,79.22923,0.58064044,32.00079,0,background
11.544333,31.173939,21.568,97.95237,0.0,0.0,0.0,0.0,0,background
9.072,22.56941,20.06,55.195477,20.248518,352.7319,-0.24728192,43.760864,0,background
12.915334,26.116909,29.536,117.03762,19.20771,173.3098,-0.07373313,51.605446,0,background
12.752333,24.742594,26.803999,100.56441,24.204388,356.7275,-0.48562363,26.212267,0,background
13.482,25.33258,26.696001,65.45048,27.81644,164.30164,0.51630515,29.598677,0,background
9.55,24.823248,23.572,40.205917,15.121529,59.00915,-0.42326987,50.756012,0,background
7.244,26.068808,27.928,61.176758,0.0,0.0,0.0,0.0,0,background
12.453333,23.559088,26.348,106.197075,28.476524,212.77312,0.33847278,24.46613,0,background
11.837,23.21891,28.66,121.33848,21.388676,134.1473,0.12805998,54.795044,0,background
14.872,32.154285,31.008,87.76051,0.0,0.0,0.0,0.0,0,background
10.709,24.525925,20.84,54.38483,21.593609,305.4429,0.288531,42.748177,0,background
7.8873334,25.518744,31.472,47.639465,0.0,0.0,0.0,0.0,0,background
12.778,26.763573,29.244,116.29538,16.941015,266.87137,-0.14781283,48.51644,0,background
8.88,28.316328,30.364,48.72127,23.549181,12.390962,0.36506975,37.36075,0,background
10.926333,24.776266,28.036,105.601875,20.46072,12.012428,-0.032888662,57.347652,0,background
7.369,24.718235,31.144,51.573685,0.0,0.0,0.0,0.0,0,background
12.428,24.326653,25.596,100.271866,22.1205,508.47186,-0.22036849,33.366055,0,background
12.2786665,24.241228,28.9,122.58187,21.095358,136.38112,0.48829347,55.248875,0,background
10.202333,24.956785,27.935999,103.07321,19.461267,7.544425,-0.18949084,37.594814,0,background
14.647667,33.47579,28.836,81.18442,0.0,0.0,0.0,0.0,0,background
11.993334,26.015907,26.624,103.51823,21.400644,423.02927,0.18125285,32.06224,0,background
11.290667,26.649042,27.672,102.748825,21.668425,141.33723,-0.4996547,40.66124,0,background
11.486667,20.971786,26.4,86.40504,28.140566,45.14877,-0.10155286,31.180492,0,background
12.885667,27.235516,28.256,127.78818,18.663546,231.66214,-0.81936216,48.262306,0,background
12.175667,22.643135,26.004,75.82513,27.272018,88.63178,0.15931313,30.75697,0,background
13.403,25.705791,22.916,68.40593,20.431145,729.27234,-0.6184304,40.34294,0,background
11.902333,30.628754,26.852,87.29009,21.491997,1530.3881,-0.06435958,29.135784,0,background
10.898666,24.830645,28.092001,105.69403,20.639402,9.156718,0.12114918,59.541183,0,background
13.159,27.161081,29.828,118.391335,19.259624,289.48822,-0.21231142,47.804302,0,background
12.4296665,25.794111,29.056,111.918396,17.358786,213.6276,0.14566077,59.839348,0,background
8.976,28.865448,29.056,66.039116,20.875256,829.7839,-0.060543522,33.271774,0,background
12.03,23.842556,27.576,122.76729,19.034487,147.86177,-0.24736403,47.135227,0,background
14.479667,30.67726,31.34,94.289215,0.0,0.0,0.0,0.0,0,background
10.311,23.487473,27.776,105.04162,19.011702,123.55823,-0.12079715,43.685417,0,background
12.339,25.315962,28.388,115.81566,21.960823,120.08879,-0.24540222,31.536999,0,background
11.839334,24.88928,28.068,102.4287,25.536451,117.34632,-0.3394625,36.46969,0,background
8.642667,28.133678,28.628,48.270485,28.389685,443.90564,0.24633184,40.070015,0,background
12.561,26.80309,22.224,98.822334,20.123093,1143.8407,0.7334698,37.320114,0,background
12.679334,25.372875,26.352,99.37198,21.238813,490.07587,0.49513477,37.285824,0,background
14.393666,26.906063,26.3,67.06926,22.793617,379.1668,-0.21146825,32.663906,0,background
11.661,23.35563,26.7,84.13685,30.852291,133.56033,-0.47588345,25.100456,0,background
7.683333,23.142569,28.1,80.14337,2.522629,0.55772245,0.6365601,3.5077305,0,background
13.203333,23.250217,24.58,82.71177,21.654104,429.62354,-0.24126385,41.83493,0,background
11.8203335,23.576538,21.868,74.04315,20.390776,919.4068,-0.00042825582,42.805992,0,background
11.841666,22.538383,27.764,113.87219,29.673851,125.51746,-0.11173679,31.734303,0,background
12.832666,25.764269,25.764,99.4369,22.407406,665.6698,0.6395092,26.34403,0,background
7.4146667,25.64209,31.28,62.380608,28.537996,636.2109,-0.21879834,26.335114,0,background
8.004,24.064943,21.736,37.20975,25.458334,421.53183,-0.23582026,43.46779,0,background
12.352,30.689724,28.588,90.138954,0.0,0.0,0.0,0.0,0,background
12.464334,25.044874,28.528,124.654945,25.314323,161.05339,-0.4190369,48.114132,0,background
15.141334,32.953194,29.828,87.19694,0.0,0.0,0.0,0.0,0,background
12.478666,23.08641,27.392,107.79049,29.357542,124.53022,-0.6727873,22.777878,0,background
13.064333,29.58141,28.212,104.46253,16.8478,1539.2122,0.2732733,49.16427,0,background
11.963667,26.913675,23.284,99.08179,20.694736,805.80615,0.48391646,38.46573,0,background
8.813,28.081186,29.936,46.803234,27.709585,355.6868,0.50972694,39.22726,0,background
12.43,25.614079,29.144001,113.51681,17.354082,208.73143,0.2814598,57.588024,0,background
11.655,22.613504,28.768,111.692345,28.303936,130.82141,-0.20803696,40.907467,0,background
13.232667,23.75362,26.584,91.263824,29.58389,140.88219,-0.54211277,30.100327,0,background
12.032666,23.772457,24.904,103.251076,25.241274,398.20996,-0.06608078,26.522156,0,background
12.070001,22.97997,26.484,72.42796,27.411633,169.42308,-0.22267047,28.732693,0,background
14.751667,24.407125,26.028,92.24637,22.784391,422.9301,0.000451427,42.939667,0,background
13.107333,24.556604,21.619999,88.02354,19.436872,1059.3141,-0.022348529,44.18199,0,background
13.513666,29.518713,29.548,98.86394,0.0,0.0,0.0,0.0,0,background
11.894,22.338667,26.907999,108.07283,27.085178,191.02757,0.3797816,26.046005,0,background
12.138667,22.706074,23.468,90.16348,21.820332,753.7455,-0.15464579,42.68624,0,background
11.912,23.877485,26.212,96.62441,26.55311,409.89655,-0.2483905,31.41309,0,background
12.767333,31.972687,25.42,93.260345,0.0,0.0,0.0,0.0,0,background
8.357333,22.894295,23.140001,31.55718,17.541431,124.71711,0.0048935586,50.417713,0,background
12.287666,29.546185,26.432,96.868095,20.432695,1831.178,0.014110932,38.06057,0,background
7.5736666,25.642153,30.604,60.882835,0.0,0.0,0.0,0.0,0,background
10.785666,21.842176,26.184,93.839096,26.92894,254.09229,0.13792592,30.266348,0,background
10.906,21.620014,27.048,89.26405,28.128342,78.77462,0.5347819,30.75568,0,background
11.251,20.88469,27.088001,90.85999,31.512684,49.460377,0.38897267,27.65173,0,background
13.380667,31.199093,29.452,97.78795,16.753239,1498.6779,0.5044012,44.749554,0,background
7.5016665,25.892817,29.968,61.133823,0.0,0.0,0.0,0.0,0,background
7.8213334,26.836857,29.648,44.20606,33.02631,110.458496,-0.4827125,35.687065,0,background
14.020666,24.783756,27.355999,70.02409,27.027603,107.461815,0.2753809,31.80484,0,background
8.089334,27.631279,25.024,65.83145,26.392057,1525.6637,-0.3349884,24.55215,0,background
11.711333,23.44142,27.855999,117.76854,24.401508,187.78633,0.8039636,41.75351,0,background
9.142333,28.655758,28.128,47.382774,19.979912,315.99652,0.16524357,44.696312,0,background
13.452666,28.445967,24.924,127.73934,26.66468,547.8919,-0.22486971,37.265633,0,background
12.417,24.568659,26.156,101.49518,26.093348,397.87265,0.38838813,29.85017,0,background
14.801666,34.55427,26.407999,89.85634,0.0,0.0,0.0,0.0,0,background
12.271667,23.730791,26.372,70.657585,29.158882,69.7536,0.4937055,27.332752,0,background
7.9716663,25.223598,31.784,50.006424,26.761518,28.122486,0.49665558,35.131447,0,background
14.613,30.630083,31.66,97.18038,0.0,0.0,0.0,0.0,0,background
11.425667,23.527029,26.855999,90.41311,26.843573,204.12231,0.54922897,31.21265,0,background
9.531333,27.170277,28.58,29.818617,23.231308,566.47705,-0.60910577,45.792084,0,background
6.9016666,21.638031,26.936,93.67527,16.327898,63.880947,0.40120044,51.903152,0,background
8.067,27.767452,24.108,64.4902,29.158916,1748.1193,0.028540606,26.67981,0,background
6.956333,20.573563,23.140001,33.198326,31.564358,17.617281,0.52050084,34.131325,0,background
13.595,27.854042,26.036,122.53872,18.443409,695.2031,0.18008275,51.695786,0,background
13.6553335,28.728716,25.948,127.70638,25.894537,528.70087,-0.34295055,39.32792,0,background
14.054334,31.121197,29.12,96.88664,13.529722,1332.489,0.10380291,65.93589,0,background
11.909333,25.58286,23.176,102.1837,19.209454,884.48553,0.41712186,37.47101,0,background
11.692333,24.68195,28.46,103.85552,24.492638,91.49083,0.12667944,37.47095,0,background
12.008,26.503046,22.696001,96.063065,19.37889,980.5456,0.19367461,35.44917,0,background
10.835667,21.920347,26.236,94.99262,27.052404,253.6775,0.24591886,29.923811,0,background
11.941999,25.14317,27.376,102.84444,20.195957,304.43906,-0.40835422,37.50713,0,background
10.275,26.054874,25.268,110.215546,24.596224,498.80557,0.35682923,35.089535,0,background
10.834666,20.556019,27.068,86.78269,31.665184,53.283253,0.5462822,25.942774,0,background
9.498333,28.793299,31.32,64.404686,30.276136,260.0449,-0.03549732,30.554525,0,background
8.371333,28.095493,24.38,63.537685,29.968088,1652.4585,0.5681748,25.042738,0,background
6.8580003,24.312252,32.06,63.415318,0.0,0.0,0.0,0.0,0,background
12.115334,24.222916,26.14,97.359985,28.596424,431.25763,-0.30571082,29.492144,0,background
12.656,25.930176,29.58,116.30217,18.699036,195.51582,-0.39390603,46.137547,0,background
14.423667,32.03266,30.004,94.07187,16.992298,1378.3947,0.8294844,46.43972,0,background
6.8363338,20.02441,22.676,32.191868,32.012764,53.341244,-0.310775,32.660038,0,background
7.507,25.58623,32.024002,64.72247,27.84642,536.832,-0.5642464,26.68404,0,background
11.706333,25.67854,28.42,106.43079,20.417885,48.62588,-0.79212594,50.06384,0,background
7.4353337,25.235317,29.968,58.942333,0.0,0.0,0.0,0.0,0,background
11.151667,22.348028,26.588001,95.07544,27.411425,217.0348,-0.10298698,26.181944,0,background
14.775666,26.15903,25.612,71.17059,20.042841,606.31714,-0.04177535,39.570797,0,background
14.145,24.284096,26.352,92.67921,21.513165,296.06598,-0.6504855,40.639877,0,background
13.358666,27.367588,26.736,128.06448,27.540009,330.38043,-0.4754187,42.918404,0,background
6.92,22.156761,21.156,39.57511,24.060595,56.420097,-0.087911464,38.093594,0,background
7.688333,26.308285,28.328,62.114853,28.154047,1058.0146,-0.46050313,27.622663,0,background
6.7836666,24.021482,32.668,63.539745,0.0,0.0,0.0,0.0,0,background
12.086,25.728031,25.516,95.34626,22.68751,347.8349,-0.014119502,31.631447,0,background
11.578334,22.469984,26.016,101.34756,26.124037,139.06204,-0.53195083,30.466234,0,background
8.530666,26.792294,28.164,75.19321,26.56832,196.15558,0.49777973,38.972954,0,background
13.233666,31.80864,28.376,93.78632,19.557724,1378.8427,0.46886408,31.157265,0,background
8.914667,26.98797,20.044,58.673775,27.439388,1902.4299,-0.34019184,36.28878,0,background
7.722,24.686699,31.724,50.755028,26.46582,35.6203,0.038613576,30.30128,0,background
8.022,25.564053,25.288,39.60526,23.12834,129.49168,0.25331804,40.792984,0,background
12.871333,26.410318,30.144001,111.395195,21.17721,264.68192,0.13408673,47.155643,0,background
12.609,25.7642,26.188,97.887,24.795261,668.95825,0.032995768,24.31287,0,background
13.917334,23.80822,25.564001,90.07022,21.470667,502.9144,0.18606032,41.382988,0,background
7.817,24.640652,33.107998,46.48623,0.0,0.0,0.0,0.0,0,background
13.615666,22.572392,26.224,91.49425,21.227179,355.85272,0.46298856,41.34754,0,background
11.894667,22.06639,25.948,91.94658,25.06479,218.23524,0.12838201,33.718544,0,background
7.786,26.250841,30.172,62.19184,28.290953,675.867,0.14273137,26.5681,0,background
12.604,23.74708,26.32,72.26145,28.416634,247.12556,-0.48079425,33.08007,0,background
11.956333,28.625582,24.568,99.16371,21.068584,2073.3108,0.23759237,38.06759,0,background
12.357,26.76761,25.044,103.61777,22.121912,822.81537,0.45451823,32.289047,0,background
12.997666,32.14062,25.86,91.056274,0.0,0.0,0.0,0.0,0,background
12.445,24.095802,25.108,102.42723,20.271812,333.92545,0.4103213,38.181286,0,background
6.945,24.368422,32.344,64.03131,28.238493,402.45822,0.16278556,27.720673,0,background
12.513667,25.655378,20.396,63.881077,21.505424,900.8493,0.26627836,41.560467,0,background
11.513333,21.9168,25.376,77.37932,25.513683,144.81186,0.42220604,32.54997,0,background
12.436333,26.678251,25.324,96.693665,21.536915,410.4802,-0.65572166,32.72661,0,background
12.468667,22.685152,26.848,94.71674,29.883015,70.37637,-0.6983005,29.261974,0,background
10.888,29.984577,23.996,83.528404,23.549002,1980.0746,0.25444233,25.599108,0,background
10.575666,19.484978,25.74,87.029015,26.432617,155.79257,0.31143737,32.956837,0,background
12.142333,26.978167,26.144001,104.036354,22.629633,502.5199,-0.14596993,32.32522,0,background
7.687,25.88913,30.748,60.780704,0.0,0.0,0.0,0.0,0,background
13.3463335,29.33518,29.712,97.42659,0.0,0.0,0.0,0.0,0,background
11.377334,20.746414,26.7,89.066376,31.473907,57.173706,-0.1188586,27.83086,0,background
10.767333,29.019331,26.016,86.246956,27.972015,721.0772,-0.18474878,30.61732,1,presence
7.576,25.109373,30.98,55.66559,0.0,0.0,0.0,0.0,0,background
11.808,23.11125,26.496,112.30957,27.418495,163.18497,0.009223138,24.371334,0,background
11.611333,20.897223,26.848,89.148224,29.50843,56.206875,0.27125487,28.148788,0,background
8.356334,22.543253,27.144001,101.27347,19.230312,29.996077,0.57408214,50.283768,0,background
12.515667,30.808554,28.512001,91.73179,0.0,0.0,0.0,0.0,0,background
9.192667,29.16455,29.148,65.75184,22.5386,780.7304,0.6117138,31.568256,0,background
8.323667,27.276402,26.072,52.82309,27.06235,459.16718,-0.276348,36.882748,0,background
8.307667,26.203844,31.236,58.98739,25.72956,95.73213,0.15548012,35.043255,0,background
13.521999,49.911415,25.772,22.65351,0.0,0.0,0.0,0.0,1,presence
12.775666,25.744936,28.764,120.17751,23.592962,157.31998,0.3287157,52.938133,0,background
12.099667,23.089203,22.592001,89.73557,21.459196,831.60144,-0.4869062,42.921844,0,background
12.347,22.37586,26.976,76.1127,30.079226,49.364235,0.53955704,30.653687,0,background
6.406333,23.801208,24.364,59.391884,0.0,0.0,0.0,0.0,0,background
12.150001,24.216694,28.756,122.69248,22.753635,162.43163,0.10977977,52.036453,0,background
13.036333,26.470787,23.92,70.47323,21.721779,657.4968,0.028961701,35.93101,0,background
10.842667,20.310705,26.883999,86.55671,29.997536,52.31822,0.39650095,27.989498,0,background
9.401999,24.38278,24.732,37.189106,27.07435,174.27762,0.44041708,31.557356,0,background
14.775666,26.15903,25.612,71.17059,20.042841,606.31714,-0.04177535,39.570797,0,background
11.682333,28.482382,22.012,84.83041,22.2467,1004.7666,0.030189274,39.342262,0,background
11.769,23.258892,23.596,100.73025,20.014765,812.6064,0.14082365,36.53202,0,background
6.686667,23.20148,28.82,24.211761,15.619837,7.941121,0.48674026,20.781317,0,background
12.570666,28.365976,25.82,103.34688,22.319735,545.1094,-0.44133312,31.938618,0,background
12.301333,31.776537,24.516,91.00498,0.0,0.0,0.0,0.0,0,background
7.7366667,26.90453,25.872,60.91042,28.96009,1442.4413,0.61537105,30.268887,0,background
10.230333,28.961424,25.824,65.675026,26.75552,659.3408,0.10197418,34.388477,0,background
7.898333,22.402805,22.432,33.74761,22.336876,156.90718,0.3223732,46.483353,0,background
12.618667,31.040703,27.708,92.43157,0.0,0.0,0.0,0.0,0,background
10.321,23.787683,27.355999,106.53925,19.083435,158.59827,0.5044699,41.322285,0,background
12.674334,24.269175,26.244,72.78231,21.054972,349.99115,-0.23710941,31.690407,0,background
11.391,22.437363,27.640001,117.855194,26.660917,197.68105,0.7528666,45.457718,0,background
9.0373335,28.884342,27.596,48.053658,31.670408,724.8062,-0.1656102,35.043274,0,background
10.962334,26.527765,27.803999,102.679504,22.532333,78.70559,-0.049688935,38.96959,0,background
7.9206667,27.52908,24.956,60.53818,31.40979,1528.3063,-0.82508683,25.291496,0,background
13.170667,30.30805,28.336,95.433586,21.769316,1117.3468,-0.37540188,36.632843,0,background
7.008,24.71086,29.704,60.928474,0.0,0.0,0.0,0.0,0,background
12.441334,25.301662,25.152,98.29883,24.128563,769.2568,-0.5988014,28.247046,0,background
9.095333,28.93654,28.928,66.05193,24.952904,828.63904,0.108479045,31.633543,0,background
12.732333,29.612833,28.216,97.08471,16.437462,1515.8861,0.1641068,41.422016,0,background
13.665,23.983784,24.216,92.801155,20.727566,785.24255,0.3671203,42.314163,0,background
13.574333,28.263374,26.484,127.63409,27.278471,404.41498,0.18678458,40.05296,0,background
10.478333,20.324179,27.236,94.04244,29.975382,59.000843,0.42281884,28.286146,0,background
7.3840003,25.764132,29.124,60.305435,0.0,0.0,0.0,0.0,0,background
12.908667,31.66683,26.964,91.52534,19.43287,1627.8552,-0.27511293,36.69009,0,background
11.801333,22.784256,28.724,120.88414,27.559355,130.12054,0.21536817,42.70757,0,background
10.090667,25.450632,23.94,38.143463,16.95565,225.97073,-0.8995339,49.054565,0,background
10.441334,21.355913,25.18,95.19597,25.215408,435.87854,-0.090703644,33.64452,0,background
8.34,26.101652,31.608,57.06389,25.569698,43.592934,-0.15188102,36.075787,0,background
12.427667,24.28417,27.22,102.64121,22.840763,314.7328,-0.34783807,37.83213,0,background
12.514334,28.054012,25.024,103.98375,22.719337,765.7774,-0.3799843,31.651503,0,background
11.523334,24.798428,25.332,82.80538,27.286716,200.13484,0.24604818,29.310143,0,background
11.982333,24.419853,22.008,64.28328,20.873672,565.07855,0.26320034,41.9594,0,background
10.411,19.084543,25.68,84.26602,27.890665,83.49148,-0.066640995,28.868603,0,background
10.194667,19.210573,26.492,79.4326,26.095888,30.114046,-0.20149317,35.756477,0,background
7.46859,25.192442,24.784615,28.13248,15.148745,12.605937,0.6348828,36.82291,0,background
8.183001,25.768358,31.616001,52.870056,22.749142,35.30127,0.09066766,39.78076,0,background
10.254,27.97054,29.3,81.48994,27.324236,16.108646,0.20055012,30.965729,0,background
14.885667,32.42217,30.804,91.24268,0.0,0.0,0.0,0.0,0,background
3.5660002,12.631058,22.968,23.425756,24.690458,259.77948,0.2329935,36.528305,0,background
7.756,25.978027,31.728,57.98002,0.0,0.0,0.0,0.0,0,background
9.224,28.977129,29.864,49.716415,23.199371,14.50498,-0.1605662,41.58582,0,background
10.758667,21.260508,26.428,78.529045,28.267282,124.72497,-0.36834392,25.977613,0,background
14.010333,28.1332,26.188,121.100815,20.047964,676.5033,0.36446643,47.4448,0,background
11.284333,21.34597,27.220001,96.4571,29.168207,65.5936,0.27024534,28.465141,0,background
7.7633333,26.27719,32.22,63.409325,28.787333,403.81497,0.42660913,25.337923,0,background
11.215,22.335299,26.616001,94.949974,23.849516,142.89056,0.4479856,28.392275,0,background
12.7873335,27.179335,24.068,99.64579,20.99876,971.0503,0.25732917,31.757887,0,background
10.144117,25.171509,22.752941,64.91307,19.383383,48.945255,0.025605746,33.90459,0,background
13.928,29.842304,29.748001,88.47792,0.0,0.0,0.0,0.0,0,background
12.882667,25.89585,29.604,117.6658,16.142693,168.18375,0.1634992,50.85234,0,background
6.715,22.062689,23.56,28.718555,19.290743,361.77274,0.37058434,47.12445,0,background
10.887,21.023869,26.556,83.3444,28.385597,162.91512,0.34492388,26.719734,0,background
12.413667,21.940025,25.664,72.72508,29.729149,84.317276,0.026003087,30.931898,0,background
8.543333,25.895166,25.880001,36.266422,29.336014,931.6382,-0.13366155,34.354313,0,background
10.427667,26.092651,28.924,96.351395,20.530632,19.652617,-0.17541803,28.727772,0,background
8.774,27.734226,24.028,59.822838,29.777647,1120.1046,-0.39340854,34.79943,0,background
8.355666,27.4749,29.303999,42.933846,19.736776,8.667271,0.13457969,46.337807,0,background
13.723,25.414845,23.636,68.86918,20.843138,705.2602,-0.15251681,41.412804,0,background
14.831,30.767157,31.331999,92.62859,19.653742,1165.0315,0.122967824,40.006256,0,background
10.728,23.673758,19.188,63.07977,17.889824,743.682,0.24235423,42.843845,0,background
12.952,28.731144,20.764,102.38579,20.228485,1447.2096,0.35094267,33.443916,0,background
9.977,23.809183,21.856,60.932907,20.457653,295.7214,0.1943865,42.5553,0,background
7.5983334,26.317308,30.068,60.461952,0.0,0.0,0.0,0.0,0,background
12.879,27.242153,29.008,128.17145,13.536389,326.22238,0.023453705,46.16879,0,background
14.054,24.190994,26.244,94.20685,21.124424,325.05026,0.06906303,43.099606,0,background
11.531333,23.506468,25.996,93.88036,24.448383,413.59116,0.0638452,34.594078,0,background
8.116333,26.853935,32.888,64.90361,27.724257,343.41473,-0.47953925,26.037083,0,background
12.954667,31.415915,27.124,91.9392,0.0,0.0,0.0,0.0,0,background
12.979,25.61375,27.22,125.45351,24.276482,263.05383,-0.035768628,37.57538,0,background
13.877666,28.512629,24.512,125.96504,28.892076,606.00836,-0.08168419,28.242023,0,background
10.896334,29.938272,28.064,72.14966,29.62092,304.0458,0.24377246,30.393705,0,background
12.083667,26.641825,20.936,93.36599,20.82767,1401.982,0.4459405,36.923866,0,background
9.9626665,30.783176,28.532,52.45399,27.53981,478.84192,0.052273527,39.99248,0,background
11.6293335,23.391531,26.636,98.24801,26.249317,139.70558,0.86010903,27.267216,0,background
14.817666,25.267149,24.004,90.491776,21.241554,781.48645,-0.42563167,40.34476,0,background
10.476334,27.222569,27.332,102.003296,22.095558,142.6086,-0.025077261,37.712048,0,background
12.459333,25.427212,29.2,117.76298,18.547281,159.25851,0.41299736,53.9676,0,background
12.477,29.228355,21.028,93.29208,21.760353,1357.7898,0.2117647,35.06703,0,background
11.97,22.30712,27.228,110.48379,30.57838,161.68274,-0.10669727,21.325642,0,background
13.252666,24.415377,26.988,67.34395,26.662413,79.67581,0.36669025,30.178034,0,background
7.237334,25.49075,30.588,61.334454,0.0,0.0,0.0,0.0,0,background
7.237,25.776464,29.136,60.958244,0.0,0.0,0.0,0.0,0,background
12.306666,26.568796,21.876,55.758595,20.814077,280.0695,-0.09475925,42.503433,0,background
10.997666,24.288134,24.144,72.87854,23.695738,332.32495,-0.37072325,34.128815,0,background
8.821,28.90236,27.539999,65.64689,27.074905,1087.7244,0.40144747,28.949488,0,background
7.516667,24.461946,30.876,46.493896,0.0,0.0,0.0,0.0,0,background
10.807667,20.269442,26.7,91.29141,28.48533,55.06538,0.86131686,28.559452,0,background
7.348,25.247389,31.372,60.49025,0.0,0.0,0.0,0.0,0,background
10.208333,24.310186,25.544,105.56663,19.04875,525.80347,0.15115494,49.838493,0,background
7.6026664,24.342554,31.968,49.989586,0.0,0.0,0.0,0.0,0,background
12.174334,23.254763,25.708,107.50989,28.618399,186.5721,0.55127,23.914427,0,background
10.413,27.606045,25.816,84.92169,26.397434,169.84676,0.24962887,31.026222,0,background
10.954667,24.82475,28.196001,105.7565,21.324629,10.701083,0.10973219,57.15542,0,background
14.022,29.897655,30.652,94.61677,0.0,0.0,0.0,0.0,0,background
7.13125,24.10224,29.025,24.644644,20.314316,23.592234,-0.071320996,24.241663,0,background
12.9713335,24.28361,22.996,91.97147,22.344193,840.71326,-0.049069714,42.59429,0,background
9.229667,19.986286,19.14,70.943146,20.32767,1116.31,0.038375366,42.847103,0,background
14.949333,32.896164,30.544,91.68838,0.0,0.0,0.0,0.0,0,background
8.308333,21.806648,27.6,99.20973,0.082523264,1.3241324,0.62531036,0.1453183,0,background
11.578667,23.327156,27.496,116.812515,28.16449,191.29445,-0.15883657,39.3025,0,background
11.34,25.890411,27.28,102.83714,18.899715,172.67342,0.07046867,41.517353,0,background
13.295,24.346249,23.444,87.85959,21.827887,644.1411,0.45791176,44.169155,0,background
12.421666,31.919176,24.528,87.63446,20.26745,2104.9695,-0.24481934,25.032646,0,background
11.955,23.896618,28.776,120.4882,22.646519,149.9851,-0.09703068,53.470646,0,background
13.0390005,27.932734,23.516,98.262184,20.33626,1029.1788,0.09901366,33.108253,0,background
9.381666,29.632553,28.604,44.236588,21.203413,31.789394,-0.064672396,42.909153,0,background
12.862667,31.557083,28.004,88.73809,0.0,0.0,0.0,0.0,0,background
10.462334,20.267984,27.464,91.270935,30.190763,57.493122,-0.20799586,28.386723,0,background
13.892,32.801285,28.16,95.56284,18.00713,1727.8131,-0.3440667,30.438427,0,background
10.406,29.639967,13.324,96.55584,0.0,0.0,0.0,0.0,0,background
11.361667,22.242887,27.108,97.95494,27.001984,111.29374,0.19000712,30.164982,0,background
14.441333,34.03727,26.108,85.722595,0.0,0.0,0.0,0.0,0,background
12.063,25.215302,28.076,106.75375,21.502354,118.86267,0.7278662,42.117596,0,background
11.585,20.46386,26.128,85.43678,30.763689,61.704983,0.33691904,31.08069,0,background
7.2209997,25.584608,28.708,50.49294,32.29588,266.12332,0.29087445,33.91579,0,background
11.500334,22.075272,28.044,116.72559,29.156982,145.04663,-0.08395716,43.700256,0,background
11.507,21.898073,25.948,90.88927,29.435474,137.48688,0.019415619,30.559978,0,background
13.171333,32.444904,26.86,91.558365,17.992422,1816.8239,-0.36782512,30.988794,0,background
13.776,25.415098,23.5,68.10297,18.7262,687.1201,-0.5660271,41.819717,0,background
10.509,27.919767,26.32,91.74075,27.627129,583.1079,-0.37058696,30.596777,0,background
15.727333,26.57542,24.392,90.91747,22.592747,670.607,0.54296756,40.991817,0,background
10.661333,19.89203,26.704,86.58205,29.5633,49.852673,0.27739683,28.370419,0,background
12.281334,25.590378,24.852,96.82585,26.818525,572.69604,-0.2775923,30.188536,0,background
8.189667,27.55608,29.524,48.65735,33.97946,200.41902,-0.13133906,36.203545,0,background
8.205,25.824625,31.512,55.506996,23.930351,40.453213,-0.14823139,38.392998,0,background
12.474667,24.010061,24.924,103.61101,22.72212,298.85556,0.27676395,35.003853,0,background
10.37,25.436617,27.664,101.98266,19.358692,56.704315,0.42447066,40.853207,0,background
11.779333,22.918774,26.0,101.23321,26.445784,221.54477,-0.7473152,31.477753,0,background
10.015333,24.010675,27.504,104.294136,17.520155,109.57666,-0.28567514,53.067253,0,background
11.197,21.384644,27.568,119.84718,30.91937,149.35371,0.026391366,36.92605,0,background
11.511,23.175888,26.612,81.110794,19.718292,73.82042,-0.24253283,23.575537,0,background
9.503667,28.563557,28.364,73.44968,24.17235,319.98355,-0.17812037,33.66597,0,background
14.4470005,32.093033,31.171999,99.20159,16.232006,1333.5631,-0.5836532,44.782124,0,background
10.634666,23.72962,19.208,64.47223,17.717844,718.7254,0.34237918,43.049576,0,background
7.378333,20.814526,19.964,31.988348,20.663332,791.0116,-0.24020702,45.544373,0,background
10.974,25.29504,28.296,111.22709,23.003881,59.52823,-0.4035986,40.45101,0,background
8.788,24.103127,22.228,38.42844,18.072624,369.2348,-0.11155602,46.98583,0,background
12.450333,25.879965,24.476,95.31348,27.34647,640.6823,-0.22178307,30.082664,0,background
7.556333,25.094093,31.824,58.53724,0.0,0.0,0.0,0.0,0,background
12.715,24.09787,26.588,98.54579,24.139194,336.26596,-0.03971614,26.890722,0,background
11.991667,22.505192,27.04,95.20239,27.16996,57.56097,-0.25295573,30.06862,0,background
7.359667,24.512611,30.932001,54.10051,0.0,0.0,0.0,0.0,0,background
7.0223336,22.805708,32.84,45.692955,0.0,0.0,0.0,0.0,0,background
12.684334,26.478653,28.368,123.067665,20.010918,294.6143,-0.012904864,49.0671,0,background
12.321333,22.834198,24.776001,92.19913,21.381353,425.23074,0.26526773,40.199417,0,background
10.332333,21.150276,21.668,72.78224,18.591934,745.4682,0.46516815,43.786835,0,background
11.161333,24.805168,24.16,86.99958,21.256302,520.7872,-0.07115471,37.582542,0,background
7.465,25.65292,30.836,60.974503,0.0,0.0,0.0,0.0,0,background
12.059667,24.655846,28.248,123.78739,22.834143,147.29408,-0.1146131,52.317326,0,background
11.9609995,22.713634,28.355999,118.24832,27.055094,139.27672,0.2323813,48.077515,0,background
11.457,20.661112,26.448,86.30039,27.528801,48.803535,-0.22729282,30.43715,0,background
6.6466665,21.28977,26.692001,92.96906,16.900656,34.98181,-0.04798035,49.145714,0,background
11.749333,24.968832,28.036,102.50263,31.331589,61.576786,-0.429999,30.105873,0,background
11.342334,22.867607,25.24,99.81282,27.979528,413.69415,-0.38016358,31.051044,0,background
8.523334,23.390047,22.04,33.570045,18.079908,441.38028,0.07424788,45.943188,0,background
12.256666,31.631739,23.7,96.73353,0.0,0.0,0.0,0.0,0,background
12.312333,23.664822,25.78,105.80507,25.137796,246.6239,0.18547384,23.01384,0,background
13.783,31.310768,30.24,93.94949,17.979391,1200.6296,0.48886517,43.923634,0,background
12.604334,31.88065,27.008,87.05421,21.48706,1562.0947,0.108311355,31.974491,0,background
9.157576,24.909332,24.336363,91.020515,19.529144,59.135574,-0.15837859,22.185148,0,background
13.586333,25.798141,21.935999,69.417656,19.654125,978.4411,-0.46584246,42.606354,0,background
12.2543335,22.532976,24.528,90.25358,21.365778,539.1539,0.24478602,42.77325,0,background
7.7863336,24.835205,31.776,50.60147,28.889761,36.76802,-0.109507196,26.538586,0,background
11.146667,20.600775,26.648,87.01024,28.65446,47.32387,-0.23703769,28.713604,0,background
14.863,26.287584,25.935999,71.38136,20.782177,557.3091,-0.12182388,40.589268,0,background
9.203667,23.428537,27.608,101.159515,19.491623,15.550163,-0.53673416,44.99103,0,background
11.692334,23.542875,26.664001,80.84785,28.033762,101.09486,-0.31061813,32.546955,0,background
12.920667,48.07511,25.008,19.476679,0.0,0.0,0.0,0.0,1,presence
8.527604,26.943459,28.3125,71.01408,24.029898,97.52317,-0.08882262,33.757896,0,background
12.050667,22.29623,27.22,76.311905,29.371855,66.52682,-0.49866045,24.686993,0,background
7.8813334,26.190794,31.656,61.056343,0.0,0.0,0.0,0.0,0,background
12.823334,22.890635,23.448,95.20483,20.232662,858.7389,0.057694618,43.78888,0,background
12.040667,25.193897,28.383999,108.8871,20.450283,98.65061,0.096036315,42.705574,0,background
12.141666,22.920914,27.008,109.20762,29.639057,156.87578,-0.3039694,24.671885,0,background
11.722333,23.028315,24.508,99.02757,20.958046,673.2731,-0.046778113,35.622875,0,background
10.717333,24.055784,23.012,82.8118,19.647903,607.1678,0.21235166,36.377876,0,background
11.4453335,26.332905,25.008,66.05628,25.151337,242.37283,0.4506589,35.15884,0,background
7.861,27.095684,23.732,66.13181,27.621044,1703.9003,0.2668217,26.591036,0,background
8.142333,27.567488,27.568,61.89306,25.28349,1075.4036,-0.20352606,31.664726,0,background
13.257667,30.620996,29.892,98.654045,15.5849905,1169.4608,-0.037380904,49.370247,0,background
11.456,26.651777,22.016,89.00555,20.296745,1027.657,0.04710641,39.902706,0,background
11.036333,24.72297,22.3,61.237846,20.976538,327.74893,-0.37546995,42.00207,0,background
11.546,27.425177,25.92,104.6269,25.297771,455.975,0.0066445796,30.601982,0,background
14.026999,25.25749,27.524,66.29223,25.687798,151.52977,0.40047908,30.850868,0,background
13.018333,25.928802,27.136,125.32258,22.933897,321.69394,0.46504796,31.375032,0,background
15.078,36.248676,22.0,97.04525,0.0,0.0,0.0,0.0,0,background
11.571667,21.772535,24.688,72.831245,24.318796,223.17537,-0.6369895,37.906235,0,background
10.412666,24.045507,27.7,105.60235,32.79423,7.0013146,-0.08877995,25.104986,0,background
10.742667,20.872517,26.768,76.70535,34.77385,62.761967,-0.13035071,18.605993,0,background
10.232,23.96253,25.552,106.43489,19.590982,522.9382,0.053144798,47.5853,0,background
10.655,21.551376,26.619999,92.763824,26.508417,226.49995,-0.46437743,28.4837,0,background
13.490666,32.501366,27.723999,98.55834,0.0,0.0,0.0,0.0,0,background
6.876,24.694727,28.316,60.314384,0.0,0.0,0.0,0.0,0,background
14.09,25.93506,27.028,67.820915,22.569908,328.3697,-0.5325196,34.105522,0,background
11.102334,25.85305,26.52,104.463394,23.317268,377.17993,0.58400416,36.044296,0,background
14.960334,31.969257,30.948,91.760445,21.64183,1240.9672,0.80118185,37.886524,0,background
11.189,25.184568,28.212,106.94488,21.570934,15.003855,-0.29796028,45.589775,0,background
9.116667,22.368895,27.04,107.52489,18.330317,131.24864,-0.0697665,48.703133,0,background
7.865667,25.64111,31.2,55.75541,0.0,0.0,0.0,0.0,0,background
7.677333,24.428324,33.156,46.7881,0.0,0.0,0.0,0.0,0,background
12.607,24.445436,27.359999,121.45918,22.664078,170.07047,-0.29023245,42.178596,0,background
13.918333,33.129425,22.744,101.63734,0.0,0.0,0.0,0.0,0,background
14.13,34.26285,25.68,84.26003,0.0,0.0,0.0,0.0,0,background
10.389333,26.979675,23.424,102.71111,24.42894,844.6085,0.52493095,35.39993,0,background
12.698,26.689928,29.768,121.68884,17.837101,246.79517,-0.04780284,51.66683,0,background
12.82,26.044205,29.172,123.44697,21.624107,175.74684,0.16177878,55.182323,0,background
12.401333,25.302647,27.344,101.75463,19.350927,372.90176,0.24969848,46.100273,0,background
8.059,26.168982,28.408,38.90185,31.79761,535.0903,-0.3585554,35.22143,0,background
8.083333,25.41609,31.720001,52.296284,28.901108,30.60304,0.33897406,28.46747,0,background
13.531333,28.559168,25.928,127.831215,24.809347,588.8638,-0.2623033,41.523327,0,background
11.654667,32.830048,18.448,96.41159,0.0,0.0,0.0,0.0,0,background
12.817,25.092012,26.812,98.64321,27.400951,286.12708,0.50227606,29.11915,0,background
13.542334,22.82621,24.944,91.19032,22.667418,628.42505,-0.41400748,40.464626,0,background
14.183,31.016008,29.452,94.24129,18.247665,1360.1692,0.015276057,58.502193,0,background
14.128667,34.20322,25.9,84.160225,0.0,0.0,0.0,0.0,0,background
12.111334,24.187836,24.624,101.499,24.681784,611.70026,-0.16404763,33.025284,0,background
7.4066668,25.424503,32.86,63.454098,28.08933,330.0111,0.11117578,26.168299,0,background
13.383,24.272707,25.204,72.79783,18.651787,461.10153,-0.2252156,42.911427,0,background
6.756,23.971048,32.572,66.65487,27.368925,332.8535,-0.43311158,31.628824,0,background
10.867333,20.177002,27.072,86.8151,30.90832,45.72501,0.54422534,26.947672,0,background
6.2357144,21.8797,24.4,28.788141,10.74736,2.0419774,0.5936651,19.472593,0,background
10.452333,20.601414,25.904,116.43514,31.316154,252.3219,-0.108841605,31.264725,0,background
14.518667,26.210764,24.56,71.40186,19.836557,746.2825,0.31168038,41.074894,0,background
12.9713335,29.338943,27.34,106.33374,18.841747,1678.2583,0.36656976,43.762646,0,background
12.428,28.051643,25.4,104.39175,22.829926,658.23395,-0.34120542,31.546158,0,background
13.717,32.749977,28.744,101.01696,0.0,0.0,0.0,0.0,0,background
8.878667,23.913668,22.728,36.33221,21.11635,468.14673,-0.024401052,42.846195,0,background
7.5926666,24.332352,32.168,49.177097,0.0,0.0,0.0,0.0,0,background
14.147,32.663002,29.312,94.47833,16.057102,1528.1166,0.12987708,39.856297,0,background
7.7733335,21.176128,20.264,53.290306,22.677355,151.28906,-0.075981066,42.241352,0,background
14.8376665,25.969032,25.996,70.71339,20.294973,502.91922,-0.21049243,40.32579,0,background
8.065,25.61293,31.435999,52.97431,21.918316,48.69714,-0.14472137,38.620483,0,background
12.2126665,25.135149,24.94,99.66445,24.586277,533.3236,-0.11643303,31.718908,0,background
14.161,30.336332,30.896,91.851105,0.0,0.0,0.0,0.0,0,background
12.8,23.588383,26.54,71.80211,29.053453,74.29878,0.4336642,32.57663,0,background
8.052334,28.072561,30.152,38.026264,30.79147,9.422026,-0.52256054,26.864138,0,background
14.029,29.088911,25.428,126.21162,30.501423,500.40936,-0.58226895,30.95595,0,background
13.463667,32.992714,26.732,93.41355,0.0,0.0,0.0,0.0,0,background
8.185667,23.23889,24.568,33.50735,34.083107,90.20884,-0.007957678,26.848942,0,background
8.759334,26.786951,21.196001,60.625084,30.509705,1643.5504,-0.41257372,34.60669,0,background
7.2366667,25.687443,27.552,58.76698,0.0,0.0,0.0,0.0,0,background
12.594334,25.130363,26.44,98.08856,22.207033,464.92648,-0.15256222,32.51624,0,background
11.918667,24.019884,28.664001,110.730545,26.38851,175.62987,0.83212715,35.87522,0,background
14.569667,33.68553,23.168,99.076065,0.0,0.0,0.0,0.0,0,background
11.799666,22.58396,26.984,101.23473,27.31233,106.04327,0.27973378,33.44948,0,background
7.712,26.306452,29.460001,61.119396,0.0,0.0,0.0,0.0,0,background
11.981667,26.280195,28.8,110.577545,20.899393,74.15997,-0.152079,46.248825,0,background
14.970333,32.552696,30.82,91.416916,0.0,0.0,0.0,0.0,0,background
15.240666,33.22144,30.184,87.88354,0.0,0.0,0.0,0.0,0,background
13.991667,31.730013,28.812,88.77508,0.0,0.0,0.0,0.0,0,background
12.079667,25.220617,25.796,100.48708,20.248922,717.63605,0.06126535,28.172981,0,background
14.271667,25.659235,25.036,73.25426,19.706806,519.74274,0.24168827,44.699715,0,background
13.215667,32.657078,27.068,97.45277,0.0,0.0,0.0,0.0,0,background
13.342333,27.448843,27.68,128.61472,28.866192,243.95735,-0.3278792,41.792652,0,background
12.022333,24.311117,28.42,119.94731,20.00116,174.95485,0.7377416,44.102203,0,background
12.752334,25.451727,24.352,100.05833,20.540054,933.95764,-0.4669751,28.804594,0,background
12.236667,26.390327,24.708,96.72257,20.461014,508.3253,0.37320355,36.18075,0,background
12.865334,26.452284,29.068,126.541214,23.615788,187.56255,0.15923022,49.80944,0,background
8.944667,24.717218,26.584,102.83119,23.856594,282.8598,-0.43511084,38.213455,0,background
12.321667,25.392933,25.668,99.06194,24.414135,475.68558,0.43267584,31.52297,0,background
8.508667,24.867508,28.576,28.534111,25.298868,324.8174,0.45622495,39.392277,0,background
11.956,24.815275,28.276001,102.793236,22.711374,90.74104,-0.81051207,42.405704,0,background
13.773666,25.149115,21.668,92.548294,21.309374,1202.1095,0.15257488,44.643436,0,background
10.836,20.849688,27.552,106.35794,25.052107,141.15727,0.80748034,31.11316,0,background
11.803333,22.97441,28.592001,121.55607,22.068365,133.59595,0.21267514,52.490227,0,background
11.915999,26.428316,22.328001,96.935455,18.749128,1020.0649,0.19138902,34.306488,0,background
10.465,29.598936,27.188,73.98249,27.415216,441.76654,0.1676844,29.506395,0,background
14.322333,33.46965,28.28,92.99314,0.0,0.0,0.0,0.0,0,background
11.691333,23.375187,23.572,100.09847,20.127134,879.76013,0.02477664,36.184254,0,background
11.886666,21.425138,26.668001,87.467606,27.898624,49.631535,-0.25288847,28.640846,0,background
12.777667,25.113338,21.407999,63.73781,20.212635,742.0164,0.070044205,40.58461,0,background
11.678667,22.980453,26.296,73.15497,26.365765,198.38335,-0.0426529,29.7917,0,background
15.062333,32.858494,30.876,88.90077,0.0,0.0,0.0,0.0,0,background
10.048333,26.594149,27.456,99.95895,28.12665,235.08626,0.44925153,34.713707,0,background
8.138667,23.058327,22.64,35.485653,19.480291,118.14419,0.41945812,52.480648,0,background
11.799,31.151653,25.584,85.86943,20.830507,1774.4852,0.0882749,31.439703,0,background
12.113,25.652266,24.024,97.27831,20.585033,712.7001,-0.4640357,37.061497,0,background
11.810666,22.329779,27.584,116.89704,29.562092,149.74579,-0.30943546,41.353714,0,background
12.707,31.341259,26.508,96.164375,0.0,0.0,0.0,0.0,0,background
10.568334,20.983904,26.3,83.29771,28.829323,81.34226,0.3093616,27.246443,0,background
7.8953333,27.2328,25.504,66.02376,29.197023,1574.5676,-0.34714434,24.853476,0,background
9.291,29.312847,32.352,47.658096,29.242294,16.161928,0.23288342,30.088388,0,background
12.198,24.116251,28.68,125.31764,27.778463,134.57028,0.52929044,50.20114,0,background
12.003667,26.892344,19.576,92.62727,23.270987,1593.318,0.26955846,43.15551,0,background
9.975333,26.829838,26.46,93.1351,27.79051,345.0261,0.5948936,36.679832,0,background
8.935,28.86728,29.76,46.79469,28.609318,152.52809,-0.18994775,32.825058,0,background
12.457334,24.353561,26.996,101.89733,22.70259,338.3688,-0.32622373,38.657894,0,background
9.822333,24.813898,23.223999,89.815674,20.189888,441.10114,0.21154146,40.61687,0,background
12.31,24.60622,29.1,121.84283,20.948404,146.23767,-0.36201492,55.969936,0,background
6.621333,23.838326,29.907999,61.91165,0.0,0.0,0.0,0.0,0,background
11.263,25.903864,25.136,104.91257,25.247627,610.7041,-0.28828132,34.08417,0,background
8.856667,24.368992,23.088001,39.309856,18.294012,51.233253,-0.28832638,45.12068,0,background
11.719999,22.847786,28.512,118.99309,20.33495,141.4028,0.78434503,46.29892,0,background
12.238,25.453411,28.828,109.61222,20.31965,159.6616,0.29940754,53.78953,0,background
7.651,24.29506,29.056,19.747755,28.791626,275.57922,0.21945548,35.19795,0,background
12.687667,23.809612,27.556,106.3897,29.48406,182.76178,0.57894236,24.97395,0,background
12.034333,24.274515,25.184,102.44759,23.34309,579.54913,-0.34681827,35.35944,0,background
10.907667,21.204641,27.88,118.20953,18.75626,139.1126,0.35774088,46.855343,0,background
11.715,25.070621,26.5,102.843605,18.534826,427.89456,0.12862743,42.086746,0,background
13.058001,25.355341,21.004,69.02111,19.46363,1079.8964,-0.0485282,42.948017,0,background
7.456333,23.76445,32.552,47.65094,0.0,0.0,0.0,0.0,0,background
11.311334,21.922888,26.812,74.48917,31.816254,83.59138,-0.22732215,23.197912,0,background
12.513333,25.522831,25.74,98.989365,22.878958,769.7124,0.20572072,26.052052,0,background
10.811,19.835241,25.828,85.76308,29.184694,66.30998,-0.54412836,30.870026,0,background
11.019667,28.281662,22.124,99.855095,21.712757,2349.1235,-0.34566063,38.73563,0,background
13.216666,23.631575,26.764,93.16789,30.29695,107.78359,-0.44047964,30.328856,0,background
7.5980005,24.993422,31.552,54.30399,0.0,0.0,0.0,0.0,0,background
12.550333,23.624601,26.216,77.822296,21.377241,314.68692,0.23869695,33.544884,0,background
15.052,32.787315,30.876,88.72429,0.0,0.0,0.0,0.0,0,background
10.8376665,29.692238,28.868,83.08905,29.379505,187.37943,0.29443005,34.983334,0,background
12.939,30.012526,27.516,105.528854,23.88965,1099.191,0.5305113,22.750076,0,background
12.947333,28.94682,21.84,96.22756,22.418957,1335.6627,0.5480565,31.855152,0,background
11.732,30.271442,24.636,91.26581,0.0,0.0,0.0,0.0,0,background
6.822,24.31219,31.944,62.907562,0.0,0.0,0.0,0.0,0,background
7.785333,25.909655,31.732,60.57221,0.0,0.0,0.0,0.0,0,background
8.580334,27.600145,30.972,38.28405,30.070314,123.47135,0.104772076,33.662468,0,background
11.863334,25.213238,21.616001,67.856834,21.231274,598.09906,-0.3931913,40.737114,0,background
9.021334,24.794783,28.588,89.83822,28.2398,15.473362,-0.045163684,38.32266,1,presence
11.5546665,24.795422,20.384,62.079044,18.83158,793.2232,0.37307596,42.230297,0,background
10.568334,25.443792,27.596,101.32974,18.548302,81.86911,0.25991055,42.387676,0,background
9.424,23.781164,27.82,101.69923,21.652979,16.7406,-0.24136512,44.07469,0,background
8.232667,24.044003,28.644,28.21646,23.075222,287.9282,0.22011988,39.835003,0,background
11.735667,23.825861,26.688002,86.76851,27.726633,153.62311,0.24718493,25.801222,0,background
13.966001,24.989264,26.316,74.70136,19.522493,358.3511,-0.058749095,39.422184,0,background
7.226,23.160255,28.24,23.63286,26.817429,223.13484,-0.44235975,28.817465,0,background
11.8046665,22.836544,27.632,112.78686,27.789234,169.03813,0.6226124,34.745697,0,background
12.084333,24.159002,28.7,116.46629,21.802225,162.70148,-0.21776746,44.437737,0,background
14.589666,30.785084,31.632,91.56167,0.0,0.0,0.0,0.0,0,background
11.273334,30.551039,23.536,85.881905,23.872072,2001.4169,-0.084945604,27.521736,0,background
10.897667,25.003824,28.036,110.01635,33.658703,6.733722,0.4113795,26.540543,0,background
8.760667,27.818705,28.08,67.506615,26.38703,186.78807,-0.34456486,43.34727,0,background
6.5216665,23.388563,32.648,64.556526,0.0,0.0,0.0,0.0,0,background
9.474334,29.533459,29.408,52.97828,27.89555,224.94089,-0.020322751,37.60378,0,background
12.128,26.692492,28.728,111.41412,18.928308,97.17977,-0.06550625,50.102108,0,background
12.251333,23.263203,27.44,107.095665,29.244226,196.9623,0.5397021,24.93779,0,background
9.086667,22.53414,26.096,106.12368,17.7082,333.77225,0.49713656,42.05969,0,background
10.658667,23.847025,23.972,83.36381,19.001646,419.45465,0.14959356,36.785397,0,background
14.576333,33.545826,28.676,90.75145,0.0,0.0,0.0,0.0,0,background
11.7543335,20.643368,26.576,79.62496,28.907003,23.091564,0.18700007,29.875227,0,background
13.157333,27.765116,28.048,126.81934,17.026602,459.07947,-0.61988837,47.95186,0,background
7.1836667,25.156418,29.624,60.85806,0.0,0.0,0.0,0.0,0,background
7.7343335,25.395105,31.42,54.42703,0.0,0.0,0.0,0.0,0,background
12.76,25.72788,29.596,120.09347,17.322218,166.67601,0.062866524,60.14345,0,background
8.5199995,24.764563,23.06,36.048004,22.749727,212.72955,-0.15671688,42.61819,0,background
9.765667,30.16329,30.844,66.18635,29.212059,489.4463,-0.4718848,30.527142,0,background
8.064,25.922592,31.572,57.263462,25.055576,94.98029,-0.5163413,34.319675,0,background
7.5583334,26.229641,26.684,59.5215,31.382416,1183.639,-0.5337949,26.66977,0,background
14.033334,31.080204,28.652,102.365486,14.049234,1401.3419,-0.6151503,58.48445,0,background
11.709,20.895496,26.1,78.00771,29.99972,26.887873,-0.26043794,31.277006,0,background
11.766,23.282412,26.736,95.224014,28.509325,276.13342,0.009277941,27.761795,0,background
13.910333,31.799408,27.74,83.8773,0.0,0.0,0.0,0.0,0,background
8.823,28.202915,27.708,63.599148,26.270475,1021.76733,0.8006838,34.323578,0,background
13.955667,32.43995,28.0,96.26623,0.0,0.0,0.0,0.0,0,background
12.885667,26.052702,29.7,116.040306,17.54286,190.83577,0.12577958,48.048027,0,background
7.573,24.170177,32.832,47.39642,0.0,0.0,0.0,0.0,0,background
10.396334,24.141586,18.968,61.52505,19.150517,1014.67053,0.18033521,42.766735,0,background
11.164333,22.04299,27.236,88.8018,26.918882,123.91097,-0.43212155,31.634909,0,background
14.257667,30.50943,30.883999,88.03287,0.0,0.0,0.0,0.0,0,background
13.319,24.081507,26.204,92.95552,28.215034,252.3566,-0.092630416,36.719425,0,background
10.468666,21.505066,25.56,94.554085,24.423637,407.9196,0.34060112,33.08123,0,background
11.700666,27.2438,25.944,105.379456,24.12831,488.8422,0.14856033,32.381725,0,background
9.916667,24.586777,22.683334,64.65948,10.348186,17.01634,0.2794481,19.061733,0,background
8.095667,25.554504,33.6,46.824993,0.0,0.0,0.0,0.0,0,background
10.773334,27.216383,27.832,102.89324,23.14115,105.13331,0.023177806,37.99278,0,background
11.435333,24.91358,27.732,102.49164,33.332718,36.459187,0.34116727,30.85556,0,background
14.224333,24.336733,25.148,91.7969,22.841232,575.8227,-0.018519687,43.22599,0,background
12.167333,24.616276,24.748,102.17128,25.804884,434.9016,0.23476842,32.551193,0,background
12.882667,23.138636,24.508,94.63769,21.684315,655.6779,-0.13480856,43.387486,0,background
12.426667,25.337791,26.960001,98.27624,23.052885,545.3221,-0.1999195,27.756008,0,background
12.263333,22.869112,27.128,101.30709,27.88333,104.394455,-0.3854627,37.78152,0,background
12.023334,22.503805,27.488,107.51004,31.35316,117.037766,0.0931119,26.439816,0,background
10.302,27.025185,27.9,99.40478,26.025879,172.60588,0.43997437,38.595104,0,background
11.242666,23.062826,25.708,90.02332,28.535004,365.21655,0.03907855,29.811821,0,background
14.353333,25.140709,25.656,71.70924,19.931082,501.68253,0.58362603,41.79376,0,background
12.092,25.041418,24.124,103.54666,21.549871,635.6532,-0.42037863,34.96326,0,background
13.473333,24.237844,27.1,75.80401,23.4213,153.65625,-0.51757675,33.325867,0,background
10.834,22.796902,19.088,67.44406,19.751263,1057.8212,0.16649078,41.80384,0,background
14.583333,30.03405,32.116,89.98689,0.0,0.0,0.0,0.0,0,background
12.66,25.887453,29.956,112.792465,19.184366,219.88081,0.6246635,47.91485,0,background
11.441,22.454468,28.279999,122.770386,19.376028,133.60658,0.047975745,56.83518,0,background
8.588667,23.817713,23.476,36.80339,22.367579,302.0899,-0.36427456,42.803505,0,background
13.266,31.709532,28.776001,100.81461,0.0,0.0,0.0,0.0,0,background
12.039,31.571909,23.956,90.65978,0.0,0.0,0.0,0.0,0,background
12.427,22.745075,26.4,75.785545,22.64117,122.33211,0.17991276,32.507713,0,background
11.158667,20.411697,26.008,86.000084,26.76744,51.90038,-0.13681304,31.188007,0,background
6.9216666,24.840895,28.424,59.921265,0.0,0.0,0.0,0.0,0,background
11.92,23.705353,28.684,120.98858,21.354544,158.7288,0.3833859,45.97302,0,background
8.383333,26.50605,30.78,62.16531,25.126694,220.29085,-0.36046734,40.647835,0,background
11.654,23.276344,27.844,117.8221,24.995113,188.73077,0.20037459,42.42903,0,background
11.222334,21.720085,27.628,118.60931,28.205997,126.96455,0.008834526,36.277683,0,background
12.423,24.356913,27.376,96.6204,32.517002,266.35925,0.5338116,24.431427,0,background
12.167666,23.0117,27.204,111.82932,32.428497,177.21884,-0.66931134,21.392666,0,background
14.934,31.815083,31.140001,92.50229,0.0,0.0,0.0,0.0,0,background
12.879,25.909311,29.807999,116.69855,17.647358,180.5451,-0.064268366,48.775356,0,background
12.592333,23.319136,23.252,86.63487,22.016956,582.1011,0.2860583,44.88516,0,background
10.752,21.726479,22.584,70.08634,20.756187,563.7957,-0.01418939,43.811394,0,background
6.773333,25.189043,29.3,44.293003,30.387413,35.351086,0.6121211,25.783312,0,background
9.004666,27.034546,25.388,41.961067,26.875126,971.25146,-0.562677,38.37525,0,background
13.224667,27.699118,25.848,125.97846,21.517136,729.49304,-0.1487436,47.70381,0,background
13.091001,27.099033,28.952,121.45981,18.459517,221.24965,-0.5240638,52.084045,0,background
8.799334,27.296604,31.18,63.068897,26.822927,161.33734,0.2563756,31.43387,0,background
14.995334,32.239708,30.788,85.5538,24.175158,1316.398,0.025949962,35.051865,0,background
8.134334,23.997915,21.828,36.848385,24.536055,429.57422,0.06266518,44.453297,0,background
11.337,32.716724,17.476,97.4558,0.0,0.0,0.0,0.0,0,background
11.056666,27.454971,28.028,101.09543,26.945295,73.19326,0.6576166,33.015118,0,background
13.674334,25.330345,22.428,70.51641,19.249626,1003.75867,0.5557482,41.731373,0,background
12.368334,25.57343,25.676,100.36669,20.411026,519.69934,-0.050268702,29.982557,0,background
11.878,23.28837,28.976,116.42213,23.784063,134.63254,0.11224649,52.63024,0,background
8.216666,22.918293,22.288,35.22582,20.95807,156.687,-0.39625984,43.234306,0,background
8.542666,26.62262,28.596,39.944637,31.766066,470.16003,-0.26172167,34.16013,0,background
10.988667,26.648235,26.964,104.90206,25.37059,278.26074,0.21940002,30.984268,0,background
11.67,32.145218,19.752,96.63582,0.0,0.0,0.0,0.0,0,background
11.707333,26.687637,24.84,92.29713,21.907358,332.1104,0.49002096,29.447615,0,background
13.334333,25.325407,21.952,69.51065,19.095098,978.95746,0.3401705,41.807808,0,background
11.609,22.404276,27.148,109.08548,30.014402,185.2831,0.23363681,23.329315,0,background
13.221666,32.441032,25.976,86.71712,0.0,0.0,0.0,0.0,0,background
10.721666,26.036102,27.592,102.417175,19.057072,101.013275,-0.016854256,42.223698,0,background
14.317333,35.174267,22.176,94.71647,0.0,0.0,0.0,0.0,0,background
13.091,29.213158,29.407999,108.69236,14.842589,1295.554,-0.3794649,51.84788,0,background
12.786667,26.097368,30.004,122.90784,18.010206,213.42574,-0.19511063,49.295635,0,background
11.740666,22.325752,28.588001,120.89446,21.969828,138.79288,-0.1763904,56.646713,0,background
8.681666,26.578701,29.112,24.680899,28.475876,314.58725,0.48514253,35.963867,0,background
12.686334,23.746506,27.432,68.57314,26.563608,94.47626,0.4900502,26.577438,0,background
9.811,24.344913,27.636,102.48252,17.99049,13.506342,-0.25213084,42.83733,0,background
12.926666,24.584759,21.832,91.61614,21.31193,1007.46783,0.33088914,43.289314,0,background
12.246334,23.25371,25.208,80.490944,20.492725,513.00244,0.52047634,35.827274,0,background
8.181,40.268753,22.004,28.01254,0.0,0.0,0.0,0.0,1,presence
11.811334,22.451591,28.412,119.4672,25.411455,144.58856,0.051983137,50.148655,0,background
7.5533333,24.162935,32.348,47.524666,0.0,0.0,0.0,0.0,0,background
13.098333,27.638279,26.492,127.48308,19.035273,621.8496,-0.09119225,48.964237,0,background
12.453667,25.246649,23.688,102.96046,19.025513,931.95715,0.37212417,37.524307,0,background
12.686334,23.49321,27.196001,102.71187,27.39865,173.55582,-0.097146936,29.093285,0,background
14.923333,25.890585,26.08,70.58903,19.435606,403.457,-0.013518534,38.82485,0,background
10.857667,21.201412,27.076,87.27056,30.148647,72.276985,0.62131923,27.170916,0,background
7.7843337,25.786184,29.764,57.29524,22.8722,567.51465,0.25472754,34.919083,0,background
7.9263334,26.025524,32.312,59.055614,0.0,0.0,0.0,0.0,0,background
15.479667,26.902445,26.412,70.27428,21.167362,375.15076,0.2937195,37.53885,0,background
14.687333,33.3167,29.383999,91.4497,0.0,0.0,0.0,0.0,0,background
13.786667,26.008654,22.992,68.91234,20.259172,746.023,-0.18511525,41.374844,0,background
12.144667,25.38601,23.212,101.78124,21.457869,813.32635,-0.029699115,35.841698,0,background
7.6126666,25.261038,30.652,55.60729,0.0,0.0,0.0,0.0,0,background
9.635667,22.89627,27.564001,109.362885,31.912777,2.126818,0.62301105,24.136698,0,background
11.931334,22.564743,28.303999,114.03072,28.971613,139.05473,-0.15436183,41.05898,0,background
9.062,28.554323,29.416,48.252018,31.589762,354.3668,0.23842867,38.86894,0,background
6.5043335,19.624468,21.883999,31.851461,23.358488,137.49498,0.2644714,39.27652,0,background
14.093333,30.235418,29.536,96.13101,19.737646,1534.0812,-0.37144518,38.307377,0,background
12.201,23.395077,26.656,111.0371,27.96572,206.68407,-0.07266308,24.43176,0,background
7.8631945,22.549488,22.779167,33.79916,26.277899,37.558224,0.5879444,40.74023,0,background
12.7439995,25.770443,26.256,124.446434,27.572472,376.02945,-0.40226713,34.512993,0,background
12.371333,25.786505,29.16,113.55555,17.213139,247.62772,0.25996011,50.84984,0,background
11.898,22.887812,27.584,114.838394,26.921213,169.1754,0.012075302,41.022053,0,background
10.505667,26.981884,25.556,105.4611,26.41374,523.53827,0.040964086,35.967293,0,background
11.447333,22.363314,27.32,96.904495,26.92166,80.76495,0.8708876,28.133696,0,background
11.834,24.592684,21.968,62.99504,20.321463,491.61597,-0.03979354,41.64664,0,background
9.653334,29.528122,30.552,66.37512,30.62572,521.3563,0.32383963,29.174526,0,background
12.098333,23.444565,27.076,121.61559,22.160007,152.97168,0.091059126,47.515152,0,background
11.357333,23.025978,27.164001,114.70485,26.383236,244.99118,-0.07838828,36.64162,0,background
8.808333,22.215218,27.457142,100.18779,16.711012,2.8081405,-0.4974776,26.508286,0,background
12.294333,24.343287,29.004,122.46822,21.859623,141.84796,-0.047936767,52.339752,0,background
10.172334,26.526373,26.36,104.86872,24.853971,306.01132,-0.5370145,37.275173,0,background
11.927334,21.274496,25.52,75.98372,29.969713,34.816772,-0.03537004,32.562244,0,background
12.875,31.702454,26.508,92.03113,0.0,0.0,0.0,0.0,0,background
12.155,22.292934,26.140001,74.785515,28.761963,77.97967,0.5892628,29.111822,0,background
14.424,30.236458,32.06,99.53012,21.05854,1140.475,0.19131257,41.65118,0,background
11.596,25.272427,23.68,94.924545,17.636553,701.8081,-0.29126358,39.29333,0,background
11.383333,20.178923,26.928,79.877716,27.571505,23.987194,0.28077242,32.586937,0,background
15.189667,33.229057,30.376,87.6871,0.0,0.0,0.0,0.0,0,background
10.560333,20.979683,26.38,81.2348,29.614294,100.99812,-0.33891323,25.15289,0,background
11.955,24.019527,26.704,97.17832,28.399775,332.1709,0.408142,32.610607,0,background
11.3810005,23.435055,26.1,87.957115,27.783165,277.63153,-0.19309086,27.173922,0,background
11.5546665,25.446323,25.656,102.96031,18.722752,502.23962,-0.2956593,35.450268,0,background
12.953667,29.088446,20.368,100.400986,20.601124,1509.0203,0.09544501,33.590744,0,background
7.3993335,21.953873,23.736,34.6229,26.053713,96.00801,0.09888213,39.260807,0,background
13.238667,23.783175,26.58,91.02525,28.181059,190.82002,-0.41563433,33.632553,0,background
13.0390005,26.025948,27.064001,126.497765,22.809092,309.69022,0.44275343,30.81078,0,background
8.398667,27.80647,27.408,63.482735,23.740643,1060.3094,-0.29700845,31.937145,0,background
14.442667,30.757874,31.348,88.26075,0.0,0.0,0.0,0.0,0,background
12.197333,28.983303,21.96,90.08954,22.912191,1120.9285,-0.37739608,35.55832,0,background
11.237333,20.943293,26.48,78.92907,30.052591,38.41907,0.61355066,28.010023,0,background
10.926333,25.813488,26.988,103.48768,20.017263,225.72243,-0.05006254,41.830284,0,background
14.604333,33.0774,29.192,89.129684,0.0,0.0,0.0,0.0,0,background
12.341666,21.624731,26.024,84.66444,27.386908,56.31738,-0.8918204,34.64879,0,background
11.740334,25.103348,24.7,88.351814,19.856934,548.31866,-0.1306703,36.706825,0,background
11.389,23.436085,25.54,95.51898,24.98533,478.746,0.30603424,33.594414,0,background
12.525333,26.094444,29.44,117.52699,18.729439,261.82123,0.041422818,47.841156,0,background
15.102,32.830437,30.508,88.727005,0.0,0.0,0.0,0.0,0,background
13.417334,21.811129,26.6,80.83141,29.132,22.9314,-0.27680612,28.98774,0,background
13.280666,32.13168,27.092001,93.039375,0.0,0.0,0.0,0.0,0,background
13.273666,25.14714,22.244,68.75249,20.790169,989.8966,0.24032892,41.73566,0,background
10.915667,21.472317,27.044,87.76752,27.326248,68.07438,0.7102442,27.590633,0,background
7.546,21.282717,22.492,32.65261,24.917227,189.26445,0.47386232,40.59349,0,background
9.777667,30.181711,29.432,66.04531,27.89722,719.9095,0.4819901,31.071304,0,background
6.967,25.456738,26.0,60.20218,0.0,0.0,0.0,0.0,0,background
7.8633337,27.156145,23.832,63.86129,30.294596,1684.2141,-0.24625164,26.262478,0,background
12.747666,28.26283,19.276,98.80182,19.933374,1801.9916,0.3880902,36.917183,0,background
10.354667,19.983532,26.684,113.38934,26.227547,147.72243,-0.11386858,28.218006,0,background
8.106,27.48542,25.42,66.17167,27.234192,1414.8365,0.22624283,27.468607,0,background
7.457667,25.873116,29.64,61.12741,0.0,0.0,0.0,0.0,0,background
7.9,26.848831,28.724,38.599495,28.511692,18.59587,-0.16726623,36.273556,0,background
10.997001,22.923788,20.832,67.06216,19.798052,830.9963,-0.02699521,42.411022,0,background
11.668334,22.354841,27.496,114.37667,31.027555,148.61272,-0.097411804,31.749123,0,background
7.1983333,24.200958,28.384,48.688686,0.0,0.0,0.0,0.0,0,background
12.817,26.04446,29.708,118.84592,17.189566,189.47934,0.26829976,54.55646,0,background
11.524333,22.626902,25.676,101.41595,26.53192,212.92891,-0.39422488,30.497053,0,background
8.588,23.721136,21.184,37.827545,21.010887,679.66876,0.07941281,43.615337,0,background
6.9533334,18.507675,22.904999,76.539185,24.09951,29.60959,-0.09998721,31.989594,0,background
12.222333,23.317944,25.392,106.37611,24.590145,200.00154,-0.24232994,29.506443,0,background
7.727667,24.9763,31.92,50.6988,0.0,0.0,0.0,0.0,0,background
14.675667,25.890316,26.376,70.69941,20.062613,440.27127,-0.15538056,39.16611,0,background
14.712334,30.786669,31.932,95.89557,0.0,0.0,0.0,0.0,0,background
11.894667,25.619598,28.576,110.55408,15.637258,122.23375,-0.06973525,61.510975,0,background
11.897333,23.679111,28.624,119.17484,21.812843,156.09741,0.2223819,50.761154,0,background
7.477,25.651846,31.948,62.505768,28.377882,502.16132,-0.27372926,25.662964,0,background
11.103666,20.915586,26.504,79.9675,27.107256,49.801624,0.20171432,29.356844,0,background
13.297334,23.767307,26.384,94.55846,25.055075,239.41435,0.26429194,32.903458,0,background
8.341001,22.812056,28.656,84.72983,28.370607,13.615501,-0.08754061,32.239,0,background
11.317667,24.550253,27.708,103.745415,17.459316,226.98721,-0.23633167,51.361855,0,background
13.843667,24.981354,25.956,75.14031,19.257893,441.9974,-0.19640952,40.41812,0,background
13.219333,23.126896,24.352,86.225784,20.467548,490.47882,-0.42430806,40.4401,0,background
9.179667,72.66995,33.8,58.06862,0.0,0.0,0.0,0.0,1,presence
12.687,26.98443,22.588,98.595245,21.383997,1191.8113,-0.5998711,32.83157,0,background
11.602333,25.396929,23.728,91.68974,16.942574,680.4313,-0.29946378,41.617924,0,background
13.080333,26.77543,22.264,68.01657,19.637875,770.8892,-0.1390392,40.906883,0,background
7.535,24.101202,32.152,47.74846,0.0,0.0,0.0,0.0,0,background
11.970333,23.707386,26.784,103.61314,24.414112,352.2913,0.4343473,35.658737,0,background
10.777333,20.229246,26.696001,90.55158,27.681683,55.073975,0.80153173,28.63567,0,background
7.990667,27.309183,25.928,58.269005,31.127447,1319.7482,0.14173453,25.564663,0,background
9.6553335,29.896376,28.348,47.578987,22.215622,341.6182,-0.7220474,40.37293,0,background
12.388667,24.749615,29.2,120.71877,21.341814,148.98164,-0.09052177,55.180027,0,background
10.275666,25.382044,27.584,101.501625,18.963121,75.99047,0.55048597,41.716312,0,background
9.075334,22.414871,26.564,107.700195,17.937483,212.60358,0.044891253,50.647552,0,background
11.481334,21.458832,26.396,77.64497,28.056389,68.52193,0.20051813,30.384829,0,background
7.715667,24.528442,32.716,47.069515,0.0,0.0,0.0,0.0,0,background
12.588667,25.419325,27.312,98.5863,23.86743,547.63904,0.26173583,28.610973,0,background
11.819,24.877916,27.9,101.65413,19.776228,157.75693,-0.14679691,39.85747,0,background
10.944,30.222027,12.108,93.90375,0.0,0.0,0.0,0.0,0,background
7.240333,25.465439,28.764,60.650578,0.0,0.0,0.0,0.0,0,background
10.890333,28.169512,25.444,103.160355,23.716274,371.6759,-0.55926365,33.566086,0,background
13.784333,23.802206,25.272,90.158325,21.223902,572.4826,0.3955557,42.829945,0,background
12.131666,23.69281,25.088,104.00475,20.466589,408.06796,-0.23941566,36.849533,0,background
13.831,32.546593,28.036,94.470894,0.0,0.0,0.0,0.0,0,background
7.963,25.154789,31.852,50.770733,28.045116,32.413372,-0.17612776,25.92556,0,background
11.606,22.739029,28.576,117.24779,22.459272,133.83441,0.11053054,52.85466,0,background
8.250347,26.365955,26.558334,78.117,28.484362,54.10457,0.23340502,34.33548,0,background
12.386333,27.1988,25.02,96.93109,18.869377,433.92468,-0.07468079,36.08417,0,background
13.501,32.743984,26.648,84.52663,0.0,0.0,0.0,0.0,0,background
7.5920005,24.367699,31.752,48.47585,0.0,0.0,0.0,0.0,0,background
13.959667,25.148928,24.588,69.03919,19.429525,580.9138,-0.40963927,43.20578,0,background
13.648666,27.112965,22.316,70.05837,20.90204,1042.7814,0.120433316,42.5554,0,background
14.205667,28.726173,25.616,123.35251,22.189993,724.6784,-0.31190968,43.171936,0,background
13.697667,23.336626,26.116001,91.18829,21.848028,388.46228,0.029675974,43.87834,0,background
12.686,24.835552,27.44,124.93604,23.425398,203.02007,-0.45848167,41.174828,0,background
13.477333,24.770866,27.328,64.955,27.641462,112.43856,0.46952793,28.92065,0,background
6.715,21.199017,26.584,93.13579,17.646978,61.272537,-0.5339498,46.331867,0,background
7.648667,24.262995,33.164,47.018326,0.0,0.0,0.0,0.0,0,background
12.086,25.94453,27.288,103.3151,19.360579,391.1049,0.2706889,30.910484,0,background
11.203667,20.896126,27.324,82.0053,25.839916,48.954998,0.40507433,26.731117,0,background
10.126,29.449745,29.056,77.71551,26.913874,89.6099,0.13579717,37.65315,0,background
7.6289997,25.641973,30.216,57.521606,0.0,0.0,0.0,0.0,0,background
12.757,29.554722,22.012,100.29212,21.807451,1114.4613,-0.4707961,34.794178,0,background
8.735666,22.734922,27.376,99.50104,19.851233,17.478662,-0.56936246,47.944256,0,background
11.840667,25.199343,19.504,61.381916,20.414284,942.3049,-0.025140205,41.073463,0,background
13.566,22.77856,26.304,90.53843,21.95186,345.84024,-0.7224635,40.5416,0,background
7.9756665,27.506092,26.004,59.329117,25.992367,1382.0001,-0.73052853,29.867285,0,background
12.349334,23.639612,26.952,108.21001,29.096357,290.4804,0.47911245,24.164347,0,background
7.304762,18.757643,23.471428,76.42109,4.511185,5.528227,0.47577646,4.979655,0,background
11.206333,21.577198,27.88,117.0548,23.816404,141.34454,-0.1063694,48.06584,0,background
8.204333,23.087385,22.056,34.209503,20.205952,299.50653,-0.51898766,47.725643,0,background
11.027333,22.132574,27.52,91.38431,27.28234,120.80735,0.40186664,28.673534,0,background
13.203,32.583908,25.48,94.058846,0.0,0.0,0.0,0.0,0,background
7.809,22.15445,22.164,33.435265,22.441404,221.37854,0.27360356,45.519333,0,background
8.584921,27.028986,29.838095,45.238785,25.875313,9.733541,0.1762955,23.30425,0,background
12.536667,25.660444,28.872,126.30824,26.117474,166.21423,0.3714738,47.812984,0,background
8.342,25.645597,22.536,47.810772,26.948435,1341.1827,-0.7627351,37.718468,0,background
9.534722,28.75754,29.116667,75.478485,24.983328,38.388424,-0.5904672,37.787636,0,background
11.891334,27.417072,26.384,105.08853,23.891745,426.83188,-0.033985488,34.305264,0,background
12.741333,25.270395,26.728,98.068756,20.479172,424.20694,-0.0016688621,33.454323,0,background
9.674666,29.021679,31.803999,63.972637,31.201496,136.28325,0.5915386,29.87908,0,background
11.449333,26.618929,27.14,103.731255,21.362226,230.98112,-0.15697293,36.87406,0,background
12.047,25.319462,24.588,97.275536,20.189333,618.8028,0.19910221,38.549442,0,background
9.492001,25.409573,24.44,82.681816,25.640022,209.83665,-0.33694482,38.101322,0,background
12.707334,24.23029,26.608,99.138885,22.800394,332.98615,-0.38868904,32.141075,0,background
12.225,26.110636,24.208,97.5708,23.077593,608.67584,-0.37163207,34.181454,0,background
14.440001,25.759954,25.184,72.18226,20.202675,734.4745,-0.32869178,39.725872,0,background
14.044,32.512268,28.144001,93.59957,11.176967,1436.152,0.2509003,63.918644,0,background
12.722667,26.957087,29.112,125.73236,16.08113,317.92578,-0.7413992,47.400494,0,background
8.007,27.440027,24.044,65.3853,27.544765,1682.037,0.6766269,27.001354,0,background
11.686,28.945803,24.12,100.752884,23.928131,649.62634,-0.4547245,32.59436,0,background
15.296666,26.295582,27.356,65.17697,23.715736,252.84633,-0.22602159,37.855198,0,background
10.872666,20.408188,26.62,76.835335,28.490002,26.046457,0.58761567,31.558624,0,background
10.496667,25.66422,24.684,92.63171,21.844599,243.82811,0.21284275,34.7743,0,background
11.826333,23.907038,26.092,98.16046,26.84293,418.40793,0.13173343,31.919065,0,background
12.918667,26.660612,27.692,127.98471,29.894827,255.02322,-0.079061165,42.868103,0,background
14.203,31.720118,29.676,96.97849,15.521226,1492.2802,0.57471085,48.41529,0,background
9.555,29.421726,30.436,52.911484,27.986233,30.647125,-0.10854249,38.993713,0,background
10.317,26.003126,26.796,106.44943,26.359684,252.17125,0.5529041,32.30895,0,background
8.734667,23.015038,22.692,33.459976,16.711452,387.94864,0.4039358,45.991108,0,background
10.630667,29.20192,25.068,71.65521,25.975988,934.60626,0.11598975,35.13896,0,background
12.110666,23.275421,26.744,111.53841,28.628263,198.5288,0.43651566,26.199165,0,background
11.601,24.199,26.284,89.76506,27.35625,303.52945,0.050718486,28.642162,0,background
11.189667,21.957745,27.612,95.01685,27.545187,75.076164,0.70373946,29.171614,0,background
12.644,25.113213,26.632,99.787766,20.47375,451.02975,0.67537177,33.594616,0,background
12.697666,26.088238,29.9,120.48141,18.907576,230.14334,0.1491009,49.144264,0,background
11.605333,31.684322,13.248,96.08915,0.0,0.0,0.0,0.0,0,background
11.624,24.860981,28.128,103.934204,25.900124,85.24369,-0.4069459,37.834667,0,background
14.130333,30.651482,30.048,89.5199,0.0,0.0,0.0,0.0,0,background
12.973,26.492813,27.14,127.231735,24.707523,342.7247,-0.46866098,32.33101,0,background
12.594,31.646397,26.44,93.37609,18.99721,1865.8414,-0.37681285,33.15393,0,background
10.858,21.757774,22.836,71.66636,18.386976,535.427,-0.020788582,44.221893,0,background
12.909667,25.989826,28.2,126.83522,28.580553,219.63344,-0.596872,39.26257,0,background
12.230333,24.56877,28.688,119.04297,21.16995,157.54233,0.5381522,45.777058,0,background
12.911333,23.203459,24.288,94.27594,21.347681,735.7378,-0.31729028,43.653824,0,background
12.040333,25.34167,28.176,104.93126,20.555809,76.44872,-0.46724918,48.030426,0,background
13.795333,25.919386,26.668,66.30157,23.53564,250.64154,0.49405834,30.363884,0,background
5.917,18.330235,20.316,33.958656,22.056171,542.81836,-0.37823978,44.739227,0,background
12.301666,25.852528,28.9,113.19707,16.1149,214.73415,-0.53251845,54.818966,0,background
7.2166667,23.491755,32.228,49.344044,0.0,0.0,0.0,0.0,0,background
7.255,25.759836,29.407999,60.95173,0.0,0.0,0.0,0.0,0,background
12.507667,23.760765,26.556,104.37724,26.65715,301.60892,-0.17558564,29.583158,0,background
9.113667,29.849558,24.671999,52.627422,31.434397,1312.7065,-0.10670517,35.82169,0,background
10.657,28.528215,26.816,97.64753,24.541235,28.996284,0.3824448,32.782642,0,background
8.146667,27.679623,30.836,58.779015,0.0,0.0,0.0,0.0,0,background
8.138333,27.632532,25.608,51.894108,28.090622,469.8025,0.06429962,37.617897,0,background
12.276999,23.63143,24.764,102.739555,20.828033,356.65427,0.31770548,32.189487,0,background
12.128,26.692492,28.728,111.41412,18.928308,97.17977,-0.06550625,50.102108,0,background
7.213333,24.976915,32.396,65.24011,30.763752,465.50787,-0.577911,23.068295,0,background
13.020667,31.76392,27.408,91.77152,0.0,0.0,0.0,0.0,0,background
6.931,23.52043,30.312,30.856308,3.964328,81.0775,0.94876486,3.9256344,0,background
10.443666,31.041693,16.292,97.307785,0.0,0.0,0.0,0.0,0,background
14.748666,31.441687,31.112,87.99296,0.0,0.0,0.0,0.0,0,background
14.119,25.465334,26.352,71.27677,20.970657,408.72287,0.44928128,37.201027,0,background
11.128,22.404768,26.104,99.228966,27.90917,182.98561,0.400691,29.221289,0,background
10.811,19.835241,25.828,85.76308,29.184694,66.30998,-0.54412836,30.870026,0,background
11.433,22.331823,27.32,114.69465,27.35977,158.69017,-0.6113748,36.768677,0,background
12.261666,23.820162,24.664,103.17761,21.200495,323.98575,0.04110222,30.442898,0,background
15.183333,34.19978,24.0,99.18907,0.0,0.0,0.0,0.0,0,background
9.408334,29.909504,29.16,66.51045,25.49158,789.6255,-0.0136713,30.944809,0,background
8.853666,28.92599,27.404,65.325554,24.68399,1188.2139,-0.12054417,31.795229,0,background
9.634334,29.706257,29.92,49.150505,18.740816,36.502247,-0.48404822,48.439587,0,background
12.429334,31.546532,25.460001,87.01011,20.452002,1917.0995,0.3167378,36.393623,0,background
8.03,22.16273,21.484,34.175144,20.310312,545.89233,0.18369739,44.230778,0,background
15.029,29.282597,24.628,70.12925,20.759838,580.1792,-0.37552932,41.440456,0,background
8.156334,23.131973,24.556,33.617233,34.087654,85.010704,0.05389498,29.241894,0,background
12.854333,31.66092,26.98,91.39996,0.0,0.0,0.0,0.0,0,background
12.479333,25.020718,27.612,101.8621,20.43794,308.15186,0.5829606,42.256943,0,background
11.113,23.971096,20.048,65.061714,20.192919,845.66064,0.41892582,42.344414,0,background
11.581667,24.951883,27.36,103.27795,18.132673,272.10242,-0.009144166,49.077232,0,background
10.142333,26.15082,22.248,84.79716,21.79973,780.81506,-0.14951251,40.317265,0,background
6.607667,23.683393,31.868,63.94102,0.0,0.0,0.0,0.0,0,background
12.808,23.629253,23.22,89.59578,20.76732,660.6266,-0.14751768,43.43156,0,background
11.503667,23.185398,26.84,109.029305,25.441935,223.33636,0.8831098,31.07442,0,background
11.155,21.220133,27.044,111.94007,28.895664,160.44403,-0.26778892,28.24016,0,background
11.726334,25.024185,24.252,97.390915,20.51344,640.37286,0.55348736,36.634888,0,background
11.225667,22.885237,26.104,98.922195,25.109247,366.1639,0.13852678,31.331272,0,background
8.235666,27.466871,29.248,63.117092,25.139967,923.3668,-0.8799812,28.423122,0,background
10.549334,24.269194,20.132,56.02665,19.779604,495.16824,-0.035706703,44.48489,0,background
11.507333,27.268562,24.376,104.97057,22.315512,728.46204,0.14518246,29.895552,0,background
10.3133335,29.84873,28.088,49.56784,27.458162,769.86993,-0.45388663,37.51225,0,background
11.974667,23.34243,25.268,108.57475,24.163584,260.60638,-0.07169213,32.71627,0,background
11.715667,22.71887,26.776,109.57932,27.867466,256.78183,0.040016405,22.791752,0,background
10.914333,20.633572,27.104,92.588684,30.038668,53.458893,-0.17824122,26.727926,0,background
10.036333,26.726494,29.18,85.85492,27.120285,20.697,-0.05452688,34.42898,0,background
13.503667,27.776178,27.728,128.66975,27.896267,310.3524,0.29055983,43.82498,0,background
12.825666,25.954481,29.948,113.47765,18.486723,195.72766,0.8794436,50.880474,0,background
12.206333,24.783426,28.024,102.67149,21.737724,180.49576,0.19312276,40.95336,0,background
12.100667,24.99105,25.648,77.965034,26.69292,188.33496,-0.33128828,30.221874,0,background
11.6536665,23.236694,26.612,98.16363,27.025145,238.19048,0.13332947,28.019342,0,background
12.613,23.767618,27.476,106.62627,29.97213,209.72508,0.3003437,25.589678,0,background
10.764999,29.906101,28.372,84.14729,27.962523,277.29376,0.23150426,36.715614,0,background
7.1956663,24.957224,32.184,63.03152,26.52774,456.4603,0.21476957,26.038658,0,background
12.149,21.791147,26.692001,88.27348,28.716927,54.991364,-0.36033267,28.24257,0,background
8.434,25.164103,29.039999,23.671032,18.89268,281.0549,-0.60780257,46.413563,0,background
12.691667,28.274075,28.68,110.159706,17.77005,1445.8711,0.3002427,49.254215,0,background
7.185,22.4146,23.865,29.276688,18.47049,155.97623,-0.34589997,41.38124,0,background
9.088667,22.41901,26.344,107.54887,18.121166,265.72946,0.10267248,48.0977,0,background
8.826667,28.341467,27.092001,53.505344,24.781727,410.5311,0.09861098,38.48794,0,background
6.680333,24.218145,29.28,61.484764,0.0,0.0,0.0,0.0,0,background
14.839,25.955013,27.876,64.74241,29.164946,155.17693,0.48465866,29.398426,0,background
7.6036663,24.777328,31.568,52.469288,0.0,0.0,0.0,0.0,0,background
12.260334,24.368607,29.1,115.98236,22.475134,141.14413,0.36181802,51.055454,0,background
11.636667,24.49412,27.332,105.39598,19.596056,279.05426,-0.16442361,43.765484,0,background
12.918333,29.391912,28.84,98.49723,18.538517,1177.2502,-0.49589482,41.953587,0,background
11.267667,22.224194,26.476,81.491486,25.167772,207.50096,0.8028109,29.989553,0,background
10.0303335,19.290586,26.056,79.53353,24.502516,58.88818,-0.09213147,33.555817,0,background
7.8223333,25.446758,28.64,31.501606,30.494366,428.38464,0.21031363,33.961006,0,background
11.606667,20.78111,26.2,75.361435,30.290514,21.0841,0.71737945,29.904964,0,background
12.363,26.869078,21.608,56.136875,21.144041,306.9621,-0.24904485,42.07531,0,background
11.454667,22.001127,26.676,76.31592,27.658813,105.99941,0.008239133,25.629549,0,background
7.234667,25.225477,29.38,61.89096,29.05974,999.71747,0.15972525,27.397226,0,background
8.238,26.115902,26.264,37.944843,25.00982,27.607933,-0.17202888,40.745144,0,background
12.665667,22.096418,25.144,79.51161,26.021978,153.26303,-0.22403859,29.959658,0,background
11.696333,22.527607,27.876,117.678406,27.307604,149.56113,-0.13830289,38.240906,0,background
12.032001,24.178122,26.524,80.32148,28.327042,111.28803,0.030930962,31.044346,0,background
11.318334,21.87033,27.508,95.52979,28.527273,69.93485,0.5383875,26.419584,0,background
12.406333,22.55533,27.264,107.12472,26.533346,136.25308,-0.07190672,22.803356,0,background
13.759333,31.50319,27.868,91.64121,0.0,0.0,0.0,0.0,0,background
13.914,30.085627,30.456,87.48272,0.0,0.0,0.0,0.0,0,background
15.111334,36.465572,21.116001,97.10274,0.0,0.0,0.0,0.0,0,background
15.039333,31.933355,31.296,90.90378,21.365639,1226.7445,0.8575846,36.797005,0,background
7.840667,25.737482,30.908,59.436317,22.584398,309.73798,-0.3539907,36.199387,0,background
11.674,25.48018,23.676,95.49655,18.448727,693.45276,-0.3986095,38.75641,0,background
12.906334,26.225988,29.62,116.351265,18.010904,194.31184,-0.20737112,50.203655,0,background
9.451667,30.465662,24.984,53.59685,30.489424,1276.9452,-0.14333844,35.05413,0,background
11.409333,22.713278,26.303999,99.00262,27.38993,150.9052,-0.14110637,30.860207,0,background
12.022666,22.832472,27.292,108.934814,30.505028,171.40787,-0.050286524,23.025642,0,background
7.1846666,23.540848,31.904,47.943073,0.0,0.0,0.0,0.0,0,background
14.302,32.902363,28.364,89.766396,0.0,0.0,0.0,0.0,0,background
13.688666,29.167023,24.883999,66.08505,22.908764,248.45654,-0.10362908,41.434326,0,background
8.257999,27.358866,30.303999,43.388664,10.670116,19.24439,-0.5999386,28.481384,0,background
12.565333,23.875757,26.564001,104.55139,27.377693,318.83163,-0.35228232,28.830261,0,background
14.582334,25.518574,25.684,72.34635,19.044905,475.25458,0.15767539,41.29566,0,background
11.793333,22.207994,26.948,110.3086,31.388496,184.0071,-0.39871672,24.970478,0,background
12.119667,25.092478,28.116001,102.953156,22.88209,119.40125,-0.1089463,51.463306,0,background
12.530667,24.388218,25.868,100.817406,28.094849,444.63553,0.14911245,27.557602,0,background
11.319333,22.473263,28.228,122.183586,20.97922,131.13818,-0.00059588824,53.586914,0,background
11.288333,27.551336,27.66,103.577965,25.157187,150.33826,-0.012177958,33.114895,0,background
12.083,27.66508,28.128,102.02808,20.278162,115.376816,-0.2700629,37.621445,0,background
14.932667,25.728233,26.456,72.25506,20.595278,351.8443,0.035572704,40.393154,0,background
11.314,22.843645,26.6,107.6579,23.036459,320.06686,-0.50512457,32.928524,0,background
12.703667,21.79166,25.648,78.97504,31.74773,51.43034,-0.6603704,28.100021,0,background
8.275666,22.650719,22.06,34.71886,23.335724,405.874,-0.33492246,42.43059,0,background
11.003,21.965582,27.088001,96.02598,26.455896,134.25453,0.4950884,28.79124,0,background
12.7803335,25.750189,29.52,118.32365,18.882507,156.96803,0.2994631,51.438026,0,background
13.862,23.668215,25.18,90.1139,21.43213,457.3993,-0.57231504,42.391167,0,background
6.6197915,24.874744,29.2625,55.12616,15.232544,4.582304,-0.21417703,13.10085,0,background
9.850666,29.48242,29.336,74.170334,29.581917,66.52005,0.2511975,35.423138,0,background
12.111334,27.681784,26.688,104.611885,22.759548,405.76144,-0.09025446,32.435093,0,background
10.489,19.683607,26.303999,83.703575,27.245827,36.901157,0.37090915,31.355124,0,background
14.97,31.52641,31.684,95.22566,0.0,0.0,0.0,0.0,0,background
10.513667,20.997097,26.468,80.55361,31.815535,92.693855,-0.5183888,16.082977,0,background
12.257,31.521963,25.324,89.74026,0.0,0.0,0.0,0.0,0,background
10.472333,29.32441,24.156,83.01808,25.92109,1816.9213,1.0915079e-05,23.1415,0,background
9.285666,29.62124,22.892,54.714993,30.695612,1722.7167,-0.28832173,37.507584,0,background
11.685334,21.162949,26.548,87.775696,28.284292,49.530098,-0.134076,28.233852,0,background
11.343667,22.669199,26.736,95.20648,27.785988,172.13295,0.07361774,26.628448,0,background
11.519667,24.741552,27.056,104.12281,19.589237,315.4548,0.54524755,38.896362,0,background
10.734333,24.979832,27.048,113.97696,20.20182,308.9449,0.1014348,40.161125,0,background
12.151,25.203268,28.916,110.74401,21.244963,140.9142,0.2542863,46.140133,0,background
13.029667,29.319681,20.448,101.71163,21.176773,1577.5586,-0.38626608,36.581345,0,background
11.964334,22.241844,26.172,91.176506,26.063284,155.43956,-0.25982094,32.5663,0,background
8.106,27.201344,28.508,64.65793,26.4631,968.5953,-0.1681538,28.181421,0,background
7.7986665,26.660286,27.376,62.223316,25.500772,1080.3794,0.054831058,29.196695,0,background
7.7562494,27.039392,30.015,42.32592,30.352114,41.839066,0.07573881,29.267809,0,background
11.147333,22.673773,25.976,99.19575,28.175802,255.65657,0.49747697,26.94976,0,background
11.082,26.806967,21.432,90.10294,19.78067,1037.3109,-0.5343506,43.094074,0,background
11.882334,23.533102,27.38,103.86223,22.573725,267.85358,0.49511698,33.607662,0,background
12.925667,27.189034,28.96,122.3252,16.510384,380.25867,0.21163592,49.308613,0,background
10.617666,29.1598,29.62,82.32398,27.126293,53.476738,-0.60711473,38.983997,0,background
7.111,25.742107,29.388,63.495358,0.0,0.0,0.0,0.0,0,background
12.726333,24.774826,26.748,98.46135,20.85836,425.61856,0.35151783,32.502647,0,background
14.080667,31.74181,29.336,92.82942,13.465494,1404.0785,-0.5757437,61.185627,0,background
11.372666,21.526096,27.024,109.95765,32.08726,154.77623,0.33458993,24.992163,0,background
8.1293335,23.708975,24.428,31.48426,22.909445,192.30171,0.15932643,40.762608,0,background
12.173,32.66341,20.907999,93.30879,0.0,0.0,0.0,0.0,0,background
11.181666,20.959862,27.068,82.5295,24.459816,48.958687,-0.24876392,26.593372,0,background
9.899,27.728292,29.216,80.00118,30.0639,45.001354,-0.3125086,33.632553,0,background
11.965333,22.08604,26.996,78.853035,26.755308,62.2621,-0.102786705,28.593267,0,background
7.841111,25.353884,28.333334,72.14811,20.047035,85.85379,0.21003434,25.535572,0,background
13.357667,24.048801,24.1,96.559425,20.798996,770.5439,-0.28832963,41.938583,0,background
8.586333,27.637226,29.264,48.583977,28.540928,373.03796,0.18408714,39.93074,0,background
14.073,25.121386,27.640001,66.87563,25.696123,124.4165,0.43864745,29.04872,0,background
12.092,22.901516,27.3,112.69189,32.767952,156.42912,-0.71023893,27.006155,0,background
7.5550003,24.628374,26.7,38.360527,21.779888,393.686,-0.13576208,43.259007,0,background
8.335,28.124578,30.592,46.757816,33.035027,38.35687,0.6224278,30.688662,0,background
12.817667,26.216286,25.684,125.38078,27.564232,453.21228,-0.07937972,33.847256,0,background
10.6310005,19.857666,26.592001,82.73077,27.8243,42.969986,-0.19187815,26.739304,0,background
11.514,25.128765,21.768,66.67651,19.582146,577.1587,-0.42463273,41.223812,0,background
11.605333,23.386534,26.6,99.11372,26.304674,151.48256,0.74105835,27.495804,0,background
13.4053335,32.04871,28.744,92.12552,0.0,0.0,0.0,0.0,0,background
11.811334,31.000875,25.472,85.35132,20.570343,1879.6676,0.028092798,26.271273,0,background
7.9895835,27.152365,30.625,47.559658,9.632302,-0.102619186,0.48299935,6.495072,0,background
8.510667,25.362577,26.348,28.937298,28.751123,899.3074,-0.0836358,38.487114,0,background
11.523666,26.628307,23.156,91.698975,21.317505,749.4043,0.4178682,32.464916,0,background
10.319445,25.485353,27.7375,101.60273,21.844952,38.10008,-0.40177986,38.690228,0,background
12.798667,34.460598,17.44,96.84069,0.0,0.0,0.0,0.0,0,background
12.2803335,22.797085,27.172,101.2063,28.29944,111.292595,0.45108768,37.78828,0,background
11.86,21.685072,25.792,74.14568,29.58252,32.715405,0.14308959,30.731312,0,background
6.3816667,23.229712,30.988,64.41751,0.0,0.0,0.0,0.0,0,background
10.674334,20.640291,26.688002,114.636406,30.305347,166.36588,-0.5204405,28.2673,0,background
7.467,23.82274,32.832,46.786587,0.0,0.0,0.0,0.0,0,background
11.415667,25.35012,23.444,95.38875,18.096102,696.433,0.026783803,39.066895,0,background
12.09,31.546812,23.928,91.62585,0.0,0.0,0.0,0.0,0,background
12.695666,25.886278,28.728,117.17198,18.190197,158.95525,0.093308605,48.179455,0,background
7.9743333,23.219,23.428,31.44579,21.682947,337.04987,0.23519616,42.420074,0,background
12.598333,23.304354,27.212,98.85626,27.376997,175.41452,0.46842223,28.323343,0,background
10.102333,24.695251,27.668001,103.10356,20.154438,54.683216,-0.07888021,38.10598,0,background
14.08,33.123177,27.848,92.74078,0.0,0.0,0.0,0.0,0,background
7.774667,25.434006,31.828,55.41577,0.0,0.0,0.0,0.0,0,background
11.8706665,22.725067,27.648,116.148544,27.43383,174.50171,-0.6971004,41.840553,0,background
10.893001,20.99815,27.220001,93.22472,29.251852,58.667324,0.528568,27.606283,0,background
11.899667,24.661499,25.336,93.80348,24.550758,544.752,0.39414543,34.324215,0,background
14.482333,30.667316,31.244,94.289215,0.0,0.0,0.0,0.0,0,background
8.629,22.109768,26.688,104.508316,15.760754,124.81543,0.035194173,49.335606,0,background
12.589334,34.70813,15.524,97.04964,0.0,0.0,0.0,0.0,0,background
11.623,31.258068,24.86,85.104416,26.141634,1808.3867,0.8618697,25.606747,0,background
10.883667,20.232872,26.116001,85.56311,27.040165,55.275986,-0.095332116,31.535591,0,background
13.786667,26.008654,22.992,68.91234,20.259172,746.023,-0.18511525,41.374844,0,background
9.082292,23.258108,24.5625,86.60958,12.362459,7.7678246,-0.014576725,15.756008,0,background
10.048,22.997345,18.752,64.01792,18.70894,748.0341,0.29462445,42.81652,0,background
11.126,21.573723,28.372,120.367584,20.91757,136.48868,-0.013717982,57.7901,0,background
14.798667,25.875414,27.855999,63.72668,30.018913,138.89807,0.7719927,29.557184,0,background
7.2336664,22.546024,28.396,24.359566,25.56811,244.99588,-0.1350686,33.39859,0,background
7.151,23.929192,23.972,29.486315,19.457817,286.7956,0.018442262,45.078445,0,background
14.422,25.439217,26.164,73.3292,19.691313,367.0274,0.21589476,42.21606,0,background
13.717,32.749977,28.744,101.01696,0.0,0.0,0.0,0.0,0,background
14.98,31.772291,31.344,86.59477,23.245218,1204.5518,0.8148162,37.872593,0,background
10.627,29.080013,26.092,69.07598,28.765518,679.88007,0.16808982,32.69255,0,background
12.003666,23.49238,25.916,106.133194,24.02753,213.47472,0.4580368,28.391531,0,background
13.768666,25.575203,27.336,66.35759,24.984728,203.27489,-0.022664564,30.163782,0,background
11.250334,20.703594,26.588001,86.574486,29.684677,45.768135,-0.057815768,28.409986,0,background
10.202333,20.797321,25.723999,81.53551,30.411924,258.6716,-0.24259841,27.815067,0,background
8.233334,25.962833,31.5,53.806583,23.59263,38.39422,0.023808498,43.972275,0,background
10.502333,24.604849,27.883999,104.10513,18.709179,81.35524,-0.3799036,37.886795,0,background
12.741666,26.338818,29.883999,119.837585,16.910646,251.82457,0.31292304,46.992855,0,background
12.055333,25.136225,23.108,103.10468,19.320185,904.81665,-0.44123647,36.09977,0,background
14.201667,24.56186,26.251999,95.020836,21.448635,292.33136,-0.14766888,38.51866,0,background
14.741333,31.005665,31.744,89.0269,23.780018,1167.8026,0.25951314,32.304695,0,background
9.170667,19.867128,20.644,69.18968,21.076157,791.35547,-0.21972193,42.050713,0,background
14.715334,25.717115,26.04,72.68719,18.35134,398.9912,-0.18279742,41.231644,0,background
13.851666,29.850157,28.716,99.15804,19.232502,1479.4945,0.8805278,57.596268,0,background
6.5249996,24.256504,26.16,61.282166,0.0,0.0,0.0,0.0,0,background
9.543,26.851435,22.664,45.472485,27.216421,1587.6094,-0.40521577,38.493393,0,background
13.628667,23.39605,24.3,93.46992,19.985636,712.24854,0.017338088,43.530922,0,background
9.395833,26.95305,29.065,79.83464,25.794847,33.095104,-0.022698935,35.183403,0,background
12.306667,27.047619,24.592001,97.15899,19.011032,508.55612,-0.1732432,39.35222,0,background
11.990667,24.28637,25.012001,101.25688,20.643248,606.4083,0.006753854,35.685204,0,background
15.0946665,33.248165,30.672,94.30892,0.0,0.0,0.0,0.0,1,presence
11.487333,25.033415,27.84,104.19725,29.261768,35.687733,-0.19394118,39.53257,0,background
11.8046665,22.76959,26.252,101.20875,25.82404,147.76472,-0.21960849,30.87255,0,background
10.681666,27.313253,24.223999,99.683365,25.12898,712.1734,0.21628374,38.95129,0,background
11.194333,21.169313,27.192001,95.58083,28.789772,58.98128,0.24793698,27.558521,0,background
12.677667,24.292301,26.748,100.9164,25.19677,298.61377,0.13117047,27.150433,0,background
7.952778,25.737144,28.733334,69.37371,5.529846,6.1114926,0.79006803,6.0142603,0,background
14.950334,25.707293,26.384,71.17757,19.576984,316.93378,0.06547435,39.03376,0,background
12.002,24.80162,25.376,94.03151,25.144186,546.1645,0.21427472,35.313065,0,background
8.544,27.130701,29.564,23.604755,30.083536,324.57755,-0.001872429,30.265059,0,background
11.951,25.63272,23.58,101.61887,20.27206,767.35913,0.15287676,35.981026,0,background
12.564,22.968922,26.668001,74.709595,29.992472,54.511776,-0.0025691183,28.995487,0,background
11.552334,22.391716,26.688,100.39764,27.314877,98.83607,-0.035922755,35.13953,0,background
10.758,20.252258,26.564001,88.63298,32.448788,53.41718,-0.36658475,27.737938,0,background
12.817667,23.748734,26.676,77.862595,23.129784,198.94427,0.1543394,31.408337,0,background
8.577333,24.290136,27.516,102.200966,24.13005,115.90317,-0.26594433,38.541233,0,background
12.571,24.676115,27.008,98.68185,30.30402,305.95383,-0.5990652,24.8465,0,background
12.281,31.619465,26.068,86.346054,21.093143,1711.2119,-0.04845897,29.994999,0,background
6.7986665,24.483818,27.164,59.82335,0.0,0.0,0.0,0.0,0,background
8.185333,27.947737,25.32,64.58003,30.682875,1465.3376,-0.13386829,26.068125,0,background
8.04423,22.728754,22.961538,34.491367,16.502748,9.263384,0.72386986,33.622242,0,background
11.532333,22.067228,27.704,114.07301,25.040888,122.03237,0.21550094,37.655647,0,background
13.026667,23.434315,26.736,91.93729,30.646978,93.0401,-0.6734425,29.651817,0,background
10.618667,20.103497,26.5,87.85952,31.428661,47.961475,-0.37160364,28.295742,0,background
10.860666,30.239077,15.3,97.913124,0.0,0.0,0.0,0.0,0,background
12.627666,22.330881,26.84,90.07391,27.53249,73.482285,-0.55125487,28.79216,0,background
7.4923334,24.795914,31.272,50.050247,0.0,0.0,0.0,0.0,0,background
13.5616665,30.486618,29.768,101.776474,15.316904,1179.7327,-0.50395143,51.799038,0,background
11.597667,26.605034,25.352,104.56056,23.435946,589.96436,-0.07557605,34.12702,0,background
7.2283335,25.231546,29.796,61.26833,28.682512,821.7045,0.55787355,26.012882,0,background
11.740666,22.23611,27.208,110.2754,31.954624,149.91336,0.1336045,20.987331,0,background
8.503667,47.08564,24.808,26.94148,0.0,0.0,0.0,0.0,1,presence
6.5806665,23.780956,29.988,63.06361,0.0,0.0,0.0,0.0,0,background
8.310666,26.633337,28.776,19.04447,27.071913,434.87256,-0.1382704,34.626472,0,background
7.430667,24.150633,28.736,36.890923,28.976772,136.79529,-0.30178887,28.897644,0,background
13.376666,23.847727,26.712,91.473015,29.709824,166.24393,-0.29908967,31.867517,0,background
12.331667,24.750456,26.296,78.26243,27.567513,98.7839,-0.7437308,29.583717,0,background
12.362667,22.774054,25.052,89.58935,21.426664,345.5439,-0.16328461,41.210567,0,background
11.6779995,23.328007,24.188,105.434715,20.32375,594.7736,-0.32929498,36.278908,0,background
9.783667,26.176334,27.504,104.35207,24.516321,141.00179,0.027588675,36.462406,0,background
6.764474,24.864578,29.336842,55.04775,29.83499,16.991486,-0.4282809,28.10795,0,background
11.550667,22.985487,27.34,107.55781,24.240152,250.44083,0.30847716,28.62221,0,background
12.228,23.622597,24.96,105.99494,23.97583,304.5932,-0.29314974,27.003809,0,background
7.536667,25.294222,31.2,59.435543,0.0,0.0,0.0,0.0,0,background
8.389,27.613562,30.74,49.740074,29.138372,46.566227,-0.12046381,35.433598,0,background
9.1189995,28.5254,31.672,49.212624,25.712582,46.606777,-0.6735139,30.531141,0,background
13.775667,24.790648,26.204,74.44148,21.47169,297.72934,0.2016997,39.516094,0,background
12.154667,23.522734,25.376,104.61722,21.342527,332.10004,0.5545048,35.844234,0,background
7.317667,23.651154,31.964,47.569145,0.0,0.0,0.0,0.0,0,background
7.295334,25.56537,30.144,61.021244,0.0,0.0,0.0,0.0,0,background
10.941667,27.061897,28.116001,99.968376,24.89955,30.789368,-0.106764436,33.72293,0,background
7.811333,27.415882,28.34,40.53682,34.517365,268.4538,-0.4485841,32.57215,0,background
9.256666,25.020723,27.612,105.49448,22.945572,149.39836,0.16488217,38.64398,0,background
10.506333,23.056385,18.524,66.59985,18.455828,1075.8018,-0.033868764,40.454998,0,background
11.918667,24.746008,27.472,104.14081,19.555534,288.29022,-0.52743757,47.219734,0,background
12.044666,22.863832,27.407999,113.55644,30.242401,155.8677,-0.460031,29.735647,0,background
12.780666,27.431032,21.528,101.690865,21.306433,1426.2377,0.133864,33.663773,0,background
12.7543335,27.283163,21.864,90.09322,24.19364,1292.6127,0.13649186,39.255966,0,background
7.6080003,24.12481,32.964,46.835148,0.0,0.0,0.0,0.0,0,background
12.294667,25.233286,24.412,99.320816,21.064016,878.4913,-0.2359244,26.627201,0,background
11.266,26.441044,23.844,92.95552,19.062357,516.6337,-0.4333641,38.270725,0,background
11.462334,21.72707,27.188,79.13782,27.732622,50.2606,0.1695318,28.753122,0,background
11.987,22.670021,28.38,120.430336,27.860443,132.76375,-0.07950132,45.356037,0,background
12.297333,25.784897,28.803999,110.958405,18.46723,191.11215,-0.28975853,60.042404,0,background
12.327666,24.430573,27.548,123.75697,20.101265,180.53206,-0.40983486,47.153805,0,background
11.670667,21.817593,27.184,118.46935,35.136738,163.50098,-0.48482478,33.77402,0,background
6.0833335,23.856209,29.5,46.00906,8.343716,14.300789,0.70842546,7.330761,0,background
6.4599996,23.368542,32.688,64.41073,0.0,0.0,0.0,0.0,0,background
7.672333,26.000856,33.368,63.67774,27.789503,245.877,-0.015448138,27.204103,0,background
7.502084,25.16422,29.0125,63.383324,17.77941,4.805783,0.32871407,19.682528,0,background
13.416667,24.32671,22.24,92.01375,20.761196,968.9542,0.047916833,43.048904,0,background
9.959333,24.578808,25.256,90.94205,22.4072,35.697136,-0.11267323,31.610031,0,background
6.9626665,22.682652,32.716,45.709347,0.0,0.0,0.0,0.0,0,background
12.196,25.043121,29.104,114.45682,21.173714,150.07117,0.09280343,40.6068,0,background
12.220667,23.030052,27.06,111.114456,30.913872,162.19325,-0.7312774,23.152023,0,background
13.524,28.196146,26.344,127.82068,27.699646,415.11154,-0.16991608,39.093685,0,background
7.267667,25.753603,29.712,62.07075,0.0,0.0,0.0,0.0,0,background
8.911333,22.48066,26.712,105.588776,17.111656,126.25634,-0.30007872,53.449913,0,background
14.616667,29.829933,32.607998,97.13681,25.859234,1030.6819,0.70244306,31.374228,0,background
12.208,24.950949,26.256,94.32202,25.26434,430.77988,0.2790349,36.715347,0,background
11.821667,27.62588,24.476,105.52934,23.810717,719.2003,-0.41188386,32.408264,0,background
14.022333,25.032728,20.568,90.02035,20.493622,1477.4518,-0.062331207,44.64202,0,background
6.7879996,24.676456,28.172,55.452938,29.504807,258.57904,0.91697574,31.77737,0,background
11.204333,24.386934,27.855999,101.86825,28.280329,47.826973,-0.03860932,36.138367,0,background
13.368667,24.23089,26.268,72.98039,23.707968,216.682,-0.021443158,35.481632,0,background
12.528334,25.319996,29.484,117.81611,19.200775,154.42621,0.23048669,48.906155,0,background
11.451,23.453629,24.452,102.1527,19.629,648.9988,0.11009454,35.61274,0,background
7.865333,26.525473,29.404,65.43867,26.798758,947.3273,0.28441358,30.440449,0,background
9.782,28.639185,29.048,81.140114,27.505386,83.85036,-0.036370598,35.138306,0,background
10.386,27.823618,28.168,87.691925,28.40513,199.53777,-0.16892494,39.513744,0,background
12.852333,25.989511,29.876,115.663506,18.481522,193.01088,0.44196224,48.133743,0,background
12.778334,25.68819,28.752,126.99045,26.887804,206.764,-0.42458203,43.75903,0,background
12.044333,22.289461,27.444,77.47388,31.262686,51.889774,-0.3321111,24.465477,0,background
7.265333,23.870853,29.988,46.31077,0.0,0.0,0.0,0.0,0,background
7.88,21.717562,19.756,33.067516,21.405285,928.8766,0.44047484,43.9589,0,background
8.189333,22.212578,20.404,34.052338,18.39723,826.54004,0.4903313,45.01629,0,background
12.3046665,22.900072,26.052,74.38552,27.148241,95.86585,0.22208829,32.579258,0,background
8.511666,24.05241,23.292,33.453156,25.674995,398.71494,0.550289,38.495968,0,background
13.563666,28.323729,25.98,127.7882,29.102818,446.00043,-0.315995,35.360596,0,background
8.703333,27.806177,31.32,42.880043,27.163908,110.7085,-0.81214267,34.22572,0,background
14.502999,30.571247,31.272,96.735085,0.0,0.0,0.0,0.0,0,background
11.786333,20.87259,25.5,76.61535,28.723652,21.113031,0.04275897,33.65913,0,background
6.1535716,21.345392,23.385714,41.24009,9.064893,6.835567,0.24605598,18.75474,0,background
11.475667,23.292334,24.924,97.91093,24.108456,557.06793,-0.11614263,33.833862,0,background
13.948667,25.48912,21.532,88.129036,21.09291,1129.7656,-0.37209785,42.55439,0,background
10.795667,24.897755,20.868,92.20848,18.54503,1156.5448,0.15019259,39.482216,0,background
10.184,19.392185,26.307999,80.77579,24.456156,35.223057,0.1434636,29.042795,0,background
14.122334,30.815948,30.484001,90.95198,0.0,0.0,0.0,0.0,0,background
11.994333,25.556835,24.98,102.122444,21.006111,666.12976,0.33729112,29.585989,0,background
14.322,29.264406,32.064,95.41806,25.947008,1064.6937,0.1547725,35.981438,0,background
13.336333,30.034082,22.0,91.37734,23.072077,1247.7251,-0.039680954,42.008152,0,background
12.356,25.006071,28.184,126.86071,30.068691,144.45999,0.48060715,37.030266,0,background
13.532001,25.971134,22.88,68.90326,18.952051,747.52423,-0.13906918,41.003716,0,background
14.517,25.30152,27.392,71.74629,26.498417,152.10466,-0.09775928,30.14964,0,background
12.69,32.29336,24.584,96.03501,0.0,0.0,0.0,0.0,0,background
6.225,19.77132,19.97,53.593746,17.504934,79.75947,-0.31837484,36.397655,0,background
12.518333,24.332012,25.78,98.87681,22.283035,328.72144,-0.34628537,33.06148,0,background
12.578,24.18288,26.332,72.03303,21.55173,381.78357,0.07814485,32.69487,0,background
12.109,26.438864,23.944,98.04471,20.056803,654.9948,0.16310768,39.987946,0,background
11.819,22.679996,28.176,120.22221,22.34563,141.53687,0.14556499,56.305313,0,background
12.757667,31.287195,28.0,89.40092,0.0,0.0,0.0,0.0,0,background
11.845,27.252438,23.516,91.98517,21.792143,768.0506,0.566887,35.35247,0,background
8.391334,27.893011,27.304,66.744064,23.29039,1182.467,0.047647778,26.502737,0,background
9.664667,27.842438,29.312,78.05773,27.40042,36.56525,-0.33379516,32.81372,0,background
12.3793335,24.246578,25.996,102.20759,26.047712,283.90192,0.69365925,24.002455,0,background
13.000667,24.417149,26.788,71.5639,24.202492,204.95432,0.17705101,30.285393,0,background
10.819333,20.471,26.392,85.08727,25.710184,50.788605,-0.27567315,25.49594,0,background
10.221,30.704758,28.472,49.411995,26.513187,530.72894,-0.052740443,37.689644,0,background
12.110666,24.731798,28.488,116.324486,20.499105,159.25783,-0.25102744,40.681515,0,background
11.983,23.005299,26.388,73.56972,27.770262,188.79688,0.0038348385,32.314034,0,background
9.538,28.604845,29.992,76.45383,28.955545,27.844774,-0.28326762,31.065582,0,background
14.474334,25.701992,25.44,69.83152,19.69544,584.4473,0.44581962,38.77473,0,background
14.37,30.43202,30.452,97.82532,17.93515,1206.4557,0.2144963,42.49655,0,background
12.722667,23.848442,25.916,75.5773,26.521832,192.5211,0.06741001,35.832504,0,background
7.415,24.59533,30.192,51.76745,0.0,0.0,0.0,0.0,0,background
9.765667,21.66297,24.368,75.308075,25.451199,41.573967,-0.2265975,31.134903,0,background
12.324667,20.842634,26.556,82.91959,30.993917,30.48186,-0.14940803,29.183916,0,background
11.8446665,24.129456,25.911999,94.797554,25.65839,444.50507,-0.0570852,33.048203,0,background
7.963,25.154789,31.852,50.770733,28.045116,32.413372,-0.17612776,25.92556,0,background
12.543,24.928452,19.948,67.14794,20.916647,1201.8027,0.10882461,41.32667,0,background
7.571,25.853708,31.456,60.51506,0.0,0.0,0.0,0.0,0,background
9.893666,23.464725,23.004,87.16265,18.559267,526.5862,0.05974303,38.312252,0,background
8.910185,27.595207,29.777777,67.01782,23.112843,4.857326,0.35368347,21.877092,0,background
11.757,22.509192,28.748,118.8003,22.73353,133.69746,0.008075336,53.834785,0,background
11.752666,23.265236,25.068,106.06615,24.952705,408.99246,-0.17455363,30.668224,0,background
12.758667,24.217346,27.024,97.789764,20.42669,297.35678,-0.37651575,41.897266,0,background
11.661667,21.030201,26.512,86.75233,28.9941,48.317158,-0.33392608,29.44196,0,background
12.180333,25.074799,28.772,112.74708,24.004425,113.297325,-0.21344532,34.059082,0,background
14.862667,30.463776,32.087997,98.41389,18.280117,1107.3413,0.31895292,43.155582,0,background
7.218667,25.78832,30.556,53.923923,31.5723,19.948935,0.5436602,26.495611,0,background
10.091666,21.719324,24.732,75.68379,26.1106,27.492956,0.27985236,30.467154,0,background
7.550667,24.253716,32.632,47.72189,0.0,0.0,0.0,0.0,0,background
14.217667,28.367252,25.452,121.199936,22.92944,738.44446,0.22503437,45.783627,0,background
12.072666,32.530357,23.036,88.0441,0.0,0.0,0.0,0.0,0,background
10.67,21.096962,26.196001,80.83592,30.098343,177.54935,0.18194132,27.041716,0,background
12.156667,24.642557,24.012001,101.0486,22.822525,658.13715,-0.37299624,35.223396,0,background
7.5466666,25.14885,29.864,53.826008,0.0,0.0,0.0,0.0,0,background
10.138667,24.199606,25.288,105.99797,18.614763,582.88257,0.1806572,49.920933,0,background
11.173667,22.545736,25.872,97.39868,28.767643,325.5283,-0.493695,30.712444,0,background
8.941334,28.8207,28.407999,65.887764,22.149483,917.0863,0.108161524,33.44558,0,background
7.844,26.815262,29.272,44.132008,32.573185,152.06425,-0.29431862,34.407143,0,background
11.611667,21.862606,27.728,120.25074,31.870436,147.2095,-0.25889874,35.620914,0,background
10.9383335,22.962324,19.496,65.900764,19.152473,983.4073,-0.0040700133,41.54658,0,background
9.005667,28.80523,27.452,50.219925,29.279856,727.15204,-0.43419927,41.301655,0,background
10.997,21.302109,26.872,115.703186,28.690193,167.17838,0.57713735,29.170948,0,background
11.663,24.804338,27.088,101.13981,16.060417,230.95929,0.0005788178,33.60587,0,background
8.573667,27.825739,29.756,49.02417,31.430395,235.87369,-0.55204606,37.35396,0,background
7.322333,25.245941,28.528,56.725906,0.0,0.0,0.0,0.0,0,background
9.945,26.29561,27.048,101.56766,26.30675,312.7046,0.14888619,36.215675,0,background
12.750667,27.018703,29.096,126.86033,15.423346,306.46033,-0.25800526,45.603367,0,background
12.0963335,24.706564,23.804,100.1371,21.423786,793.828,0.47536016,34.66102,0,background
8.035,26.797626,31.34,64.843475,27.088823,654.122,-0.55569124,29.03136,0,background
9.916,29.372038,24.768,54.073933,27.310184,1284.8086,-0.48542827,38.195194,0,background
10.301,25.621828,23.432,65.252365,22.39909,399.29428,-0.53142273,41.213593,0,background
11.1953335,24.781595,24.724,87.65957,23.515686,402.48514,-0.37999842,31.829367,0,background
13.858334,31.878757,29.072,89.849045,14.110226,1400.227,0.030761454,61.46367,0,background
15.099,32.744186,30.808,88.560295,0.0,0.0,0.0,0.0,0,background
12.713333,22.767431,24.748,94.69906,21.351126,592.72174,-0.24503987,44.25795,0,background
7.3176665,25.629261,31.444,61.949627,0.0,0.0,0.0,0.0,0,background
8.404667,28.049213,26.62,65.63477,26.707571,1278.9707,-0.15995108,29.262335,0,background
10.356333,28.973627,28.684,82.421616,26.69727,234.99377,0.074700825,38.551792,0,background
15.025,32.214836,29.284,83.11274,0.0,0.0,0.0,0.0,0,background
8.798333,28.816761,28.036,66.21473,23.604193,982.79456,-0.25927243,30.61395,0,background
8.011333,25.082447,26.084,32.20433,22.839184,90.640854,-0.075404406,43.63214,0,background
6.6233335,23.715746,30.528,63.232513,29.700397,680.8785,0.390174,28.264637,0,background
8.185333,27.357397,30.428,43.999603,5.421036,28.25864,-0.23437835,5.6986585,0,background
11.966333,24.719744,27.944,103.2007,21.012064,176.89844,-0.34747332,44.47394,0,background
10.338,23.361656,27.552,105.23125,20.14865,142.3621,0.33113298,39.868034,0,background
7.2136664,25.565872,29.436,60.71899,0.0,0.0,0.0,0.0,0,background
12.266667,24.215626,28.9,122.16061,20.83715,140.00291,-0.2067057,56.892323,0,background
9.951333,27.402063,29.044,81.53082,31.044325,52.117817,-0.31033,29.849674,0,background
10.279,29.486517,28.62,80.57891,28.259026,146.84763,-0.1600893,27.544046,0,background
10.460667,19.55996,26.6,78.030594,28.049397,25.46461,-0.17212793,30.469498,0,background
10.882667,24.81228,25.94,105.34217,17.954391,429.0944,0.32254973,39.105553,0,background
12.728333,23.581469,25.608,95.44102,22.762428,366.38705,0.08237246,37.38974,0,background
11.475,20.400726,26.004,76.590096,28.174597,15.730517,0.1801664,29.442917,0,background
7.2503333,26.072832,28.86,61.90316,0.0,0.0,0.0,0.0,0,background
10.22,30.069437,24.916,54.42479,28.007439,1289.4684,-0.2446549,40.11353,0,background
8.141334,27.166756,30.468,64.22759,25.52544,756.28613,0.31832567,28.940063,0,background
14.357,30.677351,31.14,89.39196,19.661398,1215.691,0.75908554,40.546364,0,background
11.724667,21.890715,27.0,109.401695,27.241274,172.32762,-0.31291762,24.487577,0,background
13.767667,29.756348,30.94,81.6406,0.0,0.0,0.0,0.0,0,background
12.472,23.39787,24.82,99.95702,18.402733,533.8524,0.0945224,37.66197,0,background
14.021667,30.4554,29.988,103.610466,19.26272,1165.1978,-0.8425711,40.631725,0,background
14.787,24.462347,26.104,91.70742,23.824778,420.00726,0.13484219,41.644073,0,background
12.923667,27.612312,20.156,99.96252,23.44435,1600.1633,0.58507407,33.63833,0,background
14.589666,30.785084,31.632,91.56167,0.0,0.0,0.0,0.0,0,background
12.102,25.2567,28.032,103.56364,21.494848,117.06159,-0.55002594,47.865055,0,background
14.045333,24.068363,26.512,92.980934,26.781752,263.35925,-0.13483922,37.507027,0,background
12.975,26.36552,28.94,125.17625,23.070242,178.75246,-0.10585295,53.66252,0,background
12.125667,25.159073,24.14,102.695656,20.02642,657.84503,0.08744979,36.02297,0,background
13.078,28.93619,23.960001,65.23124,21.58796,404.3403,-0.03194025,41.54674,0,background
11.505667,32.956196,13.984,97.16657,0.0,0.0,0.0,0.0,0,background
9.004,27.687576,29.464,68.53671,31.75111,2.8164346,-0.121331,39.384396,0,background
8.597334,26.739653,31.392,60.429115,26.429123,51.865314,0.0013568833,30.619974,0,background
8.541667,25.316143,21.5,55.936913,29.149986,1583.9617,0.44520813,36.337727,0,background
12.874333,26.308512,29.435999,119.27609,17.70104,196.5719,0.36795434,51.144127,0,background
12.345667,28.03285,20.82,102.02515,20.528053,1494.7524,-0.4168135,38.081097,0,background
7.27,21.864662,27.46,90.00044,19.865194,10.32934,-0.2976204,26.116875,0,background
11.745334,22.164352,27.744,113.12576,35.343098,121.537506,-0.10548494,25.255787,0,background
9.940333,23.566462,27.428,106.14193,21.501032,100.85895,0.056230366,40.969597,0,background
12.482333,31.875214,25.796,89.87084,20.10049,1884.2225,0.08794597,35.0246,0,background
12.842667,23.168327,23.907999,84.13312,20.561079,356.1113,0.10866779,43.61643,0,background
13.068,29.781221,28.312,102.48968,23.871841,1099.7538,0.5149005,34.619274,0,background
6.7946663,24.245884,31.932,63.643078,0.0,0.0,0.0,0.0,0,background
7.853667,23.958714,27.992,23.921415,18.354141,353.5107,0.50538456,45.9033,0,background
7.686333,23.029522,21.76,25.176558,22.401384,760.0324,0.3635543,44.001633,0,background
7.9836664,25.361076,31.5,52.41872,21.491695,50.535522,0.44804004,38.866203,0,background
10.269333,27.33241,26.3,95.71583,27.862513,323.2321,-0.19574107,34.568737,0,background
7.9460006,27.189981,25.972,64.15683,29.1764,1447.6543,0.48162326,25.491882,0,background
7.555666,25.556984,32.892,68.114876,26.422812,368.4971,-0.0020415885,32.213028,0,background
10.941,21.11021,26.836,96.23621,31.228268,67.62719,0.34798497,29.53916,0,background
13.812333,30.173744,30.684,103.52787,18.486681,1347.4945,-0.21642233,44.957848,0,background
11.896667,21.303392,25.868,89.02341,26.644224,162.33247,-0.48036942,32.98995,0,background
11.108666,22.102402,27.312,92.314095,26.839846,132.90651,0.04913824,30.342209,0,background
7.4843335,24.445824,30.912,49.650597,0.0,0.0,0.0,0.0,0,background
12.3220005,24.456177,29.1,121.318825,20.08652,144.61868,0.10461282,55.601658,0,background
11.977,22.407019,26.992,94.88771,27.856895,58.75105,-0.4124077,29.255928,0,background
11.817,21.923933,27.08,80.20487,27.231037,61.95014,0.3379812,26.632895,0,background
8.135,27.78347,20.896,63.146023,30.119482,2238.3875,0.5450756,27.711075,0,background
12.706667,25.730331,28.092001,127.21632,27.704584,263.17734,0.5587827,40.87513,0,background
11.728,23.57861,26.612,85.6223,26.732761,142.27373,-0.36399058,24.113338,0,background
7.8570004,26.608643,29.12,62.410458,25.686102,803.2177,0.07006737,28.318382,0,background
12.056666,21.734688,26.616001,88.89384,28.50573,58.043613,-0.781991,28.390848,0,background
11.460667,25.130836,24.976,103.99722,20.390903,661.8253,0.26830468,34.85811,0,background
10.974999,20.575552,27.0,82.530136,25.671541,44.5257,0.23358,26.655077,0,background
13.625334,28.320032,26.636,126.77598,24.856148,534.19855,-0.64384466,45.176754,0,background
11.073334,21.257263,26.768,114.13914,30.172636,187.82051,0.2896884,28.463934,0,background
8.926333,21.28967,23.828,80.44902,23.504942,87.68909,0.12176821,33.895252,1,presence
13.3619995,26.991758,23.428,66.82928,21.567537,517.8101,-0.3300955,38.820503,0,background
11.442666,23.562035,25.872,93.83159,23.887138,394.86417,-0.18853614,34.440437,0,background
10.236,28.79811,28.684,80.712425,28.436056,261.11847,0.02724726,31.09303,0,background
7.095667,24.792686,29.148,60.679363,0.0,0.0,0.0,0.0,0,background
11.708334,23.998388,27.772,109.87899,27.039984,174.17953,0.8399067,37.59169,0,background
13.455334,27.525026,25.592,123.70271,20.28452,754.3804,0.7234372,48.448746,0,background
12.427334,26.127604,24.856,101.35516,20.787125,856.38635,-0.019197632,29.652279,0,background
13.704333,25.6405,22.7,68.175064,19.79594,809.0626,-0.24894053,41.360096,0,background
12.830334,31.465405,27.084,91.96249,18.848288,1540.9265,-0.21648157,34.82277,0,background
9.733334,24.893436,27.9,100.55116,9.013825,2.0267882,0.28907713,14.794105,0,background
11.384,22.594475,27.42,117.004585,27.30733,173.25502,0.21128923,35.707024,0,background
14.116,31.366102,29.112,95.674736,17.343971,1342.9135,-0.5348213,58.564785,0,background
14.177,30.997463,29.632,99.242516,16.770136,1300.7041,0.5914741,50.08929,0,background
10.380333,27.55158,24.62,93.822876,26.906647,613.19183,-0.2767247,36.660767,0,background
14.236333,29.106012,25.472,123.14225,26.871862,559.0359,-0.29941875,36.127655,0,background
7.7163334,24.750875,32.368,50.48595,0.0,0.0,0.0,0.0,0,background
8.082,21.614248,27.168001,100.50577,17.922503,10.231224,-0.41550118,47.176952,0,background
8.328,26.562899,31.7,60.48741,24.96689,105.36551,-0.123049214,30.562933,0,background
10.964,22.524448,25.696,92.84611,27.000774,375.15375,0.44122815,31.343433,0,background
13.334666,23.776241,26.772,93.17364,29.29008,117.79735,-0.6434963,30.760313,0,background
8.187333,21.828232,22.448,34.09574,20.328468,418.8105,0.2136791,44.84716,0,background
7.619,25.809622,32.5,66.24955,27.169167,446.4009,-0.043160014,27.178703,0,background
13.148666,29.552877,28.424,96.62503,16.953424,1559.6156,0.34401917,46.3968,0,background
11.3133335,22.681103,27.584,103.049034,22.948343,222.90479,0.104334034,37.06533,0,background
13.919666,28.797722,24.724,126.25238,30.78763,541.62024,-0.2560415,28.797367,0,background
11.591333,22.294455,24.868,76.59883,25.14715,225.35078,0.5356033,36.792088,0,background
12.865,24.899359,27.288,98.9365,20.725584,335.6785,0.2143346,27.933884,0,background
11.383,22.40748,26.18,100.798004,26.564466,179.12321,-0.025989754,31.016825,0,background
14.6866665,32.4209,30.42,92.67485,18.561079,1432.7882,-0.6277131,43.80769,0,background
12.932,28.907368,18.236,97.25389,19.771086,1967.9596,-0.4430636,40.97465,0,background
12.704667,24.61763,26.616001,100.71836,27.179722,313.7548,-0.14349711,25.059444,0,background
11.715,23.0121,28.9,115.97517,28.206877,131.74368,0.37900877,42.69486,0,background
7.2976665,23.435024,32.728,46.72505,0.0,0.0,0.0,0.0,0,background
12.142333,22.774277,26.8,107.82264,27.232325,163.65639,0.7405208,29.658121,0,background
10.467667,27.884035,25.608,88.11978,27.437561,679.244,-0.45439845,29.960167,0,background
12.371333,24.09687,24.776,102.47614,20.655573,401.04922,0.553182,35.711826,0,background
9.127334,22.155872,23.78,69.620476,26.049301,147.17902,-0.3249541,33.93003,0,background
11.989333,23.638275,28.720001,121.51042,19.855055,135.95148,-0.06738429,58.106625,0,background
11.788,22.141247,27.54,116.73573,30.387741,151.41425,-0.10392034,38.865913,0,background
12.409667,22.136402,25.56,71.99283,29.124054,112.135704,-0.10690177,31.15844,0,background
6.917333,24.505219,28.68,51.370365,30.974518,259.83197,-0.3885755,31.662516,0,background
8.209,27.21817,31.592,64.39367,29.341043,620.5632,-0.23086213,26.274807,0,background
11.2543335,26.9707,27.824,102.63705,21.651361,110.61568,-0.055076096,38.233585,0,background
8.314,24.865414,28.82,34.872856,26.929716,237.25945,-0.055903062,37.43586,0,background
8.783667,22.584764,19.748,60.99813,19.624422,587.81976,0.11447407,41.52101,0,background
11.382667,22.263079,26.648,73.14036,31.78106,125.48538,-0.060302146,24.102535,0,background
11.224334,22.302364,27.696001,122.16321,24.073824,132.2562,0.32582605,46.62907,0,background
12.225333,25.418608,27.924,101.31674,17.997732,194.07326,0.15437675,41.793037,0,background
11.363333,26.94521,25.38,91.62557,20.227545,150.53749,-0.13841006,31.596382,0,background
14.615667,32.49081,30.252,94.73193,18.673046,1458.4503,-0.39472067,43.040195,0,background
11.040334,21.3414,27.44,118.29377,27.017681,142.1361,0.03788617,41.626026,0,background
14.968666,30.741533,32.635998,91.05443,27.568735,1058.437,0.93497634,32.345154,0,background
14.928333,32.106705,30.86,89.15161,0.0,0.0,0.0,0.0,0,background
12.324666,24.623724,21.728,63.1149,19.849009,683.0299,-0.31918406,41.90277,0,background
12.618667,26.069471,29.576,112.466095,19.953817,257.80115,0.42021993,49.80532,0,background
12.327001,25.443775,24.468,97.805,24.618498,602.81665,-0.34951988,30.353903,0,background
12.399667,25.382107,27.832,125.60827,30.131355,154.14369,-0.7408528,45.16063,0,background
10.05,21.357533,20.02,67.069305,19.449284,886.24207,0.32079154,42.154736,0,background
13.692,32.427055,27.904,94.671745,0.0,0.0,0.0,0.0,0,background
14.483666,25.349459,26.708,70.09049,20.36154,337.5717,-0.22829786,37.90797,0,background
12.718,25.69916,24.656,99.94679,19.817093,886.86774,0.19418818,29.493149,0,background
10.682667,24.18425,28.008,104.19601,30.398932,18.328342,-0.0052332724,33.795982,0,background
12.106,24.681944,25.864,77.564064,26.796593,142.54674,-0.57466906,29.261223,0,background
7.080333,24.557205,32.26,66.52261,25.332705,438.6804,-0.19935088,28.796207,0,background
9.305,28.708502,29.992,64.73996,24.297722,572.36444,0.023578933,35.885677,0,background
13.978,28.808739,24.032,122.56256,27.240849,749.0133,-0.039644636,31.55513,0,background
12.983666,26.693394,26.84,129.108,24.222097,276.57944,-0.6733592,42.351414,0,background
8.876282,27.77176,29.807692,65.05696,29.908278,5.4343624,0.22167403,26.127348,0,background
14.477,25.226528,26.056,70.90408,20.36436,365.7996,-0.29823503,41.364647,0,background
5.654167,23.412699,29.900002,48.24033,10.732664,4.149343,0.6153345,9.534057,0,background
11.721666,23.584843,27.84,113.49504,25.504417,163.0398,-0.8820701,34.19519,0,background
12.721,26.16413,26.92,98.99514,20.796968,586.5896,-0.015751854,26.850325,0,background
12.546666,24.896156,26.308,97.82908,22.925825,496.4133,0.54729456,32.229473,0,background
13.240334,31.53061,28.972,100.90419,0.0,0.0,0.0,0.0,0,background
12.236334,23.2259,25.988,108.132614,26.505571,178.81691,0.5150709,24.751202,0,background
10.382334,19.732275,26.292,81.776184,27.887194,38.130344,-0.34688002,30.24682,0,background
11.912,24.250814,24.84,101.85134,19.128338,665.9518,-0.115504906,36.952957,0,background
6.334,19.865763,22.728,25.47407,18.804356,409.2637,-0.15721296,45.159336,0,background
11.511333,21.849771,27.52,119.55929,31.415882,151.78735,-0.4957638,34.780697,0,background
9.060333,30.221258,27.4,48.549652,30.186836,646.7268,0.41255873,38.48048,0,background
12.582334,26.504747,29.104,116.97174,18.090343,267.07483,0.33081236,48.31842,0,background
14.139999,31.369242,29.648,86.17607,0.0,0.0,0.0,0.0,0,background
8.748667,28.92695,25.392,64.302826,28.468214,1570.4106,0.4561837,27.710218,0,background
8.866667,27.897223,29.566668,70.2597,16.594181,5.99619,0.035827998,19.333712,0,background
10.574667,28.435696,27.968,88.09105,31.147978,287.85895,0.030974904,31.036219,0,background
5.968182,19.190294,20.027273,54.45411,12.032327,14.998186,0.14985277,24.851652,0,background
8.2439995,27.50567,26.108,63.49155,26.136637,1264.005,0.40588808,29.220266,0,background
12.1953335,22.906336,27.096,94.911964,29.109957,62.918407,-0.41254547,30.299349,0,background
11.918334,23.022589,25.916,108.596306,28.111078,161.04257,0.38107228,28.370745,0,background
7.446212,25.148397,24.572727,28.953289,11.974528,20.604382,0.83882856,26.250788,0,background
13.671,28.689247,25.72,126.88209,26.104864,468.3071,-0.22650485,37.660378,0,background
13.273334,23.82149,27.348,73.81277,24.832773,74.62144,-0.052976515,27.399845,0,background
12.532333,25.008648,29.34,122.06769,19.167545,151.65321,0.34542847,51.985413,0,background
13.372666,32.034943,27.508,96.14497,0.0,0.0,0.0,0.0,0,background
10.537,27.129248,27.308,105.662346,26.386631,160.1097,0.124739386,33.74331,0,background
12.400333,25.718296,23.904,98.10353,19.783674,891.80237,0.38013297,32.95518,0,background
10.677,30.072666,30.144001,75.89812,30.40561,16.618652,-0.3758011,21.063242,0,background
14.194,25.451872,24.612,70.736305,19.274622,643.3051,-0.38463175,40.39738,0,background
7.8009996,25.493464,29.32,40.526222,31.304213,275.3608,0.30566725,35.893593,0,background
11.88,22.505116,26.584,79.179794,23.777279,133.59343,0.13370897,31.193733,0,background
7.304,25.750952,29.803999,62.110973,0.0,0.0,0.0,0.0,0,background
8.884,24.331726,24.108,32.87002,20.473902,108.97214,0.0028196375,43.47767,0,background
14.177667,25.619204,24.435999,69.043686,21.448326,725.65845,0.275275,40.63047,0,background
8.192333,23.2209,21.176,37.534645,22.57592,562.83295,-0.018870335,43.057312,0,background
11.681,23.16188,28.6,122.684525,20.014112,143.40901,0.48463908,53.9709,1,presence
8.672667,24.00273,23.576,34.033566,25.166151,322.93982,-0.51600975,38.51207,0,background
10.9453335,26.945675,19.784,88.42502,21.752401,1438.9803,-0.596617,40.577076,0,background
12.673333,23.156946,23.856,86.692055,19.639683,396.13412,0.19394277,42.978577,0,background
7.899667,25.193478,31.704,52.39127,25.326862,39.536076,-0.06725502,34.665344,0,background
8.848246,22.789299,27.547369,101.2154,17.983677,14.594472,-0.4030908,41.587452,0,background
13.358,27.670063,25.808,125.59893,19.724268,750.5759,0.20362294,49.578827,0,background
13.090667,23.891565,26.496,93.24442,28.693893,198.55112,0.046108656,31.373491,0,background
11.172667,24.620243,25.032,86.85854,25.03145,324.97925,0.41399115,33.463425,0,background
7.8316665,26.494137,31.036,59.743504,0.0,0.0,0.0,0.0,0,background
6.357333,23.218895,28.212,60.92921,0.0,0.0,0.0,0.0,0,background
6.628125,19.85955,22.25,32.109276,18.276062,19.599878,0.862629,30.575808,0,background
10.903334,21.217665,27.388,93.213005,29.92248,62.716557,0.6080291,27.49708,0,background
5.5791664,22.13955,29.9,49.549294,0.08171206,0.64813054,0.47494087,0.054829467,0,background
6.5480003,21.508343,31.972,48.65939,0.0,0.0,0.0,0.0,0,background
12.124,22.364052,26.672,90.798416,28.643066,73.990204,-0.62584054,29.393183,0,background
13.913667,24.204416,24.24,91.754326,21.213116,658.9506,0.15895511,43.50378,0,background
14.799,26.021591,26.44,71.382225,19.729406,360.884,-0.20060763,39.473885,0,background
9.922,29.428164,28.94,73.41155,25.172356,209.23517,-0.434596,30.434927,0,background
12.199,23.874668,26.916,102.46211,24.244795,322.62732,-0.34858772,35.677387,0,background
12.187,24.971313,25.284,98.37267,22.345762,559.5904,0.16416752,32.205147,0,background
8.930667,28.55803,28.064,48.341507,23.474903,169.38759,-0.45916224,43.138,0,background
13.109,22.480793,25.148,91.93051,19.954838,555.8016,-0.6105272,41.184307,0,background
9.287666,28.482786,29.092,70.6819,28.877466,144.20326,0.12753889,31.102633,0,background
9.62,24.54332,23.684,37.368755,15.300939,172.3213,-0.6054693,50.10998,0,background
9.031817,27.751396,29.881817,67.93676,26.833588,5.627082,-0.118869044,26.621317,0,background
15.06,30.959625,32.708,90.24451,26.146997,1061.7633,0.8388802,30.407934,0,background
13.987667,30.902409,28.676,102.00358,12.190283,1426.0302,0.35471523,63.342903,0,background
8.007333,25.880198,31.892,53.900524,0.0,0.0,0.0,0.0,0,background
10.893,26.703766,25.972,107.46925,26.25296,417.8466,-0.18266252,30.897028,0,background
10.388667,31.114971,30.836,39.58588,23.749138,133.09314,-0.6451724,41.459198,0,background
7.979333,27.333971,25.896,61.011585,27.359575,1314.102,0.29349056,27.331114,0,background
6.0503335,19.577831,23.176,27.10089,17.434471,345.9125,0.0031615223,48.158394,0,background
11.436,22.092573,23.824,71.83005,18.473843,422.58984,-0.16655084,44.46664,0,background
13.169,23.90018,26.552,71.02514,26.313187,137.7261,0.14274155,36.919067,0,background
7.659333,25.105984,29.144,20.325579,29.727531,324.90488,0.5173905,30.72329,0,background
11.663666,22.241926,24.564,93.02752,20.979641,467.25418,-0.2881985,39.141632,0,background
13.571667,30.580591,29.068,89.64577,0.0,0.0,0.0,0.0,0,background
12.038,25.19886,28.2,104.553535,23.490795,75.26447,-0.61840844,42.37911,0,background
11.587,23.144375,26.72,97.28072,26.672739,203.3307,-0.012030889,27.28969,0,background
12.220667,25.729885,19.944,62.02587,20.580568,902.36365,0.09266539,41.729683,0,background
10.726,24.236261,26.34,105.0908,19.387503,494.15826,-0.1978613,46.90778,0,background
12.470333,25.673914,25.008,100.085915,21.606268,836.5147,0.14138345,30.04698,0,background
10.888333,24.503407,27.932,104.87719,28.96788,15.21383,-0.18608694,38.918957,0,background
8.537666,27.857174,30.336,64.481606,23.597958,502.43103,-0.24515373,33.98752,0,background
11.939333,21.401257,25.444,75.38306,28.830233,41.448742,-0.16749084,33.19749,0,background
7.943333,26.970436,29.148,38.755966,27.380478,42.86223,0.04011238,39.47243,0,background
8.548667,22.584452,22.26,33.690582,17.299248,450.61127,0.17211686,45.34687,0,background
13.628333,25.821018,23.164,64.163826,19.327951,627.4689,-0.51776195,42.09183,0,background
8.168334,27.26777,28.7,62.952576,26.431126,1058.3015,0.8215778,30.21692,0,background
8.809,25.028412,22.66,42.197723,27.096823,1470.7955,0.7380279,38.083946,0,background
14.333,29.460247,31.76,98.59899,22.494486,1085.8663,0.5529146,38.871574,0,background
7.7433333,24.252485,23.124,43.30944,27.13333,1178.704,0.32018927,38.321327,0,background
6.445833,19.901373,21.944445,29.86024,22.799686,3.8616583,0.65859765,36.154575,0,background
11.651334,23.053686,28.724,112.94943,26.700304,136.01247,0.05615615,48.07733,0,background
11.735333,22.644592,26.976,109.41517,27.56047,229.25581,0.22489667,22.297737,0,background
12.471,25.155317,28.48,122.959076,25.20762,146.46718,0.30533504,49.956512,0,background
11.111,24.814632,22.836,88.39812,15.894875,735.0367,0.4361675,39.20732,0,background
12.724667,31.4531,26.224,92.16814,21.67362,1861.2784,-0.29363108,31.461813,0,background
11.516,22.840143,27.636,116.522064,27.367908,175.33806,-0.6140835,40.68088,0,background
11.3,26.968973,24.044,65.01506,22.973602,266.2123,-0.08343455,40.501305,0,background
13.446667,23.582369,24.644,95.57274,21.721128,675.2042,-0.20894931,44.367355,0,background
11.805667,24.424171,25.904,79.06053,28.088356,177.44608,0.47796062,29.00408,0,background
8.893,28.624308,29.356,49.749542,27.631874,363.78143,0.65824133,40.753666,0,background
12.8203335,23.237028,26.432,91.01271,29.04221,128.556,-0.30100697,31.1007,0,background
7.206667,24.933111,32.312,63.24974,28.321917,443.11444,0.34751266,26.33219,0,background
9.922999,29.075832,29.932,71.50889,32.34093,29.413994,-0.06907538,20.923077,0,background
12.831,27.801613,21.696,101.925606,19.824518,1408.9928,0.28254908,34.066273,0,background
11.900333,22.79408,27.96,115.333885,25.681433,151.7677,0.25732648,46.187294,0,background
7.5750003,21.085596,23.725,82.15531,22.91862,24.248077,0.45400575,24.913912,0,background
13.569333,23.474731,25.868,91.14711,20.44379,419.64267,-0.094624,44.163612,0,background
13.207,27.884047,27.3,126.93551,18.78889,566.98975,0.026982434,50.0629,0,background
8.177334,27.79515,24.728,65.58579,26.851553,1569.1837,-0.027439762,29.086727,0,background
9.592999,23.844204,27.636,102.072205,19.68971,11.125211,0.18813418,42.855343,0,background
9.75,26.494566,29.26,83.73958,8.777965,0.49758983,0.7966342,10.874975,0,background
13.581,24.07125,26.568,92.02752,27.213394,190.31082,-0.15962908,32.096073,0,background
12.796333,24.060493,26.916,104.41266,26.424372,304.75815,-0.19848804,27.96387,0,background
12.809999,25.895529,29.668001,113.237816,20.210318,171.34496,-0.18173884,49.856976,0,background
6.01,23.240526,28.9,53.96578,14.91672,4.4593396,0.1775547,11.87688,0,background
11.486667,31.051758,23.336,85.83822,22.421722,2055.528,-0.25937864,27.523516,0,background
13.806334,24.014355,25.18,96.947784,20.901394,571.6585,0.2951053,42.545418,0,background
10.424334,26.734545,24.036,105.05076,24.934187,749.65826,-0.124106556,36.35158,0,background
10.779333,20.801493,26.672,83.770256,27.537348,127.97046,0.46761099,26.821789,0,background
11.344,24.71029,27.883999,102.26851,31.784815,41.67298,-0.06255023,28.093466,0,background
8.502,24.906258,23.064,38.171673,24.109476,169.7565,-0.061862182,49.85648,0,background
7.29,25.85473,29.348,62.35281,0.0,0.0,0.0,0.0,0,background
11.214705,28.073921,23.917646,62.60844,18.170818,63.46715,-0.66832525,33.21805,0,background
12.047667,30.549921,27.64,87.21222,20.64698,1373.8463,-0.17682503,29.906282,0,background
12.369333,24.003208,21.824,69.86317,19.665134,887.5083,0.17055553,41.421764,0,background
11.513333,23.266779,27.376,117.33372,25.193779,219.73193,0.6554391,42.794205,0,background
10.505,19.775978,26.528,84.118805,26.092037,38.29811,0.3941857,28.742619,0,background
7.9533334,25.462072,31.684,52.88472,29.193424,40.430996,0.17440405,29.202566,0,background
10.942333,30.07788,23.488,86.93488,0.0,0.0,0.0,0.0,0,background
14.054334,31.148788,29.592001,96.42362,16.80439,1308.6708,0.08804589,50.96545,0,background
7.3073335,20.750038,21.564,32.817497,22.93332,401.47882,0.3953173,42.962616,0,background
12.509,25.213657,26.392,123.96209,26.707525,354.3105,0.17103241,36.80587,0,background
12.702666,26.32568,28.956,114.829094,17.022177,199.17546,0.039446343,51.41243,0,background
11.847667,24.955065,27.708,102.68744,19.925188,185.95587,-0.3526479,37.919823,0,background
10.883,21.127117,26.688002,75.98431,34.149094,64.17931,0.43326962,18.969679,0,background
11.447333,22.571444,27.26,115.27916,28.194702,157.81966,0.7204292,35.236008,0,background
6.373667,23.006306,31.5,65.811165,28.38584,469.16937,0.2728222,32.023796,0,background
12.189,25.376833,24.072,99.10845,21.143734,745.36273,-0.36077106,37.465652,0,background
12.511333,23.329851,23.676,93.02712,20.596281,736.3468,-0.2557747,43.81218,0,background
13.251333,27.930473,28.228,124.923744,16.560669,507.62772,-0.37323526,50.618286,0,background
8.488667,25.79828,29.04,31.228655,27.577326,267.1719,0.49034774,38.0138,0,background
11.891,22.890198,26.54,110.96026,27.531614,160.9062,-0.33864412,29.609922,0,background
7.1193333,20.531012,22.488,32.84085,25.832703,153.79358,-0.08680759,41.154743,0,background
7.396333,25.350744,30.968,61.537663,0.0,0.0,0.0,0.0,0,background
13.411333,27.686485,27.208,123.26812,21.16231,455.53583,0.04521661,51.135975,0,background
14.931666,32.871758,30.524,91.68838,0.0,0.0,0.0,0.0,0,background
7.963333,23.432596,21.088,36.90482,23.285854,489.8784,-0.19922207,44.125908,0,background
12.176,24.932426,24.412,101.93737,25.809395,513.9371,0.3924305,33.28903,0,background
10.603667,19.483438,26.9,80.665115,27.601212,31.011488,0.7477412,31.38501,0,background
13.243,29.950695,27.592001,98.85711,19.135653,1702.5426,0.4759111,42.826324,0,background
12.5703335,23.947142,25.224,102.957,22.104834,257.97552,-0.109324425,36.50414,0,background
8.911667,28.337786,30.084,48.402573,27.843079,227.59348,0.12523483,39.9573,0,background
9.2213335,28.914253,32.412,45.004982,16.336662,64.04179,-0.8954281,20.844131,0,background
7.4083333,22.10387,22.0,38.102283,22.692392,74.421005,-0.06757854,42.373547,0,background
11.576667,26.972662,17.824,92.16423,20.931925,1950.449,0.37323675,44.126263,0,background
10.973666,25.280287,28.264,110.77785,31.365429,7.5330315,-0.8552686,26.532675,0,background
11.408333,21.789925,27.772,120.364174,31.595139,149.36148,-0.18830632,36.448463,0,background
7.281333,23.331623,32.284,46.598392,0.0,0.0,0.0,0.0,0,background
11.001667,22.657688,25.8,90.38339,28.36268,343.72556,0.33673495,30.818356,0,background
9.176,26.702362,24.384,43.667618,27.303772,1285.4738,-0.15808696,37.642284,0,background
7.7599998,24.710228,31.828,50.236656,0.0,0.0,0.0,0.0,0,background
11.890667,24.158201,25.904,96.880974,26.207106,460.72067,0.63056713,33.588146,0,background
13.305667,31.568916,29.008,92.571724,0.0,0.0,0.0,0.0,0,background
14.261666,25.656017,25.619999,71.58073,19.62742,558.62115,-0.26883796,39.395885,0,background
10.901667,28.752153,26.076,100.92786,23.759113,272.39468,0.005943469,33.662323,0,background
7.404667,22.64701,25.764,23.013308,22.96032,398.72363,0.119347334,42.433586,0,background
8.753667,26.851738,27.008,74.41773,29.133694,77.0684,0.20903465,33.846817,0,background
11.765333,26.496113,27.928,112.19829,20.242031,164.90114,-0.48791057,48.93847,0,background
11.549666,21.251318,27.02,79.03602,29.52726,42.391712,0.437474,28.73555,0,background
10.092,30.622648,14.368,96.600815,0.0,0.0,0.0,0.0,0,background
10.186334,19.012867,26.012,83.328156,24.944836,38.847984,-0.40834516,29.08557,0,background
6.7286663,22.00061,31.904,49.381413,0.0,0.0,0.0,0.0,0,background
12.770333,23.255997,26.372,90.74804,28.48165,138.43256,-0.48619363,31.336807,0,background
11.595,25.084372,27.944,104.06974,27.775303,40.590824,-0.13310605,37.163353,0,background
11.397333,21.36893,25.412,91.2715,24.450674,257.7822,0.23892559,34.37222,0,background
7.253646,21.588232,27.5125,86.48508,22.964977,45.67123,-0.2898703,34.856693,0,background
12.275333,31.784914,24.276,91.74461,0.0,0.0,0.0,0.0,0,background
12.449,26.534658,24.86,96.652664,21.856953,519.6285,0.30258173,37.100964,0,background
11.116334,25.808723,25.728,104.16536,22.11262,469.82825,-0.22022468,34.535347,0,background
13.368333,24.1917,26.472,73.8549,24.358578,212.32149,-0.04012091,36.4102,0,background
7.9636664,26.984503,28.092001,64.60957,27.62767,1054.698,-0.07644126,29.501213,0,background
7.8283334,24.601927,25.94,28.075117,22.782383,41.10628,0.49643698,45.37697,0,background
13.788334,24.207047,24.608,94.157776,21.757318,682.62604,-0.5201547,43.45311,0,background
10.668667,20.131079,26.6,89.16834,29.792345,56.99566,0.016213946,29.340673,0,background
6.639,23.714102,32.52,66.955986,28.628614,345.16965,-0.21679547,32.620045,0,background
10.12,30.793573,29.644,66.34317,24.361715,732.71277,-0.29552677,32.408077,0,background
6.519333,23.60025,29.392,66.936424,29.287413,862.1384,0.06315566,31.116108,0,background
9.9383335,25.9324,26.804,105.68712,23.58648,286.57513,0.40485036,35.49299,0,background
12.576667,25.498068,29.424,114.541466,21.453598,154.22157,0.5532788,49.07292,0,background
13.170667,30.30805,28.336,95.433586,21.769316,1117.3468,-0.37540188,36.632843,0,background
12.913,25.633238,26.307999,97.12201,21.580635,581.3345,0.23249358,31.743217,0,background
12.171333,24.93717,28.272,116.136314,21.181293,147.60883,-0.4238209,40.744354,0,background
8.462,28.67697,21.804,63.557716,30.89797,2072.5867,-0.26528925,26.589966,0,background
12.953,32.023834,26.652,96.422066,18.676126,1895.836,-0.73323935,31.557678,0,background
13.092334,28.21137,23.128,98.374466,20.44301,1068.7583,0.04338041,33.677586,0,background
11.988334,22.48712,27.656,118.47786,31.20789,147.89793,-0.051432,35.68113,0,background
8.409667,23.38357,24.976,33.13173,38.4975,29.701641,-0.18093817,21.447845,0,background
13.919666,28.797722,24.724,126.25238,30.78763,541.62024,-0.2560415,28.797367,0,background
7.297222,26.86094,29.033333,39.2373,10.128975,23.719608,0.37448144,9.824559,0,background
11.014333,30.041275,24.148,83.55637,23.977583,1939.7245,0.057060745,25.01129,0,background
9.707334,27.681458,29.34,79.58661,27.231802,56.57704,-0.17421582,34.6062,0,background
11.091667,26.338495,28.128,99.24456,22.893745,41.597954,0.32093295,36.237614,0,background
7.715,25.969437,30.52,55.388542,0.0,0.0,0.0,0.0,0,background
11.328667,25.900015,28.096,110.12605,21.248545,120.31483,-0.27474737,42.792973,0,background
11.736,31.386395,23.144,86.33064,23.106653,2234.5422,-0.29713187,24.397924,0,background
11.913334,24.372614,21.1,60.892883,18.525236,685.1203,0.20387548,42.694347,0,background
10.157333,26.528765,25.896,101.31415,26.35277,492.69147,0.14168261,35.403206,0,background
7.7530003,27.013937,29.644001,38.192814,27.400623,16.025686,0.6957065,36.598465,0,background
14.973333,33.147377,30.452,92.45139,0.0,0.0,0.0,0.0,0,background
13.327667,23.682682,24.168,92.33719,21.537186,764.6613,0.2333025,42.947395,0,background
7.710333,25.419798,27.836,47.074467,23.78917,88.746,0.37613156,39.68904,0,background
12.511,32.618103,22.384,91.37817,0.0,0.0,0.0,0.0,0,background
14.061334,28.631157,24.32,121.06869,26.542131,780.44653,-0.39365423,32.97185,0,background
12.085333,22.08577,26.284,75.605606,28.776182,72.418175,0.47144008,28.940289,0,background
12.003667,31.565338,25.88,85.25754,23.19292,1681.8177,-0.25379744,24.588995,0,background
9.344,25.413403,27.756,99.16411,27.066046,148.90663,0.09283379,36.250454,0,background
12.133333,25.524515,23.752,97.21692,19.311342,766.39874,-0.28371057,36.71161,0,background
10.458333,26.253473,26.824,105.92069,26.69481,248.18881,0.6142685,32.175533,0,background
9.264667,29.936237,28.164,67.27009,27.986868,935.4399,-0.5740046,28.809357,0,background
7.2993336,25.066393,32.612,67.04115,22.794735,389.41473,0.29807195,34.322495,0,background
11.478666,23.027336,27.292,113.32788,24.697626,208.83041,-0.4016048,33.33876,0,background
12.788667,25.700697,28.612,126.9225,27.033636,209.74794,-0.3490017,44.17773,0,background
10.884334,23.940556,28.952,99.882545,4.943116,42.00146,-0.6458039,8.180517,0,background
10.786,24.813656,27.18,104.863846,18.578684,203.30235,-0.2905095,40.40473,0,background
10.725666,20.18379,26.748,89.36968,28.771223,53.502644,0.38439593,28.606422,0,background
12.307333,31.795322,25.836,86.0538,21.234453,1754.7817,-0.23711836,28.393442,0,background
13.672667,28.591942,23.936,67.95991,20.076262,477.48648,0.3574994,43.176773,0,background
12.666333,25.2922,25.896,101.08956,26.081806,480.12842,-0.05016512,30.468279,0,background
13.384666,23.52314,24.864,94.002846,21.006605,539.8775,-0.27201855,44.155125,0,background
12.12,31.343746,25.864,88.17192,20.21548,1843.8535,0.2497626,30.491032,0,background
12.414,22.375631,26.552,89.152855,27.765305,97.94689,-0.41950944,31.946285,0,background
7.648667,26.204832,29.36,62.0221,25.381773,680.2237,-0.026962642,31.637407,0,background
13.077,31.882679,27.748001,93.832664,18.666431,1709.395,0.42180198,30.09119,0,background
11.774667,24.331846,28.032,115.84021,21.195595,123.35801,0.35566768,38.470818,0,background
7.9376664,26.297596,31.644,66.3892,25.238703,155.36734,-0.5813728,32.15858,0,background
9.729,30.632872,25.412,60.095955,28.72739,1116.0079,0.13803494,35.929977,0,background
11.978667,23.39949,25.803999,103.01577,26.490822,216.22523,-0.08686265,27.56288,0,background
7.3716664,23.884354,31.532,49.893436,23.926928,32.196346,0.24287213,36.1261,0,background
13.064,27.218935,26.56,99.7245,22.942627,664.87384,-0.5586746,27.812601,0,background
7.2549996,25.66143,26.108,61.17153,28.485048,1382.3302,-0.29113704,30.675718,0,background
8.534721,25.413565,24.933332,66.90774,7.83893,2.6820068,0.0700276,8.97418,0,background
14.659333,32.40061,30.344,93.559044,17.044312,1435.686,0.31581894,45.97178,0,background
11.453667,21.821495,26.972,77.64827,25.150066,81.80272,-0.069164686,29.955013,0,background
12.467334,26.850735,22.148,97.961876,20.671562,1144.5676,0.24892288,35.46918,0,background
13.079666,23.976511,25.988,94.35564,23.639357,327.92044,-0.30610952,38.050083,0,background
11.029,30.329447,29.176,83.78264,27.658222,90.87099,0.0014620018,34.70102,0,background
11.453333,24.881243,20.9,66.782394,20.258886,722.4379,0.22052008,41.014633,0,background
7.549667,23.189787,22.536,34.770023,21.745867,262.79218,-0.84596694,44.40987,0,background
6.8120003,24.067268,32.232002,67.73317,29.49249,376.56494,0.2628638,31.512106,0,background
11.217333,24.998514,25.164,103.98908,18.105886,639.6755,-0.16304588,35.087505,0,background
11.609333,21.964079,27.56,115.68966,28.310575,156.24565,-0.49618465,30.015821,0,background
13.731667,31.126272,30.548,99.51089,17.740938,1259.2633,0.11636473,45.862305,0,background
10.402,30.21027,21.94,84.904785,23.623936,2110.464,0.36537042,28.480778,0,background
7.5746665,25.555555,30.636,59.097675,0.0,0.0,0.0,0.0,0,background
7.3343325,25.828754,26.956,48.06147,24.84353,17.964642,0.012287328,36.60687,0,background
12.999,31.175653,27.612,94.804565,15.090185,1561.3032,0.7363169,51.131527,0,background
6.504667,23.391352,31.472,63.625988,0.0,0.0,0.0,0.0,0,background
14.080667,25.221514,27.032,72.57089,22.868345,257.89783,0.25894427,33.841385,0,background
14.358,25.118963,25.956,70.52657,19.572426,368.17764,-0.3718916,42.212017,0,background
12.862333,25.89662,28.224,127.243904,28.404797,213.71541,-0.39849034,40.03515,0,background
12.424,25.332355,25.248,98.29028,22.178915,739.7195,-0.21654019,24.329779,0,background
11.613667,22.207561,28.552,114.16302,28.128866,131.17418,0.23433264,38.062042,0,background
8.031333,26.436253,27.34,48.38053,29.80324,678.74133,-0.052537065,39.985523,0,background
8.130556,24.563612,24.966667,67.22816,9.6071,2.990106,0.47173527,11.858307,0,background
14.826667,32.006447,30.892,88.0248,0.0,0.0,0.0,0.0,0,background
13.609333,28.345692,26.508,129.42986,28.423058,402.93967,-0.25200173,41.23026,0,background
12.607,29.315878,27.644001,100.00043,27.618692,1098.8192,0.48303807,20.598976,0,background
12.648666,24.889153,26.716,97.17662,28.122032,312.57846,-0.08752675,28.09728,0,background
12.598333,31.647743,24.888,94.3102,0.0,0.0,0.0,0.0,0,background
7.7243333,26.021875,31.352,60.911472,0.0,0.0,0.0,0.0,0,background
11.655,22.613504,28.768,111.692345,28.303936,130.82141,-0.20803696,40.907467,0,background
10.114667,31.643932,27.5,53.813335,29.152567,785.40314,0.34949765,40.423077,0,background
13.557,28.215534,24.076,124.628975,27.373093,820.62634,-0.19145314,38.071835,0,background
11.965334,22.838093,27.6,115.272285,29.131733,162.95132,-0.33749428,37.89957,0,background
11.749333,22.458393,27.624,113.78539,28.799416,126.629906,0.5903114,31.83672,0,background
13.351,22.722786,25.94,90.763664,21.301994,407.0688,-0.121132016,41.740707,0,background
12.818666,25.869122,28.076,99.713135,21.297775,239.34924,-0.29838264,35.14197,0,background
10.018333,28.714054,30.115,75.46299,28.404692,9.880464,-0.21774974,27.440418,0,background
11.687667,25.147747,26.592,102.281555,16.90947,301.36682,0.19328333,35.554028,0,background
12.144667,23.80747,24.536,102.9174,21.44151,459.87195,0.2855224,32.440308,0,background
12.591,22.9981,23.916,85.89144,19.428095,514.24945,-0.3259221,43.279762,0,background
11.006,24.494791,24.28,88.7375,21.47975,467.4985,-0.20202924,35.929173,0,background
12.761333,26.141703,29.6,121.138695,19.322104,212.44348,0.39805812,47.704678,0,background
11.643,24.927208,23.928,98.18341,20.642448,719.7956,-0.27343416,36.98157,0,background
8.235333,26.304247,28.16,29.305077,30.566227,569.63605,-0.16736685,31.813873,0,background
8.281333,28.38406,20.12,62.57815,31.019472,2308.1172,-0.30863035,27.61389,0,background
14.180667,24.741201,23.732,93.433,20.106201,804.555,0.17988354,43.975506,0,background
14.002666,24.906914,26.38,75.35129,20.383276,322.9227,0.3698323,36.8443,0,background
12.176667,30.72123,27.112,89.46173,19.062334,1443.5848,-0.20483428,35.871536,0,background
13.400333,25.592691,22.184,65.869675,19.636131,882.03674,-0.15328169,41.915405,0,background
8.499333,27.378344,30.384,43.667953,28.159653,229.08578,-0.30136216,38.851746,0,background
13.048,31.407663,27.732,93.53676,18.778534,1465.1108,0.06550723,42.841473,0,background
11.674666,23.178738,26.212,73.96729,25.27758,221.3334,0.1665748,29.590109,0,background
7.8826666,22.095152,21.788,32.189472,17.633158,421.2017,0.1802167,46.92732,0,background
6.7773333,24.749245,26.164,59.80449,0.0,0.0,0.0,0.0,0,background
12.263666,24.120184,27.76,122.6144,18.5312,152.31717,-0.3971228,45.274296,0,background
8.458667,28.218128,26.468,66.22547,27.273863,1283.3462,0.5089811,27.959927,0,background
12.1449995,24.767517,28.58,125.34066,24.932083,151.20593,0.08266232,48.56967,0,background
11.559,22.199816,27.416,113.80254,32.963642,150.60832,-0.06386397,24.360086,0,background
7.2143335,25.780209,28.792,60.71731,0.0,0.0,0.0,0.0,0,background
12.684667,24.00944,26.968,103.65224,25.255503,220.30618,0.630407,27.407822,0,background
12.328334,32.879063,21.344,93.90118,0.0,0.0,0.0,0.0,0,background
10.782667,24.546227,19.672,58.81608,20.276794,610.5313,-0.10196207,42.06232,0,background
8.800333,25.26218,28.508,23.310266,25.31953,447.59406,0.032417078,40.26702,0,background
11.723,25.52029,24.536,103.43396,18.464706,749.5591,0.3325633,32.691795,0,background
10.865667,22.830868,19.488,67.6267,19.985867,1120.4767,-0.5694431,40.701027,0,background
14.3376665,30.804543,30.268,97.60467,20.476711,1450.4272,-0.6465607,42.620827,0,background
12.625334,23.23396,23.784,91.16154,20.363237,581.0634,-0.29272065,42.503155,0,background
12.269667,25.08929,25.14,98.57704,23.507122,631.61475,-0.089789845,30.841982,0,background
8.314667,27.21124,29.212,64.038345,22.426184,616.07007,-0.18199658,38.305298,0,background
12.742666,30.17587,29.264,97.415405,19.620174,1146.7208,0.7279031,42.77662,0,background
14.314,31.101166,29.748,92.56964,19.112244,1466.1436,0.5630119,43.46346,0,background
13.087,26.543486,28.76,122.48594,21.02457,179.17175,0.08611428,54.168156,0,background
11.573,23.67635,25.728,94.11983,24.733463,467.4883,0.19734229,34.726223,0,background
10.749667,21.776329,26.016,91.97887,25.923918,366.3245,0.40847358,31.526033,0,background
13.800334,29.86568,28.56,101.81499,17.695942,1509.4264,0.2395245,59.750908,0,background
13.941667,30.482916,29.152,104.1523,20.179615,1331.2255,0.48702207,51.301884,0,background
7.941,26.225231,30.72,64.10722,24.837084,358.39764,-0.0827611,33.470753,0,background
12.740666,24.853048,21.144,71.16341,20.638037,1045.3818,0.08112953,40.90563,0,background
7.0396667,22.92155,31.28,50.318188,23.673765,30.078259,-0.028060548,39.549564,0,background
13.3,27.908344,23.196,124.02723,24.964329,792.52985,0.12080023,35.641087,0,background
11.700666,27.2438,25.944,105.379456,24.12831,488.8422,0.14856033,32.381725,0,background
13.918667,25.570742,23.752,72.11579,20.394693,671.5832,-0.26592997,42.811447,0,background
11.490334,21.660257,27.168001,112.380974,29.504246,151.79662,0.45876974,27.2784,0,background
11.086333,21.94792,25.936,101.085175,24.795712,230.98895,0.21221705,31.732454,0,background
9.169791,28.470245,27.7375,61.789898,25.563202,114.9833,0.04986138,37.693638,0,background
14.5546665,33.311974,28.892,90.64197,0.0,0.0,0.0,0.0,0,background
9.296667,25.21335,27.504,103.68992,22.26615,124.52605,0.36935693,38.791523,0,background
12.4956665,32.328644,23.116,93.09786,0.0,0.0,0.0,0.0,0,background
12.557333,31.939499,25.432,86.71125,20.30827,1870.8562,0.269944,36.608135,0,background
8.218518,24.82103,22.133333,38.936817,8.0377445,10.828453,-0.08839883,17.750029,0,background
11.663667,20.581003,25.564001,77.00578,28.40727,14.637014,-0.013656622,33.90796,0,background
7.3593335,23.788897,31.94,48.10046,0.0,0.0,0.0,0.0,0,background
13.17,27.633236,28.811998,125.442696,15.924805,406.35913,0.12947075,51.58379,0,background
12.962,26.710354,26.964,129.63893,24.502472,287.26083,-0.2619739,41.518276,0,background
12.083334,24.677994,20.724,61.422783,18.997637,735.68665,-0.39134356,42.086388,0,background
13.3,22.778652,24.556,91.73755,20.98584,704.2858,-0.3754888,40.817677,0,background
10.324333,27.095142,25.176,98.9789,26.139437,597.5403,-0.37957922,36.359703,0,background
7.1480002,25.459467,30.26,62.497528,0.0,0.0,0.0,0.0,0,background
14.75,33.31376,29.572,91.4497,0.0,0.0,0.0,0.0,0,background
7.2083335,23.373323,31.308,50.395596,23.858042,28.678406,-0.33606392,40.195374,0,background
6.9056664,22.529251,32.316,47.89744,0.0,0.0,0.0,0.0,0,background
8.378,25.889988,24.8,44.470314,28.181787,949.2354,0.0394928,37.008442,0,background
7.697348,25.25226,30.195456,19.621378,31.570925,8.38602,0.041180577,21.285107,0,background
7.664666,24.500275,32.976,46.312973,0.0,0.0,0.0,0.0,0,background
11.665667,46.01478,29.464,30.759916,0.0,0.0,0.0,0.0,1,presence
10.746667,20.679392,27.220001,95.17974,28.498058,62.1177,0.4949209,29.18487,0,background
11.608,21.742714,25.784,77.33946,26.435652,60.793533,-0.08459254,30.466843,0,background
8.284667,24.049776,23.48,26.945274,21.860945,360.77493,-0.35481483,44.312176,0,background
11.186333,27.02274,27.296,103.19896,26.528936,224.32777,0.44751522,31.830141,0,background
12.851666,28.874958,17.68,99.1634,20.22806,2117.253,-0.11160937,39.28,0,background
12.3376665,25.926003,23.936,101.902885,19.787676,1041.2069,-0.19300807,32.35252,0,background
11.081,29.832542,27.624,70.87432,30.892626,391.57858,0.03333531,29.268831,0,background
7.9126663,25.915977,30.756,18.837086,32.05083,90.5215,0.07423994,27.328867,0,background
12.315667,32.334766,22.024,91.899536,0.0,0.0,0.0,0.0,0,background
11.289333,22.335655,22.904,68.759964,22.951183,625.9029,-0.2122554,40.745422,0,background
10.599,19.876604,26.788,87.96719,30.302267,53.419655,0.0042900094,28.415178,0,background
13.363999,30.983955,29.872,96.510124,19.27761,1151.8029,0.14974594,44.812454,0,background
9.0946665,26.086124,28.544,80.24021,28.477392,107.31562,0.1943771,35.288834,0,background
13.366667,23.178656,25.82,92.16733,21.180716,430.30048,0.18134417,43.207207,0,background
12.3116665,25.40164,21.12,66.53812,19.007309,869.8658,0.091546826,42.302284,0,background
8.966667,25.505367,24.656,68.036194,27.019102,125.47083,-0.036529858,36.04201,0,background
12.601334,25.575039,28.088,100.298584,20.906052,214.35219,0.15993215,37.16753,0,background
8.007334,26.627207,30.716,64.80088,24.98461,292.35776,-0.23355964,33.0264,0,background
13.28,28.214499,23.456,65.85189,18.910545,603.6783,-0.21014434,42.199017,0,background
11.826,24.917826,20.548,62.699245,19.898363,612.9135,0.049763698,40.67007,0,background
11.576,31.514755,22.616,87.88719,0.0,0.0,0.0,0.0,0,background
11.209333,21.666409,28.456,110.370544,26.710527,117.65563,0.3990799,22.426462,0,background
13.802667,31.882719,29.34,94.59902,15.782361,1362.1107,0.30281746,45.79635,0,background
9.446333,22.635708,27.764,106.598694,18.598053,32.676323,0.51406103,41.210045,0,background
8.039666,22.191858,21.52,34.095314,19.757908,528.11,0.1101909,44.45908,0,background
11.859667,23.323761,28.720001,121.57196,20.917484,133.44101,0.4828639,56.95276,0,background
13.710334,22.811016,25.732,81.81693,26.357819,116.839905,0.07990639,29.862724,0,background
9.599334,28.340025,28.068,76.5807,28.233137,387.68326,-0.44970545,32.967648,0,background
10.404,24.07219,28.008,112.16768,28.629475,4.0149546,0.8571389,30.909079,0,background
9.325,28.288435,27.016,79.16214,26.756113,458.20142,-0.4146482,36.417454,0,background
11.317,20.441082,26.404,77.87098,28.562803,24.270542,-0.088672034,30.379808,0,background
14.406,25.571571,25.804,71.2902,21.252327,586.65924,0.35824051,39.494404,0,background
12.861333,31.923485,26.144,87.118866,19.774984,1794.8789,-0.18775724,36.10183,0,background
13.973001,28.884157,31.108,103.18869,0.0,0.0,0.0,0.0,0,background
11.389667,21.888052,26.22,110.059784,26.410484,295.30966,0.39133027,30.206375,0,background
7.850333,26.192225,31.432,59.832954,0.0,0.0,0.0,0.0,0,background
11.374333,23.645296,26.768,91.44741,26.36211,254.55304,0.028805988,29.870865,0,background
7.0206666,24.54092,32.36,67.200165,26.920866,382.26004,-0.009598074,31.34339,0,background
8.800667,23.556389,21.42,35.182953,17.343119,712.3618,-0.3212243,44.45507,0,background
11.426333,27.117746,26.712,103.0816,25.110336,300.87292,0.24281923,31.798815,0,background
9.661364,27.507442,29.254545,79.936066,27.508263,38.0013,0.46057737,33.34454,0,background
14.530666,29.790607,32.144,91.53455,0.0,0.0,0.0,0.0,0,background
10.440001,26.40097,26.384,107.0172,25.369516,372.76447,0.35032094,34.09505,0,background
8.951812,26.328857,26.795652,94.069405,26.226856,12.21833,0.31776527,30.454493,0,background
14.271,28.654325,24.348,119.26465,24.651361,891.5399,-0.403141,38.894455,0,background
11.625334,24.701117,27.808,102.461075,17.52733,192.05486,0.013783003,52.12293,0,background
12.773666,25.805387,29.5,117.723495,17.854645,164.09703,0.37846208,51.82857,0,background
11.873667,22.523838,27.32,108.04946,28.90358,144.33284,0.28750855,24.175362,0,background
14.162,29.57317,31.788,95.44156,21.253418,1105.9916,-0.6308703,36.44592,0,background
7.395,25.422853,31.656,64.23461,30.34336,573.92053,0.040461298,24.624094,0,background
9.5286665,28.305212,27.456,80.69816,27.134365,454.46033,-0.39672923,35.973255,0,background
7.958667,27.379478,30.348,40.797108,15.805532,34.530647,0.28811038,16.302328,0,background
10.237963,25.17188,27.777777,100.54937,23.963997,4.3197236,0.47225577,32.478996,0,background
12.637667,25.180655,25.608,98.38708,24.24757,669.9019,0.20446427,23.927244,0,background
12.519667,26.547215,22.904,92.44436,21.616606,997.6388,-0.1179148,30.281864,0,background
13.029667,31.985632,26.94,93.923744,0.0,0.0,0.0,0.0,0,background
7.6806664,24.3213,32.424,48.10917,0.0,0.0,0.0,0.0,0,background
11.091667,25.533302,23.42,67.113945,17.243109,25.669407,-0.18215887,29.357088,0,background
12.305333,28.17413,18.972,85.70989,22.96136,1700.9115,0.26774102,43.385338,0,background
11.294,27.338305,27.608,102.82385,25.25048,163.86475,0.42992342,34.293064,0,background
8.584333,23.048903,21.152,35.500954,18.994919,771.05347,0.13710482,45.09836,0,background
12.6,30.722715,26.756,93.97214,0.0,0.0,0.0,0.0,0,background
8.357667,23.213161,23.524,35.0786,24.398003,285.11752,-0.052362215,40.31479,0,background
10.203667,29.395214,26.652,64.04122,27.137001,479.51736,0.16453144,34.9126,0,background
11.822333,22.681171,26.904,100.61812,28.3259,98.18918,0.13448021,34.55442,0,background
11.015667,20.473696,26.6,89.31546,32.524155,54.479023,0.23138878,27.024662,0,background
11.797333,24.03107,26.008,94.63627,26.327076,417.73425,0.049139194,33.06717,0,background
14.875,33.244682,29.264,86.76685,0.0,0.0,0.0,0.0,0,background
10.589334,28.145155,28.404,89.25823,29.071627,196.35327,0.31856114,39.983627,0,background
11.83,22.736008,27.9,117.26966,27.753592,143.2128,0.27686137,38.275013,0,background
6.8933334,24.248394,31.824,62.453037,29.879133,507.84564,0.15516753,27.017286,0,background
7.728667,26.428213,28.396,61.41015,27.814867,970.9696,0.44195136,31.312439,0,background
12.217667,23.269974,26.852,70.46739,26.607227,118.98236,0.15171547,26.537624,0,background
14.157666,25.62752,26.196,71.70034,20.245918,467.1312,0.12619896,37.063934,0,background
12.066,20.908712,26.416,78.79019,30.740023,25.02067,0.030468224,28.954485,0,background
11.509334,27.252636,26.236,104.91483,25.224192,398.02228,0.03042557,30.833366,0,background
11.121667,22.13355,27.1,94.09404,27.745464,178.29918,-0.0871077,28.652235,0,background
11.894,22.17375,26.676,89.80005,27.907595,73.645164,-0.9020624,29.165092,0,background
14.947667,33.41605,30.032,92.79589,0.0,0.0,0.0,0.0,0,background
10.853333,21.592657,25.292,81.3631,28.6988,383.4383,0.24438037,30.389523,0,background
7.193333,23.174398,32.464,46.690807,0.0,0.0,0.0,0.0,0,background
12.588,26.072906,29.792,118.95528,16.740917,244.62074,-0.020059695,50.088406,0,background
7.6270003,25.61803,29.636,56.22864,0.0,0.0,0.0,0.0,0,background
10.777,28.65309,28.468,91.510704,31.7713,161.37598,-0.4482363,31.405,0,background
8.134,27.365091,27.3,61.618828,25.301939,1051.8406,0.3323855,30.94437,0,background
10.587,28.106085,26.688,91.59492,29.672802,518.1473,-0.14916421,30.77431,0,background
13.129666,27.387707,27.728,117.54635,21.061852,354.33533,-0.45246378,48.218727,0,background
11.704666,22.161213,27.212,118.161705,27.770014,158.22717,0.3669424,36.933353,0,background
14.775666,25.595322,26.98,70.9115,21.85399,228.77522,0.055089023,37.3471,0,background
10.910666,19.717121,26.448,80.66964,28.480326,28.035524,0.63204086,31.822216,0,background
12.055333,22.875395,28.376,119.111885,26.54362,151.14584,-0.13964248,46.706276,0,background
12.814667,25.95954,29.8,114.732376,19.017683,181.04468,0.2787908,51.725437,0,background
13.49,32.94744,26.484,95.02879,0.0,0.0,0.0,0.0,0,background
13.166667,23.708345,24.776,90.956055,21.88897,608.6009,-0.24419034,42.950127,0,background
7.3033333,21.697367,26.98,92.15168,19.812279,24.272318,-0.5038722,30.978842,0,background
6.7176666,21.374783,26.624,93.0272,17.897812,57.744255,0.32920364,45.924397,0,background
11.934999,27.356285,18.648,88.45976,23.034061,1667.6932,-0.15757392,43.542397,0,background
8.178,26.384048,32.324,54.16523,0.0,0.0,0.0,0.0,0,background
10.9626665,25.15296,20.936,54.558216,20.850407,279.1085,0.019803712,43.465508,0,background
8.864667,28.159678,28.628,48.404778,23.404219,233.12334,-0.3296906,40.02816,0,background
9.395652,22.393782,27.591305,110.59138,30.705372,1.331866,0.20994163,22.62719,0,background
7.0516667,23.959183,30.432,22.611158,12.757935,81.130745,0.810996,11.328152,0,background
13.454667,27.97926,25.864,123.854996,17.583008,814.03925,0.37934354,49.667877,0,background
8.508333,28.248117,27.136,66.48094,22.137774,1095.385,0.3393082,29.25009,0,background
13.278334,28.994526,21.596,99.57159,21.203436,1311.5465,-0.4038676,35.374435,0,background
11.755,24.379873,27.916,115.641106,21.109108,118.33534,0.16892786,37.18142,0,background
7.801,25.756075,30.732,64.21295,26.23959,341.8558,0.0077998517,34.55293,0,background
9.100333,22.42124,23.888,81.50346,24.948187,99.60646,0.21953672,31.425688,0,background
14.392,29.777374,32.072,99.21525,21.601448,1030.8546,0.29468274,34.700073,0,background
11.610666,22.063444,27.5,113.61657,34.87408,121.32765,-0.301276,24.603022,0,background
13.089,26.30849,27.88,127.57826,27.254581,265.7369,0.39540645,38.740856,0,background
10.787,20.274792,26.916,86.564316,30.701275,54.36136,0.0519484,27.286476,0,background
11.977667,27.331295,19.664,90.26464,22.408894,1491.9934,0.2718273,42.52232,0,background
14.663,26.240158,25.732,70.39113,21.338774,460.09747,0.0050808205,40.00426,0,background
8.038334,23.525911,23.04,31.742052,25.0818,1185.0175,-0.7741725,38.953003,0,background
6.2941175,21.90827,24.464706,30.155851,19.817537,44.956448,-0.2599375,40.077087,0,background
12.008,25.28213,28.2,106.09184,21.611603,80.715096,-0.45941824,46.992146,0,background
13.932333,24.393047,25.36,93.35625,22.165497,546.5469,-0.624728,44.490288,0,background
11.9036665,23.314922,26.684,112.14846,24.574629,188.5851,0.23099133,24.981268,0,background
11.646999,22.656008,27.896,121.69834,19.005804,137.13974,-0.06692364,54.946175,0,background
13.309667,30.136913,28.624,99.313255,23.562675,1104.6389,0.4827531,31.845015,0,background
9.309667,29.39771,30.199999,49.749596,27.303896,219.85564,0.03193915,39.784065,0,background
10.945666,24.885565,20.756,62.71581,17.986456,668.828,-0.15734847,42.873283,0,background
6.954,21.69058,26.676,94.68665,17.603231,166.19931,-0.35228544,50.099754,0,background
11.393333,21.96771,26.768,97.30681,28.615421,79.70493,0.006422058,33.61074,0,background
7.626,22.62371,24.136,34.65124,25.878897,100.650055,0.1131053,39.424156,0,background
8.342,27.268568,29.008,63.46917,22.698662,662.4725,-0.017028747,38.717175,0,background
14.208,24.337103,25.372,92.1679,21.731663,545.5047,-0.20825516,43.685074,0,background
14.224334,29.050596,32.016,94.63276,25.431055,1061.6376,0.3948952,34.496613,0,background
9.728667,28.62046,27.792,81.691734,27.167696,330.2965,0.04417234,36.996822,0,background
12.845,26.53487,24.764,125.813705,26.229828,549.6655,-0.15324298,35.440613,0,background
12.714,26.456635,28.855999,115.85281,16.906454,197.0449,-0.15920833,52.716076,0,background
12.390667,24.561264,28.7,125.1543,28.92108,137.34425,0.40705955,48.79359,0,background
12.342667,22.98962,23.732,86.832954,21.376902,664.3024,-0.66712546,42.718025,0,background
9.556,29.662277,29.784,48.059895,19.694971,28.053526,-0.8548633,49.324852,0,background
6.978125,25.191786,28.4375,56.084274,20.619501,52.43072,0.45744693,19.291607,0,background
12.249666,23.966322,25.748,101.67155,20.556522,428.4567,0.23636389,36.70277,0,background
12.274667,23.158,26.544,107.471565,26.319427,316.56628,0.30084848,24.959883,0,background
7.575,24.980213,30.84,51.100155,0.0,0.0,0.0,0.0,0,background
10.381333,28.904482,29.548,80.57068,27.930582,64.51289,-0.619124,35.87559,0,background
10.738,24.21086,28.136,105.911644,27.853735,13.564867,-0.12355391,35.97517,0,background
7.436333,21.807428,22.672,30.440197,16.374088,78.361946,0.09723244,43.98004,0,background
9.317,26.248028,24.604,41.125496,27.447754,1201.1716,0.16027139,39.104176,0,background
10.536333,28.418203,25.972,101.78155,23.914309,273.27798,0.22117428,32.695408,0,background
13.607667,24.578547,25.948,75.00956,20.752169,319.8694,0.24596958,40.77693,0,background
8.234,27.79503,25.884,64.8167,27.512548,1496.111,0.061044943,25.484995,0,background
9.958667,26.253998,26.06,102.06718,26.436396,502.44055,-0.15148115,36.530933,0,background
12.753,26.152489,25.036,97.25373,21.375238,827.7885,-0.27355322,26.280186,0,background
8.163,27.704994,26.544,63.655598,27.285868,1166.9583,-0.5695371,28.400492,0,background
7.7070003,26.264313,28.156,57.5309,0.0,0.0,0.0,0.0,0,background
11.502334,22.74627,28.148,123.32381,22.899479,163.26094,0.62957066,43.891598,0,background
12.933666,27.116879,29.284,119.93181,18.706604,317.4874,-0.3152902,49.03086,0,background
10.985333,21.944334,26.952,93.802216,27.318459,182.3088,0.46066812,28.93815,0,background
10.776334,21.495918,25.604,94.70139,27.90849,331.7082,0.27410495,30.434021,0,background
11.851334,24.83515,28.108,104.16516,23.901785,70.97631,-0.75837225,38.564655,0,background
12.13,23.018826,27.496,117.07279,27.958023,187.50423,-0.3122472,42.558403,0,background
11.102667,21.34964,26.604,116.93837,30.334131,195.34895,-0.57751423,24.49469,0,background
6.871667,24.576777,29.44,43.078125,12.452064,3.806819,0.0281482,20.57162,0,background
14.761,31.104603,31.407999,93.01415,0.0,0.0,0.0,0.0,0,background
12.397667,25.515903,29.264,109.40872,21.7528,211.37596,0.47243512,48.594864,0,background
13.1866665,23.435463,25.012,93.22293,20.57547,547.64264,-0.32537037,42.999084,0,background
8.134,28.782732,29.608,33.897533,31.485325,33.18714,-0.24705017,34.642082,0,background
14.1553335,28.961727,31.584,92.32446,21.503204,1191.8033,0.72751874,43.35107,0,background
7.7893333,25.772013,30.224,19.316404,30.386711,16.023897,0.2710426,23.023497,0,background
7.732333,26.447985,27.232,48.44643,24.609632,34.659744,0.021188071,38.85813,0,background
8.857333,23.128613,26.907999,103.43093,18.579607,55.169083,-0.18686213,46.791306,0,background
14.468666,30.661749,31.224,85.4252,0.0,0.0,0.0,0.0,0,background
14.236667,34.03296,24.988,92.25044,0.0,0.0,0.0,0.0,0,background
14.421333,31.606323,29.14,91.248085,0.0,0.0,0.0,0.0,0,background
11.727667,22.589695,26.728,72.95964,29.599186,67.43966,0.33910346,20.340786,0,background
11.750334,24.867378,19.34,64.82794,19.318241,1210.989,0.12764135,41.773167,0,background
9.659,24.62774,23.172,36.45967,15.330884,319.0939,-0.29352936,50.53411,0,background
14.3133335,32.07254,30.832,99.84607,17.180048,1373.5803,-0.60948384,46.463837,0,background
11.424,23.084385,26.14,94.90822,26.62728,352.0629,-0.1714962,29.549925,0,background
13.5390005,25.729761,23.072,62.689735,19.679026,640.4812,-0.17639609,41.39375,0,background
8.762,25.554129,25.512001,37.50742,29.265932,1009.49347,0.5075048,36.241825,0,background
12.112,27.982626,23.924,105.27989,23.555119,779.53064,-0.5424281,32.21021,0,background
12.874333,25.906176,29.9,114.38945,19.776478,185.73097,0.19420266,49.23852,0,background
7.308666,25.920935,27.952,36.857685,29.970898,230.74835,0.2022204,35.901566,0,background
9.326,29.7575,28.184,67.04925,27.620968,1000.58954,-0.08655727,31.68671,0,background
12.985,26.489187,29.628,123.59153,21.105661,217.43558,-0.41906187,49.88127,0,background
12.912666,25.322927,20.196,66.05714,21.725512,1180.5195,-0.21760254,41.789745,0,background
9.919333,29.88471,28.48,52.346737,28.149157,477.6316,0.6112291,38.523518,0,background
12.253333,29.18572,24.756,98.67877,20.149675,2072.7297,0.032485094,38.095387,0,background
12.762333,23.637451,27.368,103.54728,26.909334,186.1162,-0.09777089,27.54555,0,background
12.121333,23.698547,24.984001,101.238144,21.44951,340.91782,-0.31932384,32.16366,0,background
12.803333,25.187546,19.94,67.22,20.195393,1352.9115,-0.15043542,40.405163,0,background
8.133333,26.849773,28.508,61.819542,22.737772,679.23645,-0.7816256,38.67992,0,background
10.473667,19.779549,26.68,84.39591,30.312649,42.7753,0.08544393,28.895924,0,background
11.245,20.652733,26.6,89.19681,31.020958,52.13942,-0.069638886,26.95479,0,background
13.068666,22.499598,25.396,91.52364,20.131805,486.14484,0.31510755,42.140118,0,background
11.338667,21.693325,26.844,96.79604,29.591227,72.249084,0.14194833,34.87993,0,background
11.872334,22.646751,27.624,112.36392,31.50639,140.36597,0.5042574,29.457363,0,background
13.1970005,29.264236,29.56,108.48047,16.620712,1208.4135,-0.29139683,58.227287,0,background
11.785666,22.101994,26.8,74.57275,30.652319,50.82877,0.21920836,22.326508,0,background
11.151667,22.348028,26.588001,95.07544,27.411425,217.0348,-0.10298698,26.181944,0,background
11.565001,24.804823,28.66,102.67047,23.211498,103.204216,-0.04818515,38.68267,0,background
12.246,23.010147,27.096,95.44361,29.925634,67.57823,-0.4636023,30.107994,0,background
5.188542,20.50807,29.0125,52.66996,21.713673,9.786683,0.36726215,21.558123,0,background
11.178333,21.142256,26.968,94.65961,27.54973,56.326195,0.35031557,28.243109,0,background
8.391334,26.80252,29.256,37.123104,28.746899,389.5312,0.4030426,37.06546,0,background
11.021,20.711493,26.196001,79.45837,28.57599,66.71481,0.23196512,30.131525,0,background
12.747666,31.949038,24.888,94.13902,0.0,0.0,0.0,0.0,0,background
12.710334,22.87183,24.412,84.65919,22.329659,453.31458,-0.46415487,41.854137,0,background
12.912,25.136272,20.728,60.9939,21.670725,868.8065,0.0104252985,41.380863,0,background
13.754666,25.085108,27.36,65.54939,26.581503,200.6313,-0.17138645,31.38896,0,background
7.772333,26.176523,31.552,58.658127,0.0,0.0,0.0,0.0,0,background
11.444333,23.18544,25.668,96.59051,25.319668,385.7782,-0.20977907,32.813114,0,background
9.314,28.957842,29.584,53.104664,27.019852,157.34422,0.07121591,38.067764,0,background
13.991333,30.34733,29.596,105.506714,17.70783,1273.9608,-0.6962489,44.862507,0,background
9.757333,28.590405,27.592,78.36086,27.405066,334.21887,-0.16367258,31.478495,0,background
11.545667,22.00348,24.368,72.23916,22.209133,273.01135,0.42412573,40.21667,0,background
11.491333,21.757298,27.411999,119.438225,29.721289,163.7674,-0.61650455,31.833208,0,background
13.97,30.20671,29.332,92.643875,19.444576,1554.1089,-0.7351237,39.105423,0,background
8.275001,22.833885,22.696001,35.40838,25.785088,329.89627,-0.49880162,39.20142,0,background
14.131667,30.47457,29.992,104.784195,18.5826,1182.34,0.674191,43.366592,0,background
6.9433336,21.424751,23.960001,25.179466,22.453064,745.33527,0.16493736,40.485966,0,background
12.523666,24.494732,27.264,97.58284,31.050846,301.69592,-0.45590514,23.321943,0,background
10.7213335,24.529453,26.904,106.064316,18.961298,322.70877,-0.1436907,41.888546,0,background
11.341667,22.736082,26.7,94.613716,26.38096,198.91676,0.3850877,26.515707,0,background
8.19,26.735582,29.066668,66.59012,19.502745,19.4187,-0.38613087,37.46989,0,background
10.684333,24.209946,22.14,61.722473,20.984621,323.81387,0.014356375,41.54705,0,background
7.8633337,22.68182,22.736,31.145836,16.518234,89.07744,0.13023171,42.359222,0,background
11.559999,21.273462,26.504,76.9854,29.66342,38.99172,-0.020029888,28.296652,0,background
9.696,28.598396,25.144,49.531258,27.957968,1135.5066,-0.1235488,37.48232,0,background
12.164667,25.640053,25.608,81.561874,28.351381,296.15936,-0.16809414,29.326069,0,background
14.505333,26.37909,25.844,67.822365,21.206926,296.04883,-0.6120357,39.448154,0,background
13.175667,30.94623,26.252,89.14462,0.0,0.0,0.0,0.0,0,background
13.066,25.43607,27.216,99.64,25.820276,382.76474,-0.37109065,28.924067,0,background
8.304334,24.869232,24.64,41.97632,27.651245,1008.93097,0.014174349,39.02476,0,background
11.6866665,24.086287,25.604,95.89318,25.723541,493.36948,0.32117432,33.27803,0,background
8.097333,27.293156,30.348,57.984512,0.0,0.0,0.0,0.0,0,background
10.816999,30.161163,30.364,76.9344,29.00268,15.876379,0.18596467,15.306378,0,background
10.154667,26.51903,26.536,101.89814,26.362392,396.33386,0.411608,35.737373,0,background
10.794333,27.20346,27.736,103.58172,22.30918,135.04367,-0.0028475756,36.897854,0,background
13.208667,24.702024,27.212,70.092094,24.778656,174.74889,-0.7639708,30.670609,0,background
12.01,22.524382,27.372,109.01889,34.12127,119.04031,-0.27639914,24.4331,0,background
13.112333,29.9779,28.008,100.18582,26.17404,1092.9952,0.5525105,26.510647,0,background
13.868333,26.462246,23.8,64.50625,19.39553,393.653,-0.07553445,41.311913,0,background
14.622,25.781084,25.552,71.3118,20.700224,554.4047,-0.20973215,38.867302,0,background
7.9563336,22.197113,23.124,34.717403,26.177124,273.75485,-0.091531746,39.401516,0,background
8.624333,22.714743,20.355999,33.39141,16.56708,928.223,0.2168049,45.229565,0,background
12.774667,25.449572,27.264,125.41737,23.337399,314.18704,0.48678875,32.028416,0,background
13.322667,26.842897,23.82,68.03434,20.16993,352.4068,-0.19824786,39.452347,0,background
6.8813334,20.043497,22.404,31.404396,27.835207,47.11541,0.43279943,38.100277,0,background
10.617333,23.865612,28.856,102.02923,10.211599,27.154879,0.34690833,15.415812,0,background
11.519667,24.587353,25.296,85.80835,29.190338,415.32776,0.36621356,30.622234,0,background
11.385667,21.056494,26.907999,78.28057,26.619007,37.48068,0.35578534,30.764853,0,background
7.9797096,27.153917,28.360868,38.73833,27.567152,27.760714,-0.07726565,37.018696,0,background
7.930333,26.052343,31.855999,58.17328,0.0,0.0,0.0,0.0,0,background
11.576333,20.982262,26.504,86.390785,29.293571,48.85312,-0.31783658,29.635702,0,background
10.799334,24.393147,22.076,63.866287,21.241291,421.0366,0.254933,41.12786,0,background
12.341,22.395832,27.1,93.7943,30.374226,60.64681,-0.29116055,28.488249,0,background
11.420667,23.081379,26.176,97.475006,25.499058,350.87253,0.1400788,29.64983,0,background
10.198,27.343414,25.564,91.80716,28.796888,446.9944,-0.47989607,35.004017,0,background
13.658667,29.630917,28.344,96.37627,18.417135,1704.2556,0.14983788,42.357784,0,background
10.825,21.998455,25.816,91.554794,27.66011,350.6035,-0.28373206,31.197598,0,background
11.256,21.704588,26.688002,116.54691,25.690443,214.89365,-0.165646,25.729368,0,background
11.832666,26.400417,21.868,96.50718,19.138098,1111.8934,0.28213018,35.117878,0,background
7.103667,25.50505,30.136,62.9597,0.0,0.0,0.0,0.0,0,background
11.140333,21.544699,26.64,83.33444,29.9215,160.59274,0.47861376,26.654617,0,background
12.867667,31.141497,27.416,91.52666,0.0,0.0,0.0,0.0,0,background
10.196333,24.274673,26.088,106.3269,17.755516,429.18573,-0.26098883,45.918587,0,background
10.648,27.465952,27.68,104.24902,24.555717,148.64543,0.49404562,33.44581,0,background
10.795333,21.544132,26.4,83.18752,26.853012,89.21669,-0.19491737,32.082184,0,background
9.226,28.69138,29.62,64.97065,22.792759,622.7707,0.009410942,35.11591,0,background
12.743334,24.221344,26.792,99.5553,25.810703,317.75998,-0.034572285,27.057562,0,background
12.416333,23.673607,25.883999,105.39779,25.144663,224.83118,0.5066796,22.104649,0,background
13.037,24.08728,27.568,105.95901,28.863152,153.80511,0.32509997,23.024952,0,background
14.671666,31.928244,30.640001,87.7702,22.035265,1292.3513,0.8662207,36.642002,0,background
7.884333,23.086008,23.864,31.569048,25.213032,228.75526,0.2231023,40.099777,0,background
11.062,22.439955,26.068,90.849495,28.160944,251.46599,-0.34419113,29.29559,0,background
8.887333,28.613438,29.904,66.957695,25.029861,567.131,0.23054463,31.517351,0,background
9.933333,30.390444,28.471428,59.34528,19.818426,13.498224,0.7170517,28.367502,0,background
7.756,25.894764,30.104,57.9305,0.0,0.0,0.0,0.0,0,background
12.563,23.187523,26.644001,73.967384,28.143738,63.96855,0.57045305,31.73203,0,background
13.641334,29.49605,29.848,104.30839,0.0,0.0,0.0,0.0,0,background
11.548667,25.421913,27.008,103.034225,16.953592,269.34058,0.4028356,39.07396,0,background
11.217,21.329962,27.088001,118.20671,31.349041,167.91444,-0.44994962,29.48108,0,background
10.713,28.72734,27.808,87.97822,28.646452,330.57132,-0.31797373,34.180237,0,background
11.794001,24.78356,20.888,65.20833,20.000563,758.01917,0.48438442,41.233814,0,background
8.602667,24.183815,21.828,35.757416,18.746372,550.7256,0.09113716,45.942596,0,background
14.428333,29.221348,24.228,69.98031,20.30573,613.87213,-0.2655203,43.201607,0,background
11.279333,20.219656,26.004,86.68497,27.456747,104.076515,-0.63865894,31.333471,0,background
12.352667,24.983147,19.292,67.40613,20.629372,1358.4673,-0.051637467,41.334442,0,background
9.550667,28.608515,28.688,73.303856,26.349655,250.94876,0.1616691,32.16489,0,background
13.960667,31.282305,28.972,99.370766,14.431231,1427.186,-0.3164523,56.578766,0,background
6.830333,22.162016,20.784,40.30817,24.98899,59.34909,0.28994358,36.409824,0,background
7.7843337,25.786184,29.764,57.29524,22.8722,567.51465,0.25472754,34.919083,0,background
11.714,23.450512,26.0,111.76897,20.080276,196.38385,0.23429415,29.273142,0,background
9.376333,22.663475,23.723999,84.98448,22.222214,273.40076,0.4355029,33.824554,0,background
8.348,28.275301,23.216,64.4521,29.301567,1834.8903,0.18208434,30.199797,0,background
12.647667,26.700867,28.028,123.95845,19.328817,314.24313,0.46236786,50.076756,0,background
12.053666,22.901783,27.4,108.76642,28.8823,166.8815,-0.11811881,22.461111,0,background
13.926666,28.98973,30.764,102.65439,0.0,0.0,0.0,0.0,0,background
8.626333,24.551268,24.884,30.417534,25.76223,75.64327,0.16130681,40.74155,0,background
12.264667,23.917057,26.18,102.58995,20.943851,333.51788,0.23763794,40.0344,0,background
12.507,25.400082,27.056,97.45578,23.573994,556.8743,-0.2924911,26.234081,0,background
11.912,25.247986,21.664,62.94064,20.419428,665.4122,-0.30796802,40.59026,0,background
10.588,24.171309,27.7,105.4308,31.858723,9.825116,-0.27792373,29.650444,0,background
11.986667,24.488573,27.648,119.30258,26.932663,143.0925,-0.08670651,48.758553,0,background
14.614666,33.22119,29.204,94.8458,0.0,0.0,0.0,0.0,0,background
7.2766666,23.561285,32.196,48.364246,0.0,0.0,0.0,0.0,0,background
7.923667,26.320976,31.496,60.567066,0.0,0.0,0.0,0.0,0,background
7.041,24.996449,26.712,59.376457,0.0,0.0,0.0,0.0,0,background
10.377333,24.337086,25.812,105.950005,18.221523,494.35376,-0.115880065,42.840492,0,background
9.085,29.141006,29.48,66.85104,23.350445,719.0682,-0.30087036,33.5579,0,background
13.298,22.324066,24.792,92.29579,20.210104,645.6878,0.16367848,41.727,0,background
12.261333,28.970167,25.932,100.589424,21.396809,1881.4424,-0.37847093,40.92835,0,background
11.67,23.638794,26.272,96.59889,27.420135,346.16724,0.18752493,28.658993,0,background
12.972667,25.244545,22.944,68.88093,21.29491,614.3372,0.10485098,41.216877,0,background
7.258333,26.554878,30.033333,45.598778,5.033532,4.3965783,0.15226504,4.9858465,0,background
9.940333,24.042988,27.492,104.33386,18.172716,84.024536,0.24882312,50.61727,0,background
11.643333,24.376797,27.976,102.53959,21.753199,152.3191,-0.25256804,38.452797,0,background
13.96,25.300856,24.88,69.70568,19.101,612.01184,0.06948034,40.59367,0,background
12.282666,23.892519,26.256,102.95454,21.448586,373.99597,-0.19239698,39.219936,0,background
12.42,23.003408,26.824,105.75069,25.22763,183.9248,-0.7561322,27.787037,0,background
12.500334,27.596992,22.968,104.25228,20.528006,1131.6316,-0.39267153,32.974285,0,background
12.823,25.840319,30.024,114.06295,18.590378,189.5034,0.34756616,48.222572,0,background
11.250334,21.992207,22.984,70.774864,21.316542,617.3079,-0.17474474,43.726433,0,background
9.771667,23.936083,27.48,103.675224,19.179585,89.51775,-0.017651374,47.145008,0,background
9.11,29.927727,28.056,48.40321,28.05506,520.52576,-0.18706463,40.456917,0,background
7.6233335,23.092613,24.216,30.22352,24.569881,102.38544,0.015927274,39.189674,0,background
9.896,30.437992,28.228,47.70893,25.96734,556.20776,-0.94622236,39.101524,0,background
7.1216664,24.85574,32.228,63.40041,28.151346,449.75027,-0.30569986,26.338348,0,background
7.4256663,25.823017,30.028,59.40087,0.0,0.0,0.0,0.0,0,background
8.016,27.048185,28.784,50.23183,32.207645,334.79105,-0.22695576,37.954536,0,background
12.0720005,49.21722,30.208,42.706165,0.0,0.0,0.0,0.0,1,presence
14.683333,26.314219,24.9,71.81331,19.384243,725.9827,0.26890483,41.29586,0,background
14.947666,33.05543,30.928,95.73193,0.0,0.0,0.0,0.0,0,background
10.529667,21.54011,26.064,85.709496,28.784962,227.31503,0.40197843,30.37445,0,background
7.2586665,25.875753,25.62,59.511658,25.708935,1482.9281,0.37950388,31.459614,0,background
13.584,29.784248,30.028,88.849396,0.0,0.0,0.0,0.0,0,background
10.5303335,24.154356,28.196001,105.4506,29.983187,15.65091,0.5196124,30.79229,0,background
9.334,27.443256,26.976,42.84439,31.233997,864.1559,0.07813101,33.434902,0,background
9.248333,23.088509,20.404,56.697308,20.194012,403.3209,-0.46967486,44.148907,0,background
14.942667,33.085346,30.464,92.72057,0.0,0.0,0.0,0.0,0,background
12.17,25.69245,24.804,102.68585,20.30087,762.5787,-0.3676179,38.63782,0,background
11.573999,21.938738,27.188,78.519226,26.998152,70.44314,-0.1948842,28.200516,0,background
7.434,22.806479,21.572,31.25799,20.983269,530.2619,-0.42940634,46.385868,0,background
12.29,27.543703,24.852,104.91012,22.790976,735.40735,-0.20203444,31.54254,0,background
13.500334,25.050718,25.332,76.964195,21.17732,460.2311,0.7372182,42.677727,0,background
9.535666,29.67285,28.46,47.35821,23.764742,159.64209,-0.36007825,40.887085,0,background
13.144,24.619764,23.76,74.84385,19.860281,646.6413,-0.22444578,43.58089,0,background
8.791333,27.677034,25.608,52.325855,29.76489,785.6379,-0.4655579,35.88775,0,background
11.680333,22.438015,27.88,116.35496,26.188868,134.60579,0.71742547,41.735397,0,background
6.932,21.041767,23.288,34.70238,4.856911,33.815094,-0.006289068,8.59763,0,background
12.549,33.76655,19.816,96.385155,0.0,0.0,0.0,0.0,0,background
8.205667,24.439083,28.904,21.480825,24.186947,288.2231,-0.41179344,40.758343,0,background
8.166,26.488905,26.66,48.471214,24.438953,358.302,0.3646375,40.56278,0,background
13.591001,28.14804,27.2,123.88705,19.225342,519.3259,0.08184991,51.346603,0,background
8.670333,22.884115,20.088,33.42346,17.65736,994.7097,-0.71832186,45.18394,0,background
6.804,24.383602,29.528,55.965473,34.860485,167.4983,-0.25671995,34.193966,0,background
10.985,25.503807,26.864,104.64253,17.140186,260.66177,-0.42975345,43.108047,0,background
8.616667,23.818737,21.7,35.629204,18.705877,606.14417,-0.20738274,44.054386,0,background
11.027333,22.132574,27.52,91.38431,27.28234,120.80735,0.40186664,28.673534,0,background
7.9256673,25.422335,31.708,53.772312,26.170174,40.200428,0.30259612,34.027237,0,background
9.765333,28.758785,26.332,62.74346,25.306467,457.58444,0.46694776,38.533028,0,background
8.4539995,27.155338,25.912,51.529797,24.35441,531.59503,0.22400258,39.372047,0,background
11.899,23.98025,28.592001,114.45244,25.340622,176.79518,0.7279174,37.594933,0,background
9.769667,26.26537,26.02,96.12988,26.67483,403.87936,-0.16165587,37.251488,0,background
13.403,33.251465,26.512,96.328514,0.0,0.0,0.0,0.0,0,background
14.343666,25.812817,24.304,70.71122,19.72121,708.5925,0.42445686,39.61728,0,background
10.867333,20.177002,27.072,86.8151,30.90832,45.72501,0.54422534,26.947672,0,background
11.887,23.713295,24.496,102.41585,21.448963,454.24112,0.13604273,34.469337,0,background
10.952,24.545046,27.956,103.34965,28.675375,21.09011,-0.43170887,39.48848,0,background
12.064,23.63266,28.828,124.04143,24.543509,130.66302,-0.019120263,50.56637,0,background
12.043667,25.181206,27.944,103.53635,21.17664,140.60197,-0.13887325,48.505955,0,background
13.6953335,25.079353,22.064,90.78709,21.414995,1147.0054,-0.18289007,44.06754,0,background
14.508333,26.252775,27.44,64.53616,27.249022,183.74316,0.56769735,29.825695,0,background
11.242,30.479342,29.251999,79.02672,30.691912,105.2612,-0.29275763,33.53458,0,background
14.358334,29.60481,32.568,98.845825,25.68157,1024.6158,-0.37786117,33.60652,0,background
10.024667,20.83091,20.42,69.52262,20.783258,995.347,0.31861874,42.169823,0,background
9.885333,18.648758,25.764,83.4526,27.161427,51.533966,-0.11027135,30.50617,0,background
12.648666,25.991835,27.516,100.14268,20.543568,355.15393,-0.34867814,37.872047,0,background
14.254666,29.405617,31.484,97.96789,20.582338,1113.8634,0.35575357,42.670727,0,background
7.5243335,22.88701,23.8,27.297592,22.696703,309.04767,0.48300332,44.34334,0,background
12.238667,23.537708,24.172,72.534485,20.749706,441.21063,0.40869653,44.832787,0,background
12.575334,22.517069,27.116001,76.73173,28.930197,47.61207,0.5567016,30.380184,0,background
6.947333,24.28798,32.892,62.556084,27.712519,305.80753,0.49085566,28.318794,0,background
12.482333,24.924788,26.068,97.12813,23.51117,567.05066,0.19406936,27.336363,0,background
12.582666,25.08506,28.472,126.20186,27.127893,161.68462,0.36253768,46.033493,0,background
7.528,26.362236,25.392,63.65065,29.984615,1588.0891,-0.038337436,27.417229,0,background
11.544667,24.97116,26.524,102.85384,18.98477,431.3151,-0.38254568,40.677,0,background
12.700666,31.628317,26.164,89.34657,20.115545,1784.0693,0.38448855,36.818897,0,background
8.728666,27.010357,31.324,61.729687,27.139997,112.81583,0.42477277,30.455791,0,background
11.302334,22.82009,26.536,81.79251,30.99624,141.87224,0.12306064,28.245354,0,background
13.077666,33.29006,22.436,90.64978,0.0,0.0,0.0,0.0,0,background
14.71,30.750898,31.74,82.27621,24.774794,1150.8564,0.7717001,33.729218,0,background
9.411667,25.368374,24.224,76.03255,26.761406,250.18013,-0.3301344,36.893284,0,background
13.475333,36.2474,19.78,95.685295,0.0,0.0,0.0,0.0,0,background
13.001667,30.91219,29.072,99.73252,0.0,0.0,0.0,0.0,0,background
8.608334,24.094082,27.62,101.6874,24.147963,71.935875,0.4461757,39.14904,0,background
13.038334,32.05727,27.308,93.149254,18.28007,1728.3658,0.072486244,29.198978,0,background
12.691667,24.254065,26.82,99.85127,28.816355,316.09256,0.5216194,19.357801,0,background
13.043,34.019302,21.24,92.75589,0.0,0.0,0.0,0.0,0,background
9.249333,29.61872,23.796,53.629253,31.618612,1517.1787,-0.08481745,36.760353,0,background
11.808333,22.694368,28.18,116.4718,27.41633,158.80498,0.8061829,40.706825,0,background
12.142334,42.670555,33.316,20.05367,0.0,0.0,0.0,0.0,1,presence
11.265667,30.763699,23.464,82.412766,25.730907,2003.0697,-0.06534378,26.811075,0,background
13.057333,26.57819,28.388,126.4643,27.49159,223.21764,0.47860903,49.237686,0,background
12.503667,25.160307,24.252,100.065125,21.667646,955.344,0.11074434,27.67008,0,background
8.485333,23.57561,22.084,34.500977,21.613205,611.03015,0.029140968,43.4621,0,background
11.711666,24.823372,25.876,84.09989,28.310804,251.06903,0.16579267,27.093195,0,background
8.300333,27.520998,25.1,55.15751,29.995325,662.38336,-0.24197254,36.842297,0,background
7.3139997,22.677664,24.3,24.149446,22.172396,576.2383,0.23154053,45.028942,0,background
8.024333,27.16062,29.652,58.3786,0.0,0.0,0.0,0.0,0,background
9.910666,29.162743,29.048,79.21616,26.490604,93.772934,0.27927062,34.410297,0,background
7.4813333,25.694921,29.1,59.99191,0.0,0.0,0.0,0.0,0,background
12.650333,27.310736,22.764,100.93032,21.834946,1196.4067,-0.16062658,33.907578,0,background
10.252666,26.208248,26.312,106.457344,24.617222,313.8113,0.20505908,32.444557,0,background
8.279,28.144548,24.452,65.55756,27.128242,1626.3784,-0.4821529,27.15475,0,background
12.213667,25.291285,21.84,67.99845,21.540216,664.58044,0.10288412,40.559647,0,background
7.9583335,27.537485,27.7,39.136635,14.169037,1.8225428,0.7312038,18.386835,0,background
10.234,27.448772,25.344,103.2124,23.910309,415.7659,0.16960458,34.099777,0,background
11.821334,25.160337,27.436,103.221596,18.076258,268.62906,0.11574137,51.423103,0,background
13.182667,25.733322,26.032,97.39773,23.815708,613.55524,-0.052022614,25.833656,0,background
14.131,26.03161,23.52,66.22324,20.902586,679.12366,0.33953884,41.480377,0,background
11.830334,24.710363,25.104,90.40509,20.066069,579.92896,-0.101637624,36.957394,0,background
13.992333,25.621353,22.368,91.46814,18.69073,970.96936,0.09501005,43.499077,0,background
13.423667,25.788954,21.364,67.00862,20.594072,914.5941,-0.095328346,41.49907,0,background
12.456,31.384802,26.884,88.69868,19.779078,1684.0577,0.16551614,32.178253,0,background
7.7143335,25.197065,31.292,53.68022,0.0,0.0,0.0,0.0,0,background
11.420333,22.627068,27.96,121.43419,23.624195,169.94269,0.438199,42.927338,0,background
10.131333,28.854332,12.368,94.4677,0.0,0.0,0.0,0.0,0,background
9.555667,24.123161,27.588001,101.56511,18.52188,33.8047,0.031510286,46.46386,0,background
12.633667,25.132622,23.116001,63.606236,20.58321,423.55246,-0.07216048,41.854553,0,background
12.821333,27.746998,22.348,95.5232,24.013664,1232.3785,0.29725775,34.56194,0,background
11.4053335,22.515266,27.608,116.87901,28.190893,212.96242,0.61079854,43.05371,0,background
8.133667,24.230417,26.912,25.931656,26.312962,622.4869,0.26972416,38.249157,0,background
12.014333,24.003702,24.068,102.27276,24.749489,623.2659,-0.1386787,31.249174,0,background
7.3625,24.725233,30.190908,25.963676,24.188913,23.541986,-0.0068588923,25.699827,0,background
12.183001,23.012844,27.7,118.88314,31.215908,157.97812,0.38092452,37.65172,0,background
12.109333,23.967487,28.308,123.446625,18.115906,136.52655,0.29364192,65.05548,0,background
15.037333,28.128195,24.296,70.51181,21.084167,688.5018,-0.5991991,39.84819,0,background
13.269,23.94262,24.228,91.347885,23.227894,718.0543,-0.19805606,42.47499,0,background
12.842667,30.124477,27.796,94.59948,18.568245,1656.3253,0.09300181,41.83909,0,background
14.580667,26.128355,25.576,70.359726,20.504488,514.2884,0.19241452,40.360374,0,background
7.931667,27.335493,24.716,60.24673,25.60764,1618.4664,0.47941887,31.076603,0,background
14.847667,30.530653,31.836,97.31777,19.607573,1124.3851,0.27671182,42.50431,0,background
11.298333,24.724995,26.184,84.80987,24.01952,119.74255,-0.048420068,33.50102,0,background
7.7693334,23.443975,27.404,20.719936,26.081154,501.87973,-0.22475648,36.895844,0,background
8.770333,26.080448,21.372,55.62526,29.324291,1711.1509,-0.023494598,36.725636,0,background
11.414667,27.051538,25.872,105.59624,25.09819,499.589,0.19128765,33.62013,0,background
12.224,25.626835,27.552,102.702934,18.830227,417.37897,0.33372715,30.085442,0,background
13.640666,30.777678,29.604,100.344795,15.800897,1316.1638,-0.22180699,49.9528,0,background
10.730333,24.123951,27.94,103.66462,26.715065,40.76652,0.35585672,34.259205,0,background
10.376333,31.22392,15.364,97.76791,0.0,0.0,0.0,0.0,0,background
11.978,25.187147,27.6,101.53337,19.163343,275.12045,-0.61071604,39.6517,0,background
7.7636666,24.995707,31.696001,52.535847,0.0,0.0,0.0,0.0,0,background
10.061333,26.648302,26.728,101.0918,27.256422,357.38538,0.02508299,36.059174,0,background
13.911,24.198093,26.116,96.975204,20.497652,360.28683,-0.2180386,40.82131,0,background
7.2910004,25.169153,32.528,67.32638,23.220085,375.48984,0.1586437,33.20936,0,background
8.66,27.39466,29.92,21.854359,30.612602,293.33896,0.37011588,28.384783,0,background
12.217,22.344355,26.552,88.66751,29.304916,96.94027,-0.45642856,30.691963,0,background
12.245333,27.265171,21.48,91.008804,21.836521,1195.9049,0.24036048,42.022808,0,background
12.598666,29.466429,27.776001,100.705246,26.292715,1106.9501,0.37609717,23.91594,0,background
12.32,28.0945,26.572,104.39832,24.047945,427.49548,-0.14052193,33.09421,0,background
12.276999,25.716381,24.188,96.573296,26.642452,663.2479,-0.628312,30.910809,0,background
8.455667,23.467104,25.048,29.987856,26.081781,6.2398014,0.1434823,37.614586,0,background
12.612333,25.164272,25.452,97.854996,25.190535,691.7062,-0.33818746,25.551006,0,background
12.413667,23.109812,26.736,103.681854,26.6784,164.60924,-0.69426167,30.35518,0,background
11.449333,22.778399,27.984,123.058914,21.37868,130.56413,0.07567133,49.571163,0,background
14.123667,33.020824,28.552,96.93085,0.0,0.0,0.0,0.0,0,background
7.532986,25.190424,30.483334,18.144335,30.318987,54.841953,-0.116196,26.94747,0,background
14.01,25.664982,22.252,88.565155,19.77128,980.7765,-0.3170494,42.938583,0,background
13.157667,24.27793,27.7,103.64495,27.27266,182.02151,-0.035511587,24.59079,0,background
14.646334,31.389484,31.052,87.48134,24.765732,1281.3916,0.7132245,38.024696,0,background
11.147,21.580965,27.748,119.89999,19.532206,141.05292,-0.22233006,59.32133,0,background
12.3203335,26.41581,23.844,90.75086,23.515043,871.93896,0.019382132,30.804693,0,background
11.086,21.172651,27.012,114.035225,24.86035,135.00716,-0.15682764,27.932478,0,background
9.899334,25.715227,24.46,39.993095,13.049603,117.068306,-0.1441227,50.04623,0,background
13.355,28.06144,27.38,125.48615,17.288513,680.1899,-0.21936338,52.844353,0,background
7.8166666,22.136007,22.588,32.871693,24.257963,148.39317,0.56312007,42.56157,0,background
7.8883333,23.745735,24.98,25.884054,24.083227,494.6013,-0.10877641,40.53402,0,background
9.379667,23.100353,26.428,106.80548,17.718391,210.90553,-0.25430527,46.902626,0,background
11.838667,24.441875,28.388,112.29418,26.920326,124.357704,0.3216763,30.941803,0,background
10.214666,29.679993,29.952,72.26321,32.606678,67.818115,-0.50878954,20.920786,0,background
13.119333,23.599318,26.072,90.95758,28.69598,241.41687,-0.14881751,35.359432,0,background
8.295,24.734613,23.1,39.50079,21.312233,105.06852,-0.20127662,45.180878,0,background
7.9246664,26.109207,31.987999,59.746563,0.0,0.0,0.0,0.0,0,background
12.069333,25.844397,24.924,102.35212,22.56487,742.1403,0.24956611,31.00288,0,background
14.111333,25.827904,26.828,69.28145,22.989462,367.60522,0.16946241,33.706253,0,background
11.604333,25.343613,26.088,103.078575,19.775414,455.2198,-0.12599187,34.53582,0,background
12.52,28.086863,29.184,110.44767,15.643057,1281.6132,-0.06400954,53.613224,0,background
12.2213335,23.907146,29.064001,122.067726,20.01404,138.01242,-0.18714051,56.463142,0,background
15.370334,27.02999,27.616001,64.56809,28.658798,222.21281,0.4294219,36.730927,1,presence
7.264773,24.08454,28.622726,21.923147,24.087683,252.96498,-0.22950867,31.585999,0,background
11.059334,25.659706,26.816,103.81549,19.25989,245.4951,-0.13982642,42.575047,0,background
11.741333,24.426506,25.316,94.11264,22.818594,541.2616,-0.042156324,37.85989,0,background
8.438666,27.682281,28.288,49.43778,31.787895,484.80704,-0.35218164,39.14236,0,background
15.140667,28.24119,24.548,67.61239,20.666065,677.6049,0.31950012,40.24169,0,background
11.014881,27.327366,24.02143,64.08328,15.126098,94.641304,-0.54774,28.768244,0,background
9.868334,25.321598,27.844,98.373405,24.35777,18.672508,0.31276453,35.75086,0,background
8.058,26.485668,32.124,58.76839,0.0,0.0,0.0,0.0,0,background
9.676,28.579868,24.82,50.805508,28.77933,1365.2825,-0.0946439,39.43086,0,background
11.871667,23.852098,28.228,118.5065,22.096506,195.55798,-0.33026668,46.175934,0,background
12.271334,22.526129,24.732,91.1949,20.848524,463.1129,0.12744878,41.17193,0,background
7.785,24.865849,31.696001,50.473892,25.825298,35.924812,-0.1207527,31.09252,0,background
11.982333,23.783909,22.68,72.78697,20.431162,703.24963,0.22036795,41.393414,0,background
11.532,23.22378,26.044,97.71578,28.448526,354.7496,-0.1945022,28.607426,0,background
11.762,25.175514,24.42,90.13596,17.94819,610.0756,-0.3001268,37.629524,0,background
13.658667,29.630917,28.344,96.37627,18.417135,1704.2556,0.14983788,42.357784,0,background
12.138666,23.084335,26.628,80.15923,25.644945,173.8589,0.30903214,30.14265,0,background
8.501333,28.38319,27.036,64.965836,28.533306,1302.855,-0.4881545,29.124062,0,background
12.424666,23.414494,26.452,106.24482,26.71779,203.5919,0.2260865,26.138039,0,background
10.812334,28.078148,28.972,90.62664,31.803356,81.822296,0.29374173,35.272503,0,background
7.8793335,26.366394,32.164,64.36692,28.538275,522.7222,0.40746203,27.099638,0,background
11.365,24.715118,22.112,62.508305,19.34321,412.56088,0.031174175,43.808823,0,background
10.077,26.955381,24.568,88.5657,25.781418,721.65405,0.16431418,40.340065,0,background
13.209001,27.23056,24.652,67.02463,23.52173,430.68652,-0.419469,37.90997,0,background
15.067,32.82285,30.812,90.82653,0.0,0.0,0.0,0.0,0,background
10.901333,26.044853,23.608,92.97981,18.879757,527.3671,-0.1878321,40.00886,0,background
11.637333,30.672993,25.4,87.34817,20.716255,1878.9424,-0.36356655,27.651167,0,background
12.256333,23.352514,26.632,109.76957,27.357252,191.8389,0.23296858,22.896925,0,background
12.404667,24.374493,26.768,98.32516,21.25028,364.56592,0.58913374,35.11081,0,background
10.560666,20.290245,26.668001,115.30147,26.070473,148.4122,0.04540191,27.81282,0,background
12.584333,25.45169,28.803999,124.60625,23.042755,159.4401,0.079920016,54.662468,0,background
12.020333,25.494896,23.964,98.73795,19.204145,723.6028,-0.24673976,38.879917,0,background
10.112667,24.88598,27.292,103.639915,20.252878,117.764,-0.3424872,41.216267,0,background
12.5529995,28.095345,22.712,89.99486,21.60895,1093.3324,0.44347483,36.13947,0,background
13.113667,31.378414,27.66,91.57349,18.75759,1523.6345,-0.0916678,40.661377,0,background
8.490666,22.804756,20.708,34.542805,18.55749,873.4253,0.005568686,44.95595,0,background
12.154,25.148983,26.084,80.373024,28.31289,165.5059,-0.1524227,27.596527,0,background
12.622,25.629467,24.58,102.51453,18.172112,674.5235,0.29210672,36.022743,0,background
12.481,31.829542,24.404,96.909966,0.0,0.0,0.0,0.0,0,background
14.284333,29.630629,32.184,98.127464,20.439978,1034.7444,-0.7240132,38.983307,0,background
8.039,23.702677,26.539999,22.538113,27.805609,684.5209,0.27580944,38.050262,0,background
7.1896667,23.267529,32.548,46.36372,0.0,0.0,0.0,0.0,0,background
11.667666,22.655663,27.876,116.17517,26.843393,195.32977,0.43495303,40.170925,0,background
12.366333,24.021627,25.104,100.747826,21.321928,345.64447,0.24845657,35.69103,0,background
10.319,27.74223,25.66,84.764046,26.655552,212.64464,0.48292518,30.314272,0,background
13.842333,24.458147,25.976,95.72886,19.945124,323.22003,-0.50230443,39.729053,0,background
11.291333,25.573776,28.42,108.11053,24.992624,19.660095,-0.24616715,39.922764,0,background
14.914,33.319927,29.96,94.99955,0.0,0.0,0.0,0.0,0,background
10.928666,30.193024,28.824,81.6032,28.952116,178.16322,0.28953886,35.092113,0,background
8.671429,23.860062,27.942858,99.34662,19.861511,5.184378,-0.054237787,31.732374,0,background
15.001667,31.84256,30.784,89.01697,0.0,0.0,0.0,0.0,0,background
6.888889,24.371069,28.2,66.56607,9.222754,13.364236,0.6000399,9.378454,0,background
7.9583335,22.0306,21.536,33.68641,20.908487,445.72543,-0.3785687,46.006573,0,background
10.3220005,24.060606,20.196001,60.00315,19.315516,632.3511,-0.18944465,43.108017,0,background
10.126667,29.247536,25.532,52.471783,27.110106,1177.9039,-0.35421398,39.097317,0,background
7.578,23.89933,28.152,24.196072,28.664183,405.82346,0.73795784,34.034916,0,background
10.111334,23.715483,20.304,54.033295,20.068739,385.90384,-0.22798802,44.8097,0,background
14.456,33.18641,26.26,92.89697,0.0,0.0,0.0,0.0,0,background
7.7213335,26.320335,27.792,57.952827,0.0,0.0,0.0,0.0,0,background
7.525,22.12975,21.228,29.41215,20.971722,728.5249,0.037513442,42.9869,0,background
11.986667,24.329517,24.444,102.3598,23.377953,528.5203,0.00792556,33.71027,0,background
14.294667,31.701115,29.0,100.01175,16.392391,1358.0096,-0.06902118,57.789642,0,background
11.3376665,21.754675,28.072,117.13003,28.249231,147.65768,0.040470485,36.02529,0,background
11.788333,22.964882,27.2,113.40258,29.797544,162.16833,-0.5219651,26.516281,0,background
13.055,31.442678,28.556,94.31705,0.0,0.0,0.0,0.0,0,background
13.927333,25.73227,22.671999,66.28674,18.482943,786.5732,-0.07775925,42.129982,0,background
11.936334,26.739098,25.972,105.558685,21.48758,517.4899,0.5660968,32.989788,0,background
7.622,24.123306,28.82,40.463493,29.91813,153.88368,-0.20913614,30.384893,0,background
11.543667,26.391556,24.368,105.39857,22.797113,757.93335,0.027376328,32.567875,0,background
6.9173336,24.669521,29.616,60.945175,0.0,0.0,0.0,0.0,0,background
12.584666,25.403042,29.383999,115.63313,19.287762,167.61865,0.31768736,43.114132,0,background
9.990666,23.296957,27.807999,108.20352,35.075893,4.782794,0.35976058,15.941281,0,background
9.043667,24.471445,28.512,90.23586,29.260296,29.707354,0.09541263,38.22347,0,background
14.592334,31.503311,30.592001,86.68355,24.54308,1287.3971,0.59513676,37.2052,0,background
13.345,35.30797,18.704,97.005554,0.0,0.0,0.0,0.0,0,background
8.851334,28.049604,28.968,63.81095,27.68075,696.20404,-0.19666786,34.598255,0,background
7.946,25.072573,31.992,50.419163,34.362724,28.859722,0.38504836,21.151648,0,background
7.1086664,25.366354,29.72,61.48518,0.0,0.0,0.0,0.0,0,background
10.88,19.875776,26.944,80.27737,28.413328,29.849663,0.33307835,31.456547,0,background
14.653333,30.81539,31.192,96.2139,0.0,0.0,0.0,0.0,0,background
8.144,24.817163,26.508,31.22297,26.118612,681.0449,0.5874807,40.25302,0,background
10.713666,20.775805,26.859999,79.57949,32.59961,64.38239,-0.17908435,23.257326,0,background
12.503333,25.714325,25.119999,99.16593,20.082539,852.35724,-0.44078833,28.09491,0,background
11.215667,23.081303,25.76,90.887695,26.716873,375.32825,0.1897057,30.924257,0,background
8.01,26.639618,31.8,56.98597,0.0,0.0,0.0,0.0,0,background
13.751667,31.194235,29.392,96.21806,15.450821,1438.0406,0.43237972,48.44041,0,background
12.794333,31.963459,25.407999,97.19177,0.0,0.0,0.0,0.0,0,background
11.171333,31.176973,27.892,54.661175,25.04562,906.31134,0.09114465,32.422916,0,background
13.730333,24.195272,24.224,95.73577,21.902145,746.683,-0.59165436,44.22594,0,background
7.636333,26.865795,25.092,60.875484,25.790293,1584.2686,0.21169658,31.87799,0,background
9.9956665,25.467964,26.34,107.14511,25.674261,240.87044,0.22091797,33.08052,0,background
13.308667,28.655298,22.12,91.381485,23.369085,1134.9403,0.44312498,40.639385,0,background
10.860333,28.755384,29.368,85.944565,30.055994,92.02326,0.58439803,36.46299,0,background
12.220333,23.211391,25.364,106.025024,24.386456,185.08995,0.47473615,30.29791,0,background
11.536,22.910707,28.152,123.507675,21.910372,131.18509,0.35254365,50.322197,0,background
7.4713335,24.419315,31.604,52.656616,0.0,0.0,0.0,0.0,0,background
10.374333,19.741083,26.636,87.03195,29.729553,44.249065,-0.25667894,28.807095,0,background
11.999,30.64096,27.328,87.66468,21.179752,1455.493,-0.22574653,29.076729,0,background
11.564667,26.221355,25.776001,105.5233,22.115248,482.3772,0.12276765,33.58207,0,background
10.092334,25.824804,24.092001,39.183777,15.580266,206.51408,-0.72043717,48.65744,0,background
14.060667,30.38436,30.564001,91.86533,0.0,0.0,0.0,0.0,0,background
13.346001,24.543917,27.42,64.77904,27.357962,113.99928,0.41930613,28.209333,0,background
12.676333,24.44526,26.864,97.817795,22.889444,346.02756,0.58825463,35.139477,0,background
12.923,26.636574,24.004,97.09583,20.697245,894.8967,0.0418386,28.27921,0,background
13.534,24.646708,27.144001,74.36233,23.823704,146.95993,0.15982342,31.129425,0,background
13.9210005,32.87597,29.032,99.735535,0.0,0.0,0.0,0.0,0,background
10.331667,19.851793,26.8,84.209946,31.071146,54.53411,0.7169551,24.647617,0,background
11.843,22.741762,27.876,117.56303,27.60293,148.07619,-0.013742799,38.565704,0,background
10.988334,20.795483,26.064001,79.060135,28.724438,48.83701,0.09098409,29.683561,0,background
13.381666,23.940294,27.0,71.29988,24.07924,91.962715,0.58334374,28.042953,0,background
11.743333,22.138853,27.2,110.29696,35.60152,181.92398,-0.19697672,22.229042,0,background
10.1293335,23.917013,25.664,105.62785,18.800074,489.49927,-0.023494016,48.74537,0,background
12.830333,25.96813,29.952,117.262024,17.026426,207.52248,-0.12827107,48.053593,0,background
13.457666,23.961376,23.432,93.70984,20.758125,929.9748,0.070502296,44.01436,0,background
12.224667,22.94075,27.084,109.018105,29.278564,190.19325,0.1685632,20.906805,0,background
14.904334,31.306362,31.588001,94.836555,0.0,0.0,0.0,0.0,0,background
10.843667,20.58403,26.98,88.575226,29.652952,55.02366,-0.20025153,26.543753,0,background
12.214666,26.336065,24.116,98.04246,21.019268,637.9665,0.72939134,37.91017,0,background
8.218518,24.82103,22.133333,38.936817,8.0377445,10.828453,-0.08839883,17.750029,0,background
11.988334,22.686272,28.2,115.84724,27.700777,146.64577,-0.07721382,44.0728,0,background
7.0386667,25.009476,29.212,60.998924,0.0,0.0,0.0,0.0,0,background
8.482667,27.498272,29.984,46.385918,24.449318,11.769481,-0.1354618,43.01095,0,background
7.7496667,26.452986,30.06,59.012653,0.0,0.0,0.0,0.0,0,background
7.557,25.23711,30.472,56.352345,0.0,0.0,0.0,0.0,0,background
11.837,24.556053,27.984,114.39568,21.967812,116.3993,-0.05605548,36.576942,0,background
14.161333,29.780731,30.816,98.69458,0.0,0.0,0.0,0.0,0,background
14.054,31.756145,29.384,93.503944,16.04289,1370.7776,-0.22720061,47.02257,0,background
9.541333,28.168793,22.012,54.08288,28.64162,1802.4111,0.04755059,36.820038,0,background
13.543333,29.99498,28.7,92.04742,0.0,0.0,0.0,0.0,0,background
7.516333,24.87205,30.944,52.43906,0.0,0.0,0.0,0.0,0,background
12.948333,31.98699,26.484,89.673996,21.229948,1722.3295,-0.09386841,34.616688,0,background
11.6883335,24.522352,26.024,82.20422,27.590836,187.67026,0.15829492,28.846703,0,background
8.510667,23.551767,21.58,34.515575,19.385757,651.924,0.038303737,43.12234,0,background
14.87,32.901142,30.468,92.93661,18.071095,1413.4812,-0.7607325,44.565456,0,background
11.832334,22.79306,27.664,119.68291,22.579733,143.4478,0.26591915,53.28018,0,background
8.054334,21.860638,20.232,33.416374,18.965385,846.7739,0.35234272,45.79843,0,background
11.846666,27.057068,19.388,92.990776,23.659658,1612.7219,-0.38311616,41.4516,0,background
12.825334,25.865871,28.184,127.88301,28.281853,222.01201,-0.0123686595,42.372845,0,background
7.7543335,22.069483,22.936,33.930725,24.131487,301.93546,0.055455245,42.1995,0,background
6.1666665,19.73207,25.428,95.24769,19.268282,359.8743,0.757658,45.057194,0,background
12.789333,26.441725,29.807999,112.2233,21.0511,273.94907,-0.024296585,46.900333,0,background
8.302334,22.985418,23.564001,31.408852,18.812508,34.757458,0.039809182,51.278854,0,background
12.761,24.949167,27.140001,122.409805,24.443941,219.61957,-0.047790054,43.588768,0,background
7.853667,26.372286,31.408,56.382088,0.0,0.0,0.0,0.0,0,background
12.341666,22.86849,27.288,108.33861,30.226595,140.42178,-0.021453854,21.29104,0,background
7.66,24.34838,33.016,46.742817,0.0,0.0,0.0,0.0,0,background
10.363667,25.481085,27.256,103.02714,18.51238,131.24496,-0.44899085,42.684223,0,background
11.954667,31.236065,24.708,90.4016,0.0,0.0,0.0,0.0,0,background
9.788667,22.018776,24.164,73.5907,26.200672,68.13398,-0.5989157,32.704605,0,background
12.272666,25.136545,23.924,99.29117,20.221685,708.89935,-0.003933806,31.749737,0,background
12.715,23.263685,23.504,85.43415,20.98599,531.5476,0.2665178,45.016815,0,background
8.6710005,23.382051,22.380001,35.015465,21.22172,507.6574,-0.47792292,43.588913,0,background
7.524,26.38889,28.328001,59.726746,0.0,0.0,0.0,0.0,0,background
12.910334,29.12193,28.24,108.52172,17.536568,1462.6672,-0.18822367,46.05606,0,background
7.3086667,25.37379,29.052,56.457996,0.0,0.0,0.0,0.0,0,background
13.518333,24.69914,27.288,66.567,26.708195,105.289696,-0.21684486,29.567234,0,background
15.023666,32.742714,30.744,91.585365,0.0,0.0,0.0,0.0,0,background
13.898666,31.784363,30.252,97.88711,18.28836,1212.6864,-0.43199483,40.40313,0,background
11.019333,20.745789,26.252,79.108574,29.480125,51.113903,0.30149662,29.776464,0,background
7.666333,22.413557,21.952,37.15502,20.230076,130.60785,-0.22707829,42.43779,0,background
9.033333,22.976227,26.64,106.06548,16.258661,162.73969,-0.090330906,47.680817,0,background
10.0703335,29.051273,27.736,43.287613,27.956282,834.7289,-0.13336886,38.156223,0,background
11.047334,32.091953,29.84,48.15557,28.388674,320.21594,-0.36934525,35.481205,0,background
8.310666,26.633337,28.776,19.04447,27.071913,434.87256,-0.1382704,34.626472,0,background
11.612666,20.51998,25.796,77.11162,31.47374,17.077637,0.4594969,29.85746,0,background
12.696667,25.589863,29.516,116.92032,21.253735,160.5388,-0.53046036,52.83167,0,background
10.535666,26.265623,28.88,95.93999,19.809128,17.376139,0.28917193,26.452446,0,background
12.0373335,22.71195,24.928,74.311264,25.225266,250.9729,0.35668692,38.8075,0,background
11.286667,24.568277,27.98,101.6703,23.057224,78.5615,0.25367564,36.74661,0,background
7.187,25.715614,30.356,52.37576,35.609745,13.310997,0.13951315,24.233688,0,background
12.103666,24.228655,25.728,100.273735,26.044338,487.1058,0.09376743,34.491505,0,background
8.254,27.447458,30.244,41.301865,14.209022,22.569914,-0.6521925,35.155193,0,background
12.459001,23.465044,24.864,99.76642,19.988699,527.26086,0.28520513,37.77071,0,background
11.726333,22.47285,28.807999,114.65139,26.960535,130.329,0.008450588,41.185253,0,background
10.862667,20.96878,27.104,86.92842,30.080238,64.02677,0.6783554,26.5901,0,background
14.697667,32.02385,30.7,94.32764,19.195839,1350.6803,0.76676613,43.079258,0,background
12.296667,21.557972,25.388,78.30754,27.490261,87.660416,0.08474585,32.27955,0,background
6.6513333,23.802366,31.548,66.99532,29.359423,522.6333,-0.084910475,30.525093,0,background
12.186334,25.037666,25.552,99.642845,23.932816,381.89688,-3.5782738e-05,29.470745,0,background
13.287,27.628296,28.124,129.64859,20.836723,290.6985,-0.17156509,48.7269,0,background
7.546667,25.926435,29.504,67.919106,27.923944,860.632,-0.71753407,30.533722,0,background
14.24,36.94096,16.244,98.266365,0.0,0.0,0.0,0.0,0,background
7.4570003,24.72808,28.976,22.84779,25.144556,125.509605,0.14974815,34.451157,0,background
14.718667,30.960594,31.224,89.538666,18.364552,1306.9645,-0.45588973,38.320576,0,background
11.498667,25.80954,25.9,104.471596,20.970488,482.0572,0.25508723,34.005646,0,background
6.9606667,24.575155,29.608,60.487965,0.0,0.0,0.0,0.0,0,background
13.166,28.704107,30.072,107.12121,17.312511,1175.967,-0.38848287,52.404034,0,background
14.687333,32.81939,27.7,92.80938,0.0,0.0,0.0,0.0,0,background
13.910666,30.527271,29.736,103.75515,18.351772,1115.581,0.49480256,38.236427,0,background
10.751667,28.446573,28.188,90.39409,28.264816,250.42287,-0.3061419,38.181305,0,background
12.028334,34.01678,16.132,98.10423,0.0,0.0,0.0,0.0,0,background
14.811,28.330147,24.116,69.78255,21.528637,600.23303,-0.18391885,39.72361,0,background
7.6883335,25.872705,30.716,60.564594,0.0,0.0,0.0,0.0,0,background
12.478666,23.834263,25.784,104.34966,25.553446,251.78491,0.18911195,21.556519,0,background
6.144,19.909267,21.92,39.4472,13.111178,72.29589,-0.18740416,46.258183,0,background
12.808,23.629253,23.22,89.59578,20.76732,660.6266,-0.14751768,43.43156,0,background
6.505,19.51344,21.376,31.553314,22.206713,305.317,0.39505285,42.043224,0,background
7.463333,25.678963,30.852,60.028923,0.0,0.0,0.0,0.0,0,background
12.514334,25.228476,29.140001,116.01145,22.464933,157.39316,0.39316374,54.198982,0,background
11.380667,22.144821,23.624,70.96622,19.107008,439.94922,0.07583365,45.164314,0,background
11.467,23.081722,26.032,95.15982,26.733196,352.42566,-0.12301678,29.586489,0,background
14.824,33.30338,29.8,91.37488,0.0,0.0,0.0,0.0,0,background
14.71,32.36666,28.572,83.02975,0.0,0.0,0.0,0.0,0,background
14.4713335,35.75994,18.828,96.23463,0.0,0.0,0.0,0.0,0,background
6.628333,23.703094,32.772,64.007744,0.0,0.0,0.0,0.0,0,background
12.107667,31.916033,23.676,90.5519,0.0,0.0,0.0,0.0,0,background
7.9209995,26.605534,31.268,56.9159,0.0,0.0,0.0,0.0,0,background
11.959,26.191414,25.684,104.62313,21.587269,596.02484,0.1423007,32.80226,0,background
11.791333,25.473845,25.228,84.330666,28.52319,358.62064,0.3859674,30.34843,0,background
14.083,30.228815,30.18,95.13588,0.0,0.0,0.0,0.0,0,background
11.900667,22.935297,26.452,95.25724,27.14077,167.24525,-0.17573176,30.325478,0,background
12.690333,22.946503,26.779999,76.23819,24.213573,61.303974,0.43393123,32.94038,0,background
10.792334,29.678621,26.792,68.60953,31.469036,479.97574,-0.70007545,29.08657,0,background
12.324,25.897285,20.316,63.779472,19.230328,783.9889,-0.28424048,42.746796,0,background
11.429999,22.233894,27.024,96.53493,27.914661,94.334175,0.41909528,32.604134,0,background
10.927333,21.771065,23.096,73.34702,18.735167,522.5248,0.47783852,43.862183,0,background
12.058333,31.164927,26.644,86.965,21.212286,1561.4646,-0.26939833,28.690863,0,background
6.795455,24.80093,29.581818,55.482468,18.724392,9.053678,0.9704051,19.861158,0,background
12.309334,23.566652,25.8,105.142654,25.21252,226.43266,0.32932827,21.924112,0,background
9.727333,24.347551,27.548,102.703445,17.084648,50.543728,-0.15600756,45.47098,0,background
7.3153334,24.235798,30.764,49.160683,0.0,0.0,0.0,0.0,0,background
9.450333,20.175776,20.776,71.70074,20.13352,800.89624,0.28093353,44.099205,0,background
11.029667,25.472672,26.636,104.08557,18.392223,270.03357,0.048713386,40.498825,0,background
11.103333,21.221968,26.816,113.61379,29.881695,180.4362,0.19103242,28.199232,0,background
10.618667,19.862825,26.640001,82.077736,28.06835,37.886875,-0.21592245,26.767548,0,background
11.434,22.30067,28.132,120.07945,26.885975,132.69843,-0.013214584,42.28073,0,background
9.821,18.506445,25.988,80.28287,24.3204,30.608313,0.11895831,32.88129,0,background
7.938667,24.065315,27.7,23.961906,22.278864,459.3032,-0.54846656,41.7809,0,background
12.132333,25.06059,24.184,101.649956,23.953543,572.6139,0.35485682,36.39297,0,background
6.9226665,24.812424,27.516,59.935886,0.0,0.0,0.0,0.0,0,background
12.291,24.225403,24.684,100.21459,21.536041,521.0481,-0.38208276,33.781925,0,background
10.312333,26.939219,25.24,104.27511,23.711914,428.31668,0.14473888,33.980453,0,background
11.790333,30.835688,25.484,87.00292,20.175165,1855.4294,-0.2676218,33.395924,0,background
12.467,28.794807,23.092,103.183876,21.645216,907.78925,-0.11532977,31.769135,0,background
9.913667,28.842276,26.972,80.798,28.221687,464.98563,-0.43796918,30.026415,0,background
9.552667,29.042522,25.904,51.59353,29.8006,1103.2799,0.52526253,38.727814,0,background
9.677667,27.941063,28.892,78.27905,27.190615,257.4612,-0.06187595,32.472813,0,background
12.264667,26.332588,24.004,98.34907,20.643429,717.73975,-0.42268258,37.680202,0,background
11.114333,20.56991,26.8,76.91272,24.898335,26.882902,0.20956795,37.372135,0,background
12.8203335,27.37282,22.608,102.4739,21.733454,1287.1832,-0.04023707,33.16551,0,background
12.058667,24.97032,24.252,99.64546,21.974705,771.76874,-0.16671322,31.96322,0,background
11.766666,29.8404,26.18,98.53608,24.83231,210.78313,-0.38871416,33.102562,0,background
7.3773336,20.86114,22.816,32.192482,26.500664,54.807705,-0.26149037,40.624485,0,background
11.474,24.535969,19.256,61.45708,21.961477,917.8732,0.06301884,40.931675,0,background
7.1376667,22.005386,26.828,93.71887,16.496347,132.16982,-0.25536737,46.25913,0,background
7.6843333,24.425726,27.432,24.36918,28.934967,561.84625,0.3806758,36.10718,0,background
10.436334,31.291475,15.232,96.52701,0.0,0.0,0.0,0.0,0,background
7.9719996,27.308851,25.08,62.840725,29.710222,1466.5294,0.20063336,27.091486,0,background
6.554,23.88484,29.764,62.783535,0.0,0.0,0.0,0.0,0,background
5.8102274,19.3352,23.959091,26.662703,20.296873,137.54652,0.57883424,37.337246,0,background
8.760333,24.146454,27.504,96.9247,25.264957,82.89023,-0.43061063,37.613472,0,background
13.113667,24.254025,23.34,92.23409,20.893217,769.492,-0.33426216,43.475502,0,background
13.142,23.329546,24.596,91.55359,21.227797,564.6415,-0.008894079,43.1413,0,background
12.885333,25.93875,29.9,116.572,17.130646,187.61922,0.07806797,50.594986,0,background
10.064,19.38516,26.524,82.468834,29.446081,37.15597,0.117349416,28.124662,0,background
12.452333,25.85188,24.376,99.088936,27.17248,585.932,0.107434355,30.338158,0,background
11.930666,58.392063,27.052,36.836292,0.0,0.0,0.0,0.0,1,presence
11.446,24.73848,27.92,102.375275,29.990435,80.767784,0.45020467,30.924828,0,background
6.465333,22.187143,26.192,26.79736,25.142008,532.81104,0.46150064,33.864502,0,background
13.025,25.31289,27.324,122.99371,23.356613,216.99387,-0.15490869,49.38949,0,background
12.162666,26.138285,25.38,94.63537,20.218975,369.51147,-0.42649722,33.289486,0,background
12.794666,25.954777,27.996,125.83809,26.246902,168.99496,-0.58937705,52.87211,0,background
11.867333,26.414114,20.604,96.03755,20.543512,1422.4463,-0.40113938,34.44471,0,background
8.662666,26.739927,25.656,82.05821,27.70479,263.9743,0.34421512,36.61969,0,background
10.559,23.691887,27.803999,105.192665,28.1413,21.091953,-0.13867775,37.31369,0,background
11.091,27.466568,23.772,62.58945,20.51157,82.33046,-0.541727,37.41129,0,background
14.608999,25.492077,26.524,71.93935,20.888828,366.8802,0.40794486,38.38568,0,background
13.648334,28.632067,26.46,127.79274,25.807926,521.5238,-0.41700074,43.97158,0,background
12.025666,22.907778,27.307999,108.544914,30.618729,175.13649,0.1647642,24.214352,0,background
13.569,24.26155,27.331999,72.57665,23.828392,99.05718,-0.5317905,31.224497,0,background
11.341666,22.750675,26.452,98.4296,27.786158,149.31706,-0.05864972,30.566505,0,background
8.140667,25.745308,31.488,54.384174,22.723389,40.440735,-0.016526408,42.326275,0,background
11.834666,24.413456,20.744,60.483376,19.254349,732.0441,0.23833485,41.811295,0,background
12.312666,22.840147,27.348,107.43085,27.933455,134.07002,-0.62803423,23.682505,0,background
8.48,22.89664,23.748,32.323452,17.386871,81.856705,0.5537785,53.643047,0,background
13.7803335,25.417467,23.608,70.1544,19.818287,713.994,0.17649126,40.424717,0,background
13.084,23.80294,26.6,93.49324,26.100676,124.694565,-0.3826792,31.08232,0,background
6.5464916,21.460203,24.11579,25.89994,17.222567,137.92177,0.2630893,40.6169,0,background
9.538667,23.71387,25.22,106.56094,17.810293,504.25467,-0.0871233,45.727203,0,background
10.536,30.846703,13.559999,97.15202,0.0,0.0,0.0,0.0,0,background
11.853333,22.50234,28.6,118.098915,27.073277,132.23476,-0.0018660614,44.984035,0,background
14.167,25.272942,25.876,68.391365,20.488995,355.14517,0.2358204,38.07263,0,background
11.903333,22.612715,27.76,117.11003,29.118698,155.7022,0.016119331,29.832214,0,background
13.144667,29.23896,20.32,98.29322,19.528353,1601.7424,-0.29294866,34.558453,0,background
12.349334,23.699497,26.508,107.27573,27.729305,369.56277,0.5766314,27.64511,0,background
10.141666,19.815683,26.616001,83.74645,31.527037,99.4997,-0.5381345,23.970676,0,background
14.6953335,25.368273,26.896,69.879684,22.96799,269.36618,-0.52798975,36.739513,0,background
12.378667,23.44622,27.324,108.23761,29.879091,173.8606,0.3503037,24.505339,0,background
11.515333,22.16704,28.008,118.265755,26.300434,145.47293,-0.0076450533,40.20395,0,background
14.083,30.228815,30.18,95.13588,0.0,0.0,0.0,0.0,0,background
8.798667,28.269716,31.54,48.582058,30.733204,14.979902,-0.34971067,27.310215,0,background
12.291,22.056925,26.768,89.34106,27.418764,57.513416,-0.3174213,28.45211,0,background
7.6913333,24.00541,25.348,28.880234,15.508917,288.2595,0.13192894,46.264286,0,background
11.467667,25.152805,28.292,103.90838,23.081213,42.07168,-0.33266726,45.833282,0,background
11.0199995,24.934383,24.648,104.914925,18.731312,729.8622,-0.1821386,35.176517,0,background
12.279333,22.471512,26.7,90.67302,33.05383,51.923702,-0.43048516,29.191133,0,background
10.761666,24.094723,23.48,83.46514,19.325754,528.1292,0.2672524,37.13173,0,background
8.636,28.381754,28.36,66.934814,19.996128,920.61194,0.37863562,31.520468,0,background
9.531,23.596258,25.772,106.16642,18.046124,412.11554,0.31509706,45.930767,0,background
10.541333,27.82823,28.712,87.67136,31.087843,122.36563,0.10848688,36.416775,0,background
14.090667,30.760275,30.956,92.61008,0.0,0.0,0.0,0.0,0,background
9.557333,22.772907,24.084,84.81188,21.769974,235.41518,-0.118609786,32.82198,0,background
11.736667,20.973314,26.072,76.72162,29.170452,24.170183,-0.03003848,32.28078,0,background
13.065,24.33686,27.74,103.4333,27.578165,188.849,0.0092679355,29.18787,0,background
14.635333,29.744196,32.808,102.41791,26.759537,1023.18915,0.04582031,29.958231,0,background
11.721,25.217299,28.16,107.17692,19.31251,100.66419,-0.34967354,45.378426,0,background
9.569667,28.751553,25.688,48.624844,29.92059,1122.1884,-0.3102688,38.2461,0,background
12.411,24.983896,29.1,117.33709,22.036053,151.05777,0.20016196,55.743515,0,background
12.759,24.557318,22.484,72.09463,20.45975,814.44586,-0.03692915,42.500874,0,background
14.114667,29.962357,30.456,94.82453,0.0,0.0,0.0,0.0,0,background
9.128333,28.683804,29.392,47.979965,23.52338,133.01826,-0.33925006,42.80828,0,background
7.758333,24.749054,32.132,48.80769,0.0,0.0,0.0,0.0,0,background
11.702333,24.83728,25.208,82.97131,26.271257,436.40195,0.38956505,32.341766,0,background
12.416333,23.07354,27.02,99.33611,27.829607,166.67648,0.46622792,28.0097,0,background
11.282666,22.917343,26.296,113.64887,27.746769,184.91762,0.23461658,27.930239,0,background
11.446,22.444899,28.184,122.20982,19.899782,133.09644,0.16393903,56.80832,0,background
11.011001,21.021383,26.752,114.039856,30.32334,165.20337,-0.2357,25.962395,0,background
11.349,23.900682,25.248,88.426735,24.428286,485.48343,0.020381376,32.439762,0,background
12.63,25.18947,27.932,101.727585,21.974224,246.65556,0.031160027,38.391285,0,background
11.398999,22.230673,27.3,114.024216,26.235453,146.7892,-0.5377021,39.41328,0,background
12.043,23.550922,25.112,107.951614,27.069225,284.70517,0.6373415,29.111626,0,background
14.300333,25.474443,26.8,70.83105,21.183022,304.2296,0.04029502,35.055374,0,background
14.095333,31.471228,29.448,92.67845,16.350487,1490.8336,0.8459362,49.09006,0,background
14.610001,33.828842,27.02,88.53767,0.0,0.0,0.0,0.0,0,background
11.805333,23.373196,26.335999,106.324524,23.652117,232.97337,-0.38061857,30.734697,0,background
11.009334,20.797441,27.096,90.32873,30.75771,51.63446,-0.047740657,26.899246,0,background
12.758667,24.197138,27.08,101.21242,27.957283,235.98038,-0.32016715,26.068026,0,background
14.643,30.736774,31.024,89.367096,20.113583,1203.607,0.90406144,39.798817,0,background
13.341667,27.51313,25.888,128.59552,26.6622,435.5623,0.14304519,33.40785,0,background
12.419,25.336624,24.36,101.84734,20.488007,746.92126,-0.2650611,36.58032,0,background
15.054333,32.84964,30.128,88.31288,0.0,0.0,0.0,0.0,0,background
6.957667,21.661478,26.92,92.31492,18.151989,48.899834,-0.12082446,45.85865,0,background
14.884666,27.687252,24.66,71.26588,19.942125,586.3099,0.1884122,40.52618,0,background
13.967333,30.909386,28.932,101.11274,12.87689,1410.7242,-0.5571169,68.33009,0,background
7.664,23.02608,27.432,20.292809,30.36679,452.59357,-0.11531512,31.595064,0,background
11.970667,31.326982,26.192,84.99444,24.656923,1628.0737,-0.026873555,24.026617,0,background
11.259334,22.658241,26.62,95.01874,26.516773,146.63846,0.38494167,30.042372,0,background
6.751333,24.142946,29.956,67.26183,28.158403,808.9491,-0.19672787,29.154966,0,background
10.534,24.404596,21.332,92.70586,17.851698,994.43726,0.68188,39.498016,0,background
14.580667,25.920263,25.748,71.27321,20.9291,585.65967,0.2596651,39.67406,0,background
13.051,31.74499,26.76,92.221214,18.420769,1621.3444,-0.10666886,37.622246,0,background
10.61875,25.479902,22.95,66.67369,8.97875,33.26708,0.11690718,15.705337,0,background
10.4,27.049522,27.428,105.20583,23.452381,157.74567,-0.560973,35.92657,0,background
12.554334,23.741177,27.444,120.36702,28.37078,155.92897,0.07106893,37.109085,0,background
13.054,23.653692,25.284,97.25708,19.682718,478.89377,0.30265963,38.613567,0,background
11.052667,21.222479,27.648,119.32721,29.763512,147.9173,0.29126042,34.772152,0,background
12.799334,25.682907,25.372,99.70177,24.316721,733.0658,0.7683224,26.094734,0,background
14.178333,31.243572,29.6,93.21509,17.28649,1329.5436,0.086854845,56.254154,0,background
13.510333,30.047,28.552,92.04742,0.0,0.0,0.0,0.0,0,background
9.776333,26.606611,25.608,90.01077,27.856548,503.10638,0.13881145,34.352993,0,background
9.839666,26.391125,27.956,103.587776,24.44504,62.990242,-0.23667122,34.558662,0,background
12.380667,25.082388,25.364,99.11754,25.382027,465.92935,-0.5318347,31.138302,0,background
11.582334,22.846642,27.332,117.908424,26.506628,234.70479,0.510883,45.570827,0,background
11.849,23.302784,24.64,98.40509,21.486267,690.4172,-0.4486628,35.617138,0,background
11.478333,22.96218,27.108,115.47758,30.172293,174.15305,-0.26578456,30.737146,0,background
10.819,24.901031,22.98,92.103,18.17485,711.62366,-0.47352383,38.77,0,background
13.310667,24.206493,26.096,73.08713,23.062624,246.92087,0.24704732,38.10879,0,background
6.913667,24.30624,33.116,62.7902,28.129175,271.5046,-0.17012908,27.6979,0,background
8.025333,25.669567,31.66,52.71258,28.864708,41.247803,-0.2865001,28.07874,0,background
6.7923336,24.63847,24.936,58.656715,0.0,0.0,0.0,0.0,0,background
9.69,25.366493,28.028,99.4361,22.38845,10.740761,0.39863637,36.645405,0,background
14.581333,32.31392,30.316,93.23283,16.352303,1394.8728,-0.27565664,45.732025,0,background
8.928667,24.126316,23.532,36.988102,22.640665,305.0407,0.06237979,41.34194,0,background
11.598,29.430573,25.828,98.30951,25.221525,274.41806,-0.13651195,32.31654,0,background
14.616667,29.829933,32.607998,97.13681,25.859234,1030.6819,0.70244306,31.374228,0,background
12.291667,31.3723,25.116,90.30666,18.513577,2125.2068,0.65262294,37.730457,0,background
10.800333,20.231405,26.6,87.74872,29.941856,50.943512,-0.06212338,26.727497,0,background
12.514,25.92393,29.704,117.80257,16.065163,242.75862,0.018189723,48.921448,0,background
12.7,24.091358,26.932,99.2726,25.972366,301.68384,0.4614771,24.823742,0,background
9.534722,28.75754,29.116667,75.478485,24.983328,38.388424,-0.5904672,37.787636,0,background
14.967,32.779236,30.66,89.40329,0.0,0.0,0.0,0.0,0,background
9.975,23.686836,19.564,63.439976,18.7234,809.4947,0.27021497,42.51047,0,background
10.441334,19.496103,25.692001,85.68278,28.092297,70.93218,0.09058618,31.865356,0,background
10.898,31.413582,13.1119995,94.319115,0.0,0.0,0.0,0.0,0,background
10.158667,27.24672,18.332,99.97874,22.56128,2844.3894,0.17127347,42.518982,0,background
7.678,25.49137,29.772,50.888115,0.0,0.0,0.0,0.0,0,background
9.985333,26.570871,27.907999,102.978035,25.325167,70.86859,-0.16004708,34.990604,0,background
8.005333,22.27168,22.968,34.991764,25.970774,283.53674,-0.74635684,39.50075,0,background
7.9546666,26.586452,30.776,60.948326,0.0,0.0,0.0,0.0,0,background
7.8683333,26.474876,32.208,65.77247,27.05494,523.7774,-0.4847969,27.128202,0,background
14.434667,30.506947,31.504,92.205505,0.0,0.0,0.0,0.0,0,background
13.611667,35.03827,22.76,97.90424,0.0,0.0,0.0,0.0,0,background
12.215,23.284407,26.352001,98.9944,24.741531,319.23987,0.42849544,29.449806,0,background
11.550667,20.917542,26.736,89.81127,30.094975,58.179348,-0.21717611,27.502178,0,background
6.6266665,20.03709,23.0,32.86123,25.418543,11.401416,0.32961455,38.332123,0,background
7.039,24.816668,29.488,60.631573,0.0,0.0,0.0,0.0,0,background
11.548667,21.708021,26.776,117.85236,35.207012,210.95111,-0.56951994,22.276058,0,background
10.286667,27.173147,28.428,91.339745,30.582317,147.67035,-0.3496232,34.50368,0,background
11.535334,24.807169,22.188,63.368896,19.958149,457.84314,-0.23093864,42.57086,0,background
12.525,23.822657,21.696,82.26781,17.804592,906.169,-0.15447597,43.777473,0,background
7.3973336,24.468555,30.44,51.44496,0.0,0.0,0.0,0.0,0,background
10.396,27.704935,27.584,92.07609,30.614717,245.4099,-0.35584968,31.025122,1,presence
12.42,23.305561,26.724,104.80153,22.079575,195.95377,0.5803374,36.545998,0,background
10.497666,31.415092,27.196,56.562283,28.851547,802.5964,-0.47459573,37.445774,0,background
11.447,22.343456,27.496,114.31494,27.092188,151.51053,-0.47978687,39.29064,0,background
12.731333,23.634315,26.0,77.35367,23.62888,257.97137,-0.32267404,33.524734,0,background
11.568334,21.510475,25.148,90.65167,21.541668,288.81824,-0.2478038,37.76996,0,background
13.9366665,24.113548,24.496,92.30648,22.096207,722.52716,0.08193397,42.622646,0,background
8.83,24.386875,27.68,94.41176,25.094193,39.60113,0.634041,36.487083,0,background
13.672667,24.235441,27.116001,71.688,23.82578,110.200386,-0.10767691,29.03983,0,background
14.157333,25.230492,24.72,67.34784,19.149336,550.30426,0.16433714,44.278812,0,background
10.905001,20.233414,26.452,85.19217,30.696058,44.404625,-0.18273269,28.753845,0,background
11.948,22.654531,28.508,119.20003,26.11209,134.25545,-0.23910885,48.61603,0,background
11.000334,21.236164,27.104,91.412155,29.440525,81.71156,0.3341287,28.29564,0,background
13.274667,31.947119,26.896,93.82111,18.74427,1585.58,-0.39312288,39.341637,0,background
11.044,25.92975,24.84,94.284615,20.849304,335.66196,0.015701734,35.86975,0,background
4.536111,18.692766,29.333332,52.88845,10.767306,2.3532913,0.49558526,10.029258,0,background
10.155666,27.189083,25.224,91.34626,27.993214,491.6943,0.023919242,35.938942,0,background
11.795334,23.331224,26.876,83.65981,30.50606,125.140274,0.4787441,27.70509,0,background
10.467,24.235899,20.188,62.37596,18.418394,651.0994,-0.19686103,42.096485,0,background
8.723684,26.07772,26.084211,96.88399,23.242462,73.651955,0.0039596306,29.73222,0,background
7.9464283,25.956602,29.457142,65.02426,20.15297,3.4403656,0.21829952,19.319864,0,background
7.1055555,23.685184,25.366667,25.57078,7.1480293,10.201153,0.8790615,14.619814,0,background
8.264,27.07378,30.38,65.79619,22.531382,489.58127,0.1762127,36.683754,0,background
13.106667,23.780148,25.468,98.51243,19.449383,423.70978,-0.122817315,37.1434,0,background
12.830334,25.10239,22.408,66.563324,19.456436,617.13495,-0.020951014,42.528988,0,background
12.291667,23.402,26.772,110.340324,27.611137,184.28374,-0.15230042,24.449352,0,background
8.822223,28.156029,28.733334,63.646114,2.0690682,2.7767663,0.716772,2.7759902,0,background
11.515333,25.241854,28.204,106.067474,25.493176,30.908106,-0.30950257,44.8313,0,background
14.712,33.445484,29.268,91.052765,0.0,0.0,0.0,0.0,0,background
13.248333,23.506624,26.992,74.73616,26.993093,73.80003,0.24958338,32.6377,0,background
12.021334,28.839203,23.952,99.39103,21.102352,2204.9558,0.55584323,36.651558,0,background
9.343,26.362867,21.54,47.844307,28.169191,1696.5175,-0.034425963,37.806107,0,background
13.779,25.204872,23.228,69.31594,19.437784,865.3226,0.1610522,40.52197,0,background
12.031667,25.105722,23.536,103.21324,19.193935,807.82324,-0.36450866,36.18587,0,background
10.561334,28.064768,25.684,85.066574,27.312183,222.45482,-0.50738025,29.949907,0,background
14.115334,25.162817,25.26,68.44131,18.916649,456.2383,0.11690802,44.798737,0,background
11.941333,25.387646,19.388,63.488323,19.74606,984.1801,-0.3263205,41.540894,0,background
8.421,28.627277,30.452,42.05375,35.11132,66.03261,-0.19434321,35.028,0,background
6.5650005,23.834593,29.416,61.669884,0.0,0.0,0.0,0.0,0,background
13.563,25.775372,21.748,68.57071,20.403667,979.3966,-0.35491127,41.725914,0,background
7.8510003,25.11195,32.776,49.702023,0.0,0.0,0.0,0.0,0,background
13.4123335,32.12689,26.796,94.63079,16.31456,1677.421,0.5626952,48.283405,0,background
7.818,23.528349,26.228,24.60299,25.938503,593.4227,-0.69162166,38.800137,0,background
12.791,25.660007,29.5,122.124405,21.447224,154.48341,0.04440322,54.63293,0,background
9.971666,30.670727,29.212,66.02558,24.87168,800.34296,-0.23141396,31.889238,0,background
10.768333,24.172428,28.056,103.99209,29.335482,24.057098,0.4047317,39.461117,0,background
11.453667,30.262278,24.192,90.23133,0.0,0.0,0.0,0.0,0,background
11.401333,21.98992,27.948,116.31012,25.347898,123.17842,0.014310214,41.705196,0,background
12.193,24.356771,29.024,122.890884,20.721693,147.88647,-0.21139854,54.353054,0,background
8.4939995,27.403536,26.128,50.868546,24.295649,506.86267,-0.113856144,40.194828,0,background
11.757667,23.04521,26.992,114.68017,32.0781,173.6652,0.36411405,29.100294,0,background
11.922667,25.223549,28.312,104.62888,22.936743,70.101074,-0.1813166,40.54032,0,background
10.209667,27.234493,24.404,95.26636,26.41516,632.2834,-0.45098883,36.899853,0,background
12.334666,26.597092,22.02,91.04351,22.35343,1171.1508,0.4545692,34.759197,0,background
7.7176666,25.592474,32.2,57.366215,0.0,0.0,0.0,0.0,0,background
11.621,22.793427,25.671999,102.31348,26.298237,206.54294,0.072994396,28.689808,0,background
11.830667,23.009699,25.86,103.138016,26.832766,263.3018,-0.274266,29.510187,0,background
8.067333,26.941402,28.859999,39.91883,27.095312,4.876239,0.13864505,38.042164,0,background
14.073,25.896143,24.5,68.987175,19.852983,634.585,-0.36541626,40.74539,0,background
13.995334,28.662516,25.056,126.5231,30.819561,491.88797,-0.13361499,23.126987,0,background
12.378333,22.73423,27.56,105.35294,28.405422,118.99391,-0.20373413,28.110672,0,background
12.082666,24.620317,21.02,62.17916,19.126865,714.78876,-0.056509987,41.59779,0,background
13.234333,28.373068,24.14,65.975334,23.840649,263.01556,0.20103522,39.67409,0,background
10.326334,20.567108,26.456,82.61904,31.705818,72.621376,-0.24240261,21.287474,0,background
11.105667,24.945343,24.348,104.90622,18.58525,770.5854,0.03892748,33.513206,0,background
11.575,24.020504,27.811998,116.49716,20.962708,120.203995,-0.17710225,38.68148,0,background
9.5,28.439709,28.616,68.014626,30.27811,91.99123,0.4078662,32.439568,0,background
8.341333,26.480423,31.192,60.870327,27.61092,145.88802,-0.07272143,39.460815,0,background
13.264,27.9973,27.104,129.55005,23.927654,388.3192,0.17229812,43.895267,0,background
10.136333,20.287273,26.396,82.67257,29.82077,73.54349,0.3155839,23.773136,0,background
9.192667,28.842453,30.292,50.564396,21.342266,14.472933,0.1627176,42.200287,0,background
11.828667,22.212624,27.052,110.79868,33.016083,171.44133,-0.03479329,23.144825,0,background
7.824,23.938318,28.664,27.45679,18.79509,210.8717,0.40531704,46.39438,0,background
7.783,22.794634,21.536,26.365564,19.790712,697.55896,-0.037272215,43.76978,0,background
8.108334,24.923155,24.733334,67.5919,7.4039693,4.077821,0.3604929,8.548853,0,background
8.860333,29.323315,25.044,64.39791,29.418123,1501.5785,-0.4888686,29.892998,0,background
11.517,25.527529,24.272,93.261284,19.376116,505.72174,-0.14175384,35.73054,0,background
12.99,31.388943,27.844,91.078384,18.11335,1425.5938,0.06015593,36.49034,0,background
9.362,27.076586,25.184,93.53948,26.86325,364.82483,0.29591048,32.564503,0,background
6.5316668,23.52906,29.296,60.59673,0.0,0.0,0.0,0.0,0,background
8.220667,22.658949,23.408,34.86415,26.09802,254.11407,0.17059478,39.558643,0,background
13.933,24.138947,26.288,95.962616,19.497097,324.69403,-0.34037924,39.096264,0,background
13.003,31.323473,27.744,92.328476,18.623755,1493.5157,0.15329294,40.892048,0,background
12.794666,26.026579,26.788,99.17108,21.307243,400.6833,-0.61029273,39.364655,0,background
12.456667,25.93194,24.112,99.07568,26.336174,633.2196,-0.38867602,29.335215,0,background
12.818334,26.245564,29.128,119.230316,18.837978,178.3192,0.48826465,51.591522,0,background
12.996333,27.980394,26.407999,95.64091,22.71833,209.095,-0.28345472,30.460913,0,background
8.952,65.152824,34.22,78.52386,0.0,0.0,0.0,0.0,1,presence
9.571333,27.924301,25.656,45.63816,32.191452,1117.9071,0.20035732,36.30851,0,background
9.958667,18.436512,25.796,83.89278,27.399952,38.09827,0.056179956,30.457844,0,background
8.373667,23.51361,24.896,32.269188,34.335842,42.92939,-0.26248604,25.725374,0,background
9.736334,23.948086,26.38,105.72826,16.352858,278.8792,-0.24065536,51.101055,0,background
8.491,24.631584,22.256,36.66711,23.78755,413.5604,-0.3988205,43.464058,0,background
6.5536666,23.638966,30.116,67.11877,29.066238,764.0437,-0.20199648,30.314003,0,background
10.835334,23.902174,24.608,81.76742,21.510366,267.44174,0.54557157,33.123787,0,background
8.526667,27.879501,27.912,63.098484,24.114878,922.03925,-0.016885681,36.0658,0,background
11.008333,19.874943,25.828,85.645355,27.4671,93.09102,-0.040738534,30.964565,0,background
14.531333,25.464975,25.66,70.456764,18.711405,362.20694,-0.23166443,44.679993,0,background
12.827333,26.710257,25.848,99.025085,21.010828,740.70337,-0.14935441,26.25079,0,background
11.545334,23.218834,27.048,83.06776,29.031092,126.987305,-0.089001395,29.191006,0,background
12.400333,27.44408,21.288,93.291794,22.42597,1250.6106,0.09922807,40.599247,0,background
14.2873335,25.61372,25.356,72.40635,21.496403,700.556,0.25839442,39.64426,0,background
15.080334,32.975452,30.704,88.999596,0.0,0.0,0.0,0.0,0,background
14.940667,32.507977,30.7,94.67278,0.0,0.0,0.0,0.0,0,background
9.403,29.869759,23.608,55.66244,30.448828,1533.9648,0.1251201,35.090073,0,background
11.520667,22.93674,27.04,107.374886,22.726858,305.49796,-0.492936,34.20176,0,background
7.9396667,27.664345,24.296,58.602745,24.27941,1657.8871,-0.18048064,31.363163,0,background
10.975,30.327732,30.228,79.446144,29.455198,33.225166,-0.71024424,21.303276,0,background
14.891333,27.771976,25.528,64.421844,22.77039,453.75577,0.050182264,41.265736,0,background
7.216,25.77511,26.112,59.74645,28.257772,1387.983,-0.24519886,28.299026,0,background
9.964666,25.492905,24.18,40.770473,13.695883,147.16756,0.47621572,51.40018,0,background
7.7656665,25.298628,31.688,52.81731,0.0,0.0,0.0,0.0,0,background
14.910334,32.798798,30.46,90.839134,0.0,0.0,0.0,0.0,0,background
7.774667,24.712864,31.848,50.571705,32.222256,28.297758,0.08670501,26.257648,0,background
12.306334,31.766478,25.751999,86.09107,20.984035,1733.4403,-0.21137762,27.969446,0,background
9.538333,28.747238,28.487999,72.46783,26.63468,172.0415,0.24233553,36.917564,0,background
12.191,24.688133,24.36,101.220085,24.435823,549.61127,-0.112726845,33.45114,0,background
12.61,31.985592,24.832,95.668594,0.0,0.0,0.0,0.0,0,background
10.264,27.17069,27.94,97.87887,31.170778,163.40692,-0.5844229,35.273907,0,background
14.310666,30.386162,31.328,87.55327,0.0,0.0,0.0,0.0,0,background
9.988334,27.65932,24.352,78.388885,27.139427,441.22958,-0.42973194,35.01155,0,background
15.223666,33.318016,30.307999,86.70287,0.0,0.0,0.0,0.0,0,background
12.899667,27.467138,26.884,127.64083,18.30462,518.82184,0.1023207,48.740776,0,background
11.289,31.96206,16.216,97.7789,0.0,0.0,0.0,0.0,0,background
13.059667,24.308813,27.76,102.88183,28.916721,204.64034,-0.10943304,24.937,0,background
10.493667,20.604906,26.012,116.47435,32.49113,242.59076,-0.41444635,26.798353,0,background
14.950666,32.838398,30.476,92.55254,0.0,0.0,0.0,0.0,0,background
13.683666,25.705717,23.536,69.30347,20.579432,738.4831,0.34985217,41.79111,0,background
12.342667,24.386837,27.016,96.951675,30.410242,286.0368,-0.048984703,27.713356,0,background
8.426,27.561167,30.012,64.599686,24.116444,567.1883,0.39869055,31.60454,0,background
10.351334,24.048262,22.272,88.357346,18.28181,734.7268,-0.22341408,38.77492,0,background
13.082,23.867037,25.768,93.13973,21.347366,369.96005,-0.43997997,38.96483,0,background
11.986,23.28283,28.355999,122.26813,20.622177,135.9352,0.43481603,53.304405,0,background
8.0616665,26.701334,33.48,65.019806,27.204943,270.73508,-0.34797797,27.603775,0,background
6.8166666,23.918129,28.4,67.5204,0.98973906,0.46831104,0.6906427,0.9405626,0,background
13.360333,24.646423,27.1,67.43974,25.986795,112.66092,-0.039622445,30.237436,0,background
14.249667,29.37349,31.244,97.97753,21.204895,1273.4979,0.7601913,45.375366,0,background
9.581333,28.438007,24.524,51.101524,29.074324,1358.0432,-0.09473983,39.256947,0,background
9.670333,26.121916,22.796,78.94707,22.367416,702.20953,-0.30274877,41.076286,0,background
13.209,24.116337,23.684,90.19035,20.882807,684.6204,-0.19097173,42.593075,0,background
8.7196665,28.030302,29.74,48.933304,28.453636,290.414,-0.20754342,38.87706,0,background
8.315,26.085457,31.132,58.328785,25.494572,108.66708,-0.3813774,34.7755,0,background
11.763333,22.343363,27.988,118.25246,23.735752,143.88588,0.15056163,51.748096,0,background
12.192333,23.86162,26.056,103.64458,24.04346,314.7145,-0.02624436,36.631554,0,background
12.443666,24.997322,28.732,119.54518,21.938728,146.7845,0.030243417,56.010998,0,background
8.567983,24.465233,24.752632,78.598885,27.514528,80.64484,-0.04059003,33.215324,0,background
13.64,32.08506,28.828,95.68141,16.931095,1545.5642,-0.62364185,35.000183,0,background
8.860333,28.04258,31.468,48.862114,24.335981,5.5597115,-0.47587612,21.46176,0,background
13.936,31.393044,28.98,97.95046,15.87912,1434.9694,0.34653658,57.676514,0,background
13.493,28.538494,25.54,128.41841,26.33611,557.50073,0.021161834,39.321274,0,background
8.53,27.803127,27.412,47.660194,24.600668,168.04463,-0.13079552,40.634415,0,background
11.494666,25.156847,25.208,104.27213,18.987577,625.508,0.25006723,34.506496,0,background
12.213667,23.66256,25.284,102.834656,24.053232,330.88162,0.12386253,24.081892,0,background
7.961,39.948814,22.176,24.305222,0.0,0.0,0.0,0.0,1,presence
7.9443336,26.393135,33.46,65.07513,26.516787,275.79056,-0.64109606,30.797495,0,background
14.604333,32.131332,30.296,96.84952,18.404905,1359.6156,0.12900613,44.29132,0,background
10.946333,29.549545,27.216,81.921265,31.35285,544.04926,-0.5980367,25.97011,0,background
13.4140005,29.737518,29.412,102.46967,0.0,0.0,0.0,0.0,0,background
12.41,25.493015,24.004,104.159966,18.299328,752.4933,0.049763862,35.9692,0,background
11.420667,23.167532,25.992,110.14497,23.345993,253.26753,0.42658374,29.020569,0,background
13.212,23.331213,24.488,90.11061,22.038849,569.1004,-0.045795117,44.312885,0,background
9.442667,25.479404,28.348,97.73396,24.951298,37.902737,-0.20544727,41.486134,0,background
11.6380005,25.403824,26.16,102.80714,20.885569,441.34198,0.131111,34.24429,0,background
12.221667,22.816942,24.488,92.6283,20.778358,481.26324,0.16780102,41.33875,0,background
13.047334,24.003483,26.488,93.2392,28.841728,205.52719,0.32819462,30.444475,0,background
7.371,25.921368,26.796,60.35274,24.079884,1292.0128,0.32415506,30.677166,0,background
8.14,22.48122,21.504,34.027695,17.710348,558.96136,0.22227499,46.47706,0,background
12.894,25.991776,20.832,62.069393,20.138186,947.0183,-0.33610523,42.5926,0,background
13.907666,33.80899,22.48,95.17523,0.0,0.0,0.0,0.0,0,background
10.585667,20.692913,26.556,77.183205,32.854458,63.73222,0.06814483,18.554903,0,background
7.7146664,25.477764,30.907999,55.454544,0.0,0.0,0.0,0.0,0,background
11.639,23.57218,26.488,80.525444,26.971237,93.49437,0.13401176,33.36071,0,background
14.029,31.591154,30.376,97.548225,14.191706,1290.7727,-0.013781722,56.474747,0,background
9.058666,27.668499,31.272,62.840527,29.53757,146.5641,0.1681329,30.762016,0,background
11.612,20.95575,26.544,86.9923,29.002115,47.772263,-0.36047488,29.59715,0,background
10.631666,26.734224,27.536,103.76197,25.208117,144.98949,0.32449242,34.503128,0,background
11.811334,31.000875,25.472,85.35132,20.570343,1879.6676,0.028092798,26.271273,0,background
7.7686667,21.531782,22.732,34.353775,25.957298,309.6096,-0.12997602,39.95011,0,background
7.952,24.573547,26.864,28.973413,28.624735,707.03107,0.13596554,34.111183,0,background
13.641666,26.727404,25.036,69.82815,22.471794,555.85876,0.17542253,33.592754,0,background
10.835667,20.950632,26.272,118.01105,31.487719,222.61221,0.13090558,24.026934,0,background
11.254,25.330872,22.884,95.504295,17.898596,787.2065,-0.17604914,40.291813,0,background
13.244667,23.816202,24.796,94.47991,20.195358,633.74963,-0.043128032,42.13961,0,background
13.276,28.191626,24.608,127.47825,25.840664,601.80786,-0.20217825,38.410473,0,background
10.611334,26.940523,26.524,107.316444,25.523134,326.9259,0.12326934,32.363308,0,background
12.908,31.649666,26.6,92.44316,23.237734,1824.9038,0.016017819,29.007257,0,background
7.501333,25.809708,29.236,61.313354,30.95765,838.78455,-0.13921803,24.226995,0,background
13.633333,24.350456,27.3,75.56531,24.505499,128.6781,0.10507341,30.555588,0,background
7.0846667,25.53585,28.624,61.565025,0.0,0.0,0.0,0.0,0,background
11.978333,23.787302,28.528,121.9757,19.842424,154.59486,-0.42854926,56.130127,0,background
9.662666,18.398071,25.5,83.249596,27.809265,90.91548,0.42283905,30.823006,0,background
11.954333,26.878166,24.46,93.249855,22.968994,500.58038,0.3700993,31.51527,0,background
13.08,24.015863,26.416,77.1231,21.140993,318.15143,-0.41044268,35.29829,0,background
11.527667,26.798557,23.476,92.44144,21.631372,638.3086,-0.68508273,38.694115,0,background
8.579333,23.44849,21.084,34.878746,19.75722,777.0514,0.39177987,42.969448,0,background
14.328667,30.732384,31.56,98.77563,21.254524,1217.8593,-0.62031645,42.93881,0,background
9.198334,23.228115,25.024,106.728516,18.556665,521.6399,-0.006676073,41.812954,0,background
13.545667,32.12005,27.568,95.671265,12.455634,1565.4106,0.37466645,52.653465,0,background
7.5056667,25.732538,31.944,63.708237,30.738327,542.0905,0.17393683,25.29598,0,background
11.989667,25.770927,23.716,100.61202,21.22864,720.44604,-0.19910908,36.342007,0,background
14.61,29.25745,24.14,67.71655,20.652771,600.2931,-0.042346347,41.182507,0,background
10.425,24.161028,20.824,53.735435,21.39108,259.65738,0.0016894056,43.30798,0,background
11.818334,22.245018,27.5,115.711044,29.499208,152.51561,-0.25465196,39.808563,0,background
12.832,25.565826,27.208,96.64041,19.430996,517.9683,0.2170392,23.426617,0,background
10.089,23.939352,25.536,105.83991,19.179464,485.2766,-0.20363067,47.10697,0,background
14.042,25.806807,23.36,67.16179,19.863691,786.719,-0.034082826,41.995037,0,background
6.7169995,23.92094,31.855999,62.905144,0.0,0.0,0.0,0.0,0,background
10.842,28.841244,29.307999,85.210266,30.422422,60.760216,-0.10835419,35.66959,0,background
7.6176667,24.513021,31.468,49.839077,21.676157,28.293097,0.19180542,45.457294,0,background
11.841667,24.740236,19.752,66.59419,19.176048,1164.8912,0.42762116,42.34912,0,background
12.150333,26.53143,28.68,111.36353,20.364952,103.0567,0.22711642,50.053955,0,background
12.472667,23.531557,26.484,105.123535,28.53975,195.72855,0.35012907,26.582188,0,background
13.527667,27.968216,27.18,123.74761,20.181686,479.70877,-0.34660265,50.724888,0,background
12.2439995,25.903358,24.844,94.50414,25.05722,735.302,0.16891809,27.33823,0,background
8.302333,22.863884,18.336,33.85903,21.42164,1288.4294,0.28408659,43.81775,0,background
14.364667,30.596973,31.248,93.91024,19.390839,1255.8495,0.306344,42.51906,0,background
13.653,25.417007,22.66,68.47774,19.440136,838.6108,0.29642308,42.732967,0,background
12.0373335,22.874228,26.112,106.5138,28.308313,309.16547,-0.38083082,27.762142,0,background
15.005,32.49242,30.868,87.56577,25.011501,1303.4783,-0.021364054,33.3566,0,background
14.630667,36.12867,18.556,96.17625,0.0,0.0,0.0,0.0,0,background
10.538333,28.132229,25.328001,79.78692,26.756271,703.0214,-0.35461628,35.966145,0,background
12.291667,23.979061,26.06,101.72017,20.7937,383.33112,-0.44027802,35.615505,0,background
12.257333,22.294167,26.935999,76.2336,30.348915,55.227142,0.062274624,30.573013,0,background
8.283667,27.3208,30.952,63.86723,28.46574,669.7652,-0.5749327,28.660866,0,background
13.286333,27.978296,28.28,126.901535,16.779423,558.6148,-0.09269667,52.148407,0,background
11.959001,24.281248,28.128,118.61042,20.443169,190.64069,-0.87398154,47.215122,0,background
14.416333,31.386253,30.48,92.113235,0.0,0.0,0.0,0.0,0,background
8.774,28.197712,30.383999,48.211887,13.1144905,45.937206,0.52914506,18.769058,0,background
14.050667,30.069052,29.196001,103.22832,20.395102,1379.8423,-0.3717826,55.14117,0,background
7.522667,26.566841,23.728,58.236187,22.261019,1756.7252,-0.45557988,34.55064,0,background
11.45,22.796051,26.276,72.93607,28.143698,178.2171,0.35900134,28.759748,0,background
13.121,31.742308,26.676,94.05503,18.718182,1618.0073,-0.09858011,38.855885,0,background
12.170333,23.775755,25.28,102.67909,20.386784,419.62463,0.15802948,35.478725,0,background
10.9609995,29.455551,25.596,90.06993,0.0,0.0,0.0,0.0,0,background
12.974,26.677908,28.935999,122.68926,18.405657,195.302,0.477809,56.717064,0,background
9.113,24.972597,27.344,99.52285,27.248882,224.61287,-0.2982647,34.820133,0,background
15.117,32.304043,31.048,93.87936,0.0,0.0,0.0,0.0,0,background
10.453,26.367168,25.848,108.34964,24.14815,436.8289,0.6075555,33.530727,0,background
7.959667,26.496895,32.232,59.485832,0.0,0.0,0.0,0.0,0,background
11.006666,20.928404,26.416,89.0529,29.06791,93.55406,-0.76499647,27.732445,0,background
9.47625,27.98243,29.545,73.161156,28.871174,61.1213,-0.80595446,29.743038,0,background
15.032333,32.678986,30.904,90.704834,0.0,0.0,0.0,0.0,0,background
8.931334,24.40255,25.112,79.81249,26.77716,34.385517,0.4278665,36.49617,0,background
8.206,28.006826,22.84,63.079197,30.807055,1878.3549,-0.36174166,27.91227,0,background
8.189333,26.927967,28.896,62.520428,23.151733,615.6273,-0.3536551,38.780323,0,background
12.821,26.304884,29.84,123.60647,17.611675,226.49219,0.5185173,45.579395,0,background
11.262,22.650845,26.56,93.95561,25.332539,215.70735,0.15096083,27.70892,0,background
10.641334,26.3269,20.072,92.218796,21.476795,1295.1425,0.16475876,42.75596,0,background
6.7333336,24.664225,29.6,42.034817,0.15278392,0.193537,0.7415325,0.2206802,0,background
7.3616667,25.747295,29.432,59.257866,0.0,0.0,0.0,0.0,0,background
13.277,25.427073,21.46,67.699684,19.885397,966.97797,0.46966863,41.504925,0,background
13.798,30.33861,29.188,88.95553,0.0,0.0,0.0,0.0,0,background
13.012334,25.775164,26.948,125.20838,25.645346,282.48547,-0.3130656,35.74531,0,background
12.903999,26.3218,30.0,121.39377,17.960516,215.12154,0.3950654,48.377144,0,background
10.067667,23.597569,27.016,107.26998,22.575369,204.9287,0.4253859,37.829285,0,background
14.415667,25.521683,25.588,72.25936,21.239454,534.44617,0.37241092,40.298893,0,background
6.8603334,20.74363,23.144001,33.684227,25.570745,40.479465,-0.039521057,37.84586,0,background
11.543333,22.14931,27.98,121.31125,19.990345,139.95576,0.07319756,58.47071,0,background
12.524667,25.72434,26.464,98.151855,24.350523,630.558,0.2996469,26.469563,0,background
14.468667,30.519463,31.496,88.685196,0.0,0.0,0.0,0.0,0,background
7.3606668,25.515347,29.872,59.55656,0.0,0.0,0.0,0.0,0,background
8.676,27.864851,26.868,52.52897,27.966536,580.14484,-0.47599962,37.78434,0,background
10.0373335,30.434607,29.192,43.449417,26.292881,370.55292,-0.61498135,40.50951,0,background
11.865666,25.79717,25.684,85.60528,25.51207,292.6442,0.04373429,27.961098,0,background
14.637,32.865547,29.644001,92.47235,0.0,0.0,0.0,0.0,0,background
6.579167,24.099512,30.1,51.26855,9.326177,1.500943,0.5175752,7.3560066,0,background
10.338667,29.454891,26.76,63.393417,26.878456,432.17538,0.17015873,33.556553,0,background
12.504666,24.188847,27.104,120.84284,24.342028,167.77429,-0.56694657,42.77236,0,background
11.944334,25.563595,23.407999,102.110176,20.341995,799.1466,-0.4068005,34.399975,0,background
12.354,25.838701,23.972,99.419,23.387262,673.31616,0.060307946,32.024414,0,background
12.672,27.598223,25.504,102.18443,22.420218,663.99414,-0.15901858,29.23051,0,background
9.343333,18.169207,25.764,81.97126,25.195889,30.474077,0.1269575,30.579758,0,background
9.953667,26.745665,26.008,91.27217,28.01633,426.845,-0.06871493,37.877003,0,background
12.016,23.082834,27.052,70.312256,27.677404,104.728806,-0.51694286,25.645916,0,background
10.699667,22.514238,20.104,69.30048,18.777689,992.49066,0.5523629,42.422497,0,background
11.458,20.8798,25.94,74.84264,28.548574,27.153492,0.66513056,29.945854,0,background
8.241667,26.371647,30.16,62.675533,24.572884,346.04,0.36350405,36.414074,0,background
7.1446667,24.766592,32.344,66.1656,27.216337,417.16608,0.3471978,26.383482,0,background
9.410333,25.604956,26.948,105.544624,23.671732,250.73087,-0.3967471,38.806664,0,background
6.883333,24.548264,30.288,61.439777,0.0,0.0,0.0,0.0,0,background
7.555,26.357103,25.768,61.26261,28.82375,1448.4806,0.5931547,28.237394,0,background
11.746667,22.41046,26.568,100.1107,26.58597,103.81761,-0.45501563,32.15648,0,background
12.327667,25.487236,29.108,113.09036,20.787813,172.79622,0.22756289,47.157703,0,background
13.098333,29.001713,28.4,95.542076,0.0,0.0,0.0,0.0,0,background
12.037666,28.498262,26.092001,100.630714,21.366581,1808.4076,-0.118471555,41.082466,0,background
12.459666,25.001337,28.564001,124.205826,25.615068,169.1598,-0.07357376,47.706944,0,background
12.051,25.523129,24.712,86.82198,19.681055,534.39825,0.39506164,36.45171,0,background
14.369,25.604063,25.064,70.017746,18.601368,644.78845,0.21420537,40.704468,0,background
14.201667,31.059546,29.596,100.66375,15.977497,1325.0592,0.36128336,52.313118,0,background
12.697667,24.213705,25.888,99.31845,20.615372,354.23495,-0.21507785,36.7981,0,background
14.04,31.361687,28.964,96.46865,10.663105,1408.071,-0.39662072,74.33944,0,background
10.297667,24.182009,25.392,106.21154,18.312252,570.8167,0.057604868,50.51447,0,background
9.065333,29.517235,26.264,64.50407,27.30555,1290.5372,-0.008607536,30.815983,0,background
7.1723332,25.26537,28.6,60.68218,0.0,0.0,0.0,0.0,0,background
12.9123335,25.828798,25.764,98.320465,24.741003,731.6601,-0.25805375,22.524822,0,background
7.0053334,24.994053,27.464,60.05554,0.0,0.0,0.0,0.0,0,background
14.307333,25.235172,27.424,72.6472,23.980024,145.80017,0.46037593,31.73011,0,background
6.2183332,19.778416,27.3,94.830536,7.384392,1.7117119,0.7592178,24.831942,0,background
12.354667,23.493319,25.98,107.49288,27.533749,186.29205,0.32104242,21.859253,0,background
10.401,26.516928,26.032,107.50815,25.662218,398.49744,0.3068685,33.961914,0,background
11.437333,24.7048,27.852,102.385025,25.16053,117.323425,0.3659043,38.072475,0,background
12.693666,25.32655,27.16,101.836205,20.859413,406.24017,0.48761445,39.78269,0,background
7.9190474,22.598179,28.285713,82.33758,12.8204155,4.416405,-0.16330622,18.497334,0,background
12.568,24.938486,28.236,124.079056,24.526426,169.67157,0.041244283,44.808815,0,background
13.526333,28.44535,24.38,125.32618,26.322376,787.3854,-0.044636704,38.847027,0,background
12.373667,23.15085,26.916,101.18001,26.852385,150.40208,0.3834304,30.944681,0,background
13.378667,29.1703,21.876,98.7056,21.078077,1284.2979,-0.29031065,34.52713,0,background
10.286333,24.182653,26.56,105.96497,17.675947,342.49454,-0.3998728,46.580704,0,background
8.206,24.954386,26.407999,30.185703,29.090424,775.5756,0.09923932,35.31635,0,background
11.329666,26.326021,26.576,103.80785,23.149393,329.4452,0.1421615,36.228424,0,background
12.147333,25.764261,22.768,64.701515,19.663141,421.09106,-0.17255346,41.715706,0,background
13.767,31.633732,29.524,95.79614,14.83838,1371.9017,0.38358048,50.853207,0,background
8.214334,22.365316,20.892,34.19293,17.27085,743.2341,0.0725766,46.023903,0,background
13.071667,31.304882,28.664,92.580894,17.911514,1506.4326,-0.19836919,32.415337,0,background
11.926333,25.021679,19.472,64.441086,21.010218,1048.5095,0.09807952,42.27315,0,background
11.273334,26.366669,26.0,105.70031,24.255373,495.59268,-0.057195213,35.876286,0,background
8.082,21.614248,27.168001,100.50577,17.922503,10.231224,-0.41550118,47.176952,0,background
7.433,24.316278,29.212,21.0796,25.908762,229.05685,0.1773042,31.976023,0,background
14.190001,31.028603,29.496,97.24234,15.669784,1355.8541,0.5938012,56.73637,0,background
11.088,20.804564,27.0,82.99685,25.259008,51.10024,0.26134545,25.647318,0,background
9.755,23.72325,26.824,104.64702,17.55796,200.8645,0.33101887,51.842056,0,background
7.791667,26.167606,31.628,57.075283,0.0,0.0,0.0,0.0,0,background
7.2993336,25.066393,32.612,67.04115,22.794735,389.41473,0.29807195,34.322495,0,background
12.025667,24.848473,24.552,98.77862,23.52381,646.7918,-0.6314496,31.72258,0,background
13.176333,31.944176,27.008,98.0675,18.769451,1871.6527,-0.49672732,30.682268,0,background
13.572,24.766422,24.304,70.305916,20.145113,692.39575,0.4834195,43.441196,0,background
12.159667,26.179096,23.216,99.028625,18.82541,950.2972,0.95278215,37.372795,0,background
11.554334,25.950798,28.303999,108.33768,24.828194,36.097664,-0.5909873,44.39174,0,background
12.216333,23.317173,25.812,105.912056,26.505335,382.74268,-0.4393639,29.392605,0,background
12.102667,22.87147,27.06,95.42128,29.58181,64.19511,-0.5688,30.369118,0,background
12.280666,23.016468,26.58,106.20084,25.295265,179.08705,0.5663472,30.813513,0,background
14.745,25.853907,26.5,71.96711,20.290312,348.80826,-0.378275,39.553894,0,background
13.757999,26.482138,23.536,64.91651,19.675278,471.36176,-0.17451166,40.33538,0,background
13.497334,30.75404,29.348,100.0107,15.442851,1392.5756,0.4105486,51.176025,0,background
9.330334,24.574203,23.112,38.873207,15.078945,172.1466,0.030256005,50.84315,0,background
13.341667,27.995775,26.42,127.77985,24.700901,514.5626,0.24986479,45.041275,0,background
13.576667,32.37473,29.316,101.490166,0.0,0.0,0.0,0.0,0,background
13.927333,25.73227,22.671999,66.28674,18.482943,786.5732,-0.07775925,42.129982,0,background
12.444667,24.046736,26.188,73.6767,22.275103,392.18243,0.4743501,31.887217,0,background
8.566667,23.830717,24.744,33.74149,32.39881,109.32745,0.54322475,26.584211,0,background
8.119333,25.884129,33.02,49.653217,0.0,0.0,0.0,0.0,0,background
13.743667,28.575487,30.416,92.20904,19.582016,1355.137,0.8811545,46.90005,0,background
7.33,25.171703,32.272,64.710526,26.640642,478.86325,-0.008738038,25.142752,0,background
12.977334,25.399933,21.948,69.0836,20.897081,850.77594,-0.14056045,41.17295,0,background
12.857667,25.903913,24.816,97.33385,22.819962,758.74725,-0.6475079,25.634607,0,background
12.892333,26.174137,27.676,126.936386,26.719564,317.73572,-0.34542942,38.07681,0,background
8.103333,25.70202,31.816,53.41305,25.171917,38.788822,-0.063366786,34.977493,0,background
14.432333,26.259705,27.16,63.68795,24.22072,226.60506,0.19686994,31.984488,0,background
10.616334,29.760971,27.252,73.55673,28.003479,431.32608,-0.011928385,28.618216,0,background
8.260667,27.832436,27.772,45.842484,34.379,509.13873,-0.46056384,35.688625,0,background
10.271333,19.28382,25.456,85.08955,28.159353,150.5065,-0.026309645,32.677334,0,background
10.922333,21.942972,25.956,90.66289,25.808767,347.5893,-0.058705658,32.23836,0,background
11.355333,22.73431,26.316,97.62263,27.903189,229.04066,0.22122218,25.336235,0,background
13.175,24.322477,23.324,93.34506,21.016102,777.3911,0.21922311,42.82857,0,background
7.6,25.675676,30.66,60.526794,0.0,0.0,0.0,0.0,0,background
8.5633335,23.59305,24.952,76.73248,27.08835,29.52262,0.24793419,37.016636,0,background
11.898,21.803988,26.852,76.85393,28.394072,41.777817,0.61255425,29.709326,0,background
7.0076666,20.26743,22.424,32.25831,27.776451,72.909966,0.15124957,37.589912,0,background
12.059,23.144096,26.935999,111.21186,27.862402,163.95317,0.54244363,25.921568,0,background
12.607667,25.257767,29.176,120.58393,17.796038,151.99066,-0.13310911,52.672157,0,background
13.703667,31.25266,29.296,98.30133,15.021095,1426.5082,-0.61440855,52.585278,0,background
11.16,24.716513,28.084,104.14455,30.299076,27.548487,-0.013050683,38.499504,0,background
15.007,32.22599,29.168001,83.91095,0.0,0.0,0.0,0.0,0,background
12.028667,22.572937,27.064001,101.79113,28.004688,102.6425,0.5470837,36.35151,0,background
12.198667,23.329763,25.708,107.12939,29.957928,194.11871,0.4539105,20.714975,0,background
11.5043335,25.29092,23.668,72.30028,21.51637,508.28476,-0.25420174,34.990887,0,background
13.717,23.748268,23.704,92.94218,20.220697,829.5284,-0.17404684,44.46802,0,background
10.610666,24.014727,26.888,105.484955,18.381145,316.48267,0.04508144,48.21235,0,background
12.982,23.182142,27.128,74.89925,31.10965,57.90767,0.72332686,31.308083,0,background
11.203667,21.563759,26.876,116.61483,26.333942,199.64468,-0.42931736,25.807905,0,background
12.801333,22.890589,25.251999,92.94402,19.582373,439.50717,0.037525084,43.61186,0,background
9.861333,28.6234,22.352,83.79614,25.386658,2101.137,0.27245608,25.489567,0,background
7.9763336,25.670486,27.616,36.196983,32.749397,599.35675,-0.20745145,34.079746,0,background
7.5509996,25.523932,32.676,66.78066,24.331898,378.13785,0.13598138,31.84115,0,background
7.2993336,25.83652,29.76,60.982136,0.0,0.0,0.0,0.0,0,background
9.058,28.920818,27.932,63.71942,28.119438,875.45087,-0.45072135,33.744728,0,background
10.482666,24.229536,22.296,61.804493,22.075994,265.32227,-0.17094001,42.004932,0,background
11.5703335,21.935112,27.468,110.594086,31.870546,179.73282,0.018243266,20.3091,0,background
12.041333,31.654398,24.02,89.454926,0.0,0.0,0.0,0.0,0,background
12.371667,23.129799,27.02,106.87444,26.57574,185.24294,0.4356627,23.390265,0,background
9.236667,28.803377,29.636,65.01653,23.68213,610.9365,0.3798169,34.11152,0,background
15.193666,28.173986,24.76,68.0194,20.765419,676.8409,-0.21057707,41.09078,0,background
12.564667,25.925774,25.88,99.55829,22.589893,741.39716,-0.17727919,25.534786,0,background
11.952333,26.825418,19.5,93.17691,21.521748,1590.9758,-0.1383405,41.8531,0,background
10.514334,24.417866,26.412,106.19535,18.141659,376.54376,0.17736112,41.553314,0,background
13.336666,24.057774,26.608,92.98861,30.072922,150.3628,-0.33226448,31.815975,0,background
11.417,22.852282,27.328,111.613144,27.90715,187.55312,0.105204694,36.130955,0,background
12.644333,24.11568,26.5,100.98797,21.864492,343.72244,0.23866579,29.276485,0,background
7.665556,26.796396,28.846666,37.452824,20.32964,1.9616923,-0.05051516,23.47285,0,background
7.549,25.603718,32.612,67.01747,25.578543,412.3689,0.03331102,31.854706,0,background
9.542666,28.383898,28.696,79.532974,27.274805,207.43634,0.098087125,36.629658,0,background
14.744,33.111748,27.464,91.387115,0.0,0.0,0.0,0.0,0,background
7.6546664,22.190012,23.28,34.047527,24.032774,238.77097,0.3871673,41.969986,0,background
10.045667,26.567404,24.716,104.296036,24.378704,575.67975,0.09028549,34.61752,0,background
11.8446665,24.129456,25.911999,94.797554,25.65839,444.50507,-0.0570852,33.048203,0,background
9.100333,22.42124,23.888,81.50346,24.948187,99.60646,0.21953672,31.425688,0,background
11.457666,22.137852,26.88,97.04363,28.594471,80.07346,0.5600175,32.798615,0,background
13.449667,24.847893,23.592,72.55301,20.617344,794.7923,0.37459895,41.177063,0,background
11.842,25.396757,26.612,101.2769,18.00198,319.58884,-0.50036275,35.04932,0,background
13.724334,31.308361,29.052,98.44786,15.557975,1324.7795,-0.103812404,62.876022,0,background
12.785334,33.74507,21.44,91.33789,0.0,0.0,0.0,0.0,0,background
12.066668,22.827595,26.712,106.2475,26.419619,260.99588,-0.14004548,24.660435,0,background
11.429334,23.196405,25.356,96.957344,26.117498,443.42654,0.011484263,32.75127,0,background
14.586667,27.697605,24.652,69.25872,21.285788,700.2814,-0.16386206,38.26624,0,background
12.291667,25.154852,26.116,99.784035,18.818033,427.30106,0.05360912,37.01278,0,background
11.838667,23.766695,26.204,97.04694,26.624094,393.08517,-0.004106854,31.35792,0,background
14.930333,37.09584,17.944,97.25845,0.0,0.0,0.0,0.0,0,background
11.878,23.28837,28.976,116.42213,23.784063,134.63254,0.11224649,52.63024,0,background
14.034333,33.05307,28.156,94.4755,0.0,0.0,0.0,0.0,0,background
13.355333,25.210157,21.476,89.57887,20.263166,1069.6733,0.14409018,44.192932,0,background
11.776667,24.36619,26.64,89.18106,27.71412,243.71881,0.30409023,28.002197,0,background
12.554334,23.495909,27.42,107.25283,28.750656,149.64626,0.3502933,23.236156,0,background
11.3203335,23.338968,26.012,88.13419,27.688152,288.70166,0.2544606,28.400776,0,background
11.105333,22.123941,26.42,98.26331,26.411787,104.2307,-0.051038913,34.41943,0,background
7.9053335,24.872053,33.188,46.6692,0.0,0.0,0.0,0.0,0,background
10.517333,23.700499,27.972,103.0928,18.874596,176.58382,-0.29531702,43.863983,0,background
10.012334,28.934034,22.508,83.46917,25.850382,2055.868,0.19502015,26.186356,0,background
11.708333,23.966948,24.408,100.74938,21.475906,691.99524,-0.16487525,35.21135,0,background
13.071,25.258947,22.404,64.38789,19.530052,642.1282,0.446081,42.946735,0,background
14.316334,27.104002,25.452,69.05922,22.01847,603.22754,-0.6519967,35.29538,0,background
7.3556666,26.095028,27.912,58.577812,0.0,0.0,0.0,0.0,0,background
11.7439995,22.448198,24.112,93.339226,21.26325,606.1873,0.043320734,40.196663,0,background
10.895333,24.632242,25.044,104.67247,18.756634,672.71277,-0.26776364,37.620785,0,background
15.628333,26.546293,25.092001,91.36529,21.655529,520.0163,0.9588297,42.967155,0,background
13.253,32.211258,27.764,97.994736,0.0,0.0,0.0,0.0,0,background
13.3706665,24.218712,26.98,70.921585,24.973158,129.11131,0.5408187,29.806187,0,background
11.242,24.83871,24.512,89.284706,21.864414,457.57785,-0.15731765,34.61446,0,background
10.264334,26.777452,26.192,99.81892,27.797709,369.696,0.35288766,36.0287,0,background
12.868667,26.147324,22.012001,63.52864,20.038574,501.68735,-0.25122285,41.196712,0,background
12.634334,31.827724,26.324,87.81531,21.10665,1714.9692,0.34336406,32.274155,0,background
14.443666,30.694633,31.24,94.289215,0.0,0.0,0.0,0.0,0,background
8.884,24.331726,24.108,32.87002,20.473902,108.97214,0.0028196375,43.47767,0,background
11.464334,20.357151,25.5,76.376686,27.247694,13.691332,-0.19545028,32.07007,0,background
6.916333,25.153961,28.136,61.68173,0.0,0.0,0.0,0.0,0,background
12.142667,26.337555,28.6,108.12662,19.1902,88.28672,-0.5385622,50.72914,0,background
8.307667,26.712755,32.704,54.97348,0.0,0.0,0.0,0.0,0,background
6.603,21.769089,23.648,26.973612,19.848845,305.23395,0.48673332,45.985348,0,background
10.801,29.456202,28.616,83.275635,26.97946,271.21625,-0.027940547,36.588287,0,background
7.939,26.709057,31.88,60.29075,0.0,0.0,0.0,0.0,0,background
12.136001,23.889765,29.0,120.33114,21.545393,134.29283,0.45432052,57.636456,0,background
5.4072914,24.648623,27.725,32.29892,25.279257,127.286674,0.2691351,24.24477,0,background
9.536333,28.378565,23.972,52.62071,29.16106,1449.0209,0.020019466,38.60198,0,background
8.742424,23.00638,26.927273,102.36058,14.952442,43.732708,0.54977566,29.031244,0,background
12.805667,29.322372,28.672,104.06335,17.923407,1231.7051,-0.76431507,49.35922,0,background
13.495334,25.247574,21.876,68.07404,19.251947,1053.9075,-0.06456929,41.0523,0,background
11.4696665,27.150997,28.108,101.853645,22.433977,65.43441,-0.65832883,36.301872,0,background
7.4026666,23.80891,31.916,47.706703,0.0,0.0,0.0,0.0,0,background
15.445666,28.505955,25.016,68.96942,20.928133,624.07623,-0.22783144,38.75115,0,background
7.9666667,26.943542,31.528,56.668106,0.0,0.0,0.0,0.0,0,background
7.06,22.856771,32.816,46.313366,0.0,0.0,0.0,0.0,0,background
9.457666,26.137703,21.016,46.862328,26.644758,1847.4736,0.3606473,39.02507,0,background
8.104333,27.412844,27.6,62.775997,27.699102,1137.5626,0.0005749355,27.073074,0,background
12.902,26.236376,29.164,120.15163,17.854023,170.7113,0.07825654,51.860928,0,background
9.871333,30.077188,30.72,66.3293,29.920818,508.21448,0.12046904,29.548052,0,background
10.867667,21.215967,26.072,81.09018,28.740843,201.45819,0.19081756,27.930859,0,background
10.936,21.914074,26.492,81.406296,28.635338,108.50058,-0.0021507666,28.768862,0,background
6.9343333,24.509872,30.548,61.0446,0.0,0.0,0.0,0.0,0,background
10.838667,20.422571,26.932,85.64846,30.703503,53.255917,0.020263514,27.183393,0,background
12.215667,25.504566,25.516,102.11862,19.840378,592.85956,0.47501764,38.33316,0,background
12.698,30.6212,28.496,94.31277,0.0,0.0,0.0,0.0,0,background
6.9066668,24.844124,27.496,59.931225,0.0,0.0,0.0,0.0,0,background
12.850667,31.49982,26.596,94.109955,0.0,0.0,0.0,0.0,0,background
13.3133335,27.591257,28.488,127.59042,21.777483,234.94183,-0.14447719,47.332996,0,background
10.862333,24.159994,24.34,84.69615,23.747488,402.5451,0.276421,34.487415,0,background
12.105333,23.758308,26.012,74.956024,24.096825,36.701286,-0.53192323,29.567213,0,background
8.229667,27.889612,24.668,64.57858,29.772293,1679.2948,0.15577127,25.90088,0,background
12.293,24.664927,28.868,119.110245,19.233438,152.25104,0.40319452,47.99981,0,background
12.607666,22.22477,24.612,78.76762,26.242636,224.3925,-0.07498055,34.664276,0,background
8.428333,26.638222,26.608,39.68543,23.015429,18.342741,0.3500748,37.14487,0,background
11.452,25.034977,24.636,87.82682,21.046896,515.44995,-0.59051305,33.1172,0,background
9.731,18.428528,26.132,80.44655,25.30851,27.767784,-0.21486135,32.46022,0,background
11.895667,22.908,27.764,114.38192,26.406996,191.3646,-0.5831751,36.092064,0,background
14.994667,26.052309,26.192,71.110825,20.286018,388.00656,-0.06262052,38.51222,0,background
12.837333,25.724056,28.188,126.89421,25.709856,227.68279,-0.21827789,38.66519,0,background
14.997001,33.10596,30.5,91.97545,0.0,0.0,0.0,0.0,0,background
7.9473333,25.495102,31.432001,46.86688,0.0,0.0,0.0,0.0,0,background
10.806667,20.339281,26.2,77.49652,27.298111,36.67626,0.776426,30.505249,0,background
7.430667,22.662764,23.944,32.57796,25.48847,129.41086,-0.46488893,37.450928,0,background
8.043,27.84201,21.632,64.75522,28.244347,2102.4329,-0.31550065,29.444672,0,background
8.775666,23.476904,21.548,36.19577,19.83489,667.2374,-0.20196436,44.287167,0,background
7.6056666,26.943697,25.612,59.76137,27.338173,1502.3712,-0.7172707,28.742989,0,background
14.244667,31.548252,28.888,92.738434,0.0,0.0,0.0,0.0,0,background
11.809667,21.464315,25.204,75.83022,26.923824,120.86317,-0.08236124,33.914658,0,background
15.381,26.39337,23.956,90.14065,21.53567,715.27563,0.7355568,41.117744,0,background
12.496333,26.520233,29.352,126.31994,16.698704,362.62442,-0.064886354,49.16137,0,background
10.534667,24.157646,27.728,105.58733,31.592499,7.732434,0.41897416,27.344072,0,background
12.485667,24.905582,26.004,96.736435,25.754297,486.3517,-0.043919638,33.36294,0,background
12.554334,25.22166,29.24,122.192345,21.133154,157.20032,-0.18356071,57.81629,0,background
11.821667,24.487667,28.108,111.662254,25.581623,153.30524,-0.40077493,36.1035,0,background
9.902333,23.516514,27.46,106.58648,20.776932,109.82758,-0.019816441,42.887096,0,background
11.374,25.417896,25.976,103.473175,17.935415,407.87817,0.20950626,35.843822,0,background
10.721666,24.543692,22.056,91.12488,16.326342,871.63184,0.7067374,39.05641,0,background
12.822,21.955479,26.236,84.665215,27.963968,63.27334,-0.7997175,31.5597,0,background
8.086667,22.304354,20.56,34.117886,17.991936,746.7439,0.3707502,46.31758,0,background
13.350667,31.796385,28.756,93.76744,16.759846,1538.0323,0.59394395,34.773132,0,background
13.418667,31.888466,28.58,98.94433,0.0,0.0,0.0,0.0,0,background
8.322,22.948378,19.76,32.88864,21.255991,1070.724,0.344971,42.440666,0,background
8.264667,25.17873,27.74,31.143969,19.141726,466.07843,0.2463649,44.81042,0,background
9.488334,22.983076,26.684,107.02443,21.218695,225.37598,0.30516016,41.619785,0,background
7.4336667,23.740631,32.708,47.331963,0.0,0.0,0.0,0.0,0,background
10.825999,28.765013,28.512,88.00375,28.658281,259.90396,0.653871,39.245342,0,background
10.990666,25.994955,26.712,103.496864,21.406225,279.63754,-0.37936553,39.11929,0,background
10.162,29.842594,13.908,97.76833,0.0,0.0,0.0,0.0,0,background
13.648666,24.384811,22.624,95.71444,21.958458,1013.9441,-0.006874817,43.08988,0,background
11.958667,23.600147,24.768,105.308395,22.1525,403.3741,-0.17750202,35.210888,0,background
11.119333,22.95865,25.74,91.95327,26.870619,403.77496,-0.15845595,31.49929,0,background
7.5963335,25.880123,30.128,61.960472,30.246029,723.2214,-0.22464198,26.04337,0,background
11.434,26.239214,23.192,94.94308,19.202589,714.2258,0.52379435,39.25858,0,background
12.048,20.566746,26.056,79.595825,17.369652,28.27732,-0.052959956,17.39054,0,background
12.009,21.175413,25.652,77.211716,29.767841,23.30482,0.2356091,30.907885,0,background
8.613,28.117655,27.696,63.031345,24.507853,962.71985,-0.10165253,34.464497,0,background
13.313666,31.66302,28.08,92.8458,15.819201,1562.2434,0.23768553,45.38119,0,background
12.357,23.408728,27.640001,107.583275,30.23127,169.26276,0.39830622,24.782825,0,background
8.614,25.952038,26.948,32.116978,30.06437,749.1313,-0.017673982,36.21679,0,background
12.609667,30.517101,27.676,98.15465,18.82221,1704.4476,0.32483664,39.767082,0,background
7.924,27.10357,25.564,60.185078,25.903145,1369.9354,0.08265498,31.146332,0,background
10.316,19.354597,25.716,82.77686,23.683884,43.723057,-0.5561637,32.90019,0,background
12.686,32.514866,24.82,90.42725,0.0,0.0,0.0,0.0,0,background
13.631666,29.363403,29.868,96.61037,0.0,0.0,0.0,0.0,0,background
7.351667,23.788723,31.888,47.861546,0.0,0.0,0.0,0.0,0,background
12.933,22.974846,27.292,75.82631,29.369663,55.88716,0.52800554,32.654324,0,background
7.949,26.426199,32.184,56.19552,0.0,0.0,0.0,0.0,0,background
7.509667,23.958864,32.976,46.599087,0.0,0.0,0.0,0.0,0,background
8.446825,24.16996,22.87619,38.99025,19.599005,42.953938,-0.112852626,41.341797,0,background
12.63,27.70466,23.232,104.357765,21.357618,1121.9982,0.085669704,32.476006,0,background
13.284,24.789131,27.168001,64.96557,28.266968,153.06306,0.34837776,27.890675,0,background
12.294,25.304626,27.524,101.68455,19.132866,342.9865,-0.067208365,45.02784,0,background
12.116667,23.795496,26.476,103.93442,27.22837,292.81366,0.20265022,31.220638,0,background
7.688,26.415613,28.944,60.274624,0.0,0.0,0.0,0.0,0,background
14.592334,30.749186,31.416,93.442215,0.0,0.0,0.0,0.0,0,background
7.865333,26.525473,29.404,65.43867,26.798758,947.3273,0.28441358,30.440449,0,background
12.499,22.831726,27.407999,106.484634,30.13161,109.390594,-0.4002421,26.79215,0,background
8.272667,25.81981,31.803999,52.532314,25.101536,32.704365,0.23995505,34.335133,0,background
15.047667,27.994617,25.368,64.468994,22.775782,487.63242,-0.17378347,40.76172,0,background
9.895666,25.491156,28.048,98.79586,23.448917,25.695698,-0.102929555,36.389748,0,background
7.4266667,25.776297,27.892,59.449116,0.0,0.0,0.0,0.0,0,background
8.615334,27.659348,30.112,49.011612,34.3202,178.08934,-0.017262312,36.843998,0,background
12.783,25.466171,27.664001,125.39157,24.786495,256.57187,0.35740796,37.149567,0,background
9.704,24.03646,27.640001,101.82576,19.615173,15.61596,0.3014869,37.90797,0,background
12.112666,27.51378,26.044,104.84252,22.918852,535.7337,-0.35791498,32.095882,0,background
12.332,23.409264,26.0,107.74158,26.606401,182.92009,0.2953021,25.743046,0,background
11.400667,23.321878,26.264,93.344604,25.69909,356.9599,0.6020547,31.925919,0,background
6.4306664,23.778534,25.208,60.014126,0.0,0.0,0.0,0.0,0,background
8.521333,24.933678,23.144,40.79312,27.50367,1377.6676,0.21769035,36.9076,0,background
8.163,26.496365,25.372,50.93049,26.144878,608.3992,-0.028289322,37.22439,0,background
11.542,22.89171,26.66,96.67861,27.726894,167.56685,-0.046359945,26.428358,0,background
7.351333,23.933237,31.9,49.04398,0.0,0.0,0.0,0.0,0,background
13.804999,31.799963,29.82,99.204956,16.66634,1251.9182,0.9867177,39.400425,0,background
6.7739997,21.342155,26.712,93.03254,18.395136,44.984787,-0.36902544,43.360542,0,background
9.702333,26.081541,23.384,77.579414,23.609852,471.80682,-0.34345722,36.16592,0,background
8.904333,28.74591,28.488,65.661644,20.128458,927.5376,0.2887479,33.444473,0,background
13.217667,28.996284,21.348,100.542816,20.995636,1358.1354,0.33806852,34.18405,0,background
14.2300005,23.896688,26.148,90.354385,24.141262,384.60156,-0.29136732,41.83696,0,background
6.557,20.614311,26.944,92.879456,17.37841,29.870394,-0.6522821,46.244392,0,background
9.273666,28.238935,29.788,67.93705,34.09515,45.177277,-0.36367255,24.360481,0,background
10.331333,29.454138,27.28,84.36385,27.573769,404.0947,-0.32418898,33.71913,0,background
9.941999,21.220013,19.996,68.97331,20.147333,1029.4788,-0.27250913,43.052364,0,background
14.05,31.023668,29.092001,99.22896,11.455069,1379.7147,-0.060524553,70.403145,0,background
13.789333,24.207102,24.556,97.22245,21.756504,690.17633,-0.33778065,43.64799,0,background
8.899305,50.528347,21.079166,14.70375,0.0,0.0,0.0,0.0,1,presence
14.045667,25.178665,19.112,88.341064,20.43126,1837.4468,0.083409,43.170727,0,background
12.240334,25.283676,21.723999,103.61811,19.575607,1243.976,-0.23516105,36.717968,0,background
11.466333,23.250736,25.844,95.99896,27.223644,386.64108,-0.19331573,30.208569,0,background
10.786667,25.90458,23.22,67.56181,14.035366,11.301789,0.30034667,24.087488,0,background
12.564,24.968204,25.776,98.30203,24.141743,658.2055,0.16987188,23.698742,0,background
8.467333,26.530056,31.624,57.74341,26.109245,100.45021,-0.38324904,36.268513,0,background
12.003667,26.892344,19.576,92.62727,23.270987,1593.318,0.26955846,43.15551,0,background
12.684333,32.84055,23.092,93.83344,0.0,0.0,0.0,0.0,0,background
12.643666,31.618652,25.172,93.990685,0.0,0.0,0.0,0.0,0,background
9.883333,29.873453,27.524,56.7333,28.16954,713.9325,0.2962636,36.782078,0,background
8.122,25.483183,31.868,51.518467,34.180977,31.838797,-0.062324014,24.162916,0,background
12.649667,22.986021,23.712,86.68124,20.772808,556.4893,-0.11461704,44.133495,0,background
12.209666,26.65866,25.136,97.986,19.257395,396.47733,-0.0892964,36.02559,0,background
10.867001,21.570068,25.888,79.506355,29.591024,257.48517,0.026250008,29.120615,0,background
12.164667,23.844807,26.364,104.36766,27.151047,305.838,0.1876637,31.56598,0,background
13.187667,22.657665,24.784,93.47786,20.481882,598.34375,-0.26280305,41.24653,0,background
15.062333,25.576197,26.796,71.27994,22.572393,218.19551,-0.33111978,38.247036,0,background
12.640667,21.053741,26.784,81.35888,29.705803,24.780014,0.39484435,28.917824,0,background
8.649,24.864882,23.976,42.09783,28.419992,1156.8147,0.3906325,35.196686,0,background
8.725333,24.678509,24.952,30.319778,23.80359,70.51145,0.26989773,42.275814,0,background
12.2630005,24.837965,28.7,117.78386,17.305973,147.53453,-0.13369036,43.192543,0,background
10.7039995,24.333908,25.316,105.55857,18.947924,632.58356,0.16430743,39.443584,0,background
7.932,25.72318,31.76,57.729984,27.963217,106.499084,0.24887891,32.331566,0,background
10.669666,29.947418,28.752,83.65098,25.915115,186.96758,-0.0006373052,38.60935,0,background
11.049,25.390661,24.176,92.81262,19.145418,455.32782,-0.027514711,38.233383,0,background
13.962,24.120655,24.748,90.68576,20.958485,560.6267,-0.43259692,42.640476,0,background
13.766334,25.387897,21.272,91.003815,21.099676,1292.1719,-0.3512743,45.071033,0,background
11.13,20.16889,25.831999,86.52187,27.62383,103.09346,-0.6057669,31.923796,0,background
11.163,22.367155,25.892,101.01278,25.236687,156.53851,-0.27604333,33.83243,0,background
11.367667,20.731812,26.7,89.15164,30.620487,56.60129,-0.2907539,27.193016,0,background
7.713667,23.465767,27.52,20.419422,27.294477,441.9204,0.21521991,35.54495,0,background
12.872,25.94743,29.803999,118.869156,18.092659,190.51878,-0.111385435,50.107826,0,background
6.3950005,23.476505,28.684,55.590874,32.5685,284.16006,0.35545766,33.918495,0,background
12.123,26.395662,24.208,96.23862,20.820984,613.20605,-0.17400199,39.1062,0,background
8.117333,27.312695,26.416,65.14745,28.488592,1336.7305,0.4028849,26.815832,0,background
7.870333,22.972368,21.076,37.472378,22.275032,461.4306,0.16169338,43.739124,0,background
11.596,22.916996,27.2,115.82449,30.90777,179.18149,0.13962427,29.384523,0,background
7.759333,26.331387,30.624,59.016804,0.0,0.0,0.0,0.0,0,background
13.146334,27.866571,27.544,127.07657,17.447197,527.41583,-0.3242177,50.979637,0,background
13.845333,31.259218,29.232,96.87492,16.326977,1398.296,0.67634976,55.051292,0,background
9.772,23.235685,27.136,106.338066,20.585722,195.12503,-0.2916795,39.331497,0,background
7.530333,24.21952,32.092,46.491825,0.0,0.0,0.0,0.0,0,background
12.983,27.181559,25.148,64.83812,24.469837,341.72427,-0.0050683217,37.48385,0,background
9.476,29.516571,30.156,51.15183,27.41961,23.334549,-0.25298935,38.56696,0,background
13.396667,23.64229,24.688,93.47796,20.09132,595.4167,-0.1809426,44.69062,0,background
10.207666,31.59877,26.355999,54.367744,27.069624,1038.0608,0.27161893,39.216446,0,background
6.5686665,23.813322,28.56,61.170383,0.0,0.0,0.0,0.0,0,background
11.859333,30.60947,26.296,88.5031,0.0,0.0,0.0,0.0,0,background
11.8619995,21.87915,24.564,72.62154,24.624382,290.1016,-0.43958393,39.166473,0,background
12.4696665,24.967297,28.788,120.22922,22.280216,145.57042,0.030134236,54.581238,0,background
12.913667,23.035439,24.428,94.364944,20.72826,661.0085,0.55970865,42.900856,0,background
8.560667,26.086868,27.88,32.104317,22.65986,423.6234,0.1935248,44.934803,0,background
7.861667,24.021225,27.624,25.85122,18.447676,441.69577,0.6533483,46.786938,0,background
11.347667,23.00265,26.764,108.125656,25.173065,312.37283,0.40605628,29.311552,0,background
12.851,23.48845,23.588,85.9369,20.930696,531.6272,0.67612237,45.521667,0,background
13.526334,30.947042,29.008,98.90743,14.680604,1447.7177,0.7547462,54.0015,0,background
10.066334,26.80924,26.216,98.857025,27.347176,441.6276,0.2499703,35.722885,0,background
12.414,25.89919,23.796,70.901886,23.088318,589.31366,-0.41499025,34.5978,0,background
12.6623335,23.553448,23.22,87.14037,20.554466,608.53235,0.47448385,46.456173,0,background
12.878334,24.387089,27.224,97.38121,22.744081,291.6732,0.06137555,35.7469,0,background
9.9609995,23.572985,19.38,60.818703,19.191198,671.83203,-0.015892904,41.03537,0,background
8.0286665,27.249073,29.368,37.3161,30.335136,7.4983406,-0.1947591,34.100727,0,background
13.593333,26.102875,22.948,69.644585,19.789967,767.20776,-0.36499402,40.335472,0,background
11.456667,24.877674,20.128,62.71113,18.656391,834.906,0.05194433,41.882263,0,background
12.336,24.171173,21.948,71.24399,20.004484,878.476,-0.0747925,42.57089,0,background
13.514,27.593107,27.12,118.96996,18.055017,608.42365,0.46101108,50.560047,0,background
10.111334,30.88373,30.124,65.89669,23.386984,635.41223,-0.23855908,40.626987,0,background
13.013333,25.83651,27.372,126.14017,23.378891,254.89482,-0.5803154,33.007866,0,background
11.922,23.455576,28.932,119.36619,23.12156,133.74973,0.52829707,51.810978,0,background
11.282666,22.917343,26.296,113.64887,27.746769,184.91762,0.23461658,27.930239,0,background
12.333,22.906761,26.8,106.19199,24.734985,180.84514,0.7885321,35.683804,0,background
11.896,30.934055,25.66,88.31164,20.283077,1868.2075,-0.21445757,27.459078,0,background
7.853,25.315926,31.576,51.775505,29.93816,38.255516,-0.07557057,28.374468,0,background
13.691667,25.383142,23.364,69.786255,19.542233,831.1353,0.09951562,40.363297,0,background
15.147,32.025963,31.4,93.765,0.0,0.0,0.0,0.0,0,background
12.018666,24.06814,24.2,100.86593,20.690691,657.5447,-0.119520985,36.52703,0,background
7.4822917,24.592577,29.7,32.11738,30.854748,3.0944457,-0.09837601,22.861029,0,background
9.107693,27.199633,29.553846,72.56548,19.783234,13.6684675,0.46132484,22.010027,0,background
9.761333,23.261208,27.308,105.10017,21.793234,159.39897,-0.12137429,40.943756,0,background
7.392333,25.916187,26.932,60.845608,29.873371,1198.505,-0.36869332,28.755827,0,background
7.8826666,22.095152,21.788,32.189472,17.633158,421.2017,0.1802167,46.92732,0,background
14.506,25.55673,26.404,71.55035,20.816292,430.67618,-0.24099293,37.885643,0,background
12.267667,26.84156,24.968,96.527725,20.302002,412.6452,0.4737839,35.945656,0,background
8.696667,22.780455,22.776,34.011154,18.184944,324.1046,-0.35992283,49.485264,0,background
14.366,29.790146,30.928,98.77621,20.891514,1356.6726,0.8697961,43.692917,0,background
12.216001,22.460836,27.5,106.64702,30.260326,108.258446,0.30724055,29.537653,0,background
12.771667,27.088459,29.18,127.61373,16.717607,377.5537,-0.42428637,49.1718,0,background
12.827333,25.320436,27.056,123.62449,24.916433,254.30435,-0.09960563,39.838398,0,background
11.847334,23.889606,25.704,99.33161,25.042877,459.4592,0.12637019,32.845535,0,background
8.616,22.56679,22.312,33.45998,15.737007,446.6148,-0.10709917,45.998146,0,background
13.283667,27.902174,28.296,126.66115,18.398304,442.6476,-0.64288145,49.194115,0,background
11.618,24.035915,26.616001,88.94415,27.773842,225.60887,0.20305322,28.540714,0,background
15.317667,26.344364,24.152,91.34318,21.645096,760.3216,0.48456672,43.338264,0,background
10.159,25.481588,22.74,91.23981,20.02512,597.7959,0.5549607,39.48669,0,background
10.262,20.907017,25.992,81.05742,30.60472,172.0475,-0.35082275,27.018215,0,background
14.224,32.030266,28.224,93.05236,0.0,0.0,0.0,0.0,0,background
12.025333,22.768353,27.368,108.84325,29.24483,133.66669,0.5639684,23.586329,0,background
6.7293334,23.97511,33.28,62.52923,26.923698,170.29143,0.09088915,28.30432,0,background
8.408667,24.361649,23.096,32.281376,18.517696,323.90698,-0.3646386,44.783497,0,background
9.228667,20.26319,19.252,63.96239,20.500242,783.06714,0.24249563,43.1452,0,background
12.300667,24.187248,25.924,73.37209,25.67737,92.22984,-0.4307967,28.746819,0,background
9.784667,26.274614,27.308,97.17931,29.338116,301.69,0.3739,36.44353,0,background
8.944333,28.169353,27.804,47.971703,25.266354,299.76752,0.20171337,37.519703,0,background
14.086,29.016975,24.108,66.75095,20.846851,420.93256,-0.12024357,40.23842,0,background
10.599667,30.281301,29.084,46.81154,27.111355,647.95197,0.014171007,32.46155,0,background
14.487666,31.522339,30.38,90.16556,19.519806,1352.8901,-0.033699762,42.824566,0,background
15.053333,51.08366,26.732,26.872408,0.0,0.0,0.0,0.0,1,presence
13.783667,31.232817,28.232,96.013214,12.298935,1521.8533,-0.001210518,66.70072,0,background
12.789667,32.076813,25.572,91.9292,0.0,0.0,0.0,0.0,0,background
10.994,20.915457,27.303999,95.701355,29.788055,58.377888,0.43653968,27.332714,0,background
11.830667,22.584505,27.712,117.0032,30.748228,169.95123,0.4540872,32.102325,0,background
11.761,22.242605,27.608,116.04131,30.476759,150.71007,-0.41254687,28.497421,0,background
12.639,33.837547,20.588,95.74038,0.0,0.0,0.0,0.0,0,background
13.364333,23.87682,26.5,91.02525,27.694572,209.86398,-0.5167025,34.110325,0,background
15.320666,27.135435,27.24,64.825356,24.845112,275.97043,0.048281223,38.806343,0,background
12.810333,30.690784,28.307999,95.76445,29.677517,1124.7118,0.2325166,24.077703,0,background
8.015667,25.09287,25.68,32.985123,30.386381,967.774,0.3239072,31.92151,0,background
12.377,24.522507,26.552,101.06976,26.596037,404.66425,0.5640648,29.110455,0,background
10.392667,20.93776,26.56,85.39548,27.714012,114.734795,0.44604835,30.701204,0,background
10.275666,25.382044,27.584,101.501625,18.963121,75.99047,0.55048597,41.716312,0,background
12.309999,23.284407,26.26,79.38208,20.823666,292.62686,-0.08930811,32.108047,0,background
13.106,23.122795,24.504,83.36889,23.0175,285.16022,-0.0960099,36.873108,0,background
12.164667,23.042633,27.06,109.23205,31.117594,152.92902,0.057277,25.466892,0,background
11.845667,20.950949,25.428,76.73512,27.591055,44.414948,-0.007065308,34.613777,0,background
14.0286665,30.622253,30.02,90.81608,0.0,0.0,0.0,0.0,0,background
11.587,23.035786,26.584,106.49959,23.739275,230.07458,0.18578601,30.922962,0,background
13.621,25.149555,20.864,89.88207,20.880018,1346.7235,-0.064874366,44.065258,0,background
7.779,25.690224,30.948,57.272694,0.0,0.0,0.0,0.0,0,background
10.042,26.983019,25.432,92.28097,27.714935,580.2416,0.14999469,35.28142,0,background
5.802778,18.881056,19.7,54.856945,6.690628,3.5964258,0.6683082,12.748351,0,background
11.91,27.806313,27.516,103.6771,22.585342,230.23001,-0.3019511,34.405693,0,background
9.000999,22.448624,25.556,107.34439,18.797222,414.9951,0.026107548,43.783337,0,background
12.661,25.987274,29.82,113.854485,18.82771,229.98164,0.88040954,49.7116,0,background
8.1433325,27.108297,28.836,39.65641,26.13409,22.426691,0.28825283,39.057438,0,background
13.148666,26.796825,27.04,129.16176,26.163206,302.8867,-0.14865008,43.761833,0,background
10.856,20.994818,26.883999,118.18156,25.98755,147.79475,0.20407617,41.31738,0,background
12.964666,26.134226,29.904,121.9699,18.685686,192.02628,-0.038377408,53.27567,0,background
7.224,25.404417,29.976,51.476658,35.444286,46.025215,-0.4163611,32.290432,0,background
7.8,26.909807,28.714287,38.444534,12.227597,2.2467816,0.016749399,14.760955,0,background
10.390667,52.02617,22.792,15.715868,0.0,0.0,0.0,0.0,1,presence
15.131667,25.30887,24.66,90.985016,22.583855,635.1724,-0.39901522,42.300617,0,background
12.151667,33.413074,17.128,96.640175,0.0,0.0,0.0,0.0,0,background
14.014667,24.241795,25.884,94.9758,21.231937,416.5155,-0.36738282,44.625324,0,background
10.873333,25.104668,26.404,104.71917,16.919127,316.48004,0.008448716,39.058796,0,background
15.797,26.778206,24.596,90.61495,22.99503,618.5116,0.76811534,41.62677,0,background
12.171333,23.606155,25.46,105.754745,25.586824,293.26456,0.41474304,24.268045,0,background
10.714001,24.141504,22.756,82.58261,20.000704,651.201,0.21920478,36.176308,0,background
11.421,22.781857,27.624,115.99828,27.685894,172.75601,0.08403593,33.3964,0,background
8.307667,26.203844,31.236,58.98739,25.72956,95.73213,0.15548012,35.043255,0,background
13.921333,28.870455,25.356,126.800606,27.066982,618.79724,-0.3598746,40.79624,0,background
10.8706665,24.245398,27.728,103.16488,23.838398,50.00802,0.06566444,36.2458,0,background
7.7503333,26.318708,28.228,58.531948,0.0,0.0,0.0,0.0,0,background
13.194,43.0445,36.356,42.808014,0.0,0.0,0.0,0.0,1,presence
11.078667,21.262604,26.744,113.6938,29.463953,193.55363,0.30293265,27.920776,0,background
12.598001,24.378822,22.312,72.50017,19.51541,898.21405,-0.3709016,43.033108,0,background
11.69,21.149948,26.628,87.31041,30.310585,50.73527,-0.852887,29.852009,0,background
11.43,24.113924,26.272,101.03472,17.904062,378.7526,0.5181878,32.9855,0,background
7.134333,22.913454,32.492,47.65187,0.0,0.0,0.0,0.0,0,background
12.797,25.790005,29.592001,120.76578,19.299837,160.19691,0.2143221,53.248577,0,background
11.516,22.678219,25.612,101.91782,25.016771,220.38873,-0.43442962,30.423483,0,background
13.985666,32.842537,27.584,88.659966,0.0,0.0,0.0,0.0,0,background
12.658999,26.643795,28.911999,118.94915,16.565159,234.2013,0.52048874,48.790295,0,background
12.950999,27.334318,23.772,100.99083,21.019312,1166.2975,0.1132185,33.43,0,background
11.977333,22.367472,27.128,117.94771,31.568687,163.67368,0.013862466,35.593136,0,background
11.183667,20.47091,26.407999,86.00009,27.11754,41.643463,-0.133178,30.530468,0,background
9.569667,29.678907,28.76,45.938004,19.82672,172.33208,-0.2706204,43.19972,0,background
12.476,23.42471,25.388,94.81272,21.144371,450.4318,-0.123273745,37.916702,0,background
11.349,21.55965,27.176,112.34984,30.901127,144.27887,0.42068136,24.379423,0,background
12.964666,23.114868,24.74,93.53739,20.39431,543.89185,0.0035092805,41.987335,0,background
14.614667,26.21747,24.348,71.64085,20.013544,851.4354,-0.30584705,42.468597,0,background
13.072333,23.912222,26.824,76.76443,22.760542,187.5149,-0.5122178,31.198566,0,background
6.5919995,23.62724,31.452,62.418343,0.0,0.0,0.0,0.0,0,background
12.718333,31.872326,25.572,96.51717,0.0,0.0,0.0,0.0,0,background
12.398334,23.417826,26.972,94.78198,29.370453,81.36589,-0.7699039,30.210543,0,background
6.9696665,25.292736,27.448,62.15464,0.0,0.0,0.0,0.0,0,background
5.75119,20.946062,28.014286,33.418644,16.791212,16.227829,0.46001342,20.318773,0,background
14.094334,32.93992,28.36,93.03631,0.0,0.0,0.0,0.0,0,background
10.727333,21.43923,22.504,69.633575,19.10397,516.3611,0.14063358,44.730762,0,background
9.242333,27.95286,28.671999,74.76529,25.474436,133.51021,0.08563565,39.06462,0,background
11.864,26.553268,20.112,96.84374,22.616228,1525.9746,0.38511908,35.362843,0,background
7.326667,24.234806,31.944,52.567005,0.0,0.0,0.0,0.0,0,background
12.362,25.88792,23.2,71.57322,21.773079,692.9111,0.16305567,35.424694,0,background
11.138333,21.824463,28.488,114.816,28.919397,129.89986,0.095833085,39.60814,0,background
8.449667,26.014984,23.628,52.786137,27.767921,1180.3569,-0.28826404,35.955677,0,background
12.784,25.302826,26.632,97.75973,28.670666,345.15405,-0.080539145,27.112034,0,background
7.9053335,26.187006,30.612,62.97159,23.686413,351.96527,-0.02305644,34.912888,0,background
12.495,23.20248,25.976,72.58193,27.167912,118.12714,0.4811718,33.11599,0,background
14.615666,24.336731,26.004,91.799225,23.137648,432.49252,0.39120746,41.923126,0,background
11.418333,21.961712,28.192001,117.24503,28.65745,147.95186,0.28254193,38.17316,0,background
7.180667,23.184381,28.612,25.15022,24.40426,108.21194,0.72347933,32.439705,0,background
14.115334,29.409395,30.868,95.68352,0.0,0.0,0.0,0.0,0,background
14.224334,25.09586,20.960001,88.93725,19.995625,1502.0342,-0.108306535,42.901478,0,background
8.988889,23.469685,27.166666,101.97383,8.955195,33.132423,-0.220212,16.200714,0,background
13.262667,24.995604,23.14,86.91657,19.91808,686.93176,-0.09427025,45.94428,0,background
11.991333,22.678215,27.24,110.4602,31.530214,186.18166,0.33540633,21.754608,0,background
12.894,27.225506,24.28,99.066055,19.032936,945.5395,-0.17865966,29.472202,0,background
9.791666,28.68092,28.2,79.390434,27.993063,228.61586,-0.19649649,30.785692,0,background
8.127666,27.124771,28.244,48.4895,31.653488,445.05142,-0.115627296,35.943798,0,background
10.423667,20.937784,26.2,80.330826,29.988285,150.07089,-0.24455322,25.937199,0,background
14.619333,33.331814,29.06,90.68196,0.0,0.0,0.0,0.0,0,background
12.397667,24.735966,29.0,119.65649,22.625021,146.65941,0.10757326,54.679455,0,background
7.7506666,24.92817,31.704,51.411663,30.412336,51.800957,-0.42310897,27.435822,0,background
9.783999,21.68632,24.452,75.69733,25.601196,-0.29246,0.40114447,31.081057,0,background
7.6427536,27.329498,29.117392,34.92955,33.487568,56.95255,-0.09052451,35.96374,0,background
12.891667,25.91394,29.8,116.452835,18.356009,171.66885,-0.62885845,50.63963,0,background
14.282333,25.242725,25.907999,69.453575,20.217735,340.62085,0.33299538,41.524975,0,background
10.225,26.672058,26.6,101.597534,27.254324,334.04288,0.56653947,35.98778,0,background
12.049,23.575565,25.248,105.433014,23.299606,276.44498,0.44221893,33.972992,0,background
8.374333,27.471243,25.712,52.174892,27.436964,492.33838,0.22849245,38.26222,0,background
12.563,24.908796,26.668,99.26301,22.711739,434.2894,0.7914743,30.40785,0,background
7.524,26.474314,26.364,60.561127,26.96706,1331.0629,-0.31030512,30.278255,0,background
12.465,25.805317,27.088,101.72989,19.548315,420.3148,0.23623742,39.968525,0,background
14.210334,28.835903,25.468,122.35779,25.758123,621.7456,-0.45558012,38.172146,0,background
11.472,33.205975,17.244,97.83396,0.0,0.0,0.0,0.0,0,background
13.8220005,27.959381,23.972,66.53317,19.733446,647.746,-0.34738946,42.421124,0,background
12.595667,25.840446,25.06,99.87204,26.208767,460.8149,0.16720423,28.631496,0,background
7.25,25.8633,28.788,61.19088,0.0,0.0,0.0,0.0,0,background
10.0963335,24.558117,24.464,90.29055,20.47825,279.4482,0.25730458,34.356556,0,background
11.569667,22.551199,28.268,121.385574,20.825718,132.67886,0.20443147,53.9991,0,background
14.204,25.162981,26.204,73.0308,20.201544,351.9686,-0.20219116,40.888577,0,background
13.218333,27.67426,26.844,125.78012,23.396254,515.54834,-0.172357,46.71035,0,background
10.312,27.211315,19.696,101.07057,22.213022,2683.3674,-0.15740085,43.89018,0,background
13.148666,26.230185,27.172,125.91464,22.406593,301.94626,-0.6009359,30.584068,0,background
7.1823335,25.134146,30.396,62.676662,28.27244,789.2548,-0.68001,27.178583,0,background
7.7119565,19.357742,23.708696,76.27957,8.236956,32.838394,-0.12028493,10.323367,0,background
13.072333,23.523237,24.188,93.87596,22.105358,779.8567,0.21344782,43.14688,0,background
14.551666,25.593899,25.796,72.5274,18.833588,463.69467,-0.365242,38.175793,0,background
10.913667,29.109322,27.76,82.16236,31.606853,344.33957,-0.13874966,26.386995,0,background
8.142391,25.154465,23.039131,40.854416,20.112709,54.090977,-0.35235965,44.816578,0,background
11.777333,22.441565,26.984,73.661835,29.898643,69.45296,0.61006296,21.297874,0,background
11.974,24.538897,27.372,103.916176,21.072495,303.62497,0.12818798,42.090664,0,background
11.300667,28.226263,23.836,98.73003,21.063015,2114.319,-0.043521892,35.342102,0,background
11.665667,22.818377,28.264,119.01629,24.329153,132.73064,0.15335518,47.86795,0,background
12.692,27.777292,20.828,96.220695,22.29212,1407.937,0.67989254,34.4731,0,background
7.752333,24.764673,32.696,48.73848,0.0,0.0,0.0,0.0,0,background
12.060333,23.51859,25.728,105.27812,25.544516,325.41452,-0.49349797,29.710718,0,background
12.4696665,23.212336,26.772,75.689445,24.795416,148.9513,0.21947743,28.551548,0,background
12.471,29.338007,27.528,98.50087,26.204906,1105.4735,0.31968936,23.55099,0,background
12.228001,24.884005,28.596,116.50414,17.7131,151.23248,-0.36250833,44.315834,0,background
12.234333,31.376522,26.456,86.56549,18.592836,1711.3192,0.21742961,29.993622,0,background
12.152333,26.53348,28.640001,110.297966,19.967257,95.58489,0.36163768,50.194344,0,background
12.062,22.756773,28.2,116.893265,29.043327,148.96967,0.5316728,42.497242,0,background
7.0453334,23.32583,25.508,23.910818,20.649782,93.31435,-0.13580257,43.149002,0,background
11.063666,26.636332,27.54,102.79671,23.45356,136.96645,0.31022328,34.184162,0,background
7.692666,25.452179,32.315998,58.905365,0.0,0.0,0.0,0.0,0,background
14.845333,30.346142,32.532,99.17304,24.195284,1054.0226,0.95268846,34.19972,0,background
11.180333,26.74465,28.18,101.236626,22.647997,42.52221,-0.17570482,35.056705,0,background
11.892333,25.694265,28.48,107.964874,17.23869,112.100716,-0.5979161,61.288624,0,background
12.093,21.992071,25.288,89.54118,22.709852,269.5277,-0.4637406,37.822426,0,background
13.724667,30.084759,29.052,97.16058,0.0,0.0,0.0,0.0,0,background
9.919666,18.962507,25.996,79.68414,26.930882,51.03791,0.17643362,32.535988,0,background
11.316334,27.03893,27.768,102.60604,23.332876,118.07889,0.46460152,35.62945,0,background
7.52,25.59216,28.812,57.258545,0.0,0.0,0.0,0.0,0,background
11.907667,22.538738,27.416,113.59382,30.904892,144.46982,-0.7634981,28.467688,0,background
12.207,29.591291,21.544,94.747696,22.410686,1279.5009,-0.41137806,37.880463,0,background
9.266,29.333925,30.192,66.57428,23.794567,570.1459,0.6356692,32.000275,0,background
12.701,25.2084,26.824,101.15304,21.494637,446.82803,-0.09725503,29.185728,0,background
7.725,26.802685,28.539131,38.800694,26.937727,7.628226,-0.08407552,34.63125,0,background
12.443,25.145502,28.9,117.557205,16.368917,131.78354,-0.26622152,39.34144,0,background
14.199,32.444473,28.364,96.49972,9.718907,1419.8413,0.26473334,66.49855,0,background
10.475333,23.90537,28.256,104.75137,29.060287,56.48794,0.40000907,34.155266,0,background
11.194333,21.169313,27.192001,95.58083,28.789772,58.98128,0.24793698,27.558521,0,background
14.641666,33.85826,23.352,98.34057,0.0,0.0,0.0,0.0,0,background
12.457666,32.57758,22.592,96.96624,0.0,0.0,0.0,0.0,0,background
7.4166665,21.30002,22.56,31.683683,16.785433,212.3156,0.3410341,48.7189,0,background
14.292334,29.263582,32.428,92.139305,28.73995,1021.9927,-0.1703747,33.86849,0,background
9.655667,29.484753,30.176,65.49467,23.516098,594.5491,0.8128017,35.716267,0,background
11.018333,21.130589,27.244,95.64533,29.067999,64.004326,0.39070708,27.832962,0,background
12.313666,24.010738,26.444,102.649666,21.955044,382.88968,-0.39078018,36.925713,0,background
11.835,25.29711,22.736,101.35715,18.612246,982.7883,0.41457117,37.320553,0,background
11.631667,24.297432,25.648,81.66268,27.621868,287.90314,-0.20272951,30.1643,0,background
9.829666,28.681334,19.872,89.50992,0.0,0.0,0.0,0.0,0,background
14.027333,32.740486,28.34,95.27192,0.0,0.0,0.0,0.0,0,background
8.241667,26.371647,30.16,62.675533,24.572884,346.04,0.36350405,36.414074,0,background
11.264667,21.365349,24.952,90.454666,22.702076,373.70132,0.3488991,36.331867,0,background
11.635333,24.66158,28.608,103.098854,21.391802,86.13098,0.4610661,33.265095,0,background
10.162,19.47788,26.06,80.65667,26.973083,55.574734,0.19975781,31.474274,0,background
11.676333,26.274378,25.056,96.25496,19.920319,352.35788,0.036305353,35.464054,0,background
12.364333,29.084337,27.6,96.84062,17.604895,1593.4664,-0.17642933,41.1519,0,background
11.627334,23.334938,26.688002,97.42596,25.794388,135.48842,0.8020622,27.50456,0,background
12.132667,25.572605,24.012,97.7591,23.978424,689.5521,-0.3928144,31.402641,0,background
7.3966665,23.05694,22.996,38.05612,21.347271,87.84416,-0.57708174,45.17288,0,background
10.118,29.682,23.044,56.03608,28.885406,1637.2296,-0.14429115,39.188004,0,background
8.660333,28.680399,26.64,64.60194,24.633938,1209.2382,-0.101197794,30.64408,0,background
9.371333,24.516884,24.432,37.430103,27.09361,251.69933,0.21511258,32.466408,0,background
13.721,29.701706,30.06,94.788605,0.0,0.0,0.0,0.0,0,background
7.954667,25.17937,31.588001,52.058655,22.68696,33.282692,-0.33585495,44.945263,0,background
9.827333,18.674622,25.68,82.47884,27.132936,59.543255,-0.5139207,30.543644,0,background
10.197667,30.252956,29.34,56.838566,29.749378,296.94717,0.05372259,37.02366,0,background
14.564,32.941284,29.028,86.42195,0.0,0.0,0.0,0.0,0,background
7.391333,25.120083,29.612,56.863712,0.0,0.0,0.0,0.0,0,background
11.643333,24.152285,28.332,116.86073,20.491535,165.07639,-0.071762666,53.943737,0,background
7.622333,24.528038,32.116,50.44418,0.0,0.0,0.0,0.0,0,background
6.917333,24.505219,28.68,51.370365,30.974518,259.83197,-0.3885755,31.662516,0,background
10.950666,20.995987,26.624,118.34585,31.5824,196.60655,-0.63090575,26.049835,0,background
13.049334,27.177052,28.784,124.99454,18.47346,214.7024,-0.48162955,49.399315,0,background
11.886333,24.018618,28.3,120.65164,20.43429,190.05183,-0.40969944,43.488956,0,background
11.142667,22.092684,27.568,118.08505,22.999916,159.7074,0.65786004,43.170124,0,background
14.856667,26.099127,26.416,70.58462,20.36601,450.04495,0.26447552,37.136543,0,background
11.883,21.765331,26.424,77.63942,25.45731,84.32524,-0.2575956,31.19051,0,background
9.010667,26.655624,24.196,41.480213,28.209736,1333.7682,0.013230318,36.872105,0,background
6.5586667,21.830204,24.016,27.322758,18.961758,224.62958,0.5625147,46.3371,0,background
14.356334,32.702354,27.56,90.695625,0.0,0.0,0.0,0.0,0,background
13.572,24.128859,27.279999,73.86679,24.902481,112.90991,-0.43978179,31.665575,0,background
11.706,25.48772,28.496,106.85076,20.123951,73.21429,-0.18377213,51.92795,0,background
14.1380005,29.302769,31.78,93.355515,20.766975,1039.0316,0.41201615,38.12973,0,background
11.416333,21.231,26.76,76.695015,27.970747,32.821796,-0.06567372,32.043255,0,background
7.9663334,25.464561,31.98,48.14047,0.0,0.0,0.0,0.0,0,background
12.815,34.990715,14.151999,98.472115,0.0,0.0,0.0,0.0,0,background
12.514667,24.064816,26.02,73.01561,21.606983,417.55945,0.08957091,32.947098,0,background
12.28,22.494139,27.244,106.66379,28.044298,129.15018,-0.28269437,24.712786,0,background
14.048,25.829227,23.452,69.80766,20.23555,880.17084,-0.5332146,42.374992,0,background
8.178667,25.208565,23.16,39.683228,21.07071,74.14888,-0.024803985,44.491634,0,background
8.375,26.009315,29.5,73.8583,0.53601134,0.7546929,0.65080523,0.7042223,0,background
10.099999,29.039679,26.512,84.06387,27.601267,596.8491,0.46163768,31.965607,0,background
7.1723332,25.3511,28.876,54.98927,32.249622,84.94045,0.49920022,31.255564,0,background
12.706,26.299883,29.592001,120.234665,17.800407,214.45625,-0.10936865,52.199566,0,background
14.2890005,29.228031,31.672,98.67237,0.0,0.0,0.0,0.0,0,background
10.852334,27.065876,26.944,106.539696,26.465528,240.70175,0.6954639,29.972084,0,background
11.405666,22.875383,27.26,115.223465,28.768707,184.29384,-0.38873112,33.445103,0,background
11.7213335,28.950142,23.544,96.0592,22.428492,701.6941,0.5888108,32.253555,0,background
10.135333,26.186785,24.412,105.239815,24.525288,595.3113,0.32215017,33.83274,0,background
15.2786665,28.498594,24.36,69.92047,20.603182,703.032,-0.053909462,41.428436,0,background
10.105667,29.173405,27.407999,82.94095,26.57314,411.6195,0.3609247,35.678055,0,background
14.549,33.117092,28.932,90.4698,0.0,0.0,0.0,0.0,0,background
12.142,23.090673,25.228,106.081795,25.659014,183.64552,0.015123571,30.806284,0,background
8.9123335,29.193964,26.08,64.61113,27.5753,1398.9279,-0.6263686,32.366016,0,background
9.714334,28.537994,21.82,85.56156,0.0,0.0,0.0,0.0,0,background
12.8133335,27.1976,22.376,100.84981,20.28036,1312.1608,-0.04951429,33.294765,0,background
13.805667,25.543344,22.776001,70.40428,21.870506,1035.1282,-0.2505612,40.96204,0,background
7.5889997,24.392517,32.556,48.203884,0.0,0.0,0.0,0.0,0,background
7.293333,25.33463,29.444,51.819054,31.574844,149.21342,-0.54668856,32.611736,0,background
9.8116665,28.332851,26.02,93.76423,17.080933,30.08407,-0.5045188,22.409735,0,background
14.232667,33.050034,28.636,98.09496,0.0,0.0,0.0,0.0,0,background
12.512,27.65694,23.364,90.00816,23.501627,941.3227,0.35271025,33.847378,0,background
11.615333,22.388845,24.584,75.949,22.487867,287.63657,0.21742225,41.06574,0,background
12.176333,25.05831,27.592001,119.95383,32.660664,151.74889,-0.25473413,42.913414,0,background
12.610333,26.054409,29.8,110.06858,21.278849,249.1022,0.78561187,46.83514,0,background
11.677,22.221588,28.279999,119.21607,22.59421,141.40251,-0.12001397,56.65526,0,background
7.261667,23.448938,29.008,25.106155,27.372597,150.43327,0.36948833,30.349249,0,background
11.438666,22.782558,27.108,116.033775,29.488297,201.22557,0.6815101,33.902767,0,background
8.958,28.900503,28.912,66.21692,21.004822,818.98615,0.18136132,32.36021,0,background
12.832999,22.368053,25.06,80.443596,25.581282,223.55353,-0.34429488,33.37821,0,background
8.92,27.490137,26.86,45.027966,31.225077,882.452,0.066791244,36.09716,0,background
10.705999,29.712479,11.052,95.47041,0.0,0.0,0.0,0.0,0,background
13.557333,32.61797,27.232,95.34143,20.191109,1762.5548,0.9161431,27.819592,0,background
11.302,20.875507,26.756,76.42657,25.457506,28.962147,0.18217888,35.210968,0,background
12.666,25.773237,27.076,99.8917,20.130285,375.29532,-0.5937302,39.433556,0,background
8.541,25.988924,26.536,38.02794,30.111511,850.26294,-0.4854739,34.43833,0,background
12.498667,28.468174,27.588,102.97729,22.35484,262.92145,-0.30637303,36.195774,0,background
12.028,25.72504,28.428,109.29873,17.27778,88.79284,0.06644099,58.321907,0,background
12.5373335,24.931065,22.016,68.181206,19.432623,765.59406,-0.33728778,40.09702,0,background
11.9123335,29.219812,22.072,85.10624,22.922112,1111.8505,-0.29133245,39.47497,0,background
13.708667,28.763464,25.788,128.51402,25.749374,420.6107,-0.37593874,39.159653,0,background
12.613999,26.244175,29.38,104.35831,28.4294,303.26935,0.9365625,40.129803,0,background
12.634666,26.38158,29.296,116.99772,18.525234,248.55266,0.124033555,48.83365,0,background
10.613,29.956532,30.184,76.24763,30.891687,27.014149,0.3658769,20.482426,0,background
10.303666,19.394041,26.256,79.79779,28.797134,32.572937,0.02351887,29.589863,0,background
7.5356665,25.807077,29.48,62.1105,30.00671,780.398,0.14950058,28.226164,0,background
11.921667,22.070621,26.896,77.48042,26.064476,80.69761,0.30081162,30.532211,0,background
11.87,23.715336,28.724,118.335266,21.364862,156.53117,0.19393148,44.687695,0,background
11.255667,21.928902,26.16,99.961,26.731562,245.20972,0.03087535,28.682228,0,background
14.446333,30.731647,31.284,85.893974,0.0,0.0,0.0,0.0,0,background
11.507,22.527409,27.66,119.27327,24.35128,212.28877,0.43679097,52.518753,0,background
13.777,29.253016,30.096,87.60032,0.0,0.0,0.0,0.0,0,background
12.406333,31.50095,26.512,88.46499,21.092482,1645.6031,0.3449723,32.83788,0,background
10.669333,21.634628,25.336,81.32667,29.095263,357.0585,0.09470909,29.104548,0,background
12.788,23.842196,26.692001,67.312645,27.390665,70.82753,0.47572893,29.766045,0,background
11.646,23.081497,25.48,111.639534,23.575117,307.38675,0.5738251,27.204456,0,background
11.707999,22.444597,27.732,115.259186,26.178087,136.09447,-0.6275204,41.77789,0,background
11.956333,23.885914,28.56,121.10769,21.296164,183.74294,-0.16570866,46.70624,0,background
10.014667,26.711475,29.364,85.9868,28.110537,11.824091,-0.13456048,33.998016,0,background
7.4260416,26.92424,29.49375,46.08457,27.387083,35.175625,-0.48717168,25.183756,0,background
8.664667,28.022856,30.46,48.42675,11.792855,41.2331,0.6442775,17.80088,0,background
7.8313336,25.781319,31.74,65.20506,28.353409,110.20031,0.47057855,29.361624,0,background
13.9470005,25.001793,27.14,73.981415,24.687834,179.71179,0.28070045,30.694925,0,background
9.664333,25.193777,23.516,39.85403,13.234387,159.08029,-0.61514914,48.80482,0,background
8.7213335,27.404894,28.664,46.03189,31.69513,492.14145,-0.20305003,37.385887,0,background
9.542999,29.592533,29.72,65.8886,24.799717,700.1386,0.20112532,33.990902,0,background
11.845667,28.169092,22.076,103.94399,22.654903,1168.5198,-0.57741094,31.626297,0,background
12.725,24.06392,26.907999,98.83787,29.047384,289.43372,0.19347511,19.516455,0,background
12.077666,22.971825,28.236,118.64407,31.95344,137.23279,-0.11902569,36.517727,0,background
13.441999,23.991575,26.704,92.85653,29.918415,148.52667,-0.5248314,29.990665,0,background
10.594334,29.477833,30.704,79.268265,30.076794,48.062088,0.19791284,26.553537,0,background
6.828788,23.56971,24.245455,30.808245,18.740427,39.09487,0.22747299,39.836697,0,background
9.882999,24.79428,27.708,100.817474,19.75781,27.36493,0.054283887,39.190765,0,background
12.636666,25.152601,27.012,101.99311,22.474413,425.6669,-0.019296847,38.049007,0,background
13.448667,32.251,28.096,93.327576,16.738873,1665.9813,-0.014108401,33.06283,0,background
12.5859995,26.144579,29.556,114.30213,17.447155,273.9046,0.56936747,48.24804,0,background
12.463666,23.227108,26.94,73.517426,27.683609,81.49148,0.0031629805,25.03311,0,background
13.493667,24.118229,27.2,72.89065,25.064987,73.57407,0.4139915,26.313103,0,background
9.933333,24.958124,20.8,55.700348,4.678281,16.342146,0.61234236,10.5607815,0,background
12.509666,25.184544,29.092001,121.10171,20.03473,147.38713,0.23003511,44.250282,0,background
6.7166667,23.53972,28.833332,39.89501,8.529919,38.55398,-0.0021937566,10.214108,0,background
11.253333,29.554926,26.376,95.677986,25.025522,107.23575,-0.6689842,32.342506,0,background
12.095,22.910667,27.904,117.528175,29.065058,163.9518,0.23297927,43.656322,0,background
7.703334,26.03533,31.308,60.42251,0.0,0.0,0.0,0.0,0,background
14.972,32.91707,30.684,89.17159,0.0,0.0,0.0,0.0,0,background
13.808,27.63811,23.888,69.43369,21.62572,705.97736,-0.36660355,39.881233,0,background
11.493333,23.200108,27.328,115.24118,26.446014,203.28035,0.43387553,36.343212,0,background
9.317333,23.398626,26.568,105.48348,17.11534,172.67372,-0.4242408,49.7722,0,background
10.5043335,20.516275,26.204,118.49652,31.303856,224.18831,0.108429424,26.301107,0,background
14.800333,32.306675,30.708,93.48575,20.812147,1353.7981,-0.32014304,42.855988,0,background
11.543333,21.649162,27.2,118.046036,34.502422,171.08235,-0.5719124,26.407845,0,background
12.441999,25.176043,27.48,97.03336,23.568066,464.74854,-0.13801444,29.403805,0,background
12.048333,23.890255,29.064001,111.11084,27.855408,139.22624,0.22302343,43.31446,0,background
10.818666,28.94859,26.82,81.36621,29.962267,556.90234,-0.3446212,25.271996,0,background
8.274333,24.067287,23.364,67.97196,24.098122,341.15222,-0.73115593,40.521378,0,background
11.217999,21.977118,26.404,76.64244,28.545614,170.06808,-0.45267874,27.533283,0,background
14.22,25.116575,20.828,87.98868,21.20394,1509.3444,-0.09522355,43.982536,0,background
7.2323337,25.44088,29.284,54.508614,32.649723,210.64885,0.32699916,33.267693,0,background
13.027,31.69278,26.832,96.424904,18.40981,1916.7217,0.184527,32.426647,0,background
13.097333,31.950949,27.252,91.466995,20.519451,1684.5928,-0.15620448,32.248104,0,background
10.639744,27.476492,23.676924,63.3813,16.433228,18.37753,0.08955743,32.45618,0,background
12.547667,31.476187,27.204,89.245255,19.862322,1662.7736,-0.052580904,34.29458,0,background
7.724,25.288109,31.628,53.21488,0.0,0.0,0.0,0.0,0,background
12.412666,23.346123,26.628,76.43605,25.756624,233.77853,-0.116819896,30.300562,0,background
13.395333,23.925365,23.872,93.17838,20.077442,700.47266,0.03179204,43.8933,0,background
14.221,31.13724,29.652,96.6323,16.478098,1319.0205,0.6619165,53.282642,0,background
14.031334,28.738598,25.572,124.33598,24.825735,685.17316,-0.54590803,41.91381,0,background
7.476,25.463215,29.264,52.825245,0.0,0.0,0.0,0.0,0,background
12.068333,23.482903,26.411999,111.15142,21.159996,180.30951,0.7215771,27.044556,0,background
10.109667,20.07639,27.48,116.10951,20.68041,137.01118,0.037824996,51.43577,0,background
7.4113336,25.84147,28.504,60.656536,0.0,0.0,0.0,0.0,0,background
11.217334,22.368456,26.752,88.95011,26.848488,234.26276,-0.3513377,29.385271,0,background
13.872334,29.822712,29.452,88.743904,0.0,0.0,0.0,0.0,0,background
10.894667,21.367119,26.868,88.227615,30.325243,78.31074,0.83986074,28.256845,0,background
7.8729997,26.999315,28.8,44.610565,33.863434,234.4172,0.166014,33.654484,0,background
8.844334,27.126528,30.272,21.48629,32.611835,31.988216,0.95834064,23.803879,0,background
10.786667,20.9841,27.244,88.65922,28.570524,59.321472,0.4697302,26.450365,0,background
7.96,18.817966,23.720001,73.66935,17.793932,2.6740005,0.1164499,19.974968,0,background
10.696334,21.244804,26.476,80.903656,31.065825,80.60996,0.25076655,23.481062,0,background
11.546333,26.484846,24.1,105.140495,21.952393,858.7522,0.036663912,33.25002,0,background
12.372334,23.34755,26.488,107.96858,24.624676,195.14398,-0.140864,27.979261,0,background
7.7953334,22.846815,20.328001,37.246243,23.754324,636.9869,0.050977204,42.28215,0,background
8.084,26.89646,32.04,64.49919,28.975422,523.66425,-0.24785815,25.045456,0,background
11.718333,25.259384,28.284,106.3064,21.436674,52.784096,-0.7704293,50.852673,0,background
11.098333,21.109125,27.256,95.995804,28.976374,61.76985,0.19794865,29.65505,0,background
12.828333,24.928747,27.036,99.07727,20.622847,352.25723,0.36327174,29.203444,0,background
11.532,22.28492,27.892,114.04286,25.97672,144.86694,0.6575289,43.76132,0,background
12.249333,29.335505,21.068,85.5718,24.3544,1279.4286,-0.48013952,41.336975,0,background
8.128,26.43424,28.172,44.077347,30.073088,485.6528,-0.3125524,37.68288,0,background
7.968,22.526293,20.316,37.14155,24.037365,677.9544,0.25239193,42.143642,0,background
13.158667,26.861,28.296,126.54879,26.670036,230.80763,0.32944447,49.076694,0,background
11.925667,22.699991,27.736,116.67122,31.670042,168.86177,0.03513867,32.268085,0,background
11.256333,22.782412,26.824,112.86417,22.996023,209.02216,0.42009827,37.888298,0,background
12.124666,22.946001,27.935999,116.59731,29.206314,162.03128,0.65359473,40.89367,0,background
10.75,26.112516,21.692,90.4546,19.564768,925.4057,0.4382023,38.610443,0,background
13.236333,23.81835,24.06,85.66855,19.511906,450.55328,-0.39813656,45.65663,0,background
12.002666,31.595943,24.392,89.099594,0.0,0.0,0.0,0.0,0,background
12.487333,23.808979,27.008,107.59103,28.51228,272.38513,0.3902229,24.549982,0,background
8.488406,27.16479,30.382608,17.648975,28.623491,135.21686,-0.3769565,31.085108,0,background
8.467999,23.770493,22.956,34.954205,19.420816,38.132298,0.83578897,45.277557,0,background
12.572667,22.741962,26.676,89.80527,28.207413,84.04111,-0.1322996,30.39518,0,background
15.082666,32.731483,30.88,87.963524,0.0,0.0,0.0,0.0,0,background
10.774,22.987967,19.648,67.27376,18.257954,858.2255,0.37229115,43.566082,0,background
10.8,25.956547,26.832,102.727425,21.760593,235.6606,0.0054306085,37.000042,0,background
10.443,27.380703,22.883999,100.6964,24.112011,1011.9266,-0.32440746,40.035416,0,background
10.920334,20.305567,27.136,85.073326,28.691101,55.988277,-0.13430017,27.480139,0,background
11.706333,27.46934,28.359999,100.82942,23.716303,33.534466,-0.3520777,33.011906,0,background
11.556334,23.308456,26.488,96.895935,25.967566,303.83588,0.023390172,28.120522,0,background
11.648,26.395939,25.02,105.30701,22.535782,587.7216,0.34803495,32.97317,0,background
5.7793336,18.698503,21.612,36.78263,15.139303,191.45828,-0.50595856,45.59565,0,background
14.330333,25.442677,25.08,72.045746,19.370453,584.84564,-0.3859272,40.972042,0,background
7.497333,25.953106,27.928,61.189434,30.57154,1082.1478,0.087379664,27.885,0,background
10.003333,26.746881,24.784,91.8538,26.378086,574.83356,-0.50938505,38.070244,0,background
11.760667,22.435457,26.552,102.200615,24.957623,257.25192,-0.20756209,23.473486,0,background
12.585667,22.99676,24.22,93.23824,20.873247,641.66235,-0.09031486,43.19096,0,background
7.5326667,26.0971,28.8,36.473705,31.937561,99.581024,0.3057177,36.177227,0,background
11.435666,23.666529,27.396,106.46056,21.43029,283.20853,0.057510886,35.933987,0,background
6.7423334,21.141144,26.976,94.61169,16.553686,84.43206,-0.0632583,52.08627,0,background
7.3813334,24.399488,30.396,50.5649,0.0,0.0,0.0,0.0,0,background
12.404667,24.374493,26.768,98.32516,21.25028,364.56592,0.58913374,35.11081,0,background
12.740667,26.58515,29.62,123.12353,18.945656,217.62425,-0.14265868,48.401127,0,background
14.890667,32.309208,30.807999,93.18692,20.31853,1336.566,0.064271696,41.905193,0,background
7.326,24.72995,30.296,51.923832,0.0,0.0,0.0,0.0,0,background
14.822667,35.094864,23.62,93.502754,0.0,0.0,0.0,0.0,0,background
12.804,25.622349,29.88,113.918884,19.085331,174.04955,0.043980237,45.26906,0,background
10.329,22.279982,18.624,64.52267,19.632885,1209.4547,-0.30813107,42.897278,0,background
9.554,23.515802,20.252,60.67101,18.494194,598.8243,0.13391142,43.72634,0,background
14.560667,32.293884,30.244,93.785675,18.107946,1453.3511,0.20231003,44.83577,0,background
11.676333,23.11413,27.324,123.40113,22.64916,141.76808,0.24765353,44.093674,0,background
14.568,26.008713,25.896,70.893974,21.481256,512.2964,-0.2681853,39.411877,0,background
10.244,22.085203,24.668,74.896996,26.085983,55.35494,0.2544843,29.872833,0,background
14.243334,35.385406,21.204,94.14202,0.0,0.0,0.0,0.0,0,background
11.966667,23.285076,25.972,110.18895,22.708681,214.48413,-0.6078233,27.062902,0,background
11.298,21.705217,27.036,115.61404,28.309853,194.41707,0.07695242,28.431158,0,background
12.396,26.521181,22.756,98.3887,17.063538,1032.4294,0.8967139,39.565907,0,background
9.341333,23.461254,27.568,101.30437,18.828861,8.337873,-0.3148783,37.38479,0,background
11.462334,25.456013,26.372,103.34065,17.434505,386.0513,-0.024048766,36.13269,0,background
11.490334,24.606676,25.104,86.90532,25.984798,478.9728,-0.52007073,32.00611,0,background
10.977667,30.0363,24.3,84.6143,22.505558,1929.5984,0.21571347,23.796366,0,background
8.926666,28.177608,27.532,47.81911,24.301891,462.50775,-0.38574973,39.569977,0,background
9.752,24.961605,23.764,40.885326,14.492684,30.20696,0.09273704,51.214016,0,background
13.884666,30.756393,29.968,87.22542,0.0,0.0,0.0,0.0,0,background
7.537667,23.977816,33.184002,46.602127,0.0,0.0,0.0,0.0,0,background
7.6866665,25.915936,31.236,62.186985,32.39161,540.554,0.24623695,23.388952,0,background
10.305667,30.042171,15.516,97.48411,0.0,0.0,0.0,0.0,0,background
14.419333,25.571634,25.364,70.36142,19.452763,583.62494,0.20799772,40.222355,0,background
14.121333,24.901836,25.912,69.666664,19.883783,335.7487,0.12496482,40.2007,0,background
9.142,28.860968,28.104,64.240555,25.955334,917.05884,0.42454395,35.479343,0,background
8.6050005,27.4885,25.788,53.030437,29.223623,800.0647,-0.81480026,37.03892,0,background
12.056,25.41101,28.452,109.817,17.338375,95.524155,-0.61861145,56.79511,0,background
15.189667,33.342846,30.456,89.04134,0.0,0.0,0.0,0.0,0,background
9.278334,29.052898,29.484,47.45663,16.761106,23.050413,-0.18006703,46.90098,0,background
10.371667,22.457273,19.736,62.02466,20.338007,678.2299,-0.18332289,42.620495,0,background
8.848333,24.978357,23.508,39.123028,14.737321,24.751503,-0.30030647,59.60946,0,background
6.7823334,24.198421,31.82,62.950897,0.0,0.0,0.0,0.0,0,background
12.290999,23.48838,26.568,95.577354,28.60429,156.7586,-0.06094316,30.512077,0,background
6.843667,24.821075,29.524,62.0778,0.0,0.0,0.0,0.0,0,background
12.699333,23.854784,27.04,67.97817,29.958035,70.60749,0.46648258,26.448376,0,background
12.864,31.816383,27.652,90.76047,20.766808,1568.1702,-0.13328904,32.226994,0,background
12.827667,23.504227,26.88,72.77139,26.7859,114.935104,0.6287143,27.06418,0,background
10.198667,27.93849,29.128,82.14888,30.258278,76.753456,0.23163398,33.84813,0,background
14.582666,31.162209,30.876,89.791245,0.0,0.0,0.0,0.0,0,background
12.661333,25.322666,29.504,120.97837,21.668602,158.77672,0.18334469,56.204735,0,background
13.263666,23.754686,26.556,73.46582,25.873238,126.21877,0.28106785,35.1368,0,background
7.9356666,23.825108,22.064,37.111107,19.764395,263.23938,-0.11459843,44.950367,0,background
13.9713335,31.441475,29.572,93.52171,15.793166,1347.9535,-0.14543295,56.86369,0,background
11.738334,24.222727,25.184,96.68693,20.358057,598.41016,0.067265935,36.883766,0,background
12.595333,23.867455,27.32,107.276985,29.66229,240.16582,0.17867813,25.432724,0,background
9.539,29.032747,30.996,64.565475,29.538654,333.5259,0.07041078,30.843822,0,background
14.329333,25.650389,24.448,72.23019,20.893667,831.1229,-0.32175264,38.61608,0,background
10.206,19.035362,26.092001,83.10053,25.814333,38.00323,0.16741867,29.406675,0,background
10.901667,21.492126,26.844,87.81158,27.770515,86.36178,0.67404485,30.728905,0,background
11.268667,22.825851,26.14,91.931946,26.890936,319.5378,-0.01961914,29.205372,0,background
11.868667,24.564672,27.896,110.40994,25.713953,134.7078,-0.23614271,37.129917,0,background
14.127,31.163418,29.56,96.64336,15.7861185,1319.1566,0.53920746,49.395348,0,background
13.978333,28.776213,32.004,86.82398,25.14028,1038.2522,0.1754482,35.231754,0,background
13.134334,23.925846,26.7,92.96934,29.757786,96.77865,-0.39835653,31.15717,0,background
10.140667,26.918312,23.888,80.202965,24.60906,484.24255,0.16511187,32.58338,0,background
8.035,22.3021,22.068,34.322994,22.737297,340.4167,-0.33066356,44.58852,0,background
7.614667,24.393475,31.907999,49.738094,0.0,0.0,0.0,0.0,0,background
13.955,25.474627,23.568,69.48899,19.2886,764.32623,0.24830326,42.465107,0,background
10.829333,20.654053,27.172,93.28572,29.158117,57.57099,0.31243497,27.084862,0,background
13.475333,23.982582,27.084,71.355965,24.531284,98.08715,0.51090956,28.370497,0,background
12.800667,31.55983,26.412,91.75341,22.4282,1842.8077,0.24582352,31.64817,0,background
11.405,32.23937,18.652,96.897705,0.0,0.0,0.0,0.0,0,background
11.979667,31.67213,23.388,89.00689,0.0,0.0,0.0,0.0,0,background
14.860666,25.918562,26.74,71.44278,20.903648,269.53128,-0.40845016,38.927788,0,background
8.008667,26.624556,32.18,64.16729,27.161762,472.7502,0.03196414,26.032988,0,background
10.655,21.760885,25.552,90.00343,27.935469,417.7452,0.06007251,31.831577,0,background
12.727333,26.00812,25.372,99.879944,26.492214,446.04074,0.73180324,26.650805,0,background
12.683333,28.237896,22.036,103.60556,19.693956,1213.4608,0.13711025,32.43774,0,background
12.734667,26.025232,29.26,119.00114,16.50915,175.50905,0.6153637,53.760685,0,background
11.447333,23.197157,26.608,110.607216,24.123837,221.82098,-0.2748268,30.300337,0,background
11.939667,22.32882,27.1,109.78885,27.520218,176.46469,0.36015296,23.978477,0,background
11.946,22.827333,26.704,78.148125,26.192783,146.47565,0.36820728,30.086378,0,background
11.659,24.90175,24.304,97.68783,18.866476,662.1359,0.36034107,38.017475,0,background
14.193334,30.408203,30.492,89.89599,0.0,0.0,0.0,0.0,0,background
12.844333,25.943954,29.9,118.273895,15.626662,188.49837,-0.061614994,54.09242,0,background
13.7699995,29.640951,29.1,88.52324,0.0,0.0,0.0,0.0,0,background
11.797333,24.03107,26.008,94.63627,26.327076,417.73425,0.049139194,33.06717,0,background
8.664,27.98088,27.156,49.65442,24.434135,274.3152,0.09948277,39.243263,0,background
12.743667,24.264408,26.372,71.32416,26.659382,84.964905,0.49307302,28.427921,0,background
12.298667,23.48508,25.544,104.824425,25.622864,205.24126,0.46273676,26.300508,0,background
13.982667,29.281845,30.056,92.826614,19.31785,1418.9574,0.49305665,43.325966,0,background
11.939,23.748806,21.76,71.700645,19.424587,896.9682,-0.15505104,43.19989,0,background
12.435333,25.05507,20.028,66.610596,19.769682,1192.6014,-0.33894292,41.98969,0,background
14.585667,35.122486,23.344,93.47935,0.0,0.0,0.0,0.0,0,background
7.439,25.539001,30.712,57.71066,0.0,0.0,0.0,0.0,0,background
10.008333,23.244923,22.336,87.080246,18.240082,639.87305,-0.37840113,39.10366,0,background
8.41,27.501635,28.872,48.599316,31.624737,363.17538,0.45616418,36.83729,0,background
14.421667,25.409943,27.016,73.92549,22.385286,264.52927,0.17088309,35.430603,0,background
8.967334,30.164604,28.5,44.557743,31.47429,441.7239,-0.59482133,37.641315,0,background
11.956333,21.89163,24.868,72.34966,27.129198,210.31403,-0.3455994,36.696213,0,background
6.933,43.625725,24.248,23.070997,0.0,0.0,0.0,0.0,1,presence
7.8056664,26.168922,31.78,67.648056,26.462154,533.1411,0.5367163,31.383251,0,background
8.517333,26.814423,31.472,59.625156,29.141136,86.75336,-0.07986245,35.510983,0,background
7.6936665,26.25108,30.528,41.282074,1.6643372,7.980811,-0.11096509,3.057176,0,background
11.509666,25.17425,25.552,83.678154,26.309175,247.87976,-0.22494872,28.616121,0,background
12.398666,24.52656,25.512,98.70358,24.110453,521.40845,-0.28958553,31.777843,0,background
10.339334,24.103258,21.696,91.75533,17.185911,891.9536,0.79033035,39.06998,0,background
14.880667,31.285566,31.568,94.412384,0.0,0.0,0.0,0.0,0,background
13.184,23.871948,23.6,94.15987,20.275387,876.7163,-0.0041633854,43.63385,0,background
12.068,23.666458,25.508,103.22968,19.674786,350.93402,0.024915885,38.44977,0,background
11.636667,20.939802,26.196001,74.95891,30.09322,20.652447,0.12828791,30.543915,0,background
12.984333,27.15706,29.355999,126.6289,17.475317,245.03896,-0.2552799,45.261887,0,background
10.440666,20.50728,26.576,79.722244,36.528664,62.455963,0.24873546,21.209482,0,background
8.869333,28.474808,27.756,47.144634,23.796898,157.05415,-0.33155918,41.66324,0,background
9.962334,29.432562,26.3,51.107845,26.178347,1091.6942,0.18706967,39.614212,0,background
14.514,31.977615,30.192,94.07187,18.134167,1410.9559,-0.34021482,44.78358,0,background
11.196334,23.190416,24.54,94.107574,20.74246,599.1577,-0.3463472,37.109272,0,background
9.246333,25.435555,23.86,63.76736,23.999384,183.86946,-0.2491341,39.184387,0,background
11.675333,27.41976,23.796,104.70435,22.553284,879.9138,-0.44670415,31.518269,0,background
14.044333,25.433418,24.06,70.8139,19.703754,737.50806,0.27379748,41.093166,0,background
10.940001,30.104568,27.44,75.56481,29.635172,453.65543,-0.39469475,30.39775,0,background
9.7369995,18.814732,26.355999,79.15811,24.709215,50.478367,0.42491683,33.07436,0,background
11.843666,22.611048,26.028,106.87993,27.55024,291.45557,-0.36340898,29.649525,0,background
13.729333,23.040434,26.376,89.56872,22.81872,342.1513,-0.39722708,40.07796,0,background
12.181334,24.109993,25.916,74.95092,24.718576,77.76142,-0.7645519,30.254875,0,background
11.895333,22.503468,26.1,109.21933,26.54136,249.80087,0.33213982,29.549612,0,background
9.324,29.480207,30.388,49.813404,29.009863,194.49469,0.4262511,38.73068,0,background
10.882334,21.36472,27.916,119.97409,25.510895,125.43291,0.37911555,43.04358,0,background
8.474,23.375261,22.6,35.316113,21.74298,259.21002,0.20087324,43.564377,0,background
10.824333,20.500631,26.144001,76.72483,26.313461,41.084026,0.2191608,30.616566,0,background
7.432667,24.446344,30.916,50.927788,0.0,0.0,0.0,0.0,0,background
13.725667,31.623045,28.768,92.38694,12.192741,1475.7185,0.7200034,65.12173,0,background
11.544666,24.880747,27.58,103.15394,17.558203,218.41371,0.28904167,50.810493,0,background
12.336333,24.098167,22.188,71.50974,19.492323,877.5334,0.27464387,42.980816,0,background
10.020333,29.271832,27.868,84.60238,26.764816,317.3269,-0.12627858,35.416798,0,background
7.4473333,25.56059,30.276,62.841534,27.699629,815.84314,0.35782486,28.031342,0,background
11.104,22.388903,26.456,94.914986,26.804026,241.12221,-0.5844767,29.063192,0,background
12.547334,22.575268,27.0,76.00651,26.27148,54.683746,0.6821476,32.23461,0,background
14.385667,25.53729,25.328,70.53002,21.098919,645.592,-0.26806828,39.513664,0,background
7.7636666,26.94595,24.956,63.236427,29.012299,1552.5039,-0.17052726,26.052504,0,background
12.324667,22.577612,26.38,92.38801,29.648726,114.80578,0.7935373,30.3708,0,background
9.978333,23.977156,20.303999,56.91958,20.060616,498.63943,-0.652196,41.298023,0,background
14.829,32.242565,28.76,89.195435,0.0,0.0,0.0,0.0,0,background
6.9886665,22.782196,32.068,48.056202,0.0,0.0,0.0,0.0,0,background
11.9383335,23.390152,28.792,124.86358,26.504492,129.92351,0.11366261,47.5664,0,background
10.391334,25.85166,21.864,92.55777,20.835962,879.50323,0.070503436,38.03907,0,background
10.247,29.526855,26.32,50.7729,25.325962,1085.7833,-0.14079599,39.13042,0,background
9.926667,28.829771,27.428,80.73439,28.711523,399.1179,0.005660839,28.698713,0,background
7.809,24.882105,31.716,49.174942,31.26098,30.782047,0.70774823,26.368153,0,background
8.108334,23.322147,28.0,103.56514,11.547602,3.3098078,0.31797722,16.720179,0,background
8.189,24.65972,22.816,40.312588,22.38265,178.37454,-0.2837763,44.346737,0,background
10.518333,27.814505,28.508,93.290665,31.509241,106.86839,-0.066540204,32.766724,0,background
10.674,29.505749,24.704,83.07911,25.38766,1760.3468,-0.13790587,23.85999,0,background
6.5536666,24.009623,29.38,63.056515,0.0,0.0,0.0,0.0,0,background
11.517333,21.43637,26.82,78.8222,29.676025,54.02294,-0.2877245,29.235361,0,background
14.639667,30.644869,31.868,96.79536,0.0,0.0,0.0,0.0,0,background
12.2960005,31.00353,26.044,90.056,0.0,0.0,0.0,0.0,0,background
14.3376665,28.899595,23.276,67.729935,20.38361,711.22864,-0.7244155,40.40518,0,background
9.542666,28.383898,28.696,79.532974,27.274805,207.43634,0.098087125,36.629658,0,background
10.6866665,27.20084,27.912,103.064255,22.41135,138.12126,-0.09797997,37.158474,0,background
10.568666,29.617382,23.548,84.0387,0.0,0.0,0.0,0.0,0,background
13.258667,25.69509,26.268,97.40655,23.616928,605.7205,0.52232134,26.289875,0,background
9.89,23.590307,27.036,107.191154,22.510773,167.19704,-0.18803167,39.697384,0,background
13.657,31.083849,28.88,93.3404,16.89281,1540.0145,0.026246019,46.09169,0,background
12.088667,22.888266,28.232,116.9659,30.449903,139.95729,-0.15836503,39.283615,0,background
11.37,23.154938,25.32,97.37986,25.222036,475.32706,-0.16598164,33.01212,0,background
12.854334,32.788322,23.992,91.72553,0.0,0.0,0.0,0.0,0,background
7.3323336,23.69243,31.488,50.04898,23.06156,29.35793,-0.3910533,42.768723,0,background
11.929333,23.673069,26.904,103.290054,23.709764,270.21954,0.46045986,33.102486,0,background
14.576,26.501818,24.212,70.71441,20.25079,770.49554,0.70101047,40.903637,0,background
11.696,21.443237,26.552,76.591255,28.80779,43.136887,-0.09288845,29.377954,0,background
11.051333,21.944664,26.156,91.61519,27.326376,297.8072,-0.14319336,30.499334,0,background
11.611667,20.950611,25.008,76.22945,25.988241,73.23395,-0.32302558,36.629322,0,background
12.692667,24.332233,26.632,102.07837,27.092566,326.64743,0.14144608,25.333357,0,background
7.7106667,24.562521,32.348,48.787292,0.0,0.0,0.0,0.0,0,background
6.38,23.493889,27.604,60.765556,0.0,0.0,0.0,0.0,0,background
10.397,29.419922,23.196,82.71689,23.074602,2028.7909,0.18174885,25.25325,0,background
11.410666,23.141613,25.34,97.64929,25.983707,459.79047,0.31610793,32.46877,0,background
11.351,27.008184,27.924,101.859406,20.877327,88.86669,0.007610096,38.769592,0,background
7.7366667,25.87514,31.984,55.662937,0.0,0.0,0.0,0.0,0,background
11.158,21.943832,27.54,92.229164,27.837008,72.73613,0.6159447,29.442076,0,background
10.641,29.571476,30.0,78.84387,27.710527,13.755919,0.32791656,28.422361,0,background
11.128,24.91046,26.8,104.56634,17.385054,277.72873,0.12705432,40.6731,0,background
14.644667,26.047003,25.435999,71.1718,19.46049,643.77594,-0.28857267,40.097614,0,background
14.398666,33.75848,26.552,91.37693,0.0,0.0,0.0,0.0,0,background
12.525333,23.740208,22.536,81.763245,20.144783,657.1799,-0.25091794,45.425484,0,background
15.044666,37.6644,18.124,98.35606,0.0,0.0,0.0,0.0,0,background
12.508,31.515823,25.28,91.10549,17.627317,2069.6348,0.54236436,36.12662,0,background
13.129666,27.387707,27.728,117.54635,21.061852,354.33533,-0.45246378,48.218727,0,background
11.878,23.28837,28.976,116.42213,23.784063,134.63254,0.11224649,52.63024,0,background
12.227333,22.69701,26.536,75.94574,25.549133,115.04717,0.7439376,31.119389,0,background
12.748667,24.372307,26.964,102.141884,25.361797,286.17218,0.15680048,26.175766,0,background
12.431334,23.474834,26.424,109.17922,24.589144,201.81384,-0.19987798,26.146507,0,background
14.181666,29.298544,31.476,99.11366,19.776072,1112.8464,0.07819477,43.908176,0,background
11.107,23.060793,23.872,97.59454,19.735245,716.743,0.011405105,37.71822,0,background
13.706,25.860378,23.812,70.3259,19.005053,708.5862,0.20611064,39.45874,0,background
13.5546665,25.739967,21.76,68.5834,20.060053,1092.5604,-0.3262424,41.422825,0,background
12.7109995,24.276165,27.036,99.352585,27.389254,308.11087,0.24681814,21.277996,0,background
12.594,25.228365,26.792,101.945656,21.666458,483.59616,0.41461527,34.526352,0,background
11.857,22.189161,26.204,76.180534,23.156145,132.85579,0.17361982,35.412277,0,background
6.238,19.967989,23.512001,26.094522,18.779778,254.2642,-0.72573125,45.132008,0,background
12.257,22.298428,26.392,88.02589,26.619986,99.68808,-0.48834857,33.32541,0,background
12.943,31.148922,27.956,92.619286,0.0,0.0,0.0,0.0,0,background
12.304334,24.606699,29.216,118.76063,21.676357,148.54729,0.52699167,47.076225,0,background
12.679333,26.327518,28.516,127.351616,23.793076,180.48499,-0.30229333,48.877876,0,background
12.415,22.872145,26.584,90.94388,31.241526,58.983734,-0.5382077,28.455366,0,background
10.305,23.889559,26.588,105.4891,17.532578,304.20737,0.23467495,47.8406,0,background
12.008333,23.300863,26.996,120.74025,22.309523,152.72966,-0.08114748,46.275627,0,background
11.128333,25.404833,24.368,92.66527,18.575739,463.92612,0.042985983,37.314606,0,background
11.730333,22.506395,28.532,115.42195,32.78196,130.1257,0.260999,33.038834,0,background
11.575334,26.219383,26.008,104.78521,21.94379,508.5226,-0.20659097,33.58044,0,background
10.974,21.308737,26.74,96.18722,29.550545,69.32586,0.5491205,29.649334,0,background
6.3791666,24.516397,28.75,55.404446,16.905176,8.997142,-0.16457164,17.360329,0,background
7.5726666,25.185135,30.676,55.379017,0.0,0.0,0.0,0.0,0,background
11.371667,21.966595,26.572,80.62905,29.409698,176.315,0.17710757,27.392212,0,background
15.218333,26.41705,25.412,71.65525,19.685932,448.49347,-0.002837389,44.80554,0,background
12.289666,24.493118,25.38,98.54654,23.185148,445.73276,-0.57720315,33.562355,0,background
11.018333,21.572428,26.628,76.97012,31.82421,68.995346,0.30934593,17.886906,0,background
13.098333,27.638279,26.492,127.48308,19.035273,621.8496,-0.09119225,48.964237,0,background
10.803,29.270077,29.792,86.092575,26.030916,113.92514,0.49064046,33.714333,0,background
11.088,21.456768,28.208,120.77309,20.317236,139.94643,0.037580997,58.821274,0,background
6.713333,24.23236,30.552,62.080627,0.0,0.0,0.0,0.0,0,background
12.852667,23.852472,23.08,88.7191,20.814068,702.35345,0.37424558,46.06691,0,background
12.625334,32.54623,24.784,90.66379,0.0,0.0,0.0,0.0,0,background
12.476,26.072056,24.352,100.27361,22.046614,928.36487,0.62787986,28.26638,0,background
7.735333,26.171787,32.107998,65.15998,28.941315,531.4614,-0.11931325,24.977106,0,background
11.517667,21.82699,27.268,96.134605,31.846144,65.591034,-0.13133474,28.75301,0,background
8.052334,21.702063,18.784,33.60211,18.85197,1205.0432,0.89062065,43.79481,0,background
14.694,31.515957,31.044,91.33158,0.0,0.0,0.0,0.0,0,background
13.473,30.53717,29.112,98.17925,17.620617,1141.7517,-0.08545649,42.791065,0,background
11.490666,20.221502,26.272,85.481705,29.835373,74.334114,0.42018068,31.430582,0,background
12.319667,26.160849,20.528,61.428825,19.50549,674.80707,0.20734133,43.525547,0,background
11.524333,22.991648,27.432,118.22917,26.190895,222.57849,-0.07260935,46.917053,0,background
11.574667,22.961964,26.68,95.679665,26.826698,160.33296,0.48125145,26.197796,0,background
12.251333,30.745165,27.364,89.05737,18.175886,1410.9915,-0.07013323,36.223442,0,background
8.008,24.117577,23.152,43.973133,20.893164,45.4535,-0.8618998,44.84452,0,background
11.697333,21.56747,26.648,77.02955,26.68492,71.755646,0.35375953,30.689821,0,background
7.9959993,26.593056,32.996,64.50455,26.358667,374.01437,-0.17600045,27.457483,0,background
10.607333,21.047966,26.728,93.17207,27.755249,150.07245,0.015078932,29.22034,0,background
12.210334,23.414768,26.624,111.5828,27.490473,186.05602,0.2166839,24.488867,0,background
7.5973334,21.934788,22.34,32.035606,17.154137,203.70575,0.26005426,46.895065,0,background
11.114333,30.218416,12.868,96.7748,0.0,0.0,0.0,0.0,0,background
11.8046665,31.485828,22.744,88.24789,22.441992,2362.0696,-0.2703196,22.311865,0,background
11.730333,27.71294,17.960001,90.3481,21.412457,1854.3229,0.48956546,44.707565,0,background
14.223667,33.498978,26.284,90.98664,0.0,0.0,0.0,0.0,0,background
12.116667,23.795496,26.476,103.93442,27.22837,292.81366,0.20265022,31.220638,0,background
8.488,23.64082,23.096,35.68379,18.691957,50.178013,0.3780508,48.057568,0,background
11.895333,24.55684,23.38,103.14181,21.17059,820.1811,0.20978941,38.696747,0,background
7.3043337,25.593319,31.732,62.008076,0.0,0.0,0.0,0.0,0,background
12.018,24.865513,27.7,103.90251,20.980543,248.24446,0.27878517,45.096786,0,background
7.545333,24.041975,32.508,48.186214,0.0,0.0,0.0,0.0,0,background
12.303,25.219336,24.684,100.8601,23.49688,591.7602,-0.37341815,34.083794,0,background
14.944333,31.22771,31.368,93.19441,20.309305,1301.0488,-0.49348497,37.7664,0,background
10.668667,19.925047,26.828,87.24499,31.200031,51.949295,0.74162257,27.586199,0,background
7.911667,26.674534,31.648,59.92225,0.0,0.0,0.0,0.0,0,background
13.087333,24.544886,27.128,65.40864,25.114872,218.24857,0.42321008,32.821175,0,background
14.509666,30.678421,31.728,91.29373,0.0,0.0,0.0,0.0,0,background
13.739,24.1969,25.944,95.02766,20.62907,369.6702,-0.06807207,42.67613,0,background
8.263666,27.115324,31.468,65.67687,26.450996,204.0293,-0.5889616,32.006954,0,background
12.909667,24.72169,26.412,68.586555,26.788256,116.949066,-0.26607877,28.366255,0,background
7.102667,25.204638,27.884,60.17653,27.944445,1131.435,-0.09860147,28.442123,0,background
8.661,23.965136,22.0,35.96184,18.744015,555.28156,-0.32564425,45.24189,0,background
6.6903334,21.252647,25.124,27.284025,25.018364,64.03827,0.10545723,43.359253,0,background
11.077666,24.608288,24.32,86.528496,24.044197,426.3504,0.36768627,34.46665,0,background
7.818667,26.721348,27.78,61.523335,24.555105,1023.45654,0.44510746,32.934196,0,background
10.1970005,24.892588,25.096,88.99472,20.973179,58.318336,-0.32772204,32.115597,0,background
13.483666,28.067583,27.46,129.85916,26.270012,303.06754,-0.4075306,44.293797,0,background
11.462334,22.002329,27.116001,114.73136,28.130686,182.18846,-0.30972373,27.97583,0,background
12.313666,24.821938,25.28,99.276634,23.58013,726.9635,0.4226033,30.015795,0,background
12.269,23.914314,24.52,102.191925,24.482988,469.15918,-0.7965819,29.860373,0,background
11.669,24.395802,26.936,104.93732,19.645554,381.60825,0.24063008,44.070457,0,background
8.668667,27.045635,31.196001,61.73209,25.67559,122.918365,-0.2664672,30.893497,0,background
13.649,31.887207,29.228,95.848785,15.130759,1509.8976,-0.3153901,47.82059,0,background
7.830667,25.970638,32.38,55.34749,0.0,0.0,0.0,0.0,0,background
13.611667,24.835182,24.736,74.167404,20.487822,594.62695,0.070873305,40.262207,0,background
11.506666,22.989426,26.779999,106.593506,24.144743,229.47699,0.068612106,29.876928,0,background
11.723,25.52029,24.536,103.43396,18.464706,749.5591,0.3325633,32.691795,0,background
11.388333,21.920876,27.724,119.940094,21.377329,141.78244,0.048566855,57.468044,0,background
12.250333,28.012287,27.428,103.98862,21.699316,249.55995,-0.18302093,34.503128,0,background
8.852667,28.29051,26.724,50.720467,30.983963,861.22253,0.40106982,41.32145,0,background
12.855,25.902718,29.8,113.59701,20.644121,178.28113,0.55242586,48.111923,0,background
13.372666,24.175043,25.264,71.31793,18.678572,461.7921,-0.31370932,42.59753,0,background
12.6623335,26.231216,29.672,111.319565,20.159899,279.83188,0.7869749,47.315056,0,background
11.149667,25.048676,28.012,105.18555,25.835157,18.013327,-0.2893658,43.86207,0,background
15.014,32.980404,30.616001,92.22381,0.0,0.0,0.0,0.0,0,background
10.332334,26.304312,21.264,86.5091,22.191658,980.70844,-0.08072988,41.00692,0,background
14.94,30.832092,32.392002,86.54395,25.148552,1093.3083,0.39658624,34.399418,0,background
11.819,24.217278,25.144001,91.380974,19.392979,567.0617,0.35340944,35.97925,0,background
7.2583337,27.970457,29.25,33.009705,4.6409497,1.2110187,-9999.0,4.660369,0,background
9.099667,26.542023,26.4,36.943176,29.604414,931.21313,0.27071443,35.381195,0,background
12.922334,28.450756,28.916,109.93337,14.934386,1430.2972,0.10769454,49.690968,0,background
12.927334,24.582289,26.892,65.95715,23.53462,279.37167,0.64390427,34.58977,0,background
12.480666,23.723894,26.696,98.67818,26.074657,318.2453,-0.4734482,27.79926,0,background
7.5583334,25.842224,31.748,63.501022,30.52968,574.85474,0.08026923,25.01661,0,background
12.784667,25.212326,20.104,62.983826,21.347157,1053.6093,0.48772615,41.781406,0,background
12.725333,26.091473,27.656,125.993614,28.638264,181.47023,-0.6143756,46.159668,0,background
7.7703333,24.834867,31.684,48.873165,32.986664,30.006582,0.23360388,26.667006,0,background
11.459,22.648035,28.584,124.00013,23.714407,129.94267,-0.14429384,50.011055,0,background
14.177667,25.26853,20.088,88.30571,20.581984,1685.3423,-0.2771211,44.02215,0,background
8.123667,26.178354,31.268,58.912224,23.604563,145.79207,-0.7649322,37.173744,0,background
11.685333,24.966526,26.076,103.47117,19.490543,475.28445,0.57083845,40.92669,0,background
9.687333,29.024849,31.836,63.635277,31.114927,127.958435,0.07706471,30.320005,0,background
11.290334,30.831059,23.516,85.38467,0.0,0.0,0.0,0.0,0,background
13.591666,32.27198,27.876,95.90255,0.0,0.0,0.0,0.0,0,background
10.859333,24.849733,27.8,107.05835,23.183525,7.9930134,0.58712393,51.457817,0,background
13.502334,28.113462,26.596,126.2135,21.355068,593.6511,-0.3074848,49.220577,0,background
11.784333,23.691864,27.772,119.156395,23.168823,192.0892,0.8415891,41.1291,0,background
11.606667,22.277672,26.852,74.22553,28.587433,67.6496,0.79070246,19.156471,0,background
11.773,22.443571,27.144001,110.05053,32.356247,156.63606,0.3306735,20.234968,0,background
10.032667,24.156475,26.04,106.44129,17.237955,388.2758,0.091695465,46.665886,0,background
13.717,32.831497,28.996,100.78124,0.0,0.0,0.0,0.0,0,background
10.655,28.271597,26.988,89.93862,31.440886,459.99542,-0.41723806,30.404373,0,background
12.481333,23.544355,27.3,117.63744,31.91167,157.92589,0.0006863671,34.362743,0,background
11.911667,23.957495,25.524,98.23672,25.57036,495.36078,-0.2402448,32.438183,0,background
13.034333,26.92599,23.12,66.841194,21.613363,482.66846,-0.3717634,39.84011,0,background
14.593333,32.45848,30.772,96.184715,19.217865,1277.2529,-0.36779922,39.1421,0,background
9.552174,24.052988,25.056522,87.54944,26.829552,10.752341,0.30102324,28.56226,0,background
8.383667,23.975254,23.364,32.503876,22.848648,319.982,0.09911484,40.851418,0,background
11.993667,25.58376,24.924,103.21666,17.735477,674.07874,0.45166072,33.401356,0,background
11.534666,21.897385,27.355999,113.31035,32.13559,127.004196,-0.10695497,25.275473,0,background
10.988667,24.99924,26.988,105.070786,17.682169,255.14119,-0.015243844,40.05916,0,background
14.329667,25.294193,26.152,73.70864,19.890827,443.86453,0.06928035,41.148968,0,background
9.382,23.72307,26.928,104.01839,17.764864,126.23542,-0.23458251,47.562355,0,background
7.7546663,26.057346,31.848,68.2498,26.984758,514.3973,0.1638874,30.753426,0,background
12.900333,24.37889,27.516,101.40519,28.782034,222.33391,0.6821576,26.403864,0,background
9.493334,25.749521,28.756,92.83329,30.333118,88.0567,-0.67380905,35.83418,1,presence
12.001,21.575218,26.632,88.027336,25.979801,52.550613,0.24220538,29.37123,0,background
12.47,27.111053,20.74,99.33684,20.936037,1539.35,-0.48231488,35.470528,0,background
14.826333,32.813236,30.472,94.59667,17.538445,1427.1467,-0.828013,44.1023,0,background
12.6623335,22.988985,23.544,78.75116,20.87431,450.18396,-0.36257276,44.177124,0,background
7.3386664,25.96839,27.212,59.385906,0.0,0.0,0.0,0.0,0,background
12.427334,24.604683,29.1,120.37306,21.136435,143.65526,0.14302453,54.36535,0,background
12.173333,22.596773,27.236,108.04011,29.12991,146.07828,-0.54573977,25.114553,0,background
14.000667,31.184664,28.58,95.85394,14.305792,1477.0419,-0.15018418,65.52154,0,background
11.880334,22.889051,26.22,109.75745,27.347422,157.78827,-0.022759609,31.236408,0,background
12.719,26.35516,29.831999,118.30863,18.029003,246.94218,0.21504508,48.41634,0,background
12.621666,24.386866,26.848,99.59146,22.081844,338.3781,0.47106454,33.114326,0,background
8.380333,24.64514,27.036,25.13154,28.549124,595.6385,0.03739014,36.899235,0,background
13.580999,30.549307,30.16,99.64806,16.282198,1238.6719,0.1504641,46.681705,0,background
15.330667,37.319054,19.244,97.43419,0.0,0.0,0.0,0.0,0,background
12.005667,22.805384,27.004,72.79222,31.042345,71.16857,0.2282627,21.997145,0,background
10.846,21.787867,26.532,84.20473,27.581732,99.06257,-0.33206633,28.850864,0,background
8.064667,27.68319,23.98,65.622536,27.724428,1740.3344,-0.038800642,27.604872,0,background
12.174667,25.724026,25.128,102.30631,18.725399,652.68756,0.020809848,33.807148,0,background
13.286,23.5835,26.835999,92.48583,30.59621,114.64855,-0.6005259,29.373882,0,background
14.302,30.48427,30.984,88.03287,0.0,0.0,0.0,0.0,0,background
12.052667,26.736174,23.584,97.64455,20.3328,737.2387,0.027316915,39.80604,0,background
8.077666,25.617363,31.428,52.41795,20.027176,44.421047,-0.4163356,48.37813,0,background
9.823,30.072863,29.608,65.37878,23.147322,737.85925,0.84842616,35.731625,0,background
7.8613334,26.90763,28.444,61.046448,28.734694,956.72504,-0.72462445,29.337414,0,background
13.164667,27.136929,27.628,129.58188,27.13986,280.76352,-0.68981445,45.23777,0,background
11.325,21.408318,27.2,96.23908,29.75999,65.040794,0.26844347,29.182867,0,background
13.529333,29.969284,20.272,94.71444,21.511604,1633.6687,-0.13113265,43.33087,0,background
12.159333,25.802847,23.984,99.1365,19.660576,667.17554,-0.008012879,35.88309,0,background
11.378,22.115534,26.316,99.457306,26.59791,183.84334,-0.45103747,28.930416,0,background
14.571333,25.771725,25.264,72.31133,20.44265,604.7549,0.16167727,39.427467,0,background
12.564334,24.12321,26.812,101.5676,24.807257,268.9655,-0.1610168,27.825165,0,background
6.9663196,26.454378,27.654167,39.61901,34.476536,402.64005,-0.40054202,35.15325,0,background
13.694,32.26369,28.504,98.576225,0.0,0.0,0.0,0.0,0,background
10.721666,22.63292,20.364,71.22512,19.117935,947.7097,-0.23332709,42.795765,0,background
11.835667,22.547564,27.632,112.95611,32.10654,140.4314,0.7689838,29.555918,0,background
12.352333,24.448446,28.824,124.306564,26.776634,136.57384,0.08995965,51.186604,0,background
12.182333,25.074783,24.608,101.2687,25.564531,521.2802,-0.33510783,33.797638,0,background
14.263,29.160534,24.276,68.32629,20.064627,565.7193,-0.29661605,43.015106,0,background
12.532333,25.56993,24.876,94.398224,25.876448,589.81415,-0.17643331,30.58394,0,background
13.204666,31.873772,26.68,94.25056,18.944979,1679.917,-0.28123742,40.271576,0,background
13.171333,31.845585,27.012,93.17988,19.395737,1579.4369,-0.28553012,37.255848,0,background
13.887,25.01982,21.696001,92.05869,21.249693,1209.4336,0.0032774038,43.68328,0,background
11.880334,22.889051,26.22,109.75745,27.347422,157.78827,-0.022759609,31.236408,0,background
8.413,27.710804,28.952,40.975483,22.104914,4.890835,-0.07964119,42.61359,0,background
8.583,26.781702,31.416,59.999893,25.495401,50.120014,-0.26256183,32.142025,0,background
10.090333,20.734697,25.888,82.7636,28.11078,175.83273,0.03585416,28.136553,0,background
11.33,24.9011,28.148,103.15587,28.184704,26.636887,-0.48074862,39.16155,0,background
12.616333,24.191465,26.308,101.441444,27.522757,298.72916,0.5674379,24.85601,0,background
11.987333,25.99838,24.336,98.220085,21.248022,620.07135,0.48099017,37.289078,0,background
12.379,25.778843,24.284,99.45813,19.871206,790.0835,0.6789248,33.026115,0,background
13.996667,32.834442,28.388,94.423645,17.847368,1686.2457,-0.41429514,32.535637,0,background
12.200666,22.229914,26.448,88.86007,27.972628,106.17251,0.023347188,32.217194,0,background
10.1710005,26.440159,28.444,102.09077,21.290335,24.622864,-0.42760867,35.840694,0,background
7.5403333,24.223637,31.96,50.184273,23.849247,32.44692,0.0645317,36.418953,0,background
11.525,22.621103,28.0,120.0931,24.790365,180.88974,0.17717378,46.041115,0,background
12.331667,23.832071,21.34,84.32836,19.06729,951.98846,-0.2803709,44.39473,0,background
10.943334,20.861929,26.94,78.63841,27.012516,40.06863,0.05731558,30.283787,0,background
13.685667,29.00243,30.292,111.58759,0.0,0.0,0.0,0.0,0,background
7.9573336,26.8285,31.024,63.9949,27.629992,682.65,-0.5501625,29.299742,0,background
11.239333,25.056477,23.252,90.38848,16.65532,660.36615,-0.11915858,39.242928,0,background
10.801666,20.71984,27.072,88.78877,31.021694,55.862602,0.3450076,27.17218,0,background
11.714666,30.59938,25.968,87.820564,0.0,0.0,0.0,0.0,0,background
8.634667,24.113792,27.788,98.98342,24.566828,41.803787,-0.27822435,36.821358,0,background
14.691999,26.54669,26.904,69.31245,21.94865,371.1342,0.18551026,34.50313,0,background
10.544,29.75505,30.140001,75.27188,26.939571,10.398336,0.10050333,17.321924,0,background
11.6293335,22.132563,28.292,120.98903,23.73233,146.15018,0.18420944,53.970264,0,background
11.3046665,23.241503,26.26,81.14439,26.717552,165.88814,-0.077757634,30.97351,0,background
7.4603333,22.153265,23.928,34.93836,28.339037,92.96892,0.13389704,37.706997,0,background
12.273666,24.240927,25.456,101.980194,26.119713,436.35843,0.55182695,28.228222,0,background
12.416,22.553223,27.052,94.1001,30.008081,63.861965,-0.48959365,29.974642,0,background
6.463,23.52577,27.76,61.10749,0.0,0.0,0.0,0.0,0,background
8.240334,27.124205,32.204,64.80835,27.161861,436.70303,-0.15811342,29.084965,0,background
14.901333,31.756313,31.064001,92.50229,0.0,0.0,0.0,0.0,0,background
7.5916667,26.327045,30.38,58.98178,0.0,0.0,0.0,0.0,0,background
15.202666,33.26623,30.3,87.05316,0.0,0.0,0.0,0.0,0,background
7.898,22.898064,22.784,30.713678,21.575687,478.71774,0.5187229,44.01069,0,background
12.4470005,23.784683,26.312,105.38195,26.354082,387.06223,0.094413,29.675766,0,background
7.103667,25.50505,30.136,62.9597,0.0,0.0,0.0,0.0,0,background
11.143333,21.8926,27.52,91.66379,27.353569,69.856636,0.53897774,29.609556,0,background
14.349334,25.787746,24.412,70.34721,21.998241,786.37317,-0.48913124,40.712246,0,background
12.447666,26.910383,25.324,105.00786,21.359133,739.9182,0.64085996,31.65117,0,background
10.755667,20.182516,26.94,86.692055,29.640728,54.706413,0.86741614,28.11241,0,background
11.217,21.587759,23.692,72.629135,19.613977,425.9976,-0.28569478,42.986694,0,background
8.446667,23.116219,19.964,34.425762,21.257116,928.6562,-0.105207935,41.983128,0,background
10.441,26.457024,28.184,99.90449,23.373083,29.803064,-0.051989753,34.797558,0,background
11.774333,23.048965,28.9,112.83894,30.082779,131.52669,0.38185814,40.907505,0,background
13.876667,25.756676,23.032,69.70508,19.963974,925.8688,-0.13350813,42.337994,0,background
11.075333,20.726353,26.24,76.82023,28.552164,37.125378,-0.112023495,28.313507,0,background
14.471,32.186386,30.868,98.48909,15.525636,1371.6865,-0.3052362,47.74964,0,background
7.3263335,25.336607,28.204,58.056595,0.0,0.0,0.0,0.0,0,background
8.2126665,26.564455,29.964,63.877132,23.87983,444.22534,0.06371114,41.39981,0,background
9.936334,29.400915,26.68,63.45005,27.89566,452.42126,0.002704618,35.676937,0,background
11.832666,22.488724,28.392,117.27883,25.966322,135.72826,0.25518808,45.267876,0,background
13.580667,30.96085,29.296,96.633194,15.290455,1501.0234,-0.18299687,44.6825,0,background
13.078,27.243563,26.34,100.719986,23.290197,683.3509,0.14325066,27.8428,0,background
10.774333,21.950806,25.716,84.826706,28.94916,333.97903,0.12771705,33.039154,0,background
8.567,23.004833,23.872,34.632877,30.17692,209.49948,0.2612379,34.901783,0,background
12.292,24.662922,29.0,115.62441,23.958876,148.31038,-0.25261927,40.919704,0,background
12.602,26.15391,29.392,108.07775,23.31494,299.28888,0.8623643,44.29284,0,background
14.775333,37.247486,18.04,97.48969,0.0,0.0,0.0,0.0,0,background
11.464334,25.262964,23.26,93.95117,16.567225,766.1965,-0.38550693,41.243004,0,background
12.757,24.037157,21.74,87.91251,21.191841,1091.1857,-0.41702342,42.99618,0,background
14.196,28.360237,25.116,120.04643,22.089502,824.1266,0.45470726,45.27009,0,background
11.392,29.445824,25.352,101.500015,24.1863,371.12994,-0.0046062963,32.87471,0,background
8.646667,26.690536,30.52,22.287529,30.621382,25.727743,0.9286697,25.292953,0,background
11.481334,22.31118,28.072,121.25241,19.725983,133.8602,0.12212595,55.228672,0,background
7.799,25.661358,31.232,53.53879,0.0,0.0,0.0,0.0,0,background
9.608334,27.37417,26.58,97.36369,17.67196,0.75639397,0.47064552,19.928204,0,background
6.792,24.109045,32.3,64.54726,27.9998,400.59158,-0.20192283,30.20312,0,background
7.707333,24.965448,32.232,51.898582,0.0,0.0,0.0,0.0,0,background
8.355666,24.84144,22.723999,38.105915,25.62551,214.80692,-0.19652636,49.82536,0,background
14.469,25.495138,21.932,89.09778,21.424257,1239.7297,0.15937093,43.392242,0,background
13.326,27.120646,26.58,127.766014,26.72532,376.94815,0.17570679,33.398094,0,background
11.503667,22.77052,25.472,102.73938,26.630054,277.62997,-0.124976635,29.335629,0,background
8.823,28.494379,28.52,50.584564,27.947088,331.1255,0.03588586,39.122337,0,background
14.857,31.225304,31.328,95.787186,0.0,0.0,0.0,0.0,0,background
12.516666,31.266653,26.972,89.525314,19.16773,1588.6869,-0.12413985,35.46727,0,background
11.369667,21.831158,26.948,116.65103,26.582323,195.39496,-0.64312685,26.89028,0,background
11.017333,24.572515,24.524,87.28544,24.02674,386.5501,0.1656654,35.213715,0,background
11.640667,20.338017,27.0,80.07865,28.07622,23.531681,0.22841208,32.234127,0,background
10.809667,29.605791,29.012001,84.02376,28.05491,147.09003,-0.10719764,37.50005,0,background
11.102,22.938017,26.0,93.57939,24.02387,351.0106,-0.035278056,34.17708,0,background
11.982333,24.671251,23.348,101.05111,20.789389,877.1162,-0.055595357,33.97555,0,background
13.706,25.860378,23.812,70.3259,19.005053,708.5862,0.20611064,39.45874,0,background
12.375333,24.938202,27.788,102.38087,20.506979,263.77353,-0.19125862,41.538944,0,background
9.090351,28.240135,29.594738,70.79789,24.45281,20.142704,-0.058109917,26.536816,0,background
8.377666,27.572626,29.66,67.49745,26.047064,897.39355,0.4356387,29.086313,0,background
7.4700003,25.645428,31.18,64.75951,28.008486,691.1051,0.0885571,26.96253,0,background
10.301001,23.880285,25.696,106.085526,19.07731,524.9542,0.48244455,47.926167,0,background
13.473001,27.143606,26.672,126.1771,27.844088,345.3359,-0.3158708,26.18206,0,background
7.3719997,23.643362,32.3,47.606087,0.0,0.0,0.0,0.0,0,background
10.422,20.387323,27.216,90.10207,29.674952,58.092182,0.59560966,27.49354,0,background
11.196333,30.604454,23.744,84.458725,25.840382,1994.1971,-0.26596874,27.667019,0,background
7.583667,22.670294,21.996,28.930809,18.205824,483.22852,0.11946826,46.1688,0,background
10.259,20.434628,26.324,81.10468,32.50236,67.9873,0.5091777,20.50151,0,background
12.995,24.42302,26.807999,67.75308,24.282833,116.07606,0.3145979,30.381647,0,background
13.074667,23.818893,26.004,96.60075,23.687834,320.25284,-0.30439803,35.781162,0,background
14.978666,32.096226,30.992,88.67973,0.0,0.0,0.0,0.0,0,background
13.776334,32.648434,27.096,85.68354,0.0,0.0,0.0,0.0,0,background
10.840333,19.582943,26.411999,80.502396,29.613382,24.648092,0.46175694,32.12686,0,background
12.0460005,23.98646,28.532,121.33404,20.739138,155.13057,0.015332012,53.081154,0,background
8.145834,26.576944,28.9,71.662544,6.8296075,3.0748968,0.10503602,8.224646,0,background
14.206667,28.056456,23.432,69.35437,20.061523,823.813,0.14965563,42.740925,0,background
9.782666,26.092678,27.48,100.58827,27.942997,199.27368,0.019967046,36.951313,0,background
9.590667,23.838404,27.6,101.64243,18.84825,5.8316097,0.049425755,43.18425,0,background
8.341333,28.036211,25.9,65.0554,26.84725,1299.2008,0.4437634,29.256767,0,background
9.594,26.389042,29.02,82.69933,29.334946,25.895657,0.20528546,31.965862,0,background
9.3,24.930304,27.9,99.77188,21.750334,9.540736,-0.19438243,37.928646,0,background
15.040333,33.32521,30.232,93.317986,0.0,0.0,0.0,0.0,0,background
14.751,25.98288,25.64,70.02106,21.036999,574.0267,-0.46580335,41.06237,0,background
7.7563334,24.595173,33.072,46.899952,0.0,0.0,0.0,0.0,0,background
11.524,23.125702,25.8,99.50144,27.71827,352.5285,-0.05938859,30.013391,0,background
10.018,24.160719,27.26,104.17689,18.186872,139.25792,-0.27234554,51.69178,0,background
7.841333,26.288498,30.8,60.467102,0.0,0.0,0.0,0.0,0,background
12.3810005,25.47531,23.72,104.747536,18.69397,827.82666,0.08493813,35.910328,0,background
11.493333,25.077093,27.976,103.66091,28.607225,33.547512,0.09926627,38.98463,0,background
6.712667,23.881697,32.468,65.109695,0.0,0.0,0.0,0.0,0,background
14.141666,25.794664,23.464,64.95425,18.589325,650.6949,0.2760694,43.092827,0,background
9.883667,26.398682,27.9,100.12891,28.89235,214.34184,0.09119273,34.81478,0,background
11.537666,22.91038,27.383999,106.211426,22.841547,277.0451,-0.16790643,32.450874,0,background
11.466,24.512571,27.952,102.565056,22.378233,97.69421,-0.43972456,38.0204,0,background
12.6293335,25.456207,28.372,125.554085,27.212282,221.8683,-0.3072482,44.88512,0,background
7.293333,23.132875,25.128,22.868301,18.546844,340.78748,0.71812296,45.627655,0,background
10.613,29.956532,30.184,76.24763,30.891687,27.014149,0.3658769,20.482426,0,background
6.4013333,23.280962,31.06,64.566795,0.0,0.0,0.0,0.0,0,background
10.746333,29.686003,24.412,83.54194,25.729683,1818.8895,-0.16367298,24.059105,0,background
14.415667,29.652103,31.208,106.92569,0.0,0.0,0.0,0.0,0,background
11.613667,24.915615,24.008,97.563034,19.286028,699.99615,0.20601907,37.437786,0,background
9.69,25.366493,28.028,99.4361,22.38845,10.740761,0.39863637,36.645405,0,background
10.249,24.011341,22.539999,88.44349,18.329042,659.0401,-0.28241912,38.57727,0,background
11.650333,26.943417,27.584,102.69508,20.636042,176.89348,-0.5025171,37.057182,0,background
6.5678573,24.480831,29.142857,44.58228,20.203915,12.302399,0.22505051,16.58715,0,background
14.007999,28.749693,31.212,91.29203,19.752756,1237.6823,0.7741116,44.650517,0,background
12.676333,25.619104,27.388,101.43613,19.782799,375.86157,0.35889113,41.829575,0,background
7.378,23.520784,32.72,46.844772,0.0,0.0,0.0,0.0,0,background
6.3859997,21.315086,32.003998,47.34067,0.0,0.0,0.0,0.0,0,background
8.372667,22.788967,23.492,32.39607,16.912374,137.2659,0.4765952,53.0208,0,background
12.546333,23.409084,24.236,93.39428,20.452986,533.35187,-0.06940821,43.322433,0,background
14.773334,32.07411,29.124,78.26087,0.0,0.0,0.0,0.0,0,background
6.6376667,24.05649,29.432,53.673183,34.276363,149.50789,0.15555638,34.494995,0,background
12.784667,26.027414,25.156,99.88547,25.783419,475.8524,0.5704457,26.37691,0,background
12.254,23.337397,26.476,76.93508,21.895584,235.53146,-0.08942404,34.245766,0,background
6.5550003,21.379648,21.383999,39.311462,22.11698,46.651707,-0.29726923,38.629234,0,background
11.429334,32.554783,17.748,98.44403,0.0,0.0,0.0,0.0,0,background
11.648334,27.36149,23.88,106.17601,23.69198,816.291,-0.44496128,33.6199,0,background
11.5529995,25.424736,23.76,95.947235,18.112286,652.71497,0.1276359,38.44282,0,background
12.045,22.610376,27.264,109.86896,31.991812,147.17131,-0.29690987,20.563126,0,background
10.260333,23.79263,26.688,105.41467,17.588362,304.257,0.08608463,49.962944,0,background
6.7869997,22.396383,23.46,28.80187,20.165865,420.2426,-0.4284241,44.7775,0,background
10.533667,20.667215,28.192,110.87198,29.280996,127.10737,0.077450365,37.306534,0,background
10.170667,23.95127,26.936,106.09504,20.005898,215.50304,0.0393567,41.772354,0,background
11.598666,23.212189,25.76,98.12052,28.404135,373.27222,0.31118616,30.876368,0,background
13.982,24.748655,26.288,73.384056,21.721031,295.09537,0.009755327,38.86832,0,background
9.245,25.578243,25.383999,82.47404,27.473286,20.835722,0.17391829,34.70083,0,background
10.935,24.434662,28.008,103.92588,21.087029,90.14962,0.21122797,41.422726,0,background
12.883333,26.62506,26.488,98.46993,21.748268,668.9104,-0.21912424,25.960989,0,background
12.505333,31.398346,25.156,94.10808,0.0,0.0,0.0,0.0,0,background
7.5996666,24.016138,25.692,25.75877,21.700106,77.13215,0.09798567,44.394764,0,background
11.998334,22.853968,28.312,118.177505,29.20443,134.78372,-0.45782956,39.370922,0,background
8.218667,27.713335,25.584,52.519623,27.942318,496.79297,-0.56230944,37.850445,0,background
12.384666,26.207605,23.712,102.89866,19.569468,1031.6215,0.35602492,33.22952,0,background
14.551666,30.837643,31.164,92.35558,19.347307,1225.029,0.5509047,40.20681,0,background
10.763333,24.003866,19.556,63.193405,18.95707,572.2082,0.1634895,42.64744,0,background
14.150667,30.706247,29.668,90.04753,0.0,0.0,0.0,0.0,0,background
14.649667,31.624355,31.04,92.47589,0.0,0.0,0.0,0.0,0,background
8.406,26.72644,31.4,60.887024,26.084589,132.77324,0.4091002,37.549725,0,background
11.774667,22.817354,25.932,101.07871,26.0197,169.84657,-0.24516447,29.874105,0,background
7.7966666,23.706722,22.732,39.85164,21.036371,142.72946,-0.7534887,43.610397,0,background
13.005,27.91731,22.248,90.53688,23.197252,1225.4124,0.017016385,39.91528,0,background
6.918667,24.720118,29.124,60.745346,0.0,0.0,0.0,0.0,0,background
9.812667,25.888208,24.292,89.5694,25.80629,234.7604,-0.2167287,33.30462,0,background
9.858334,29.00192,26.568,68.855835,28.815788,495.12524,-0.29734945,30.432167,0,background
7.8756666,26.581837,28.916,40.424488,24.156208,5.948681,0.079373054,41.537235,0,background
12.910666,25.697983,25.696,97.79206,24.404505,741.89325,-0.35924903,21.705936,0,background
10.901,21.060665,27.144001,86.739716,30.653332,62.313503,0.44170612,25.641613,0,background
7.998,26.66,31.688,57.090855,0.0,0.0,0.0,0.0,0,background
14.619333,25.783657,26.528,73.043,20.533072,406.67734,0.13769427,40.00361,0,background
7.938,24.301983,27.12,28.196371,28.389366,720.2347,0.08231758,33.669006,0,background
6.938667,24.668184,30.668,61.47409,0.0,0.0,0.0,0.0,0,background
11.536,21.27942,26.736,78.10249,24.305456,50.728622,-0.2783266,33.448658,0,background
14.472,30.593607,31.296,90.38844,0.0,0.0,0.0,0.0,0,background
12.555,31.0,26.528,96.60542,0.0,0.0,0.0,0.0,0,background
13.381667,25.643236,22.744,69.23366,20.744589,856.5216,0.039422475,41.67699,0,background
11.864667,31.111462,25.056,88.9883,0.0,0.0,0.0,0.0,0,background
10.096666,25.801561,24.284,40.35783,14.02258,127.748436,-0.12854415,51.936264,0,background
11.795667,21.036644,25.692001,76.630684,29.69002,34.24294,0.5423275,29.934328,0,background
10.047,23.604454,20.524,53.90689,20.049274,332.78235,-0.09880047,44.13989,0,background
10.890385,26.24189,23.330769,65.59901,15.966207,34.420307,-0.33529595,26.001457,0,background
9.677334,22.845451,27.552,106.756546,34.64641,4.8135743,0.4186921,22.154762,0,background
12.3793335,22.346981,26.556,77.04875,24.225956,83.42443,0.49574476,32.32187,0,background
10.224667,29.55106,29.128,80.49457,26.541937,72.743706,-0.31356767,35.81483,0,background
11.712,23.30839,22.8,101.48651,19.715857,990.685,-0.06380309,36.318085,0,background
12.669333,25.532715,28.604,122.40134,24.32149,152.19911,0.2457712,51.014095,0,background
14.786333,33.281563,29.704,92.95623,0.0,0.0,0.0,0.0,0,background
11.838,54.153706,27.98,49.779926,0.0,0.0,0.0,0.0,1,presence
12.9296665,27.234112,29.12,122.50686,17.533686,329.82977,-0.1989141,48.513638,0,background
7.6596665,23.138191,26.792,21.008352,26.08832,610.8431,0.35773757,36.46179,0,background
6.235507,23.756279,29.404348,49.999626,32.84877,74.039825,-0.11668918,33.84683,0,background
10.119667,29.830404,30.092001,69.42907,32.400944,16.02242,-0.5002474,22.12236,0,background
14.32,30.24415,31.22,93.47776,0.0,0.0,0.0,0.0,0,background
14.169333,24.87419,22.332,92.38439,20.996584,1113.7738,0.4665816,43.53488,0,background
12.958667,24.232677,26.556,68.660965,23.034204,247.7446,-0.20487882,38.434845,0,background
14.847,26.421911,25.148,71.33391,18.627367,633.45026,0.21577895,41.195072,0,background
12.198,23.14611,26.076,107.32749,26.040817,318.1509,-0.052287392,29.91332,0,background
8.051333,25.504728,33.568,47.74254,0.0,0.0,0.0,0.0,0,background
13.866,30.072872,28.488,99.22238,18.131124,1498.9974,-0.11187581,57.539932,0,background
11.526667,22.080046,27.516,113.07205,35.345467,127.770615,0.27698883,24.669159,0,background
12.925667,31.385166,27.312,92.27749,19.062449,1543.5638,-0.27760765,40.73714,0,background
13.061334,26.375875,27.752,127.60942,27.791187,292.91003,0.354681,40.192986,0,background
13.725666,24.576828,22.692,95.66312,21.645714,988.19324,0.09845086,43.069946,0,background
15.856,26.684618,24.576,91.612465,22.648388,630.69116,0.57474524,41.079742,0,background
9.372334,25.976534,24.38,71.78959,24.822374,252.63136,-0.32032436,33.85852,0,background
14.314,25.262972,25.524,71.224556,18.165852,389.11023,-0.066302024,43.465645,0,background
12.968667,31.615473,26.816,94.638405,0.0,0.0,0.0,0.0,0,background
8.087,23.740606,27.092001,20.920242,27.13148,562.29877,-0.10982656,38.05556,0,background
11.221666,20.496943,26.092001,86.15417,27.38855,61.876347,-0.65265197,30.952053,0,background
12.256333,24.387802,26.72,97.10125,28.288187,339.02713,0.061896563,30.30258,0,background
13.014667,27.629642,20.668,98.33119,23.280476,1481.2004,0.67717344,33.50041,0,background
7.5473337,26.943214,29.572,34.749924,33.167805,29.343267,-0.10509646,30.125502,0,background
9.179334,22.41267,27.388,107.647484,20.435486,56.08383,-0.17039412,47.979824,0,background
13.185667,28.624666,23.284,101.41004,20.769642,1057.6929,0.19281797,34.19709,0,background
12.305667,24.002626,25.876,99.190735,20.220743,360.742,0.18836068,35.646996,0,background
13.905,29.239214,30.808,95.89151,18.83692,1223.1829,-0.7811182,39.599506,0,background
10.503667,25.17899,26.536,103.651886,20.8449,301.08066,0.21366462,38.965008,0,background
10.691333,21.204548,26.392,83.03129,29.645842,82.96787,0.020297412,25.174295,0,background
12.281334,24.484318,29.1,120.20168,19.925838,147.77739,0.31126907,50.944115,0,background
8.6866665,23.085646,21.024,59.055298,20.854994,234.99548,-0.40588823,43.15558,0,background
12.685667,22.747215,27.08,75.52138,28.745537,42.645813,0.5336971,32.496326,0,background
8.456,22.633835,23.907999,34.520504,31.553162,142.3717,0.6482514,29.127485,0,background
11.855667,26.210794,22.392,97.185715,19.536741,1033.1569,0.40874496,34.451244,0,background
11.348333,29.104261,23.64,93.5448,25.01173,635.8115,-0.69616944,32.495052,0,background
7.493561,21.081629,26.709091,101.41084,17.981491,54.75124,-0.011527504,54.9718,0,background
12.136,23.736504,29.028,122.93338,21.133514,138.19424,0.19115373,55.142044,0,background
12.968666,26.316286,27.632,127.048775,27.454918,299.54175,0.43759465,41.700085,0,background
7.642667,24.115444,32.74,49.217037,0.0,0.0,0.0,0.0,0,background
12.154333,26.572657,28.604,110.045074,19.994698,102.42396,0.22218184,51.57952,0,background
9.956,29.543026,29.436,74.91785,28.155293,41.291138,0.0821573,36.78734,0,background
9.823,30.072863,29.608,65.37878,23.147322,737.85925,0.84842616,35.731625,0,background
7.5983334,26.025255,29.96,62.771233,31.382357,832.688,0.12119427,23.327705,0,background
13.125999,27.727081,20.776,94.85048,23.908268,1471.3789,0.042727605,41.11472,0,background
12.105667,26.549845,24.48,97.341064,18.642801,541.6376,-0.24719742,40.936127,0,background
11.455999,21.710127,27.268,118.811775,32.471527,158.42809,-0.4879456,29.959234,0,background
7.3966665,23.719429,32.432,47.38311,0.0,0.0,0.0,0.0,0,background
11.979,24.16875,26.52,80.83687,28.922573,117.41896,0.040693358,31.184633,0,background
13.045,26.607244,22.736,65.62442,20.042593,572.1255,-0.2515016,40.670856,0,background
12.849,31.183865,27.656,100.16752,0.0,0.0,0.0,0.0,0,background
7.305,25.217482,31.008,62.56715,28.950895,670.5444,0.2767416,25.97208,0,background
8.643333,22.858706,22.084,34.345634,17.74162,515.7643,0.37337676,45.134895,0,background
11.501666,21.323074,26.556,77.791214,24.614918,82.19748,-0.23348165,31.467688,0,background
8.6640005,23.062181,27.068,99.269325,19.115402,34.41186,-0.5318338,52.26803,0,background
12.506333,24.765017,26.552,97.797775,27.219652,289.7397,0.38012195,30.483652,0,background
11.106334,20.686808,27.1,90.214325,31.129564,50.043327,0.07336554,27.387865,0,background
8.692,26.649498,27.824,37.76698,30.110994,654.5401,-0.1042208,34.837788,0,background
11.376333,22.893692,27.18,113.327415,27.376682,213.86858,0.35290888,36.340954,0,background
13.683,25.596752,27.32,66.09585,24.626974,210.08406,0.033823386,29.841507,0,background
13.625999,24.323456,25.904,96.98521,20.56025,332.87,-0.09281702,36.66533,0,background
12.149333,23.410925,23.444,71.16703,21.902344,612.28406,0.2624461,43.97686,0,background
13.376667,30.324326,20.868,94.759254,21.357527,1447.0868,-0.5538101,40.275204,0,background
12.6449995,23.266726,26.9,71.96248,27.498213,77.18599,0.033598814,25.290033,0,background
11.991,22.47189,27.220001,117.89451,28.80472,153.04884,0.02947837,37.963634,0,background
8.645333,27.121763,31.624,58.591022,28.441742,66.303505,-0.26596117,34.420773,0,background
10.445667,22.247543,18.776001,64.36826,20.662716,1181.3597,-0.3473522,42.803646,0,background
10.9626665,24.586586,19.716,59.686295,18.967329,846.2391,-0.19754787,41.810627,0,background
7.5643334,25.767588,30.624,60.703762,0.0,0.0,0.0,0.0,0,background
11.466667,25.719242,25.896,105.13355,20.550268,470.32858,-0.33673796,34.705463,0,background
10.889667,20.330196,25.684,85.38106,26.266195,127.59558,0.02028298,33.19433,0,background
12.691,26.336432,29.464,120.15502,17.354742,222.87643,0.43797722,49.025337,0,background
11.593333,21.923853,27.352,96.02228,32.546494,65.12876,0.26342776,28.88043,0,background
8.223667,22.866385,22.368,36.182144,20.405876,199.70584,-0.38415968,44.55865,0,background
13.762333,25.185444,20.296,89.80969,21.298733,1503.9191,-0.23801611,44.32532,0,background
12.247,24.230373,24.22,101.65487,23.576733,580.9318,-0.38355616,33.247894,0,background
14.722333,25.679085,27.092001,73.2315,21.455751,244.19577,-0.45353407,35.644527,0,background
12.922,22.307001,25.076,93.10067,19.68073,550.4796,0.037289932,41.47156,0,background
10.224333,28.169312,29.407999,80.91055,29.595243,38.5557,0.13422823,31.791197,0,background
11.368667,20.95684,26.7,76.33599,27.667027,25.81782,0.4026472,31.767897,0,background
11.9626665,23.472778,25.064,106.09178,24.421942,432.63586,-0.58565843,31.311829,0,background
12.164,25.1177,26.156,80.476616,29.822498,148.88574,0.82088304,28.320934,0,background
12.506333,22.838448,27.704,105.05381,29.34288,110.26116,-0.295434,28.450022,0,background
7.1369996,20.701357,19.904,54.518272,21.41222,141.03067,0.076923914,41.421394,0,background
9.977333,26.840992,25.108,96.15541,25.830507,628.33966,-0.17902659,37.98725,0,background
12.397,23.769077,26.476,105.7076,28.091427,357.31204,0.3386078,28.569632,0,background
13.410333,24.602505,24.984,73.00165,20.188362,544.2477,-0.18866119,43.384148,0,background
13.579333,26.964523,24.136,69.62916,22.86516,659.7117,0.679621,36.1484,0,background
8.655666,23.644194,23.532,36.820778,22.98217,255.15762,0.34836307,38.628773,0,background
6.8781247,24.726631,30.1,53.583992,35.29913,56.79288,-0.30156776,33.459045,0,background
10.012333,25.63059,24.664,41.018208,11.681462,82.77009,-0.39750427,52.29205,0,background
13.829333,28.427343,24.64,123.96695,27.367283,761.9394,0.10663345,40.43828,0,background
13.704666,25.341469,23.216,72.26547,21.460192,842.54297,-0.103230916,40.80044,0,background
14.679333,25.885824,26.632,72.84031,20.387238,359.5616,0.14678012,38.60366,0,background
7.979333,27.333971,25.896,61.011585,27.359575,1314.102,0.29349056,27.331114,0,background
14.2109995,25.42764,25.7,68.66774,20.830774,438.39178,0.1325008,38.311756,0,background
11.437,33.2355,14.296,97.78007,0.0,0.0,0.0,0.0,0,background
14.507667,25.577692,26.312,71.85722,20.538784,457.111,-0.032114472,38.56001,0,background
12.111334,24.512897,28.688002,115.180046,21.14729,145.75552,-0.328869,40.461662,0,background
7.628667,25.880943,31.039999,57.628258,0.0,0.0,0.0,0.0,0,background
14.663667,32.84283,27.968,91.42823,0.0,0.0,0.0,0.0,0,background
12.354667,24.139637,25.824,102.38749,25.981075,341.44415,0.20666565,25.557981,0,background
14.681,30.962122,31.42,87.47165,0.0,0.0,0.0,0.0,0,background
14.274667,30.629704,30.464,100.413345,20.392248,1416.1051,-0.6548868,42.828636,0,background
12.733667,27.60986,23.816,103.26097,21.24774,1027.9652,0.1676203,33.294003,0,background
8.456,27.533213,30.092001,45.15015,13.073388,21.338669,0.22543178,33.33486,0,background
10.786,20.254639,25.576,85.569275,27.076073,136.90477,-0.2398082,32.534462,0,background
11.88,23.682322,21.956,71.71453,19.990343,840.9919,0.32439527,42.786514,0,background
13.516,31.949697,27.896,96.24492,12.757378,1514.0222,0.87517726,53.836205,0,background
6.946334,24.587051,30.888,61.245285,0.0,0.0,0.0,0.0,0,background
12.543,24.667637,25.848,100.83345,25.230934,488.49866,-0.00017783961,32.103893,0,background
10.939,25.17027,25.044,91.74706,19.200623,239.4315,-0.39589855,34.619617,0,background
12.575334,23.145353,25.452,94.288216,20.39521,434.50284,-0.19728866,39.542984,0,background
13.053667,26.207972,27.02,126.2573,22.484728,337.41016,-0.0014943171,30.608112,0,background
11.121333,27.85626,26.452,100.57852,26.633389,389.6648,-0.041213274,31.059128,0,background
8.338,26.07907,31.652,56.2027,25.546658,40.952427,-0.06533037,34.866955,0,background
12.3046665,25.216547,27.796,122.27002,33.227608,150.5258,0.12084881,42.43473,0,background
13.758,25.208883,23.552,70.44604,19.838568,736.14526,0.41372347,41.872868,0,background
8.132667,24.800764,26.116,28.473152,28.726786,820.3634,0.53023523,35.754055,0,background
14.646,35.645443,22.572,92.04794,0.0,0.0,0.0,0.0,0,background
12.74,32.463562,24.312,94.66528,0.0,0.0,0.0,0.0,0,background
15.044333,32.747787,29.04,81.02393,0.0,0.0,0.0,0.0,0,background
13.298,28.353945,24.056,65.52059,24.8077,291.30984,-0.33714956,38.812885,0,background
13.889667,25.645618,27.452,64.1953,25.847525,186.41794,0.1356302,30.344507,0,background
11.375667,22.720434,27.468,115.8323,28.556374,173.63342,0.17921272,33.32873,0,background
7.8356667,24.777596,32.18,49.120567,0.0,0.0,0.0,0.0,0,background
12.676,25.24295,22.14,68.10593,21.199532,693.7557,-0.10955584,41.126743,0,background
14.611667,25.468288,26.112,73.36064,20.249407,373.40726,-0.28197867,42.52609,0,background
6.9793334,24.983295,27.956,59.85787,28.358946,1148.9271,-0.45648998,29.542246,0,background
9.825,30.134338,28.92,46.97938,22.957655,99.15766,-0.65422195,45.258423,0,background
8.4296665,27.602053,30.384,64.48094,26.362057,544.5102,-0.32706568,29.610407,0,background
7.8723335,26.11229,30.964,57.606056,0.0,0.0,0.0,0.0,0,background
12.697666,27.538967,25.424,96.11653,21.670628,402.34238,0.26867744,31.46474,0,background
12.628667,24.613445,27.331999,121.89204,23.57657,198.87123,0.025305105,44.805096,0,background
7.7803335,24.901848,27.492,27.087553,31.412268,624.7777,-0.3731804,33.47828,0,background
12.349334,24.522108,27.688,124.27571,21.09516,191.26797,0.44204387,45.11987,0,background
14.070666,31.099518,28.68,101.4676,11.302588,1425.3147,-0.15088847,67.02377,0,background
7.2506666,23.531958,31.303999,50.762455,23.096964,32.09698,0.04189329,39.381256,0,background
11.170334,26.965849,27.48,102.28798,24.997606,166.59302,-0.12264361,34.55941,0,background
9.318666,28.375963,29.752,67.96681,33.763725,43.411137,0.11060584,25.286606,0,background
11.452,23.966183,25.484,80.68161,28.968166,314.7484,0.12772596,29.910715,0,background
7.7973332,25.558325,32.452,58.66977,0.0,0.0,0.0,0.0,0,background
12.395,24.897558,25.676,97.87889,24.189178,628.09625,-0.17103249,28.257532,0,background
11.584333,23.61451,26.036,93.20043,24.600994,414.46545,-0.4673948,33.74913,0,background
10.848666,31.776997,12.344,93.896805,0.0,0.0,0.0,0.0,0,background
9.448,28.564518,25.72,48.01942,30.755438,1156.536,-0.38834408,38.085957,0,background
13.290333,31.978664,27.436,92.013374,17.156055,1667.4403,0.54031855,41.255077,0,background
7.7403336,22.943838,24.9,27.420124,26.150229,970.3511,-0.026880031,37.58884,0,background
13.898334,25.808388,22.788,63.793137,20.067425,711.6775,0.45318633,41.737404,0,background
10.361667,28.667736,21.604,95.79625,0.0,0.0,0.0,0.0,0,background
11.459001,21.743834,27.2,113.447876,26.76533,137.91989,0.2980332,28.282059,0,background
7.795666,23.140781,24.64,29.933218,27.58096,37.114883,-0.1311224,36.330055,0,background
12.115334,23.045221,26.996,111.477844,29.0203,147.54967,0.5470252,26.79588,0,background
11.642667,21.95404,27.66,120.53398,32.487274,149.49171,-0.34542865,36.028828,0,background
8.536667,27.37866,29.488,63.946423,24.749586,559.1293,-0.028928695,38.011,0,background
11.511,22.722069,28.468,121.59017,20.46176,133.57921,0.10744203,56.823383,0,background
12.999333,31.335777,27.476,92.89155,18.24904,1502.9868,0.028840534,41.556236,0,background
7.3463335,23.482718,32.784,47.068733,0.0,0.0,0.0,0.0,0,background
8.453,22.662199,21.216,33.530746,17.95906,688.9321,0.20588772,46.675358,0,background
8.134334,26.895695,30.92,60.155964,0.0,0.0,0.0,0.0,0,background
13.127333,26.891457,21.232,95.76333,22.993034,1435.4796,-0.3082691,36.19682,0,background
12.474,23.598185,26.62,105.83407,26.222471,224.16992,0.15373857,29.197006,0,background
11.157666,22.029827,27.592001,91.71288,27.878065,75.055145,0.3987544,29.78574,0,background
13.339666,28.074053,21.44,94.324524,24.258987,1360.9536,0.484342,38.401623,0,background
7.450333,23.956057,28.907999,42.434853,27.745193,114.15855,0.5652341,31.502298,0,background
13.049666,27.152864,21.252,58.841915,20.505926,656.6256,-0.55791974,42.997673,0,background
13.658,27.36416,25.756,125.71568,29.015594,441.62186,-0.10782788,27.374674,0,background
14.595,31.46288,30.292,92.02515,18.885708,1384.5435,-0.0034389608,41.407974,0,background
14.6119995,26.007404,25.868,70.23855,19.925539,570.76776,-0.50806385,39.864937,0,background
11.349667,24.729097,19.407999,62.16442,21.559992,837.13947,0.015520235,40.982143,0,background
9.901667,23.147715,27.868,108.814224,36.346146,4.843073,0.64217687,16.133678,0,background
8.136333,24.003817,26.316,26.444422,27.941435,704.21063,-0.20435813,39.06672,0,background
7.4966664,24.647116,31.831999,54.042988,0.0,0.0,0.0,0.0,0,background
11.173666,21.820158,27.76,119.78555,25.168106,128.81566,0.27604806,40.41861,0,background
14.266666,25.650246,25.928,70.454025,20.737268,563.3764,-0.66228026,38.84463,0,background
10.657001,29.184467,28.704,83.16652,26.800781,204.57413,-0.17381151,38.68531,0,background
14.526,25.91892,25.336,70.88981,21.327026,665.5042,-0.37717944,39.44158,0,background
11.892667,25.153694,21.584,66.94414,20.270943,645.70703,-0.113707714,41.109924,0,background
10.4053335,29.084675,25.412,68.66641,25.99053,792.40155,0.12069575,36.97062,0,background
10.814667,20.65918,26.184,89.266426,28.677927,128.99344,-0.15856564,29.393251,0,background
12.671,26.698273,28.859999,119.56462,17.835718,231.4799,0.4389731,48.16044,0,background
7.8193336,21.633835,22.668001,34.149326,25.466425,317.4165,-0.22379705,40.32773,0,background
12.620334,32.267166,23.812,92.742645,0.0,0.0,0.0,0.0,0,background
12.344334,25.840101,25.868,101.16772,19.802261,622.59796,-0.120783426,40.943073,0,background
13.878666,30.457047,29.24,102.43402,13.627732,1355.4478,0.34520963,62.351788,0,background
11.7543335,26.060513,23.032,96.661415,19.422709,880.557,-0.13408849,35.63577,0,background
7.989,27.00081,28.704,38.742435,28.16144,28.670155,-0.055626877,34.679993,0,background
11.457666,26.349155,23.244,68.1677,21.844042,598.6018,-0.35923672,43.199635,0,background
11.337334,23.23605,26.152,90.19618,27.632812,297.60382,-0.28848845,28.720901,0,background
13.730667,31.509699,29.972,98.400444,17.051872,1430.2742,0.43170094,46.018986,0,background
10.080334,26.998964,24.616,103.180984,24.014044,543.7601,0.4081992,34.45679,0,background
9.048333,23.320446,24.852,87.34985,25.76591,14.495518,-0.04881274,28.791132,0,background
11.878667,23.999247,24.288,99.65647,20.111063,789.0704,-0.0023012373,36.640884,0,background
7.3859997,23.715643,32.1,47.803238,0.0,0.0,0.0,0.0,0,background
12.860333,25.21041,20.608,68.37022,20.807356,1139.4442,0.30678427,42.350883,0,background
8.54,26.994562,30.52,62.521206,25.338173,303.4879,-0.01934263,39.77516,0,background
9.302273,23.938473,27.545454,101.34839,18.868902,50.15554,0.1046783,39.862926,0,background
14.5303335,29.636806,32.744,96.90843,29.285355,1020.3543,-0.2422638,29.881086,0,background
12.658001,25.90031,26.564001,96.66505,24.02939,612.4274,0.06744391,27.036533,0,background
7.8353333,27.119387,25.064,63.19161,29.466871,1571.2926,-0.35006028,25.213642,0,background
12.916666,26.71603,29.288,124.32333,20.379221,217.84578,-0.61514956,47.764137,0,background
10.491333,27.819614,28.104,95.0765,30.397831,186.78795,-0.22389926,32.347076,0,background
11.348333,23.381271,25.66,92.314575,24.43623,452.28806,-0.23858945,34.000397,0,background
10.816667,20.740656,26.864,84.36521,29.224293,72.46789,0.5261129,26.18509,0,background
8.004,23.855509,21.5,37.742634,22.828648,467.7687,-0.382878,43.340008,0,background
9.770333,22.969563,28.1,108.87727,34.35114,3.6398394,0.09667959,18.105783,0,background
8.065666,26.73229,31.128,66.15438,25.960192,693.4483,0.27022675,29.423754,0,background
13.035666,23.680546,25.924,98.3439,23.295006,332.15274,0.43013784,33.134842,0,background
14.5963335,32.794853,29.244,85.33924,0.0,0.0,0.0,0.0,0,background
14.412,34.91956,23.796,91.12221,0.0,0.0,0.0,0.0,0,background
13.61,25.821507,22.544,64.379555,19.267027,783.60767,-0.10404357,41.106552,0,background
8.974334,28.489946,30.08,49.386322,23.910221,9.811837,0.15251508,40.56587,0,background
11.536333,23.072668,26.779999,83.44993,25.051834,116.58605,0.6985123,34.697987,0,background
13.377,28.008793,26.044,127.99559,27.41226,465.53708,0.35009632,40.287006,0,background
8.142,25.743013,33.376,47.485344,0.0,0.0,0.0,0.0,0,background
10.795,26.07992,27.112,103.13432,21.45205,192.0692,-0.39898404,39.93218,0,background
13.610666,25.368423,22.82,69.69056,20.382713,916.92834,-0.017092986,40.731773,0,background
12.083667,24.055716,28.948,121.934906,18.474838,155.30502,0.11904058,50.19211,0,background
11.755,25.019156,22.907999,68.006,21.381159,374.0619,0.31121603,39.946148,0,background
8.521,28.494516,26.156,65.18915,27.672129,1331.7147,0.19873291,27.412394,0,background
14.506666,28.102802,23.392,70.36788,20.243053,915.14655,-0.8161959,41.800858,0,background
11.288667,21.683954,27.883999,116.175,24.515867,141.26318,-0.199919,48.61217,0,background
9.114333,26.076715,25.54,70.39404,28.928957,29.301151,0.09033799,31.246874,0,background
7.72,21.700022,21.872,33.537872,23.857367,475.4536,0.064520895,42.139492,0,background
14.282333,30.326002,30.32,94.039696,0.0,0.0,0.0,0.0,0,background
7.279667,25.987673,29.28,61.43068,0.0,0.0,0.0,0.0,0,background
14.613667,36.992878,16.808,98.09898,0.0,0.0,0.0,0.0,0,background
11.234,26.837076,26.852,104.72552,23.024542,304.8631,0.22846045,35.445457,0,background
10.4296665,30.871616,29.136,47.274433,28.561817,609.2155,-0.5831234,39.87042,0,background
12.646667,27.61281,20.452,100.23057,19.004951,1611.2915,0.21507548,34.03141,0,background
9.808333,23.30656,27.7,108.9747,36.379147,3.2230067,0.41543218,16.895702,0,background
7.456333,23.76445,32.552,47.65094,0.0,0.0,0.0,0.0,0,background
7.471667,24.665478,30.896,52.069584,0.0,0.0,0.0,0.0,0,background
12.558666,24.778366,27.807999,124.31862,22.429844,162.11359,-0.39878476,49.49958,0,background
9.365,22.479597,27.768,108.59909,19.72055,32.96681,-0.039814074,45.44887,0,background
11.449,23.1855,25.204,101.34409,25.3923,441.88748,-0.012461221,32.163795,0,background
12.682333,24.914217,26.588,99.79407,26.684103,364.01254,0.12977163,25.88605,0,background
12.375,23.578615,25.892,106.828964,28.521542,192.81114,0.36386278,20.409517,0,background
7.207,25.527767,27.62,59.755955,0.0,0.0,0.0,0.0,0,background
13.175333,24.328484,26.752,68.022606,26.19186,159.27997,0.3001896,33.602818,1,presence
13.759666,25.377474,21.964,70.18884,19.846884,1086.8899,0.09224761,41.258537,0,background
7.105,24.936825,28.932,60.72048,0.0,0.0,0.0,0.0,0,background
7.8823333,26.218512,31.084,59.732864,0.0,0.0,0.0,0.0,0,background
9.292999,29.241661,29.696,51.42049,27.647058,142.65623,-0.35672688,34.877686,0,background
12.225333,25.718052,24.672,86.96677,19.407646,572.9081,-0.2469338,35.963196,0,background
14.080333,25.386436,27.744,65.08326,26.023531,147.89026,-0.06921409,30.4945,0,background
14.4626665,25.444523,26.032,70.49409,20.05071,517.2436,0.478161,39.01515,0,background
11.449333,22.915167,26.956,116.4725,28.502737,214.59712,0.5762356,33.298492,0,background
13.797667,50.801422,30.696001,28.846127,0.0,0.0,0.0,0.0,1,presence
12.088667,22.980509,27.58,112.572655,33.880085,169.40894,-0.6270875,24.3394,0,background
13.704,31.402382,29.960001,97.021454,16.419992,1247.0707,0.5228197,47.612072,0,background
7.5753336,25.703493,31.22,55.834637,0.0,0.0,0.0,0.0,0,background
11.313,24.785295,26.42,103.94869,20.503275,463.16803,-0.38665158,41.376194,0,background
11.316667,22.746155,26.984,114.791084,29.17296,174.89258,0.69631195,34.55799,0,background
8.876333,27.828987,29.796,63.752903,28.095972,499.17084,0.70212334,34.68182,0,background
14.393333,30.668486,31.34,90.10741,0.0,0.0,0.0,0.0,0,background
10.572333,29.838375,30.16,74.972626,28.509817,12.139132,0.70656633,20.526941,0,background
8.359,27.153717,27.88,47.32556,22.70787,186.5427,-0.13828968,43.85029,0,background
15.044001,33.306767,30.468,93.33046,0.0,0.0,0.0,0.0,0,background
7.0699997,22.906946,31.952,48.44913,0.0,0.0,0.0,0.0,0,background
9.374275,23.538029,27.230434,102.10869,17.72859,7.6307225,0.40383655,33.219982,0,background
10.924,21.830536,26.972,94.964775,27.701933,206.82025,-0.27606463,28.525145,0,background
10.369,27.272488,27.868,104.86122,23.822071,114.04035,-0.22626144,33.39985,0,background
7.595,23.0823,26.676,21.312866,28.927467,600.0861,0.35838613,33.78622,0,background
12.034667,25.09104,28.168001,107.55063,21.846243,97.115395,-0.7417021,38.34204,0,background
9.318667,29.234118,28.383999,46.840714,21.521492,143.16945,-0.40640908,43.41174,0,background
12.531,26.1542,29.4,115.31522,17.323523,234.62415,0.7536805,44.117645,0,background
13.730667,25.705158,23.576,69.36409,19.684484,743.1024,-0.061552353,41.19615,0,background
9.587501,28.712254,29.8875,75.89967,27.642572,26.650566,-0.24453314,31.34162,0,background
11.764,24.39854,25.828,100.83778,18.192194,467.13522,0.43476108,33.25339,0,background
7.9,25.911835,31.58,56.784824,0.0,0.0,0.0,0.0,0,background
11.723666,21.900297,27.352,119.390656,32.34799,161.1953,0.37416938,33.65236,0,background
11.200334,21.665764,26.855999,76.084404,33.827824,66.07249,0.77505475,18.034807,0,background
11.752999,22.793034,26.171999,79.42098,22.27754,286.3312,0.40571657,33.506958,0,background
7.183,24.810032,32.036,66.65735,24.532225,463.89075,0.22468065,30.12951,0,background
10.191667,29.414877,29.236,78.28684,29.303104,52.176704,0.010796733,35.03664,0,background
12.378667,23.077305,24.036,93.32667,20.940084,621.34424,-0.43684846,43.189663,0,background
12.2560005,26.898428,24.652,96.81352,19.102411,503.87003,-0.25596374,38.903015,0,background
12.735001,25.642317,29.792,114.69376,18.826323,182.68044,0.6797542,46.60892,0,background
12.753,24.41046,27.0,99.34109,25.26713,310.00626,0.18708214,20.663164,0,background
11.629,21.479498,26.352,78.234566,27.268309,78.33058,0.50166416,29.716406,0,background
14.892333,32.47064,30.776,90.21795,22.589983,1329.0089,0.10729259,40.2546,0,background
10.631333,19.782906,26.212,84.07303,26.766552,38.97624,-0.34559497,29.083652,0,background
13.179,30.430868,28.064,90.895325,0.0,0.0,0.0,0.0,0,background
10.603333,26.72211,27.156,105.57605,24.102549,220.8723,0.023254648,34.124084,0,background
6.786,24.52653,30.512,63.75311,0.0,0.0,0.0,0.0,0,background
9.47625,27.98243,29.545,73.161156,28.871174,61.1213,-0.80595446,29.743038,0,background
7.619333,24.424072,32.087997,49.766872,0.0,0.0,0.0,0.0,0,background
13.102333,29.86491,27.436,99.314064,18.407679,1666.0634,-0.6253614,44.355213,0,background
12.294333,23.29178,26.5,108.80942,25.703123,167.87402,0.23079184,27.34983,0,background
8.192333,22.307846,21.248001,33.58922,19.813753,631.91815,0.44636303,44.58149,0,background
13.3133335,27.591257,28.488,127.59042,21.777483,234.94183,-0.14447719,47.332996,0,background
6.654,20.866783,26.856,94.90796,16.516756,126.79298,0.16193745,48.966118,0,background
9.319333,29.1302,29.8,47.836937,23.10057,16.091518,-0.20955215,43.066193,0,background
9.599,24.08662,27.279999,104.31753,17.733557,100.916626,-0.12059084,45.5341,0,background
12.554334,23.495909,27.42,107.25283,28.750656,149.64626,0.3502933,23.236156,0,background
7.9176664,23.674402,22.504,35.60338,20.40879,278.43567,0.0941073,43.249218,0,background
6.819,24.109035,30.708,60.757557,29.695467,684.0934,0.5292537,27.29501,0,background
9.299334,29.502962,29.116,65.89414,24.06974,796.8758,-0.36361954,30.65719,0,background
9.977667,26.135965,26.332,102.86376,25.743912,365.02878,-0.061053306,37.5499,0,background
11.615666,23.54018,24.312,100.78847,19.071417,685.6488,-0.30806807,36.479156,0,background
6.1056666,18.717556,20.7,33.89189,20.49988,464.50803,0.10432131,44.51595,0,background
13.307667,26.94296,27.128,128.28113,28.027834,346.75137,-0.37488133,41.69537,0,background
12.513333,26.24881,29.204,115.73955,18.59958,240.83136,0.5511363,45.9318,0,background
11.5183325,23.17572,27.768,113.31036,26.550344,167.55331,-0.7597372,34.35149,0,background
8.855333,28.241272,29.868,48.109303,23.935589,10.562225,-0.13225164,40.56951,0,background
12.685,26.573236,22.272,97.73837,21.252306,1210.1328,-0.047122918,32.267178,0,background
14.050667,31.585888,30.24,97.42407,15.698868,1382.9432,0.12275657,53.603443,0,background
6.7463336,24.564278,25.448,59.405746,28.702278,1434.1241,-0.21074522,29.684238,0,background
13.084001,23.732134,25.736,98.97637,20.771532,364.51334,-0.34112892,35.059105,0,background
12.192,22.874296,26.52,103.662155,26.814484,221.32777,-0.5955894,30.715204,0,background
7.6953335,23.031645,25.756,23.609316,27.387062,685.1485,0.65045696,36.86596,0,background
12.345667,23.522724,25.888,105.49451,26.153933,222.44096,0.33982024,23.81235,0,background
9.290333,22.507833,27.268,108.953,19.547192,144.495,0.25652862,48.482105,0,background
11.229333,25.248074,26.032,104.31071,17.134285,432.20813,-0.28364024,37.51718,0,background
13.739667,24.285328,24.032,92.814026,19.45108,655.095,-0.34028944,44.132965,0,background
7.353667,24.34022,30.848,47.903797,0.0,0.0,0.0,0.0,0,background
7.950667,25.096802,31.98,50.123833,34.100994,28.698214,0.18898022,22.707056,0,background
14.696333,30.97878,31.112,92.567444,0.0,0.0,0.0,0.0,0,background
7.7606664,24.89947,32.424,49.493225,0.0,0.0,0.0,0.0,0,background
9.454667,26.295101,28.844,81.43891,29.594307,55.096756,0.052692305,34.176388,0,background
15.088,35.53797,23.136,97.46611,0.0,0.0,0.0,0.0,0,background
11.792,22.464375,28.58,115.413284,26.51322,134.91093,-0.12822023,46.474827,0,background
13.163,26.66086,26.116,126.16883,28.243153,388.53647,-0.15340658,29.904846,0,background
11.679,26.838406,26.352,103.986755,22.678312,407.21854,-0.32318375,32.89742,0,background
12.219334,23.808226,24.668,102.87165,22.398386,363.55322,0.38437384,29.465609,0,background
11.408333,20.698769,26.732,86.89484,29.65876,48.066605,0.22932507,29.762453,0,background
