shap_bio02,shap_bio03,shap_bio05,shap_bio15,shap_clay,shap_elevation,shap_northness,shap_sand,sample_id,label,model,predictor_value_bio02,predictor_value_bio03,predictor_value_bio05,predictor_value_bio15,predictor_value_clay,predictor_value_elevation,predictor_value_northness,predictor_value_sand
-3.8652143,-4.355472,-1.394385,-1.1649853,-1.0545373,-0.69996446,-2.5876334,-1.624901,bg_rep02_8281,0,xgboost,13.108666,22.615187,25.116,81.64548,25.990715,232.38449,-0.28520742,34.083996
-1.6220073,-2.8838594,-1.6599351,-3.8002927,-1.4344907,-2.1153853,-1.2912236,-2.0005488,bg_rep03_2860,0,xgboost,12.359333,25.116512,28.9,117.372955,20.429346,130.90808,-0.04008044,38.307774
-2.5882792,-2.8844678,-1.2202632,-2.6694863,-1.9945256,-2.4983134,-2.2055776,-0.7096082,bg_rep03_5778,0,xgboost,7.870333,27.038385,23.104,62.312473,31.37595,1873.3967,-0.6872589,27.121588
-0.5079935,-4.995995,-2.8249216,-0.24198347,-1.7045555,-2.6967354,-1.6306587,-0.6813291,bg_rep03_3764,0,xgboost,10.761333,19.229027,26.44,82.11053,27.161568,25.936749,-0.38456637,31.827276
-2.202076,-2.6031153,-1.9117377,1.2932396,-2.579353,-2.2893744,-1.1203852,-1.4917649,bg_rep05_7611,0,xgboost,13.271334,24.56017,27.256,66.59575,24.93558,97.96935,0.36256948,30.802956
-4.731137,-2.3946736,-1.0261214,-0.43882278,-2.6876292,-2.117044,-2.5107992,-1.8353536,bg_rep04_9062,0,xgboost,14.633333,25.975101,25.72,70.72921,19.697107,555.5692,-0.321272,40.14957
-3.238381,-3.103375,-1.6116564,-1.8755249,-0.5974995,-0.5013187,0.06205125,0.033484466,bg_rep03_8742,0,xgboost,7.9066668,27.081335,25.996,57.93872,0.0,0.0,0.0,0.0
-3.0227199,-5.642575,-3.3226418,-2.0372021,-0.7205819,-0.13132738,-0.34296,-0.50010586,bg_rep03_4887,0,xgboost,6.8076663,24.236921,31.336,62.793945,0.0,0.0,0.0,0.0
-0.5155625,-3.3548198,-1.741225,-4.214762,-1.8762174,-1.7080888,-2.3524337,-0.7753113,bg_rep05_9884,0,xgboost,10.718333,27.993975,25.624,102.669815,23.458818,332.22443,-0.18476415,33.63243
-1.397654,-4.618119,-1.2369719,-2.9993544,-1.8359771,-2.2272773,-2.3438256,0.039942756,bg_rep04_8624,0,xgboost,11.112667,22.625349,25.796,92.59366,26.622787,339.44666,0.024669593,30.962574
-1.8938905,-3.457193,-1.1199883,-2.2788239,-2.6059437,-2.8552592,-2.3443818,-1.553537,bg_rep05_5821,0,xgboost,8.927334,28.405668,28.26,64.22323,24.641136,862.5454,-0.14451306,34.771896
-2.327008,-2.5929725,-0.9786264,-3.315319,-1.1568596,-1.932508,-3.2716436,-2.4322724,bg_rep02_3211,0,xgboost,12.641,25.342823,29.4,121.8591,18.554518,155.31212,-0.09972474,54.67822
-3.540493,-4.112798,-2.6338599,-2.8211687,-0.64965504,-0.35045743,-0.13228084,0.08585285,bg_rep03_922,0,xgboost,7.9063334,25.461592,31.984,51.59199,0.0,0.0,0.0,0.0
-5.0121727,-3.1435874,-0.94370645,-2.7863066,-1.0627038,-0.7422919,-0.038768757,-0.39098442,bg_rep03_6827,0,xgboost,14.881,31.900616,30.888,85.48842,0.0,0.0,0.0,0.0
-2.292261,-3.2903104,-2.2616544,-5.8811135,-1.5196489,0.7468773,-1.9632387,-1.7943994,bg_rep04_1491,0,xgboost,14.008667,28.286621,23.708,121.3939,27.995487,721.39813,-0.3653473,33.035545
-0.2272785,-3.4188762,-1.2866917,-4.038401,-2.7400873,-1.4126073,-1.1717744,-1.807691,bg_rep03_6092,0,xgboost,10.483667,23.882965,27.708,105.077644,32.07754,12.617768,0.3278097,28.727755
-3.8166134,-3.6811278,-0.99796444,-4.2601366,-2.6989892,-0.41909844,-0.73899347,-1.2342678,bg_rep03_3102,0,xgboost,13.551333,28.274357,23.855999,124.660034,25.259537,697.1364,0.3895818,34.77827
-1.8350949,-2.410115,-0.9834807,-0.50728285,-2.004311,-0.9663962,-2.5490887,-2.3012867,bg_rep03_4348,0,xgboost,8.974667,26.007496,27.508,28.361816,22.748014,711.3775,-0.08664542,43.505737
-3.6315546,-3.6316605,-1.2218183,-2.800246,-2.759452,-1.8933071,-1.3955008,-1.3698864,bg_rep03_8920,0,xgboost,7.1419997,25.13019,29.435999,50.649967,33.581814,133.02036,0.113175765,31.91517
-2.3977058,-4.158779,-1.0863376,-3.4534538,-1.0201496,-1.8680123,-2.6390538,-1.578952,bg_rep05_5629,0,xgboost,13.154,29.841198,28.32,103.235886,16.064716,1474.6487,-0.44233525,52.227516
-1.0747977,-2.5961516,-0.63985485,1.6866219,-2.19767,-0.5966311,-0.9306708,-2.018479,bg_rep02_9570,0,xgboost,11.4453335,26.332905,25.008,66.05628,25.151337,242.37283,0.4506589,35.15884
-0.53802127,-4.5807843,-1.1381927,-3.2581537,-0.8197834,-1.7983174,-0.5595875,-1.3550043,bg_rep04_6859,0,xgboost,12.44,31.452267,26.616,86.64369,18.427496,1679.4492,0.32852355,31.359758
-1.1843659,-3.208354,-1.596108,-5.500342,-2.4598875,-1.9078645,-1.4098951,-1.224769,bg_rep04_8030,0,xgboost,11.144333,26.856403,26.3,105.46239,24.642942,366.85138,-0.046870418,31.619701
-2.2845206,-2.8161805,0.20464015,-3.9690847,-1.2705255,-1.3001155,-0.7273996,-1.924167,bg_rep05_4564,0,xgboost,12.582666,25.08506,28.472,126.20186,27.127893,161.68462,0.36253768,46.033493
-1.2538843,-2.7066946,-1.0462617,-3.4669232,-1.5506295,-2.8609154,-1.4906415,-1.9244429,bg_rep03_3228,0,xgboost,8.953667,25.979767,23.292,41.128857,28.285679,1531.4512,-0.46469414,36.708103
-0.6939375,-3.296931,-1.8228755,-3.9847734,-0.8618073,-1.6959552,-0.40633205,-2.3335273,bg_rep04_6449,0,xgboost,11.065,24.43252,26.304,105.083115,18.64677,488.5503,0.443985,43.084824
-5.31966,-3.257622,-1.5293374,-4.544624,-1.1557826,-0.8112994,-0.15605125,-0.51699775,bg_rep01_9415,0,xgboost,14.718,32.42993,30.224,88.08231,0.0,0.0,0.0,0.0
-3.5237339,-2.4791234,-1.4003501,-5.0980177,-1.5283872,-1.2039495,-2.2907383,-0.37943226,bg_rep01_861,0,xgboost,13.542666,28.220943,24.948,127.431526,27.003517,576.28595,-0.2729179,30.674751
-2.4366062,-2.963534,-2.5298777,-0.54367137,-2.2088547,-1.8502504,-0.6415928,-2.142117,bg_rep02_4287,0,xgboost,8.826667,27.844374,29.12,71.50362,24.714048,33.44924,0.30792233,36.307915
-3.3783643,-1.2067682,-3.332908,-3.8081331,-0.30489486,-0.9423931,-0.39021075,0.0037253383,bg_rep03_8225,0,xgboost,12.807,34.684757,16.108,95.8611,0.0,0.0,0.0,0.0
-1.3489261,-4.525288,-1.7896891,-0.30797702,-1.0268334,-2.0838213,-1.8813188,-2.1319907,bg_rep04_9120,0,xgboost,11.058,20.944769,27.072,79.514084,26.125372,41.28854,0.23422997,29.338354
-2.8536417,-2.7692482,-2.0716884,-3.8167071,-0.54682374,-1.7740278,-1.6637865,-2.5333526,bg_rep04_4133,0,xgboost,12.869,26.139503,29.756,121.550964,18.99125,192.3056,0.11556178,51.29845
-4.6203537,3.7553415,-5.273236,-5.217487,0.06408667,-0.48399365,-0.40119222,-0.0014558458,bg_rep04_8133,0,xgboost,15.166333,37.030796,18.432,100.99489,0.0,0.0,0.0,0.0
-2.4011846,-3.2087388,-3.1133316,-2.8332906,-1.1956444,-1.2593998,-2.3875325,-0.94706494,bg_rep02_9002,0,xgboost,8.909667,28.227304,31.656,49.568974,28.44832,1.7628126,-0.36572617,24.407022
-0.797713,-2.6947787,-0.72535646,-0.1755532,-1.5529526,-2.029462,-1.9228559,-1.7764585,bg_rep02_3714,0,xgboost,12.208667,24.38417,25.704,73.88035,26.000574,152.59341,0.07686132,29.424173
-0.40211406,-3.800647,-1.8744713,-3.7666726,-1.2867268,-1.5115683,-2.5202944,-2.9079418,bg_rep04_4652,0,xgboost,9.098001,22.369198,26.748,108.11307,18.271107,223.97823,-0.06741236,48.515724
-1.1990479,-4.4252625,-2.621946,-1.2025794,-1.833771,-1.483836,-1.8985794,-1.972012,bg_rep04_7328,0,xgboost,11.472667,21.289837,26.331999,78.38678,26.630095,72.88135,0.41568264,29.908838
-2.494063,-2.659203,-1.3834713,-3.9783182,-1.5536333,-1.4957579,-2.84488,-2.5150206,bg_rep01_6869,0,xgboost,12.737333,24.938,27.264,124.14861,20.778069,203.54378,-0.07457912,42.07313
-1.3771966,-3.9278538,-1.950517,-2.0480309,-1.8634747,-2.1157935,-1.2604951,-1.2928847,bg_rep01_7283,0,xgboost,11.317333,22.800655,26.536,84.69809,27.045961,137.64322,-0.403533,32.288864
-2.5592883,-3.9253957,-0.4146481,-2.2469075,-0.8762291,-1.8434302,0.28634307,-1.2326949,bg_rep05_6267,0,xgboost,13.148666,29.552877,28.424,96.62503,16.953424,1559.6156,0.34401917,46.3968
-1.4481467,-1.9094923,-1.8089654,-3.337538,-1.6825209,-2.3507078,-2.4836757,-1.597468,bg_rep02_8949,0,xgboost,11.444333,23.18544,25.668,96.59051,25.319668,385.7782,-0.20977907,32.813114
-2.9452806,-2.282211,-0.9934122,0.21962461,-1.0983722,-1.4616712,-1.3258729,-3.0827887,bg_rep04_9968,0,xgboost,14.874666,26.272902,27.668001,64.32577,27.502909,163.23643,0.39226884,29.749956
-0.13471337,-5.2626653,-2.1541522,0.67844725,-1.5803348,-2.2677758,-1.4394823,-2.0565763,bg_rep03_1588,0,xgboost,10.997001,22.923788,20.832,67.06216,19.798052,830.9963,-0.02699521,42.411022
-1.183195,-2.3889618,-1.5911589,-3.972701,-1.9601989,-2.0581102,-1.5505033,0.19768247,bg_rep05_6121,0,xgboost,11.4053335,23.221218,25.204,97.37408,24.40799,504.16364,-0.30625218,33.60822
-2.5315936,-0.9808805,-1.2288036,-2.6910217,-0.6396123,-0.5848498,-2.3153205,-0.24848546,bg_rep05_2850,0,xgboost,12.684,25.742815,24.684,99.37257,20.000689,927.169,0.06623986,27.063095
-3.60885,-5.2987695,-2.962194,-2.5461843,-0.68305016,-0.20721245,-0.24971944,-0.46441105,bg_rep01_3249,0,xgboost,7.5786667,24.387522,32.296,48.217587,0.0,0.0,0.0,0.0
-0.7259072,-3.041992,-1.3488117,-3.0425348,-1.2809823,-2.053811,-0.34107095,-3.1487842,bg_rep03_5086,0,xgboost,8.619333,22.997154,22.7,35.752655,19.106922,330.32993,0.33429754,47.752792
-2.1676462,-2.076482,-1.1679115,-5.068542,-1.0212288,-2.0608358,-2.5774596,-1.8639793,bg_rep04_8511,0,xgboost,13.12,27.36526,27.156,130.29134,26.417944,349.40656,0.035650834,45.34244
-0.62441236,7.4771338,-1.0830023,0.5634447,0.39136282,0.32036418,0.50325143,1.4891741,presence_46,1,xgboost,11.747,57.981247,26.56,36.242107,0.0,0.0,0.0,0.0
-0.76706225,-2.651879,-1.5204934,-3.6736834,-1.5146918,-2.459317,-1.4832352,-2.8112712,bg_rep04_7941,0,xgboost,9.198334,23.228115,25.024,106.728516,18.556665,521.6399,-0.006676073,41.812954
-1.6367209,-3.2879636,-1.4624429,-5.170966,-2.0614357,-1.9585543,-0.6444327,-2.4747062,bg_rep04_7356,0,xgboost,12.192333,23.86162,26.056,103.64458,24.04346,314.7145,-0.02624436,36.631554
-0.3936955,6.453376,-1.1254997,2.1196115,0.6418737,0.99988174,0.40298727,1.6116513,presence_196,1,xgboost,8.754167,52.61708,21.025,18.819927,0.0,0.0,0.0,0.0
-2.6336899,-2.3976753,-1.0999987,-4.9063044,-1.3533648,-0.5152453,-2.1682034,-2.019009,bg_rep01_3504,0,xgboost,12.807333,25.205332,27.244,124.35825,23.145306,232.00299,-0.18596585,39.128
-1.2161868,-2.4827332,-1.1987514,-1.0215707,-1.9930983,-1.4023216,-1.2639645,-1.8681457,bg_rep04_6888,0,xgboost,11.678333,24.441887,25.88,85.07099,27.31058,290.22,0.014814973,28.61172
-2.0053847,-3.9669194,-2.0912433,-2.459891,-1.1147785,-1.9953315,-2.4729295,-1.3990765,bg_rep04_1035,0,xgboost,14.028,30.30853,28.88,97.053085,19.110264,1448.2534,-0.9025352,55.516766
-1.0766563,-5.219561,-1.4860556,-4.42788,-1.6848711,-1.7697089,-2.2059646,-0.5604834,bg_rep01_3528,0,xgboost,11.631333,22.119532,27.331999,114.96806,28.52564,155.28825,-0.26064092,27.659668
-3.9173186,-3.4834714,-1.3671901,-3.9020815,-1.3744485,-1.7534137,-0.8427006,-1.7828646,bg_rep02_5688,0,xgboost,13.457334,23.523516,25.072,91.03681,21.788328,585.9469,0.30288407,41.715107
-1.36894,-1.7276697,-2.8267987,0.5704692,-1.3437856,-2.5453086,-2.6367795,-2.8652306,bg_rep03_4531,0,xgboost,11.192333,24.659235,22.128,65.76814,21.416908,412.26337,-0.16940314,41.185303
-3.165425,-3.397353,-0.44713733,-4.1242,-0.9189749,-0.64495265,-0.025896357,-0.22569236,bg_rep05_6766,0,xgboost,14.208667,30.939524,31.264,93.49275,0.0,0.0,0.0,0.0
-0.5415306,-4.0471654,-1.4544092,-5.451346,-1.6492257,-0.67535096,-1.5752343,-0.85914564,bg_rep01_391,0,xgboost,12.506334,23.702398,26.224,104.65603,25.693205,242.43477,0.13302566,22.788761
-3.6850712,-2.8772955,-1.3826675,-3.191065,-0.7024223,-1.1032152,-1.625576,-2.3009183,bg_rep05_9236,0,xgboost,13.884666,24.35052,26.076,96.36253,20.145649,333.59787,0.53313696,37.51673
0.22060075,-3.6274474,-1.7695369,-1.8039253,-1.9765432,-1.2358301,-1.269616,-2.5761309,bg_rep03_2897,0,xgboost,8.385,22.523369,27.204,99.21483,18.403925,19.104677,-0.4236381,50.797504
-2.415197,-3.5812259,-1.3720431,-0.529949,-1.6364906,-1.0170687,-1.9952255,-1.3187169,bg_rep01_2578,0,xgboost,9.493667,28.695644,28.472,71.86753,26.677135,275.29422,0.031871192,31.716097
-3.7170906,-3.498766,-1.711661,-2.9873636,-1.2189747,-1.6374898,0.31129646,-0.66975015,bg_rep03_6053,0,xgboost,13.486667,31.71244,27.96,93.39021,13.639819,1547.0227,0.8238188,57.973812
-1.7324084,8.299999,-0.8121022,0.636021,0.30081978,0.3924399,0.4881671,1.2206197,presence_234,1,xgboost,12.827,51.730118,28.744,33.45234,0.0,0.0,0.0,0.0
-2.2168162,-2.6426349,-1.7671672,-3.9078233,-0.86393607,-1.8029833,-2.7540092,-2.2158153,bg_rep04_3708,0,xgboost,12.718,26.12572,29.192,117.88112,16.929827,184.13289,0.060984652,57.385204
-2.800116,-2.2909062,-1.0018057,-4.540319,-2.3296905,-0.91183895,-1.5420836,-2.0207765,bg_rep04_6117,0,xgboost,12.976333,25.663185,27.136,124.80508,24.84424,270.5615,-0.3498554,38.03917
-0.4212036,-2.7593992,-1.3011258,-3.0212054,-1.2662627,-0.3016408,-1.7832103,-2.372898,bg_rep05_1255,0,xgboost,11.811,25.002117,24.272,96.91733,19.145357,694.3269,0.4949641,38.140347
-3.4497423,-1.9561917,-1.5723195,1.3434331,-1.005847,-1.6198438,-0.18543997,-2.6987207,bg_rep01_9414,0,xgboost,13.610333,27.984072,23.712,71.28768,20.649424,460.77356,0.3492007,41.34226
-2.284243,-4.25861,-1.505845,-2.342284,-2.0424051,-2.866974,-1.7368735,-1.1945359,bg_rep04_7585,0,xgboost,12.812333,29.636227,27.756,93.431046,22.604004,1100.679,-0.04945685,29.216343
-3.6497724,-4.7177954,-3.5240793,-2.5018923,-0.84104025,-0.3142277,-0.15537673,-0.38680202,bg_rep01_8461,0,xgboost,7.447333,24.89082,29.56,53.158005,0.0,0.0,0.0,0.0
-0.5304221,-1.138413,-1.4014585,-2.2749696,-1.2619301,-1.4657239,-1.4493142,-2.6666772,bg_rep02_8507,0,xgboost,11.798667,25.458887,25.944,102.47776,18.333818,462.68494,-0.031313892,36.31505
-0.03643391,-3.9481852,-1.9444863,-1.7422072,-1.95264,-2.0437887,-2.5214586,-2.5037842,bg_rep05_2439,0,xgboost,8.24,22.296785,27.028,98.98767,18.409817,22.356068,-0.5938519,52.657803
-3.5717065,-3.9544115,-2.5599787,-2.934919,-2.4024947,-1.5193096,-1.4500941,-1.048515,bg_rep02_2227,0,xgboost,7.8780003,25.041323,31.792,48.89177,34.610493,28.380709,0.11775715,25.830605
-0.67122287,-3.2756948,-2.819451,-4.9800186,-0.65015584,-0.9343473,-0.3054969,-0.32274592,bg_rep02_4869,0,xgboost,10.532667,31.679098,14.748,97.87251,0.0,0.0,0.0,0.0
0.3976169,-4.1414638,-3.0042691,-0.38634127,-1.2183825,-2.0813498,-1.6500844,-2.5127032,bg_rep03_1610,0,xgboost,10.822666,30.036264,29.872,80.85438,28.464954,102.631134,-0.4720016,29.427357
-0.9609326,-3.0990624,-1.3172657,-5.1414385,-2.2854729,0.47994363,-0.9545919,-1.044121,bg_rep03_1841,0,xgboost,11.564334,27.364727,23.144001,104.40477,22.008232,934.1873,0.12753594,31.31841
-2.4838984,-2.3915074,-1.2773762,-2.9997764,-0.8151753,-1.2565199,-0.6704865,-1.6802752,bg_rep02_4964,0,xgboost,8.614,25.952038,26.948,32.116978,30.06437,749.1313,-0.017673982,36.21679
-3.9500217,-3.3452013,-1.6482219,-2.8221707,-0.7636066,-1.6166741,-0.58402777,-0.7027458,bg_rep05_9556,0,xgboost,13.887333,31.796257,28.932,97.82364,14.211246,1363.1847,0.5123478,64.04985
-3.962064,-3.7968361,-2.4043226,-3.0870337,-0.59003115,-1.7855605,0.27700746,-1.1399966,bg_rep02_492,0,xgboost,13.9366665,30.33403,29.852,105.147316,19.414682,1189.1478,0.7631669,41.867508
-0.07865707,-3.5564082,-1.9180794,-1.7792546,-1.5540447,-1.0105855,-2.1726432,-2.7007613,bg_rep01_7638,0,xgboost,6.19,19.406822,27.136,91.36339,18.557615,9.539097,-0.32934225,44.152905
-2.4195118,-2.5603137,-2.3920593,-3.7405932,-1.3230191,-1.9252813,-3.6767888,-1.9974983,bg_rep04_9805,0,xgboost,12.691667,25.29833,29.5,122.0357,21.752102,157.14122,-0.27213457,59.42476
-0.6658879,-2.7038524,-1.4837259,-4.586573,-1.3392913,-0.9708068,-1.3093106,-2.3235664,bg_rep05_8044,0,xgboost,10.988667,24.99924,26.988,105.070786,17.682169,255.14119,-0.015243844,40.05916
-4.3176365,-3.4805038,-1.1656127,-0.30035317,-1.7139561,-2.0388453,-3.0326695,-2.0858188,bg_rep05_6404,0,xgboost,13.605,25.19258,22.728,68.789566,18.207624,907.683,-0.08026692,41.827938
-1.9331002,-2.462476,-0.8056985,-3.899003,-1.9052114,-0.6778942,-2.4070334,-1.3199831,bg_rep02_6488,0,xgboost,12.666667,25.154236,26.544,98.42802,22.167051,473.68494,-0.13645954,33.16391
-2.7396023,-1.7976316,-3.0236077,-3.8296154,-0.47824094,-1.1361508,-0.4755081,-0.28402233,bg_rep05_5557,0,xgboost,13.261,33.403023,22.344,94.98074,0.0,0.0,0.0,0.0
-3.2945025,-3.3330913,-1.4701997,-3.9482017,-1.0462295,-0.997857,-0.08475321,-0.36410064,bg_rep05_4226,0,xgboost,12.884334,31.841473,27.064,93.78354,0.0,0.0,0.0,0.0
-3.7223177,-3.485557,-2.028463,-2.2579315,-0.74587226,-1.4901458,-0.41414762,-1.3677266,bg_rep05_1307,0,xgboost,13.767,31.633732,29.524,95.79614,14.83838,1371.9017,0.38358048,50.853207
-0.44862416,-6.32607,-1.3983194,-1.9520665,-1.6777308,-1.7117147,-1.8928262,-1.8294753,bg_rep04_6983,0,xgboost,10.769667,20.020945,26.612,84.77436,27.500587,56.91356,0.041380282,26.939268
-1.0323118,-2.7511542,-0.97683257,-2.498431,-0.82894623,-1.1219618,-0.14734814,-1.7077705,bg_rep05_3422,0,xgboost,12.465667,26.497889,23.176,101.65768,20.603397,1186.5596,0.44409862,31.60651
-5.2643867,-3.2386549,-1.5449837,-4.5933433,-1.1519984,-0.8096627,-0.15544441,-0.51699775,bg_rep04_7773,0,xgboost,14.834666,33.136765,29.568,87.29377,0.0,0.0,0.0,0.0
-1.9193453,-3.4094725,-1.8868923,-2.7170224,-1.2066195,-1.7239338,-1.5917084,-0.13835622,bg_rep05_3777,0,xgboost,12.054,23.225433,26.396,95.12726,27.65179,191.28851,-0.10551259,30.918201
-2.5866773,-3.806969,-1.1543379,-2.8751347,-1.164681,-2.0787919,-1.4656017,-1.4915158,bg_rep02_9940,0,xgboost,12.965667,31.592754,27.964,92.80664,18.061241,1603.9822,0.1804416,33.9315
-3.2133088,-3.8825288,-1.9184856,-2.7209725,-0.4462036,-1.8424706,-2.1361275,-1.2572205,bg_rep04_5080,0,xgboost,13.076,29.03455,20.884,100.900246,20.047783,1432.2948,0.1867412,33.79953
-4.4988093,-1.5923587,-1.1919518,-0.8807179,-2.2937303,-2.3347924,-2.3038092,-3.1917303,bg_rep03_787,0,xgboost,14.709666,25.764847,25.944,72.657936,19.191418,398.51505,-0.18816055,41.427914
-2.0534728,-3.6580641,-2.8504915,-2.1257772,-1.5259082,-1.545689,-3.1284668,-2.172686,bg_rep01_3302,0,xgboost,8.948334,28.263845,28.812,48.188354,22.797075,227.63571,-0.52845365,42.127926
-0.26221526,-3.1366575,-1.1428821,-4.6764975,-2.659718,-0.36090472,-2.60609,-1.9124835,bg_rep02_7610,0,xgboost,10.534667,26.844019,23.188,103.81388,23.343588,965.6428,-0.21179429,38.20616
-1.5303549,-4.079333,-1.0682224,-2.8439214,-1.8637022,-2.0146947,-2.3220015,-1.3514494,bg_rep02_5100,0,xgboost,12.123333,24.08099,26.808,95.84857,28.646782,314.47208,0.057450254,29.08986
-1.5300633,-5.4190655,-1.6371622,-0.34389192,-1.7815692,-2.2140045,-2.001556,-2.4849975,bg_rep01_1994,0,xgboost,11.333333,20.300447,26.776,79.59414,28.011461,27.062492,0.5361153,30.532778
-0.5363126,-2.719685,-1.5810577,-3.9076204,-2.7217455,-1.2165161,-2.5634663,-1.3844346,bg_rep01_9221,0,xgboost,9.315,25.556957,28.032,104.325584,24.470442,46.364544,-0.2236812,35.87457
-1.386851,-1.4165825,-1.6441066,-3.2508698,-2.6473403,-1.637922,-2.2066436,-1.2852415,bg_rep04_4218,0,xgboost,12.537,25.364166,25.24,100.41459,24.9797,429.3649,-0.18153776,30.24138
-2.5430708,-2.9172018,-0.8261627,-3.0836525,-2.534105,-3.0893962,-2.756218,-0.47915804,bg_rep01_869,0,xgboost,13.179,28.722431,28.46,100.53283,21.849913,1605.7689,-0.5005264,40.299973
-1.629449,-2.6718712,-1.1137025,-2.7955694,-1.3785967,-1.075034,-2.3651524,-2.429525,bg_rep01_3077,0,xgboost,12.274,24.93094,24.188,102.68137,18.765997,796.9497,-0.30652174,36.52958
-0.0201187,-1.8943084,-1.6592159,-2.5200236,-2.0292082,-1.2601949,-2.5861895,-2.3412519,bg_rep02_6926,0,xgboost,9.039333,23.347797,27.220001,100.48771,19.532299,33.663673,-0.072880015,52.27476
-1.4767306,-4.8212447,-0.8540097,-4.650881,-0.54505825,-2.0213606,-2.487215,-1.7594937,bg_rep01_1462,0,xgboost,12.312666,22.840147,27.348,107.43085,27.933455,134.07002,-0.62803423,23.682505
-0.79593354,-3.7051318,-2.0800455,-0.8608056,-1.4200861,-1.384733,-1.4161011,-1.6613133,bg_rep05_2053,0,xgboost,11.193334,30.486256,28.816,74.9724,28.78675,214.2815,0.10071858,33.16545
-1.0337948,-2.7931252,-1.7398106,-3.57906,-0.2722776,-1.7280816,-1.6391789,-1.7546657,bg_rep05_1397,0,xgboost,12.397,24.66574,29.16,119.68398,20.16486,144.18175,0.24805745,56.64943
-0.9776707,-3.2858055,-1.6914719,-3.179411,-1.2949753,-1.0216929,-1.6732712,-0.34814617,bg_rep04_5319,0,xgboost,11.415,23.39523,26.36,88.94581,27.747896,231.1702,-0.09132605,27.292831
-1.5294248,-5.177923,-1.6294008,-2.667806,-1.7052252,-1.50753,-1.1662699,-0.7480323,bg_rep01_7342,0,xgboost,11.701333,21.021366,26.7,87.12287,28.281427,50.01213,0.38146028,28.135658
-3.9659643,-3.2300882,-1.797812,-1.8658091,-1.0684187,-1.8059622,0.543664,-1.1651667,bg_rep03_9892,0,xgboost,14.697667,32.02385,30.7,94.32764,19.195839,1350.6803,0.76676613,43.079258
-2.6686413,-3.1303985,-2.0161996,-3.7370584,-0.54948545,-1.4777628,-0.39405945,-2.2323468,bg_rep03_7176,0,xgboost,12.847,26.186302,30.0,120.22979,17.403502,217.30316,0.3132042,49.91022
-4.139176,-3.1689832,-0.97342277,-1.0915079,-0.81705165,-0.54193944,0.1530101,0.38478813,bg_rep01_7574,0,xgboost,13.932,30.05177,31.028,81.6406,0.0,0.0,0.0,0.0
-0.36496535,-5.3818803,-0.6960994,-2.3603442,-2.2776816,-1.2942699,-2.2308722,-1.9788703,bg_rep04_9332,0,xgboost,10.765667,20.97099,27.444,93.54069,29.82492,58.878647,0.21165009,25.747469
-2.7760615,-3.7568727,-0.9810499,-2.774126,-0.99813473,-1.8952767,-2.7873313,-1.4386852,bg_rep04_9862,0,xgboost,12.903334,30.44675,28.488,98.025894,17.536121,1615.6469,-0.37540433,45.749813
-1.2354139,-2.8782012,-1.8832607,-3.9284925,-1.599731,-1.9657556,-3.618953,-1.7210225,bg_rep04_3631,0,xgboost,12.453333,24.894718,28.911999,119.15074,21.604965,145.7079,-0.27440816,56.32364
-1.2420032,-3.17594,-1.6632302,-4.2848268,-2.302725,0.22607847,-0.5286977,-1.0331421,bg_rep01_5211,0,xgboost,11.650333,26.755314,23.076,90.94811,22.416441,739.6406,0.32837048,32.493885
-0.2855498,-2.6223269,-1.5419278,0.00125643,-1.2456197,1.0154184,-0.87937665,-2.5325468,bg_rep05_5209,0,xgboost,10.538333,28.132229,25.328001,79.78692,26.756271,703.0214,-0.35461628,35.966145
-1.5965065,-2.899424,-0.82084966,-3.9602408,-1.280762,-2.0729988,-2.9795487,-1.8026934,bg_rep01_5409,0,xgboost,12.119,24.819775,28.228,116.84073,20.76508,155.99481,-0.71414655,43.136784
-0.17098363,-3.8200657,-0.9304045,-4.665159,-1.4941055,-1.9091475,-1.4199418,-0.2721062,bg_rep03_2418,0,xgboost,12.226,23.695635,25.896,107.20893,26.281456,436.91302,0.16565275,28.996193
-2.2409132,-3.4767423,-1.2868127,2.026692,-0.45348105,0.5457664,-1.6584544,-1.4592713,bg_rep02_8757,0,xgboost,14.273334,28.564949,23.644,67.31471,20.068352,721.8823,-0.410029,41.7552
-1.7687134,-5.946356,-1.3983711,-2.396457,-1.3612447,-1.8129627,-2.882816,-1.8377057,bg_rep03_8468,0,xgboost,11.972,22.30752,26.6,90.52409,30.50833,62.614147,0.18545073,29.497265
-1.3411093,-3.414254,-0.98322797,-4.5577345,-1.6859537,-1.5783024,-2.0363426,-2.053124,bg_rep02_3834,0,xgboost,11.926333,23.952307,28.34,118.50095,22.79407,189.48254,-0.375046,43.379063
-1.1672087,-3.1787555,-1.8035707,-4.1586084,-1.0778502,-1.6521076,-1.4708906,-2.010895,bg_rep04_5755,0,xgboost,12.264,24.34106,28.855999,118.99544,21.46211,135.77193,0.26697013,53.627422
-2.257356,-3.097768,-2.0930915,-1.0958232,-2.203242,-2.165582,-2.6469398,-1.9580932,bg_rep03_3457,0,xgboost,8.600333,28.050663,27.868,64.39365,22.729584,981.1879,-0.1859721,34.030704
-2.746629,-2.4315543,-0.9709977,-2.670316,-1.6628854,-2.634628,-2.2193623,-0.5793353,bg_rep05_830,0,xgboost,8.026667,27.376081,24.768,63.39748,28.80262,1685.4714,-0.21809396,27.866623
-2.0326796,-4.5038633,-4.251849,-0.017766722,-2.021686,-0.7018506,-2.658676,-0.50097257,bg_rep04_6328,0,xgboost,9.286333,29.16562,29.524,66.19949,23.61388,697.6199,-0.24385744,33.423683
0.43874952,-3.0660927,-0.21971847,-1.4045749,-1.4463164,-1.5649008,-0.38503698,-0.80394655,bg_rep02_4924,0,xgboost,10.202,23.690321,23.632,83.85544,18.077316,378.99713,-0.65535194,34.644844
-1.819304,-4.2806616,-0.7653986,-2.4503891,-1.2622355,-1.6209905,-2.6425006,-3.1520128,bg_rep02_4020,0,xgboost,7.926,22.46344,22.864,30.184074,17.52172,141.04942,-0.2780955,50.520523
-4.2072077,-3.8715808,-1.2237313,-3.9284906,-1.6023519,-1.8568923,-2.234654,-2.5216048,bg_rep01_7891,0,xgboost,13.5286665,23.704561,24.508,90.610306,21.431707,589.829,-0.048206333,43.384254
-2.8980365,-3.6596816,-1.8996063,-2.3789957,-0.8828063,-1.7708294,-0.74007547,-1.3987368,bg_rep03_3368,0,xgboost,14.223666,31.786152,28.883999,99.310005,15.887609,1355.2812,0.27893156,57.895508
-2.799327,-3.5185664,-2.8249917,-2.782215,-1.0241377,-0.80548227,-1.1290994,-0.86257356,bg_rep05_3184,0,xgboost,7.4101853,26.163855,31.122223,53.642406,1.5957358,1.4714535,0.89086515,1.3763124
-5.0976906,-3.122844,-0.2768361,-3.6449025,-0.84286857,-0.5531278,-0.10666861,-0.23133633,bg_rep01_9690,0,xgboost,14.643667,30.904243,31.54,94.165886,0.0,0.0,0.0,0.0
-1.4617078,-2.559889,-2.0684729,-3.4508758,-0.83671886,-1.9776418,-2.2580993,-2.186507,bg_rep05_5234,0,xgboost,12.341,24.617012,29.224,121.12996,19.616041,149.74582,-0.3685063,51.20498
-2.2646027,-2.6433337,-0.46536377,-0.0453667,-1.1503273,-1.5497196,-2.77989,-1.3959271,bg_rep05_8447,0,xgboost,14.047334,25.40205,24.86,72.13693,20.220161,777.2266,-0.1161299,40.538734
-1.1785289,-4.500937,-1.8607854,-3.4337838,-2.511127,-2.6669145,-2.7109392,-0.21305342,bg_rep03_3402,0,xgboost,12.149,31.947512,23.244,87.384125,22.045168,2316.02,-0.24464698,27.09169
-0.5072375,-1.7872086,-1.9000752,-4.123699,-1.4301151,-1.6189014,-1.2713004,-2.8100016,bg_rep05_6043,0,xgboost,11.174334,25.50519,26.896,104.34713,17.901104,230.03922,-0.43424776,43.358025
-2.2085207,-3.0796452,-1.7366289,-3.1526995,-1.2250603,-1.7210978,-0.99254364,-1.7142653,bg_rep04_3223,0,xgboost,12.612667,25.247553,29.072,124.765884,26.049967,150.44406,0.5324297,53.009777
-0.23969333,-4.6127787,-1.74517,-0.72813433,-2.640502,-3.1948187,-1.2307009,-1.6401702,bg_rep02_8599,0,xgboost,10.76,29.832539,23.628,82.525635,23.883455,1982.0271,0.16693115,24.541704
-0.9039717,-2.9777167,-1.5433023,-5.2341356,-1.7418873,-1.7395023,-1.2406566,-1.2798233,bg_rep03_2925,0,xgboost,11.885,23.294786,25.932,109.89432,25.722586,180.07462,-0.13270006,25.059706
-1.2797236,-2.8679078,-1.6131338,-4.2109294,-1.9933888,-1.7970229,-2.1191304,-1.3174417,bg_rep01_7959,0,xgboost,12.342667,23.209227,26.640001,107.50588,23.861885,185.74098,0.51303303,28.611446
-3.0882037,-4.4302926,-2.8254406,-2.6500454,-0.8318202,-0.19935799,-0.45990106,-0.3827531,bg_rep05_4927,0,xgboost,7.1176667,23.043468,32.388,47.61026,0.0,0.0,0.0,0.0
-4.1483626,-3.5427878,-3.7851193,-1.1664045,-0.59385264,-1.9325999,-1.222036,-2.3235862,bg_rep04_4504,0,xgboost,7.304333,25.250048,31.223999,68.50316,27.939825,578.58777,0.00558082,29.482105
-3.6898806,-4.1698403,-2.8661122,-1.5137556,-0.527831,-0.18688764,-0.17465304,0.14213152,bg_rep03_1192,0,xgboost,7.4800005,25.504639,31.316,60.84319,0.0,0.0,0.0,0.0
-1.1841868,-2.629898,-0.40335953,-4.2086697,-1.0377736,-1.0337402,-3.258748,-2.3997636,bg_rep05_326,0,xgboost,12.003333,25.025713,27.544,103.775986,20.84056,276.59515,-0.25626802,44.131763
-2.671039,-3.8472347,-1.3881018,1.3071032,-1.6510874,-1.4944098,-1.5129286,-2.1841013,bg_rep03_8209,0,xgboost,12.996,24.075584,27.335999,67.48408,31.121437,77.84227,0.28136203,24.577257
-3.6430144,-3.6723197,-1.5188165,-1.7967463,-1.284667,-2.017447,-2.0188122,-1.8042771,bg_rep02_6343,0,xgboost,13.453667,31.938244,28.640001,94.23067,16.638426,1407.2076,-0.42101902,43.04884
-0.97416365,-3.1544163,-1.9448855,-3.8466387,-0.9227964,-2.0293806,-3.1369514,-2.409262,bg_rep04_9949,0,xgboost,12.330667,26.304861,28.848,111.595116,17.678856,150.76077,-0.087188624,52.41117
-0.27982646,-4.495051,-3.236613,-0.018801728,-1.0573131,-1.2658094,-1.7880783,-2.1877537,bg_rep01_5728,0,xgboost,10.587,29.496824,29.716,80.43308,29.060646,79.542175,-0.44290912,28.69539
-3.2571068,-3.3074355,-0.51253253,-3.8794553,-0.79816616,-0.8129502,-0.27007487,-1.0213122,bg_rep05_1208,0,xgboost,13.017333,28.92998,28.484,102.53516,0.0,0.0,0.0,0.0
0.2484108,-1.2818127,-0.053223025,1.7930144,0.7552278,1.2543715,0.4485919,0.30534348,presence_127,1,xgboost,11.701333,26.330633,22.62,68.55132,20.319767,766.9057,0.27780542,42.319622
-2.5398788,-2.3307621,-1.8265461,1.0945984,-1.7270839,-1.8254955,-1.5874095,-3.2908442,bg_rep05_4586,0,xgboost,12.782666,24.591509,26.508,67.991005,27.093472,161.03238,0.56174046,29.042276
-0.8259122,-2.2913654,-1.7381169,-2.551795,-1.0352188,-1.2236342,-0.64074147,-2.8987265,bg_rep02_3289,0,xgboost,11.351,25.314451,22.88,96.42988,18.444971,808.29456,0.3222028,38.82764
-2.5973,-2.7003765,-0.54051554,-2.3124328,-2.3034327,-1.3617098,-0.9914507,-1.3896462,bg_rep04_6683,0,xgboost,8.153334,27.012102,28.564001,40.04497,25.363047,12.624546,0.31844628,40.654236
-1.5043509,-4.3754044,-1.4842057,-3.0051603,-1.3337834,-1.707232,-1.246766,-2.3411345,bg_rep04_8390,0,xgboost,11.037666,22.686974,25.1,95.49665,22.5611,514.998,-0.026417423,35.13353
-2.1498587,-2.9753127,-1.4326894,-2.86766,-0.9551913,-2.0898535,-2.3770366,-3.335984,bg_rep05_314,0,xgboost,7.1573334,20.801365,21.7,32.595833,23.380022,378.7506,0.19708644,42.95553
-2.701887,-4.3619103,-1.6963319,-2.3347213,-1.8053664,-2.741569,-0.62312007,-1.4090252,bg_rep04_4713,0,xgboost,14.552,29.620583,32.8,98.37388,28.491467,1022.16473,0.34150502,29.860577
-1.5534022,-6.3344717,-1.2957051,-0.9114228,-1.4740696,-1.5358661,-2.0779023,-0.6848018,bg_rep01_8489,0,xgboost,11.029,20.241154,27.12,86.05839,28.225046,40.567806,0.23414297,27.429245
-0.8683202,-1.2906913,-1.1861882,-5.1324925,-1.9808162,-1.0674276,-1.0862883,-1.9129751,bg_rep01_8747,0,xgboost,11.292,25.787888,25.156,104.42462,23.308712,617.55255,-0.37882385,35.66202
-0.92980516,-4.0604315,-1.1787516,-4.391124,-2.0106084,-0.809012,-0.8733917,-1.284463,bg_rep01_1539,0,xgboost,11.0,21.912352,27.768,117.984344,25.602716,162.61353,0.43725193,40.137936
-1.1677334,-3.0945127,-0.69202965,-0.41326675,-0.38108763,-1.8058207,-1.1599655,-0.862409,bg_rep05_3287,0,xgboost,7.96,18.817966,23.720001,73.66935,17.793932,2.6740005,0.1164499,19.974968
-1.397333,-4.3268743,-1.9819505,-4.1248145,-2.0420282,-1.674081,-2.238005,-1.2699935,bg_rep02_2175,0,xgboost,10.925,21.15608,26.7,116.193474,28.376083,178.96292,-0.29041082,29.843983
-2.6984441,-3.4253225,-2.275357,-3.3208687,-1.0353919,-1.4100358,-3.5233467,-1.3598944,bg_rep01_1207,0,xgboost,12.870334,28.854662,28.948,107.64435,14.291097,1235.481,-0.22890987,57.10508
-3.5755012,-4.123764,-3.2961957,-2.6753807,-1.9791511,-2.1237845,-0.49737707,-0.689897,bg_rep04_4894,0,xgboost,6.975,24.357452,32.628,63.24342,26.7295,369.89835,0.3502453,28.02871
-2.310211,-3.5926108,-3.6175716,-1.8062685,-1.9277946,-2.176492,-2.9542172,-0.7856696,bg_rep05_3299,0,xgboost,8.820999,27.39441,31.383999,60.87149,26.65613,105.5898,-0.6764074,28.262712
-0.8521143,-3.2811754,-1.4845085,-2.460219,-1.558884,-1.5354941,-1.1031574,-1.4005566,bg_rep03_7502,0,xgboost,8.733334,25.992064,26.6,96.66603,8.8610935,4.019214,0.7783208,10.642867
-0.27578044,-3.1823795,-2.4811523,-4.3163505,-1.4264811,-1.156804,-0.12707724,-0.58806413,bg_rep03_985,0,xgboost,10.717999,29.248991,25.512,90.49992,0.0,0.0,0.0,0.0
-2.7528827,-3.0794582,-1.4059876,-3.1098585,-1.7397712,-1.6900549,-2.87667,-2.0280972,bg_rep04_9179,0,xgboost,14.044666,25.600924,22.736,89.78014,19.45304,861.4801,-0.22505459,43.294292
-0.971046,-5.783086,-1.8102858,-2.576677,-2.8756864,-1.7015811,-2.1190696,-0.23382294,bg_rep05_414,0,xgboost,10.661333,19.89203,26.704,86.58205,29.5633,49.852673,0.27739683,28.370419
-1.8540775,-3.384199,-0.7467989,-5.199854,-0.80966,-1.3791422,-1.6231288,-2.7059507,bg_rep01_2314,0,xgboost,12.445666,23.976395,24.855999,103.12749,21.671715,276.87677,0.118369706,35.741474
-1.3884323,-4.3240266,-1.9166036,-0.9263903,-1.7691648,-0.8992386,-1.8392086,-1.3621691,bg_rep04_1065,0,xgboost,12.227333,22.69701,26.536,75.94574,25.549133,115.04717,0.7439376,31.119389
-2.9422073,-3.6140394,-1.920366,-2.928879,-0.9292906,-1.6965262,-0.5706711,-1.2144134,bg_rep02_3245,0,xgboost,14.235666,31.041576,29.303999,98.15355,15.30053,1383.3008,0.37124056,58.145638
-4.562173,-2.259639,-1.2194674,0.06868896,-1.581019,-0.38046393,-1.7040087,-2.3003418,bg_rep05_582,0,xgboost,13.511666,25.92216,23.18,70.02207,19.893824,720.538,-0.045184318,39.735455
-1.0770345,-5.197601,-1.5579194,-3.555248,-2.339872,-1.9577034,-1.3091851,-1.3592081,bg_rep03_7713,0,xgboost,11.856667,22.288643,27.855999,116.81476,29.726036,139.88748,-0.31008708,28.954884
-3.2119796,-2.2427375,-1.9410014,-2.6414218,-1.8897319,-1.881542,-2.9969442,-1.9280478,bg_rep01_3489,0,xgboost,14.419333,25.421955,21.168,88.462616,20.489964,1498.4017,-0.08823109,42.884136
-1.6403409,-2.5587475,-1.5849311,-0.22235149,-1.3118894,-2.5678368,-2.602749,-1.5104158,bg_rep01_4028,0,xgboost,14.235667,25.029303,27.256,69.26285,27.031023,136.93729,-0.29056033,31.661392
-3.1440134,-2.484794,-2.4160817,-2.5949721,-1.6128874,-2.6920688,-2.4226627,-2.10042,bg_rep02_4515,0,xgboost,8.822667,27.605341,29.088,47.40569,32.809425,402.317,-0.19768333,37.706303
-3.5939548,-2.7325277,-1.7340345,-4.6188884,-0.8323892,-0.94987035,-0.7033052,-1.7370355,bg_rep02_9649,0,xgboost,13.745,27.987051,25.704,122.126724,18.403196,788.188,0.312201,51.07803
-1.9436688,-3.1917837,-2.4767148,-1.894072,-0.6683366,-1.3756951,-2.2390141,-1.060377,bg_rep01_5288,0,xgboost,11.913667,24.938597,20.092,62.40473,20.830383,776.42175,-0.34487185,40.523
0.4217548,-4.091554,-0.97230494,-0.4143717,-0.9072764,-1.5995066,-1.4643455,-2.2593198,bg_rep05_5418,0,xgboost,10.041667,21.414455,20.264,69.03885,19.031874,900.37885,0.27430698,42.437256
-1.2386875,-3.7378535,-0.8824469,-1.9936363,-2.221681,-2.4373696,-2.7928326,-2.6155672,bg_rep04_5263,0,xgboost,9.431666,25.135023,23.2,39.42622,16.194235,40.045563,-0.27931663,49.442547
-2.3068602,-3.9221156,-1.7369701,-2.7588768,-1.8335807,-1.973636,-1.4427611,-2.217345,bg_rep03_1631,0,xgboost,12.729667,24.401293,27.024,99.34965,26.708328,319.504,0.66077733,22.24875
-3.7541249,-4.421086,-3.3163366,-2.9543123,-0.83523166,-0.32871357,-0.15870906,0.0026945504,bg_rep01_8224,0,xgboost,7.626333,25.316471,30.748,53.147633,0.0,0.0,0.0,0.0
-1.1952851,-2.1219459,-1.0479476,-2.951972,-1.7744019,0.2694157,-3.2578,-1.6817093,bg_rep05_8073,0,xgboost,11.537,26.602564,23.228,94.12972,19.125015,733.7691,-0.26151314,40.264305
-1.039398,-2.302273,-1.8950856,-3.9451017,-1.710328,-1.5246755,-2.392553,-2.3727043,bg_rep04_2612,0,xgboost,12.500999,25.408537,28.803999,123.2305,21.851387,160.8935,0.090884656,53.436295
-3.2241297,-4.807645,-2.237391,-2.2306306,-1.5693123,-2.4573743,-1.9621123,-2.3958013,bg_rep03_1995,0,xgboost,13.056334,29.819874,20.792,95.03988,21.170416,1485.2104,-0.43646768,38.303482
-1.3091341,-5.8167257,-2.094978,-2.5696964,-2.2098725,-1.3150395,-2.0180001,-0.40775135,bg_rep02_4520,0,xgboost,11.354667,22.500528,26.048,99.28807,28.351927,224.81943,0.54589903,28.34567
-0.95201856,-3.042927,-0.8994466,-4.895911,-2.650982,-0.26835093,-1.872005,-1.8641564,bg_rep03_4724,0,xgboost,11.18,26.674938,24.388,106.1734,24.176949,750.10425,0.09339897,34.610275
-1.0046488,-2.9703913,-2.1693954,-3.5282836,-0.96930724,-1.3772479,-2.5189512,-2.3274384,bg_rep01_2197,0,xgboost,12.501,26.485168,29.312,126.42209,17.103807,261.21054,-0.40673316,44.774574
-0.85643035,7.6617317,-1.7499244,0.25314853,0.32219374,0.5290764,0.29008356,1.0826243,presence_248,1,xgboost,9.698334,46.36801,25.332,42.473923,0.0,0.0,0.0,0.0
-0.9315823,-2.6839194,-0.8667014,-3.1394813,-0.84596264,-1.3851976,-2.3464873,-0.9837453,bg_rep04_215,0,xgboost,9.4123335,25.155905,24.384,88.01961,26.13165,200.92322,0.20898326,34.32854
-0.479931,-4.948139,-1.7686388,-1.7126808,-2.6153567,-1.752753,-1.4116703,-2.1603835,bg_rep01_8533,0,xgboost,10.774667,20.38032,26.768,84.9359,31.098446,54.186012,0.8238463,26.483393
0.50822943,-2.8801186,-1.7435871,-5.133601,-2.6795154,-1.3132112,-1.7647271,-0.56318337,bg_rep05_9716,0,xgboost,10.342,26.18493,25.692,108.51762,25.215137,467.9679,0.5386602,33.737225
-3.4589357,-3.6248977,-2.2954047,-4.643399,-1.0311193,-1.3722279,-0.3335428,-0.6717109,bg_rep04_4715,0,xgboost,12.878,31.99344,24.848,92.24185,0.0,0.0,0.0,0.0
-4.1452374,-2.7786422,-1.167398,-2.693483,-1.6448054,-1.4271708,-1.7373326,-2.1343687,bg_rep03_1752,0,xgboost,7.8976665,28.262476,27.052,43.436882,34.17831,625.7441,-0.12436529,34.33202
-3.5009499,-3.1049275,-2.8643067,-2.9541838,-2.286732,-1.2274091,-2.124799,-0.6772538,bg_rep01_2775,0,xgboost,7.388768,25.941332,30.126087,42.547752,35.125313,21.022684,0.23087606,26.779755
-2.596336,-3.02935,-0.9459262,-2.986053,-0.71209055,-0.9566843,-0.13759267,-0.42216504,bg_rep02_5383,0,xgboost,14.115334,29.409395,30.868,95.68352,0.0,0.0,0.0,0.0
-3.5032876,-4.572589,-3.5793333,-2.5230207,-0.8174641,-0.39037484,-0.22194575,-0.62322086,bg_rep01_8386,0,xgboost,7.3296666,24.682337,30.196,50.410664,0.0,0.0,0.0,0.0
-1.236867,-2.8182108,-0.55427516,-3.466084,-1.2881876,-1.1537093,-0.19783683,-0.4529496,bg_rep02_5710,0,xgboost,11.936,27.974125,27.496,94.88473,0.0,0.0,0.0,0.0
-1.5531433,-5.800173,-1.9745041,-2.238225,-1.7740232,-0.8714059,-0.28980672,-1.2111956,bg_rep01_1078,0,xgboost,11.013667,22.508106,26.248,94.085205,26.738182,286.77887,-0.008219993,28.712284
0.48933217,-2.6462615,-0.38771152,-1.9205444,-1.582254,-2.3480442,-2.3465695,-1.5765272,bg_rep01_693,0,xgboost,10.366667,27.381582,28.24,95.934204,33.102215,130.93904,-0.553407,33.115864
-0.97880036,-2.8489606,-1.9086387,-3.662112,-1.3936356,-1.5740664,-1.0808287,-1.740393,bg_rep04_514,0,xgboost,12.249333,24.371933,26.392,98.29757,22.269815,445.8133,0.53645724,34.63816
-4.2260485,-2.645013,-4.170831,-0.5571592,-0.36235583,-0.8449956,-1.3613741,-0.8025286,bg_rep03_3025,0,xgboost,7.787667,26.189356,30.907999,66.2894,26.88993,664.4083,-0.31579128,30.746616
-2.529727,-3.5292494,-3.1180549,-2.1246326,-2.218921,-0.9236774,-2.0368264,-0.86652213,bg_rep02_9956,0,xgboost,8.376333,27.503065,31.136,48.68797,25.198809,5.474564,-0.15156959,21.736834
-1.7107142,-1.2957962,-1.3469251,-2.879844,-1.8511252,-0.24613045,-1.8842747,-0.1111484,bg_rep04_9439,0,xgboost,12.175667,25.914495,23.884,94.93443,23.561924,735.49115,-0.18399256,30.621408
-0.1838396,8.399689,-1.033169,0.1475659,0.3858655,0.5695216,0.59634805,1.6073881,presence_228,1,xgboost,11.665667,46.01478,29.464,30.759916,0.0,0.0,0.0,0.0
-2.502121,-3.8842735,-3.200192,-0.7974681,-2.3116102,-2.5991662,-1.8282409,-2.2367907,bg_rep01_1695,0,xgboost,9.275,28.661928,29.82,64.692024,24.019121,604.1883,0.013783666,35.723183
-3.0527513,-3.164932,-1.1501812,-0.41138345,-1.8331392,-1.9505217,-2.4144402,-2.8784273,bg_rep05_2391,0,xgboost,7.431667,23.55371,25.048,27.545643,17.659351,261.84207,-0.07343466,45.280346
-1.4556433,-3.4892533,-2.3434722,-4.584534,-1.2052352,-1.0319601,-0.18401504,-0.30132782,bg_rep01_4317,0,xgboost,11.998333,31.109554,25.436,89.573425,0.0,0.0,0.0,0.0
-1.5059295,-3.1184435,-0.9381576,-4.249674,-2.1483843,-2.1112022,-3.2150908,-1.948094,bg_rep04_4981,0,xgboost,12.135667,25.125603,28.144001,102.88522,21.880276,108.70127,-0.22048771,53.54518
-1.7926991,-5.427243,-2.1485062,-2.438693,-2.6870365,-2.2044365,-1.722636,-2.0903294,bg_rep05_4962,0,xgboost,11.956,22.286013,26.152,92.38003,29.042109,157.58836,0.58119565,29.562069
-2.614993,-2.5718656,-2.1054387,-3.465261,-0.5060613,-1.4601957,-0.46052206,-1.6999519,bg_rep01_4999,0,xgboost,12.865,26.598166,29.911999,117.31363,17.613094,264.72522,0.36503333,47.103943
-4.3876457,-4.570616,-0.92582875,-3.8545623,-0.28541407,-0.99643713,-0.059246242,-1.859464,bg_rep01_2684,0,xgboost,13.941334,24.069983,24.78,91.55393,21.127861,666.08514,0.33914998,42.90958
0.45126605,-5.0701375,-1.7594893,-2.4507148,-2.34809,-1.5438427,-0.9053258,-0.6829702,bg_rep01_4243,0,xgboost,10.269667,20.125551,27.044,88.64953,30.202436,58.94113,0.75797415,28.071934
-0.84644246,-2.6281552,-1.084893,-3.0819492,-1.5514996,-1.5818481,-0.9535328,-1.2336372,bg_rep04_2424,0,xgboost,11.038333,27.097244,28.08,101.75492,25.995844,58.76466,-0.0049421294,32.73591
-3.22205,-2.6671686,-1.8495158,-2.5004475,-2.616108,-2.3331993,-2.0756366,-1.3901507,bg_rep01_6258,0,xgboost,8.327,27.474594,28.684,44.55537,34.202065,392.80023,0.0864802,33.944984
-4.60793,-3.133811,-0.7316006,-3.755829,-1.0771184,-1.1479955,-0.25553933,-0.50279313,bg_rep02_457,0,xgboost,13.559,31.118608,27.464,95.19764,0.0,0.0,0.0,0.0
-4.2999816,-3.8242097,-1.8121322,-3.9825404,-1.0344846,-0.810373,-0.08022954,-0.44256833,bg_rep03_2996,0,xgboost,13.443334,29.665754,29.568,89.824814,0.0,0.0,0.0,0.0
-4.946476,-2.5865788,-0.9010195,-0.7193288,-1.4689842,0.2289571,-2.7035244,-1.4499172,bg_rep05_4985,0,xgboost,13.608334,24.73523,24.252,73.16411,20.231915,714.7448,-0.24945922,40.28989
-1.0996658,-4.175145,-1.059422,-3.3291607,-1.4332435,-1.5707042,-2.0983713,-0.7708301,bg_rep05_7048,0,xgboost,11.793,24.094885,26.828,89.35249,27.698256,193.00005,0.22585388,27.7066
-2.8091202,-2.8838205,-0.38837257,0.08296128,-0.48158354,-2.0793126,-1.4179773,-1.9158137,bg_rep02_9407,0,xgboost,9.178333,28.095793,27.42,71.72792,26.125378,303.0554,0.28283653,38.43703
-0.15302753,-3.335607,-1.0922351,-2.227113,-2.516628,-0.59699297,-1.6859406,-0.8817038,bg_rep01_5894,0,xgboost,8.516,24.034771,27.456,95.89795,24.877684,83.86943,-0.16308844,39.912945
-1.5609571,-2.408144,-1.3867834,-4.693798,-1.6501952,-2.0753796,-1.1472073,-2.1884658,bg_rep05_1616,0,xgboost,11.987,25.066917,27.992,108.29795,21.336924,131.75967,-0.020022888,37.40475
-2.5052085,-3.1476855,-2.8552685,-2.6504452,-1.6669154,-1.0429744,-2.4536486,-0.44412977,bg_rep04_1041,0,xgboost,8.651667,28.288212,31.196001,46.69177,36.12389,9.2632065,-0.27707186,26.33048
-1.8255048,-5.0749745,-2.1986756,-0.6832785,-0.90371585,-2.14351,-0.95634276,-1.975846,bg_rep02_6527,0,xgboost,12.069333,21.017925,26.232,78.69045,30.308716,29.897564,-0.091332555,30.49489
-3.563082,-4.7012396,-3.5226116,-2.905123,-0.8937343,-0.3662542,-0.11167402,-0.35088843,bg_rep02_1321,0,xgboost,7.2676663,25.105936,30.372,59.759125,0.0,0.0,0.0,0.0
-2.6385336,-3.8348436,-2.5099647,-3.0186067,-1.1060537,-1.9315693,0.39193317,-1.1654423,bg_rep01_6564,0,xgboost,14.266334,30.525364,30.352,88.079575,17.995739,1341.5015,0.7915736,41.1409
-2.8336716,-3.253842,-2.4249184,-3.8347425,-1.0857667,-1.5553991,-2.0795875,-2.3483293,bg_rep03_885,0,xgboost,12.985,26.489187,29.628,123.59153,21.105661,217.43558,-0.41906187,49.88127
-0.48021227,-4.518162,-2.8660288,0.039274503,-2.0152981,-1.6963258,-2.3538153,-1.7136334,bg_rep04_7307,0,xgboost,10.513667,20.997097,26.468,80.55361,31.815535,92.693855,-0.5183888,16.082977
-2.199196,-3.7847302,-0.6060187,-3.0644865,-1.4794524,-1.452376,-1.4825786,-2.1114604,bg_rep04_1397,0,xgboost,7.2951756,21.879768,23.68421,35.37329,24.721445,23.339146,0.1070007,39.571087
-1.8943156,-1.8524264,-1.2516087,-3.1211472,-0.9116925,-1.1826187,-2.711444,-2.9425027,bg_rep05_5073,0,xgboost,12.047,25.319462,24.588,97.275536,20.189333,618.8028,0.19910221,38.549442
-2.2298353,-2.4264102,-1.2327868,-0.1183063,-1.6120917,-1.5313637,0.33397308,0.6671277,bg_rep04_1029,0,xgboost,11.918667,23.193483,25.14,78.59005,23.85843,491.44016,-0.47947535,33.453457
-1.4373971,-2.7729661,-1.2279174,-5.4293103,0.031938184,-1.8184284,-1.4400538,-1.7323623,bg_rep04_2582,0,xgboost,12.4036665,23.493572,27.124,118.23682,30.632524,154.0794,-0.122264,32.028362
-2.1537206,-4.6421266,-3.8838315,-0.56963164,-1.9586455,-1.3911742,-2.192395,-2.7818415,bg_rep05_1097,0,xgboost,9.5529995,29.980541,30.04,66.41255,25.813679,616.8112,-0.50393325,29.332155
-2.460092,-3.9702563,-0.7530935,-2.4129434,-1.0167865,-2.187907,-1.490433,-2.6024508,bg_rep04_261,0,xgboost,7.739,22.937166,23.076,31.098803,22.21506,401.70496,0.5201504,41.90852
-2.5539842,-2.9062943,-1.1551485,1.1184313,-2.0013478,-1.186301,-1.1366205,-1.9358764,bg_rep05_5946,0,xgboost,12.812333,23.925034,27.116001,66.70614,29.739525,70.461205,0.29419938,24.092825
-2.0661647,-2.4457383,-2.342705,-3.5150418,-0.63967305,-1.7753966,-2.3843265,-2.7227848,bg_rep01_4277,0,xgboost,12.698667,25.824995,29.572,115.60157,18.799917,176.4039,0.08411073,53.15036
-2.745499,-3.3118517,-1.3990278,-4.521496,-0.9381252,-0.98092717,-0.2323646,-0.5356288,bg_rep02_4446,0,xgboost,12.823333,31.41434,27.268,97.513794,0.0,0.0,0.0,0.0
-0.7782094,-2.078749,-1.6411964,-2.2559834,-1.0480022,-0.95240825,-0.22917894,-2.6910236,bg_rep03_5896,0,xgboost,11.504,25.39066,23.244,97.11642,17.745358,772.6097,0.64168763,38.13196
0.61798763,-5.498268,-2.6304154,-0.13661313,-1.373987,-1.8386399,-2.0468147,-1.3642147,bg_rep02_2025,0,xgboost,10.375,19.488691,26.164001,79.8582,28.43908,60.730602,-0.21055521,31.704367
-2.5653305,-3.3358943,-0.504917,-1.7114395,-0.5896861,-2.5265183,-2.7479525,-1.4805576,bg_rep04_3979,0,xgboost,8.604,25.154953,27.6,21.47803,27.581617,551.04816,0.06921343,38.456936
-3.721597,-4.514882,-3.1157885,-2.1873846,-0.6234937,-0.3198421,-0.08575464,0.0005832487,bg_rep05_8473,0,xgboost,7.408667,25.717394,30.768,60.940403,0.0,0.0,0.0,0.0
-3.5867088,-4.392714,-3.187922,-1.2589892,-0.53671515,-0.18658368,-0.040489532,0.08476716,bg_rep01_4579,0,xgboost,7.3766665,25.666899,30.344,60.73782,0.0,0.0,0.0,0.0
-3.8746767,-3.6680236,-3.5203788,-1.6356099,-1.4240584,-1.7927881,-1.0768318,-1.0708784,bg_rep04_1813,0,xgboost,7.502,25.663656,31.532,65.53808,27.34102,591.9702,0.38846877,27.134079
-1.0277926,-4.52507,-1.3481429,-4.4376264,-2.2379065,-1.2340541,-2.4306505,-0.7715685,bg_rep02_8372,0,xgboost,11.569,22.81674,28.176,107.96527,25.376081,193.68063,0.07505194,28.211327
-1.4086925,-2.137825,-1.263745,0.30529904,-0.95610845,-1.0016409,-1.2238259,-2.2258334,bg_rep04_3643,0,xgboost,11.767333,26.603664,25.044,64.65049,23.49108,269.84546,0.2799131,39.697598
-1.5214082,-4.0211096,-0.85427177,-2.7889142,-0.92563874,-1.6675243,-1.2462964,-1.4405599,bg_rep01_956,0,xgboost,7.3780303,21.619162,22.254545,33.874123,9.656566,41.098072,0.7465856,25.25886
-0.23690005,-4.4169855,-3.3343577,-0.6042242,-1.2343304,-1.1960417,-2.8904855,-0.65737534,bg_rep01_890,0,xgboost,10.214666,29.679993,29.952,72.26321,32.606678,67.818115,-0.50878954,20.920786
-3.016896,-5.68319,-2.8551567,-2.0922618,-0.6729957,-0.08714061,-0.33913356,-0.5044804,bg_rep03_8726,0,xgboost,6.8946667,24.311235,32.38,62.86946,0.0,0.0,0.0,0.0
-1.1614383,-3.2186732,-1.755473,-3.9915977,-1.1052562,-1.882401,-1.5030588,-2.1025395,bg_rep02_9910,0,xgboost,12.151,25.203268,28.916,110.74401,21.244963,140.9142,0.2542863,46.140133
-2.8818498,-3.042621,-1.3476912,-3.5134094,-1.0589792,-1.3671916,-2.7103553,-2.108744,bg_rep04_3756,0,xgboost,13.194333,24.934488,23.355999,88.3571,20.123497,614.3671,0.023047391,46.51828
-3.0296428,-4.5396047,-2.044821,-2.9950461,-2.030731,-2.1401787,-1.7874687,-2.3121467,bg_rep04_9434,0,xgboost,13.128667,29.700178,21.608,98.79042,22.54675,1229.0679,0.10800182,37.25864
-2.1878743,-2.2721193,-1.5341643,1.7467171,-1.0836614,-1.4369481,-1.3081595,-2.5919008,bg_rep02_9882,0,xgboost,12.161,25.454203,23.076,67.312645,21.117233,371.47287,-0.3460237,39.150288
-3.1777956,-3.2619827,-3.3962405,-2.6873603,-0.61899716,-1.2889856,-2.300578,-0.9887776,bg_rep04_9427,0,xgboost,7.3494444,26.953953,29.84,43.478626,26.895979,7.6042166,-0.3206949,22.1995
-2.0429938,-3.547016,-1.5593294,-2.4701757,-2.3166409,-2.9138656,-2.2417302,-1.9796525,bg_rep02_9725,0,xgboost,8.619667,28.12473,27.264,63.426785,25.593458,1025.8899,0.26693666,34.076454
0.03811067,-3.7932436,-1.1668551,0.102824464,-2.886075,-1.2497826,-1.8647667,0.17121218,bg_rep01_3458,0,xgboost,10.249667,20.922812,25.816,81.37094,29.871347,188.71568,0.13984054,28.101536
-1.0574939,-4.271461,-1.6293597,-4.500779,-1.5569793,-1.6119324,-1.3261571,-2.2648263,bg_rep04_901,0,xgboost,11.377667,22.808249,27.148,113.42946,27.467415,194.40419,0.41080806,37.454704
-0.04802471,-3.8010304,-1.4383669,-3.4782016,-1.5231671,-2.1553948,-1.2510679,-1.8459058,bg_rep01_2225,0,xgboost,8.252778,23.71488,24.433332,91.01845,8.302852,3.8537443,0.36873308,8.745148
-0.71817905,-3.9605954,-2.5261996,-3.0156753,-0.81164664,-0.882198,-1.6831831,-0.8651061,bg_rep05_2594,0,xgboost,5.2833333,21.608725,28.95,48.75197,10.799816,5.4143887,0.5566521,11.822356
-1.2554692,-5.0074725,-2.411211,-0.13729346,-0.9854824,-1.6282521,-1.9511659,-1.2313415,bg_rep01_7461,0,xgboost,10.8376665,21.32056,26.324,79.789444,30.334099,154.51231,0.02979304,25.286758
-0.6540709,-4.518821,-1.6550215,-2.2002401,-2.831841,-1.3665729,-0.6296151,-0.4194459,bg_rep02_6950,0,xgboost,10.559667,20.44862,27.331999,93.10747,29.562513,58.942722,0.34861872,28.533562
0.35979864,-3.327764,-1.2784629,-4.6346855,-2.5286212,-1.5060891,-0.9409777,-1.597934,bg_rep04_6551,0,xgboost,10.368667,24.001543,27.852,105.24679,31.118881,8.029217,0.3421531,31.38073
-1.1402285,-3.8620296,-1.9050097,-5.211433,-1.4829197,-1.5595503,-2.0878646,-0.529299,bg_rep03_1857,0,xgboost,12.482666,23.046057,26.355999,104.59117,26.298431,215.60571,0.031044053,27.094679
-0.96686226,-5.78727,-0.59932315,-4.4910564,-1.7560512,-1.6515735,-0.895506,-0.8776365,bg_rep03_1057,0,xgboost,11.824667,22.364704,27.4,112.53805,34.3917,131.41228,-0.12653667,14.950227
-1.0818316,-4.901498,-0.8282545,-3.8177133,-1.9661279,-1.5309906,-1.9919605,-2.1537657,bg_rep03_2475,0,xgboost,11.826333,22.334064,27.8,118.98367,29.286795,147.09892,-0.109040566,47.196445
-1.3493681,-2.1290705,-1.5038677,-3.4261174,-1.0548446,-0.7227769,-1.7301209,-0.9389425,bg_rep03_6819,0,xgboost,12.159,24.715424,26.164,96.75711,21.737558,473.0648,-0.32025573,32.677303
-1.0401716,-3.5703425,-2.2870953,-4.8214507,-1.1447772,-1.4297901,-0.20016423,-0.24126661,bg_rep02_5959,0,xgboost,12.217334,31.70698,24.972,90.268616,0.0,0.0,0.0,0.0
-1.3235828,-4.7696657,-2.048499,-3.3692522,-1.6341028,-1.1675806,-2.4246666,-0.99140984,bg_rep02_9727,0,xgboost,11.525333,22.565067,25.392,101.88054,26.690542,267.14508,-0.22440644,32.113064
-2.7561033,-4.291771,-1.0322728,-3.6794922,-1.8807018,-2.5458648,-0.65351385,-1.6174378,bg_rep01_2263,0,xgboost,12.962334,31.529318,27.62,91.149826,20.516586,1626.2898,0.28158468,33.177216
-2.5704014,-2.214169,-1.6272436,-1.514367,-3.0428462,-1.3113959,-0.74382687,-2.6623378,bg_rep04_6511,0,xgboost,8.250667,27.513227,28.324,65.02124,25.277712,963.5191,0.36447588,29.390827
0.2919687,-4.801108,-1.2327695,-1.7170545,-1.7284107,-3.4945695,-0.93126047,-2.343023,bg_rep01_6344,0,xgboost,10.348001,29.804148,27.156,50.638065,25.75141,1001.51886,0.34136528,39.320324
-1.0857545,-4.574369,-2.8062806,-2.7011127,-0.67879504,-0.9714752,-0.58026433,-0.7378035,bg_rep04_6641,0,xgboost,4.891667,19.480951,29.289999,53.36864,21.61044,13.225639,0.30765942,21.648954
-0.20510812,-1.4436647,-1.3115435,-2.266407,-1.7787609,-1.3824321,-2.1901424,-0.59102625,bg_rep05_9771,0,xgboost,10.023611,25.5189,27.9125,98.79583,25.914442,31.181036,0.10400529,35.03495
-2.3206866,-3.0955477,-0.6089809,-2.7266011,-1.3529544,-0.77557534,-2.335134,-1.3879116,bg_rep05_2856,0,xgboost,7.2920003,20.815254,22.416,33.80584,24.716219,261.7015,0.06956126,40.511505
-4.189249,-2.0916002,-0.7655159,0.5748798,-2.2048175,-1.5637223,-2.0903618,-2.0577052,bg_rep03_1088,0,xgboost,14.809667,25.947275,25.888,71.00877,20.770544,484.03973,-0.1670444,38.945225
-1.3664337,-5.2789197,-1.4600195,-3.4290638,-0.6125329,-1.9607022,-2.188774,-1.7108469,bg_rep04_4551,0,xgboost,11.695667,22.573277,26.640001,100.17471,27.772718,98.040405,-0.106678374,35.69919
0.009216379,-3.5686543,-0.89284545,-0.7880456,-1.7751118,-1.6731911,-1.3041437,-2.7195778,bg_rep02_7821,0,xgboost,9.854667,22.822294,22.68,85.06053,17.911654,557.4494,0.2961579,36.614483
-4.855199,-3.5772035,-2.6071231,-5.0627685,-0.56519586,-1.3727244,-0.51983625,-0.6909277,bg_rep04_9378,0,xgboost,13.650666,33.132687,22.664,98.28875,0.0,0.0,0.0,0.0
-1.1213641,-4.5493665,-1.3319782,-2.049048,-1.5831532,-1.6504335,-1.7099912,-1.6693752,bg_rep05_5654,0,xgboost,10.913667,21.787245,27.704,93.71269,26.40699,154.23512,0.13951631,29.077854
0.038364347,-5.5722947,-1.9736896,0.8898643,-1.2644536,-1.9996327,-1.531881,-1.8584131,bg_rep04_8990,0,xgboost,10.834,22.796902,19.088,67.44406,19.751263,1057.8212,0.16649078,41.80384
-0.34481892,-3.2122703,0.018689595,-3.3731282,-0.76229966,-1.9645172,-0.14208178,-2.3738158,bg_rep03_1825,0,xgboost,11.592334,24.899763,28.256,108.436554,19.238653,98.69592,0.36209697,46.959545
-1.1295279,-3.3221714,-2.10096,-4.16425,-2.0321596,-1.6792847,-2.924545,-2.045202,bg_rep03_1955,0,xgboost,12.232667,24.156134,29.116001,113.70802,24.727325,140.39864,-0.25980228,47.14417
-1.2287695,-2.3707786,-1.410638,-4.058819,-1.2074664,-1.2511231,-2.0285654,-1.0179846,bg_rep02_2123,0,xgboost,12.163667,24.484032,25.944,98.76004,26.579472,467.33774,-0.12833163,32.612167
-3.6157665,-3.1798112,-2.5623484,-2.1814578,-0.66698176,-0.35430446,0.0981552,-0.017033946,bg_rep04_2390,0,xgboost,7.6723332,26.688232,28.856,58.994133,0.0,0.0,0.0,0.0
-2.5806627,-3.9034097,-1.9601604,-2.654191,-1.0541207,-1.9089772,-2.536112,-1.7485414,bg_rep01_199,0,xgboost,14.342333,30.247877,30.868,98.796585,18.314987,1139.8029,-0.153384,42.234108
-1.8805155,-2.6506324,-1.3722683,-0.30190474,-1.2247955,-1.8369936,-0.57340693,-1.2442585,bg_rep04_7014,0,xgboost,9.858334,28.309021,28.364,78.097694,28.75837,323.47925,-0.41718918,31.493786
-2.104665,-2.9620295,-0.96306413,-3.9880023,-1.0201666,-1.7627614,-1.6815654,-2.5647204,bg_rep03_185,0,xgboost,12.646334,26.274273,29.392,117.215195,15.738971,213.60664,0.16321503,49.65097
-1.5952278,-4.333813,-1.3993813,-2.2549307,-0.95419383,-1.3773655,-1.8536628,-3.031971,bg_rep05_1638,0,xgboost,6.1676664,19.266733,21.552,29.891546,22.716665,55.463165,0.1756335,41.781097
-1.1088479,-3.0581815,-1.5880194,-2.5735097,-1.6267148,-2.6082985,-2.9060545,-3.2531497,bg_rep02_3244,0,xgboost,8.473333,23.13854,21.752,33.623817,17.4991,528.0693,-0.105219014,46.805893
-5.0241194,-3.310384,-0.7034383,-4.2801986,-1.0628139,-0.65076125,-0.13210276,-0.27008462,bg_rep01_6158,0,xgboost,14.960334,32.53095,30.772,91.93505,0.0,0.0,0.0,0.0
-0.945611,-5.418805,-0.70273864,-2.461337,-2.0996401,-1.4430149,-2.4845877,-1.6985844,bg_rep02_7008,0,xgboost,10.851666,21.113834,27.496,92.93564,31.265345,60.265953,0.18840304,26.106855
-5.9132557,5.5084577,-3.770192,-5.377922,-0.06420679,-0.6158435,-0.30311856,0.023065267,bg_rep04_3500,0,xgboost,14.568666,36.8715,19.916,98.233665,0.0,0.0,0.0,0.0
-3.1995745,-3.0436325,-1.5087485,-2.3756614,-0.80662215,-0.28971758,-0.080461025,-0.26369023,bg_rep03_7692,0,xgboost,7.536,26.301828,28.4,59.70636,0.0,0.0,0.0,0.0
-2.9824007,-4.3088546,-2.345167,-2.6203535,-2.522827,-1.3199084,-2.0010612,-1.4720291,bg_rep01_2166,0,xgboost,7.487,24.058483,29.256,41.528187,31.728586,29.364683,0.4239758,25.376177
-3.735665,-3.7595296,-1.5984643,-3.6991003,-1.9939522,-2.1879735,-0.5760138,-1.0700146,bg_rep04_8123,0,xgboost,13.902667,30.296955,29.256,103.073364,22.044798,1305.6185,0.5486404,45.327736
-0.34497717,-1.2673038,0.59950227,3.0519776,0.061233517,1.5817956,-0.6700802,0.3268353,presence_123,1,xgboost,14.55,26.679625,27.424,66.30398,23.156286,247.11023,0.18202317,31.278616
-3.6740272,-4.5103173,-2.8570058,-2.1890612,-0.58462995,-0.28791744,-0.07942616,-0.00037187105,bg_rep01_160,0,xgboost,7.302,25.58873,31.364,61.805965,0.0,0.0,0.0,0.0
-1.6989462,-2.618105,-1.3402587,-2.663073,-1.7143595,-1.3245738,-2.336858,-2.6870725,bg_rep03_5226,0,xgboost,12.078334,25.705145,25.788,102.33273,18.663221,560.764,-0.55568737,38.57003
-2.055088,-2.8812437,-2.3942933,-1.3244426,-1.9835879,-2.6646016,-2.5050025,-2.5512931,bg_rep02_6333,0,xgboost,8.098667,24.651974,27.86,26.809431,17.986004,456.40366,-0.5131278,44.966503
-2.1497812,-3.4429245,-2.8326101,-3.2966435,-1.7007778,-1.5523071,-2.3280709,-1.6777984,bg_rep04_7057,0,xgboost,8.9800005,28.310215,31.108,48.614895,34.02858,82.564095,-0.5208563,33.15002
-3.1206422,-3.7664065,-1.493913,-2.4660864,-0.6817917,-2.422147,-1.936545,-2.072709,bg_rep03_6251,0,xgboost,7.7093334,24.031588,26.152,33.53904,20.25056,598.1158,0.26768363,43.74353
-1.6354336,-1.4737673,-2.9633908,0.79447,-1.1248798,-1.540691,-2.7626715,-1.9363865,bg_rep03_3942,0,xgboost,11.182667,24.786476,22.164,65.3683,21.216505,353.86502,-0.21686284,39.834827
-3.6033802,-5.2987695,-2.9746988,-2.5965893,-0.7166141,-0.2111023,-0.24991053,-0.47687703,bg_rep01_7045,0,xgboost,7.579,24.420027,32.116,50.14469,0.0,0.0,0.0,0.0
-0.7099947,-2.735419,-0.97904277,-0.32041267,-1.0982285,-2.533126,-1.3456824,-2.9757054,bg_rep04_4139,0,xgboost,9.386001,25.206789,23.568,79.95281,23.49849,399.73135,0.32653677,38.80783
-3.601894,-2.8085914,-0.66158825,-2.60123,-0.8691319,-1.9904208,-0.33152363,-1.9363737,bg_rep01_1029,0,xgboost,8.161667,25.252682,28.48,32.70867,26.175198,315.0158,0.33606076,36.060085
-3.7492237,-1.9344397,-3.1525059,-4.882054,-0.44363555,-1.1290225,-0.4450509,-0.4301989,bg_rep05_1102,0,xgboost,14.336,33.725414,22.912,98.07611,0.0,0.0,0.0,0.0
1.2769269,0.5448351,1.6315634,1.131004,-0.7459125,-0.35538527,0.10759009,0.8286544,presence_94,1,xgboost,8.346,20.761194,22.992,79.81986,25.126911,199.8628,-0.6720072,32.449936
-3.9990668,-3.022206,-2.744671,-2.7090254,-1.9280257,-1.5937093,-2.073082,-1.0567495,bg_rep02_4592,0,xgboost,8.008667,26.624556,32.18,64.16729,27.161762,472.7502,0.03196414,26.032988
-0.030795824,8.323886,-1.0435534,0.0147804255,0.3395789,0.5413148,0.57441187,1.5909866,presence_151,1,xgboost,11.180667,47.854248,29.596,44.315865,0.0,0.0,0.0,0.0
-1.9805447,-2.7970934,-1.5764432,-2.275127,-2.23468,-3.0889869,-0.6589666,-1.3372535,bg_rep01_8734,0,xgboost,8.406333,27.809757,27.34,63.304813,23.673277,1042.2318,0.31631774,33.064053
-1.0247698,6.67107,-1.1202995,2.0028555,0.39184147,0.7297923,0.35449362,1.2796144,presence_167,1,xgboost,9.666333,46.733387,26.668,14.20669,0.0,0.0,0.0,0.0
-3.4290802,-2.8806791,-1.4678223,-1.2683513,-0.11634575,-1.4562166,-1.6044128,-0.7728156,bg_rep05_6023,0,xgboost,7.0183334,23.51043,27.724,25.986702,26.89843,253.30728,0.013838572,32.202587
-2.1099377,-2.6047487,-1.5669643,-1.602339,-1.8113713,-1.7299737,-1.5311105,-0.09408231,bg_rep03_3050,0,xgboost,8.030666,26.056673,25.98,37.779972,24.676983,29.555029,0.410666,40.541992
-3.3799655,-3.129978,-3.1850176,-2.8160512,-0.86643845,-1.0501153,-0.8921611,-0.42322606,bg_rep04_4025,0,xgboost,7.483333,25.834293,29.833332,45.95716,16.16764,7.2500267,0.3231791,12.913989
-0.83486074,-3.0400546,-0.93491334,-4.664972,-2.5364957,-1.6955087,-2.803966,-2.3632066,bg_rep04_4632,0,xgboost,11.574667,23.544888,27.532,115.645294,24.761095,204.37752,0.067764685,43.55555
-1.7098016,-2.5487497,-2.091999,-0.372148,-0.25387096,-1.4796524,-2.101591,-2.0872047,bg_rep03_2723,0,xgboost,12.186,23.093542,26.456,73.15749,26.927404,185.90305,-0.08788543,33.977062
-0.03688608,-3.8969238,-1.4694346,0.23025905,-1.516111,-1.3540616,-1.8239295,-1.9326564,bg_rep05_2438,0,xgboost,10.230333,28.961424,25.824,65.675026,26.75552,659.3408,0.10197418,34.388477
-0.30092958,-4.4641347,-1.7306347,-0.9134968,-2.5325413,-2.0268314,-1.706503,-0.51261854,bg_rep05_7271,0,xgboost,10.538334,20.831686,26.640001,85.86973,31.504528,99.37346,0.5826763,27.998516
-0.60040504,-1.691924,-0.76002115,-1.0353769,-0.78718585,-0.6853706,-2.9513574,-1.4441401,bg_rep04_9882,0,xgboost,9.518667,25.812634,28.752,96.40159,28.991625,84.04257,0.068810605,36.830906
-4.514197,-3.4560378,-3.671938,-0.26874712,-1.6445494,-1.8179681,-1.8311342,-0.9484028,bg_rep01_8074,0,xgboost,7.2543335,24.990814,31.716,66.70632,26.507378,528.0296,0.17822571,28.204031
-0.6746739,-5.4192524,-2.5542512,-0.17806832,-2.7010925,-1.7526779,-1.3130392,-1.5244606,bg_rep05_8612,0,xgboost,10.630333,19.568392,26.236,81.1308,29.140182,50.95139,0.2921039,31.594433
-2.3723931,-2.557417,0.035087556,-3.8227797,-1.2662117,-1.931229,-0.82120794,-2.1412287,bg_rep02_4099,0,xgboost,12.576667,25.498068,29.424,114.541466,21.453598,154.22157,0.5532788,49.07292
-1.177545,-5.0263586,-1.2406689,-2.4656193,-2.270687,-3.280164,-1.8147953,-1.6594145,bg_rep05_4813,0,xgboost,9.39,29.961712,23.216,61.97863,30.102732,1474.6948,-0.15597036,34.89594
-0.8184343,-3.4791818,-1.2886951,-5.254634,-1.3582901,-0.8532563,-1.5926523,-0.23864551,bg_rep01_1701,0,xgboost,12.477667,23.74889,24.944,103.98735,23.486372,242.25209,0.47141427,27.943338
-4.2227993,-2.5408893,-1.8836784,-2.773409,-0.9412274,-1.4345696,-2.0730133,-1.6456205,bg_rep02_3226,0,xgboost,13.907667,25.47005,20.904,91.21533,20.82742,1272.8041,0.17204496,43.113735
-2.3369188,-3.195375,-2.041392,-3.0514169,-1.2438735,-2.1388953,-1.5121267,-2.0081162,bg_rep03_8215,0,xgboost,14.259334,25.187828,21.628,89.741196,21.214619,1347.3029,0.0008652163,43.680676
-1.4859768,-2.7388606,-1.0019994,-3.6535273,-1.2974917,-1.7665441,-1.9973649,-2.4393651,bg_rep02_9412,0,xgboost,12.260333,24.756346,28.696001,117.345375,18.300428,145.49442,-0.046132095,42.558678
-2.120055,-4.9475055,-3.518838,0.24989894,-1.136624,-1.9479588,-1.2665455,-1.90491,bg_rep04_9110,0,xgboost,9.42,29.596582,29.96,66.47943,23.08938,658.58435,-0.017849123,34.145897
-0.6999953,6.537936,-1.4131955,2.2853298,0.5824159,0.820921,0.30884922,1.5775458,presence_201,1,xgboost,9.596,40.99453,20.416,15.137078,0.0,0.0,0.0,0.0
-3.7915092,-1.9387541,-2.2064865,1.999743,-1.7764566,-2.4698985,-3.062697,-1.7040232,bg_rep04_6741,0,xgboost,13.523334,27.04883,22.988,67.57521,20.445248,601.2949,-0.09587992,39.9256
-3.0085526,-2.5824401,-1.8435152,-3.4686246,-0.62287724,-2.0836177,0.71247137,-0.73396516,bg_rep05_8774,0,xgboost,12.997,26.749403,28.972,122.21062,18.56158,202.50078,0.6342565,55.801285
-1.6679283,-3.152569,-1.1832224,-4.123893,-2.061846,-2.0672543,-2.5327332,-0.8376231,bg_rep01_3226,0,xgboost,12.504,25.201548,29.4,111.70424,24.082373,145.7005,-0.7363097,40.37523
-2.9849534,-2.8930976,-2.1043804,-3.1133986,-0.47166893,-1.5151994,0.3476348,-1.396747,bg_rep03_7083,0,xgboost,12.928666,26.7055,29.812,122.70794,17.640285,239.95032,0.64783925,46.226364
0.8058861,-4.705039,-2.2162445,-0.8835279,-1.7250162,-1.7879844,-0.6526161,-0.37253594,bg_rep02_128,0,xgboost,10.271333,19.28382,25.456,85.08955,28.159353,150.5065,-0.026309645,32.677334
-3.526332,-3.8570175,-2.551365,-2.7849028,-0.5272266,-0.33961567,-0.04478228,0.16105884,bg_rep04_5854,0,xgboost,7.830667,25.970638,32.38,55.34749,0.0,0.0,0.0,0.0
0.5219231,-0.34126675,-0.17430796,1.4652007,0.116354376,1.4104748,1.2366153,-0.18959014,presence_129,1,xgboost,12.247333,26.583029,22.22,68.682304,18.844852,947.0102,0.3440985,42.916588
-1.2065605,-4.317242,-1.129189,-3.9997177,-0.9298639,-1.8642709,-2.1234667,-1.8915186,bg_rep01_3905,0,xgboost,11.516,22.840143,27.636,116.522064,27.367908,175.33806,-0.6140835,40.68088
-1.3026704,-2.0872242,-2.1879582,-2.8773592,-2.8836396,-1.3290983,-3.051948,-1.1117303,bg_rep01_7370,0,xgboost,11.934999,27.356285,18.648,88.45976,23.034061,1667.6932,-0.15757392,43.542397
-0.25260046,-3.35807,-0.48079315,-5.2636175,-1.0101408,-1.7447882,-0.43382943,-1.3821713,bg_rep03_9518,0,xgboost,10.201333,26.808928,27.616001,104.79569,23.17959,130.3221,0.33111274,34.004932
-2.1887531,-4.166464,-1.0830576,-3.4433625,-1.40063,-1.0303496,-2.0847995,-0.7588236,bg_rep02_5723,0,xgboost,12.623,24.027334,26.528,101.04366,22.276394,334.36963,0.1985152,29.448303
-0.83155096,-1.0537424,-0.35627294,3.3241014,0.27524054,-0.177716,1.1110188,1.4622701,presence_134,1,xgboost,13.175333,24.328484,26.752,68.022606,26.19186,159.27997,0.3001896,33.602818
-4.302456,-2.400586,-0.8496077,0.64826816,-1.5325273,-0.67424715,-0.7109745,-2.8048909,bg_rep02_1687,0,xgboost,14.518667,26.210764,24.56,71.40186,19.836557,746.2825,0.31168038,41.074894
-0.89770794,-2.219705,-1.2536453,-3.3939948,-0.8314374,-2.0504086,-0.8066095,-2.288044,bg_rep03_8788,0,xgboost,11.928333,25.405378,28.108,106.47329,19.552023,94.1472,0.4113314,47.231186
-3.5250816,-3.5516524,-2.4787698,-2.931325,-2.6521988,-1.4665213,-1.5494435,-1.2293768,bg_rep05_2738,0,xgboost,7.772333,24.740047,31.916,48.64158,34.663128,26.974773,0.2904437,21.394112
-1.4177617,-2.4388492,-0.028068202,-5.0223227,-2.1228738,-1.3282325,-0.035402913,-2.1297185,bg_rep02_8249,0,xgboost,11.988333,27.663681,27.54,104.04222,22.345268,224.41547,0.34013003,35.21612
-1.1013372,-5.165733,-2.0384922,-2.986687,-1.7383467,-1.2020358,-2.3211246,-1.7161257,bg_rep03_4055,0,xgboost,11.491667,22.584047,26.364,100.09966,26.465574,172.51668,-0.28252354,30.453468
-1.8595265,-5.5944867,-1.7075542,-4.4707346,-2.1699421,-1.8628377,-2.5247288,-0.76739395,bg_rep04_7039,0,xgboost,11.937667,22.529001,26.952,110.81799,31.51723,150.52373,-0.6909203,27.289978
-3.1288767,-3.143536,-4.070546,-0.5315323,-0.7450349,-0.27953783,-2.1703632,-2.9715426,bg_rep01_1871,0,xgboost,8.099,26.846329,30.935999,67.7561,26.930664,666.2091,-0.52008724,29.692713
-0.9163129,-3.9039369,-0.23474954,-3.3049226,-2.4764774,-1.205125,-0.5988894,-2.1012256,bg_rep05_55,0,xgboost,11.23,22.125463,28.348,123.594604,24.874428,126.58867,0.32629243,44.33505
-0.85761106,-4.7992616,-1.0002259,-2.7220879,-1.0321227,-2.3076644,-2.0041783,-3.329218,bg_rep05_416,0,xgboost,8.548667,22.584452,22.26,33.690582,17.299248,450.61127,0.17211686,45.34687
-1.6992441,-2.9173203,-0.9097348,-4.159752,-1.1929525,-1.4506569,-2.923154,-1.6696733,bg_rep02_5125,0,xgboost,11.980333,25.07185,28.284,107.683075,20.278666,113.81571,-0.7062573,40.026875
-1.4941455,-5.7616034,-2.01077,-2.5387304,-1.303574,-1.9214554,-2.0205324,-2.0245016,bg_rep03_7457,0,xgboost,11.542666,20.350258,26.2,87.15591,27.950275,104.186424,0.02879767,30.294464
-3.5885777,-5.7057986,-3.0248585,-2.3715353,-0.69293904,-0.16836455,-0.29422942,-0.4747678,bg_rep04_8793,0,xgboost,7.434,24.042692,32.072,46.477135,0.0,0.0,0.0,0.0
-3.5995142,-3.5790458,-2.5552688,-2.8112493,-0.5513172,-0.32891437,-0.021255186,0.12054988,bg_rep02_3349,0,xgboost,7.9263334,26.025524,32.312,59.055614,0.0,0.0,0.0,0.0
-1.4671257,-4.357901,-2.016988,-3.6380513,-2.0268476,-1.9174726,-2.0439236,-0.97449243,bg_rep05_634,0,xgboost,11.225667,22.885237,26.104,98.922195,25.109247,366.1639,0.13852678,31.331272
-2.571096,-0.86217743,-0.6540256,-3.157315,-1.637879,-1.1975343,-0.5839117,-0.7441506,bg_rep03_7432,0,xgboost,12.980333,25.427702,26.588001,98.62354,29.340738,352.4275,-0.40723762,26.218002
-2.5739765,-3.6660953,-0.43093678,-4.8288507,-1.2641091,-1.7271032,-2.0513728,-1.3925465,bg_rep03_5038,0,xgboost,12.592667,23.828085,27.368,118.99274,31.327429,154.79832,-0.2211721,31.700975
-4.5176024,-3.2605617,-0.7149952,0.86357266,-1.0213946,-1.0072777,-0.19043347,-2.0900378,bg_rep03_2404,0,xgboost,13.515333,25.258528,23.212,68.6394,20.602243,777.2756,0.3431799,41.014614
0.4894212,-3.0803576,-0.9608796,-4.482326,-1.2482562,-0.84364843,-1.4355587,-0.8665414,bg_rep05_4257,0,xgboost,10.255,23.817818,28.0,105.15259,28.843912,21.732887,0.5155857,35.5725
-1.0214652,7.8241677,-0.5226261,-0.9597057,0.029414672,0.4718484,0.4013427,1.52829,presence_8,1,xgboost,8.952,65.152824,34.22,78.52386,0.0,0.0,0.0,0.0
-2.988553,-4.27,-2.135418,-3.3447778,-0.285094,-1.8004359,-1.7152631,-1.4148911,bg_rep02_5362,0,xgboost,13.036333,28.490982,21.796,102.50446,19.964985,1354.678,0.21012177,32.71792
-2.6915035,-2.8859487,-1.3530694,-3.3028893,-0.5039586,-0.49690047,-1.6118237,-0.18112376,bg_rep03_523,0,xgboost,12.943666,27.192577,27.136,101.36324,21.17581,516.1769,0.013979799,28.92952
-3.7959518,-3.5372741,-1.1940321,0.5637605,-2.3478105,-0.74346906,-2.824776,-2.389829,bg_rep03_3997,0,xgboost,13.912666,25.24985,24.168,68.566826,19.208797,691.09204,-0.09808442,42.95456
-0.94070584,-5.7687364,-0.7258649,-4.4754767,-2.5770607,-1.6210492,-2.292378,-1.172036,bg_rep03_6222,0,xgboost,11.794001,22.360838,27.388,109.96535,33.156788,128.64288,0.07155564,21.497454
-0.39029565,-3.354142,-1.6068761,-4.975445,-2.5239372,-1.7360064,-2.068939,-2.1405075,bg_rep04_7278,0,xgboost,9.977,26.302332,27.22,105.72319,22.228859,218.59029,-0.63719815,37.41348
-3.7987554,-2.5562088,-1.0935676,-3.2288702,-1.3096155,-0.07578325,-2.151257,-1.7787111,bg_rep02_4065,0,xgboost,7.9443336,25.413734,27.256,31.36089,31.203802,698.803,-0.23216645,34.090614
-3.8796005,-3.6347408,-3.1133418,-3.2958584,-2.976796,-1.7393215,-0.5459842,-1.0394496,bg_rep01_7661,0,xgboost,7.945333,25.643343,31.632,54.31413,29.63353,137.78563,0.34563765,32.053867
-1.1920264,-5.6902466,-2.0251358,-2.5067277,-1.718978,-0.45249414,-1.6027037,-1.5937359,bg_rep01_2098,0,xgboost,10.946,22.193836,26.444,94.12495,26.727331,244.04356,0.1619955,29.787344
-1.2111559,-3.7198298,-0.7815894,-2.953078,-0.8401237,-2.1718931,-2.3767018,-3.5223355,bg_rep03_9569,0,xgboost,8.186,21.941675,22.588001,33.46894,17.216494,359.38654,0.030716147,49.140217
-0.99868345,-3.18429,-0.87653404,-1.1307538,-0.97923136,-2.016571,-1.8388815,-1.510099,bg_rep04_1702,0,xgboost,11.520667,23.473242,26.608,85.21308,28.592379,190.46864,-0.22757165,24.535942
-2.0648649,-2.2434485,-1.8398142,-4.6090198,-2.2884512,-1.8918344,-0.43289873,-2.0872128,bg_rep03_7916,0,xgboost,12.509666,23.240074,26.844,104.642525,24.255423,184.45723,0.82086235,38.810204
-3.313686,-3.3639576,-0.7269672,-0.9370933,-0.6270968,-2.2303834,-0.7517861,-1.4167664,bg_rep02_4113,0,xgboost,7.8626666,23.70272,27.472,21.17472,26.235086,491.00214,-0.39704117,39.22726
-0.60064197,-3.4952707,-0.075042516,-3.2768977,-1.5402318,-1.5346885,-3.1373088,-1.5091472,bg_rep04_9452,0,xgboost,11.671334,22.629389,28.612,121.905205,21.456339,135.74954,-0.15577154,53.98776
-1.2011504,-2.118379,-1.6863114,-4.7547417,-2.3152971,-1.7547306,-2.628794,-2.4941964,bg_rep04_2031,0,xgboost,9.327333,25.445583,26.992,104.635216,24.39824,224.31937,0.04301386,37.870735
-3.7825124,-3.3187196,-0.7609371,-1.937915,-0.83232623,-0.6014719,0.06336514,0.06537021,bg_rep01_5140,0,xgboost,14.5,30.78295,31.416,82.39355,0.0,0.0,0.0,0.0
-1.8753717,-2.656785,-1.8654267,-0.5396993,-1.3397386,-2.6790802,-1.6617892,-1.0979315,bg_rep04_8800,0,xgboost,8.458667,28.218128,26.468,66.22547,27.273863,1283.3462,0.5089811,27.959927
-4.603109,-3.6540873,-1.0434299,-3.3594775,-1.0738059,-1.0122001,-2.9560914,-2.2246594,bg_rep01_3775,0,xgboost,13.598333,23.300776,24.388,92.641525,20.009504,675.9238,-0.29077426,42.987293
-5.096905,-3.1689684,-0.27668017,-3.5972376,-0.8439603,-0.55521846,-0.10642238,-0.2308833,bg_rep05_5973,0,xgboost,14.855333,31.271751,31.632,94.091736,0.0,0.0,0.0,0.0
-0.7901436,-4.8009524,-0.70534706,-4.010893,-1.9045439,-1.9618179,-1.4131517,-2.0372741,bg_rep02_5381,0,xgboost,11.803666,22.58297,27.544,114.80661,25.948896,145.81242,-0.40253815,42.831413
0.42122957,7.625619,-1.6125253,0.45328063,0.25567764,0.3712167,0.55207366,1.2575785,presence_43,1,xgboost,10.782986,56.864788,26.1375,41.0693,0.0,0.0,0.0,0.0
-4.5416985,-3.348651,-0.66377753,-0.15267962,-1.6267968,-1.94333,-1.4752498,-1.9734855,bg_rep02_917,0,xgboost,13.657333,25.27451,23.2,68.922424,19.285475,810.6824,0.26617482,41.89172
-0.90567845,-2.4938965,-2.0009794,-2.8120275,-1.463421,-1.850959,-0.5311182,1.0274078,bg_rep05_304,0,xgboost,11.613334,23.38004,26.464,92.82377,25.9587,314.80624,-0.38526738,31.073118
-0.6730152,-1.8501803,-0.60510486,-3.9321332,-1.5629754,-1.3495691,-2.1364412,-2.0045555,bg_rep03_7706,0,xgboost,11.6293335,23.030207,28.396,118.903915,23.3418,161.82683,-0.3812708,43.022373
-0.7224137,-3.4685607,-1.550597,-4.433692,-2.202254,-1.640252,-2.395445,-2.2008443,bg_rep01_1526,0,xgboost,11.780666,23.888123,27.648,115.76984,24.330156,199.46907,-0.6476748,46.392056
-1.2271281,-3.5559447,-1.6196874,-3.351383,-2.2682192,-1.5148273,-1.2681928,-2.0123045,bg_rep03_791,0,xgboost,11.744667,24.235796,25.292,94.57209,24.096926,547.7501,0.49235117,35.40415
-3.311687,-4.383792,-2.966305,-2.7961817,-0.93184733,-0.3849005,-0.27527106,-0.6808725,bg_rep01_2471,0,xgboost,7.028667,24.703596,28.984,60.528137,0.0,0.0,0.0,0.0
-1.993235,-2.8826833,-2.1130693,-4.196451,-1.5534755,-1.9444845,-2.9010978,-0.9911082,bg_rep04_1535,0,xgboost,12.528334,25.268927,29.08,116.117485,22.932423,136.84366,-0.51751596,40.379498
-0.9090118,-5.923796,-1.4642658,-0.9993543,-2.7740352,-1.7559197,-1.6780642,-0.49256054,bg_rep03_5017,0,xgboost,10.846,20.236584,26.92,86.29781,31.791304,52.031185,0.46537396,27.611732
-3.3719487,-4.178424,-3.4471323,-2.4280305,-1.303251,-1.777297,-2.3832195,-0.17530896,bg_rep04_3897,0,xgboost,7.3116665,25.622606,30.084,44.09662,3.5185137,25.509907,-0.32465407,6.6678734
-2.3923662,-2.8661494,-0.65460986,-2.5413885,-0.6830359,-1.6180125,-2.1740613,-2.8646622,bg_rep05_4806,0,xgboost,7.7966666,23.706722,22.732,39.85164,21.036371,142.72946,-0.7534887,43.610397
-3.2954242,-3.4748979,-1.9472063,-2.5992026,-0.6339461,-1.7036475,-2.388023,-2.134865,bg_rep01_2200,0,xgboost,13.101666,29.407583,19.872,98.96484,18.488598,1684.962,-0.7028098,35.87469
-3.7113996,-4.630285,-3.524625,-2.9061487,-0.884839,-0.3682503,-0.14301081,-0.43403664,bg_rep05_5136,0,xgboost,7.3636665,25.070362,30.616,59.09182,0.0,0.0,0.0,0.0
-1.1955539,-3.9005654,-2.7381208,-1.416074,-0.5102112,-1.5127773,-2.8275259,-1.73093,bg_rep05_9638,0,xgboost,9.553667,28.528627,29.1,77.88007,27.304756,66.351654,-0.25626338,36.386383
-1.6014056,-2.6272123,-0.37228715,-3.1486359,-2.4436662,-3.0605383,-2.4621334,-1.520685,bg_rep01_6474,0,xgboost,8.622334,24.98358,24.832,36.02903,29.113863,1086.7853,-0.23141664,35.424908
-2.568964,-2.4325016,-2.1662538,-3.34366,-1.0856693,-1.7110171,-3.0488753,-2.3365896,bg_rep03_5296,0,xgboost,12.796666,25.902086,29.855999,121.46746,19.506031,193.94977,-0.17271003,53.849525
-1.3832859,-5.044999,-2.1748369,-1.9238812,-1.7006108,-1.6003715,-2.0952847,-2.082027,bg_rep05_4327,0,xgboost,11.158334,22.70908,26.216,84.61377,28.331503,230.21939,-0.55562425,29.893965
-2.9568315,-2.9200916,-1.1438861,-2.0144238,-0.6661954,-0.37911606,0.072475284,0.26347777,bg_rep01_2124,0,xgboost,7.6336665,26.236137,26.576,56.428474,0.0,0.0,0.0,0.0
-2.0120642,-2.7513535,-2.679429,-1.2952104,-0.88270897,-2.210007,-1.2434998,-1.5426205,bg_rep03_438,0,xgboost,8.818334,27.595234,28.988,73.31098,27.29183,104.76423,0.5502345,34.684948
-2.0734096,-4.1728415,-1.7671146,-3.206654,-1.200066,-1.767881,-2.4568756,-0.4171041,bg_rep03_9898,0,xgboost,12.696333,31.980688,25.24,89.77388,18.631996,2021.2853,-0.0933541,30.897846
-0.784824,-4.714741,-1.2241738,-4.0793734,-1.2859933,-1.0198228,-0.5203205,-2.1694834,bg_rep01_514,0,xgboost,11.384666,22.561766,27.924,122.39271,22.878008,166.24419,0.42607233,43.65153
-3.532042,-3.3623602,-3.2260168,-2.3296835,-0.5603778,-0.36630648,-0.024110304,0.13176116,bg_rep03_4477,0,xgboost,7.7833333,26.017292,30.136,53.310265,0.0,0.0,0.0,0.0
-1.7891533,-4.2135005,-0.34281132,-4.033287,-1.6066419,-1.5297134,-1.5709444,-2.1149035,bg_rep03_8274,0,xgboost,11.99,22.79988,28.136,116.87576,29.411629,140.01329,-0.12105989,41.955826
-1.9398943,-3.4629517,-1.5703129,-2.8543067,-2.703736,-2.613679,-1.6022867,-1.1929109,bg_rep02_7065,0,xgboost,8.762,25.554129,25.512001,37.50742,29.265932,1009.49347,0.5075048,36.241825
-1.391009,-4.747375,-0.6231882,-2.289706,-2.8549192,-1.0179852,-1.4230684,-0.9591067,bg_rep03_4431,0,xgboost,11.057667,21.467861,27.54,95.14143,29.405266,66.85874,0.486447,27.937569
0.11840918,-0.52377415,-0.5027415,-1.5581117,0.6588766,1.842185,2.9169846,0.5471419,presence_78,1,xgboost,12.512667,26.985565,19.072,97.49457,18.89464,1836.023,0.8744744,45.152607
-1.8787416,-5.2119985,-1.3641844,-2.3165576,-1.4929771,-2.02405,-2.2842624,-1.9457705,bg_rep04_5325,0,xgboost,12.026,21.662224,26.58,88.30482,27.575191,53.190426,0.2250963,29.695723
-1.7994285,-6.3098526,-1.4915935,-2.4196289,-1.5684125,-1.5239968,-1.1437474,-0.2532622,bg_rep02_4815,0,xgboost,12.029,22.328854,27.084,94.304146,30.070791,54.519135,0.009797195,28.11814
-4.618706,-3.3955724,-2.3419716,-4.24645,-0.9022983,-1.575061,-0.3497083,-0.68392706,bg_rep05_3578,0,xgboost,13.968667,32.756466,24.96,95.15803,0.0,0.0,0.0,0.0
-0.89403164,-3.3913183,-1.8137087,-2.5857792,-1.9474869,-0.93079805,-1.0677874,-2.3992937,bg_rep01_2448,0,xgboost,9.502333,23.374823,19.832,60.449814,18.683672,697.5217,-0.36105943,42.92021
-1.0459915,-2.65793,-1.736382,-4.945689,-2.0209086,-0.7568311,-1.5727583,-2.17372,bg_rep04_6674,0,xgboost,12.203,25.138018,27.752,102.99854,22.302746,239.22154,-0.3887065,43.368
-1.8142724,7.3388066,-1.012703,-0.26054072,-0.06346055,0.42228198,0.28290832,1.038207,presence_176,1,xgboost,7.394,50.17644,27.616,71.70189,0.0,0.0,0.0,0.0
-1.1405971,-3.666376,-1.4125718,-3.0058827,-1.4823834,-1.2832611,-2.3957524,-0.96579534,bg_rep04_9940,0,xgboost,11.342667,22.979471,26.732,87.95409,27.312119,169.27756,0.026366932,27.4071
-1.5557657,-2.7341628,-1.4594561,-3.496644,-1.5961294,-2.419072,-1.9916267,-1.6363635,bg_rep03_5735,0,xgboost,8.378,26.753098,23.66,55.162296,28.575583,1231.4447,-0.58126485,36.97799
-1.2790625,-3.0847566,-1.6802031,-4.792968,-1.7283615,-2.0821767,-1.9123241,-1.8452791,bg_rep05_2537,0,xgboost,12.205,23.291985,25.916,108.90199,27.378052,183.22069,-0.49619922,26.850483
-1.7919968,-1.3651997,-0.9087151,0.487363,-1.4701027,-1.6282351,-2.1982877,-2.1660702,bg_rep01_171,0,xgboost,15.285666,27.691425,26.792,64.9364,23.543812,323.09363,0.26136526,41.36264
-2.026233,-2.8860722,-1.8768562,-3.8509846,-0.9915421,-0.7580734,-1.5044535,-2.691597,bg_rep02_8555,0,xgboost,12.669001,26.08293,30.016,120.16538,16.256542,245.46002,0.14993629,50.804253
-2.8854525,-3.896181,-1.1204396,-3.4617336,-1.7280977,-2.3600726,-1.4165671,-1.2018356,bg_rep05_4241,0,xgboost,13.044666,31.717241,28.036,91.8285,19.415287,1607.8892,-0.04386565,32.10053
1.3260747,-0.65320474,0.6721746,1.8705511,0.64427054,0.046257883,-0.13455412,-0.20203057,presence_128,1,xgboost,15.370334,27.02999,27.616001,64.56809,28.658798,222.21281,0.4294219,36.730927
-4.033728,-3.612823,-1.739613,-3.1160495,-0.58234227,-1.5864311,-0.65676326,-1.1718125,bg_rep01_3740,0,xgboost,13.897333,30.511402,28.848,105.69353,19.137323,1360.6842,0.48908368,53.00782
-1.7800486,-1.0965252,-1.5791076,-3.5828123,-1.7916814,-0.1208003,-1.6157236,0.6911423,bg_rep03_2566,0,xgboost,12.632667,25.313936,25.456,98.70927,22.303686,689.49414,-0.3381615,28.31416
-3.4993858,-2.7377656,-1.889909,-2.8094606,-1.1617545,-1.8556129,-1.5056065,-2.0134094,bg_rep02_3508,0,xgboost,12.924666,24.614662,21.496,89.46673,20.980536,1116.7754,-0.004618334,43.515446
-3.2028017,-3.9774332,-2.5528197,-2.949923,-0.7641929,-0.99369466,-0.8246182,-0.8848844,bg_rep04_8267,0,xgboost,7.096591,24.284492,29.136364,38.981037,27.82242,17.907173,0.31143224,27.850018
-0.77777004,-2.6746616,-1.2884039,-1.9065087,-1.9152936,-1.6092834,-0.914681,-1.6243833,bg_rep01_3896,0,xgboost,11.538667,25.119005,25.96,84.66974,24.361786,200.74788,-0.31401482,30.235226
-1.0953097,-2.0402458,-1.2237644,-3.3334327,-1.5958645,-1.976005,-1.2438605,-2.6818862,bg_rep02_7901,0,xgboost,12.327333,25.9654,25.216,91.30681,21.856333,420.29926,0.28877762,35.168674
-2.8641906,-3.4990692,-1.5604981,-1.5129447,-1.4268767,-1.3592005,-0.6119312,-2.4645202,bg_rep03_3055,0,xgboost,12.744,23.30651,23.604,85.70163,20.65122,469.7877,0.3684143,44.29022
-1.6084778,-3.02394,-0.9821937,-2.9747841,-1.1809672,-2.1056492,-1.1810747,-3.1463988,bg_rep03_9697,0,xgboost,7.036333,21.214222,22.156,37.666145,16.964176,111.83048,-0.40481824,43.381943
-0.2522221,-2.1841712,-1.3534082,-3.4056494,-2.4029932,-1.052891,-1.8481764,-1.0086321,bg_rep02_1478,0,xgboost,12.521,25.714695,26.44,97.667854,24.284859,657.3481,0.17937644,26.209871
-1.340137,-4.4861927,-1.9441514,-1.80095,-1.4135704,-1.2472458,-0.5740302,-0.05894345,bg_rep05_2986,0,xgboost,11.289333,22.70034,26.772,94.22052,25.48949,165.10558,-0.48871937,28.36823
-3.570363,-4.3456507,-2.6436567,-2.8987586,-2.3477879,-1.3456441,-2.1383643,-0.66867125,bg_rep01_2945,0,xgboost,7.977,25.186285,32.072,50.18374,34.5945,26.920311,0.065281786,19.190172
-5.3187838,-3.2580354,-1.5298004,-4.544624,-1.1557826,-0.8112994,-0.15605125,-0.51699775,bg_rep01_6838,0,xgboost,14.609,32.46733,29.896,88.15703,0.0,0.0,0.0,0.0
-1.3221948,-2.8955235,-1.6522887,-5.4250884,-0.042922873,-1.974316,-1.5026417,-0.91659874,bg_rep01_3638,0,xgboost,12.351,23.186527,27.1,109.432106,30.734522,155.9277,-0.15308638,24.58248
-3.7833047,-3.4840624,-1.2038653,2.3565567,-1.1047672,-2.1900768,-2.163025,-1.7501614,bg_rep04_8566,0,xgboost,14.870667,28.96507,24.344,67.53319,22.085733,458.86646,0.037449345,39.288635
-0.6593395,-1.5196091,-1.3161095,-2.4263523,-0.5374196,-0.19729519,-1.4666908,-2.927792,bg_rep01_9688,0,xgboost,12.421,25.808262,25.828,101.677635,20.325838,637.9131,0.24360779,40.597034
-0.51333,-3.372915,-1.8802023,-2.8206081,-1.5234503,-1.0835745,-1.5093818,-2.6243749,bg_rep05_1818,0,xgboost,9.319333,23.68439,27.148,102.7365,18.723982,67.047516,0.12062949,49.98339
-1.7485636,-0.96530294,-1.2221432,0.0921507,-0.68666685,-1.9604573,-1.490456,-0.9894962,bg_rep02_164,0,xgboost,14.025666,27.503466,23.407999,69.47976,21.108097,860.2752,0.15855458,42.05324
-4.5384927,-4.1716347,-0.7562909,-3.290831,-1.4557345,-1.6090338,-2.20284,-2.0770314,bg_rep01_316,0,xgboost,13.78,23.913647,23.332,93.88093,20.711216,932.9201,-0.34351078,43.82784
-0.03389732,-3.3641326,-1.0186405,0.33183208,-1.2621101,-1.8190342,-2.438559,-3.010744,bg_rep02_1355,0,xgboost,9.590334,20.899437,20.184,71.01686,17.593838,819.4331,-0.16344245,42.65606
-3.6187568,-5.3969235,-2.9429803,-2.3748481,-0.7859056,-0.1655783,-0.2757783,-0.31456205,bg_rep02_2366,0,xgboost,7.434666,23.686335,33.156,46.634525,0.0,0.0,0.0,0.0
-0.6565368,-1.8610321,-0.8662846,-0.25577846,-1.0343668,-1.0740358,-1.619262,-1.2635522,bg_rep02_8576,0,xgboost,14.169333,27.406834,23.832,63.817074,20.848413,351.03198,-0.32797775,40.231663
-4.7880793,-3.116595,0.2506938,-3.856977,-0.6594901,-0.5478481,-0.21046224,-0.23150645,bg_rep02_6094,0,xgboost,14.862333,31.134436,32.079998,97.46544,0.0,0.0,0.0,0.0
-3.1238308,-4.752557,-2.1120026,-1.0915307,-0.8958063,-0.11181875,-0.13737482,-0.33142436,bg_rep02_4063,0,xgboost,7.162667,25.146282,28.736,60.703045,0.0,0.0,0.0,0.0
-0.03896757,-3.4787848,-1.1032972,-3.4153912,-1.2310989,-1.1922836,-0.27854535,-1.7359687,bg_rep01_8294,0,xgboost,9.999666,24.149118,27.696,103.3264,17.528168,57.43773,0.46735716,45.37777
-4.15732,-3.2877846,-1.1879915,-3.3458004,-1.3312068,-1.5741725,-1.9290779,-2.1727035,bg_rep05_1998,0,xgboost,13.433667,23.289991,24.928,89.96,21.387203,506.1541,0.2634872,44.857185
-1.2236885,-4.924349,-1.8783536,-0.8178908,-1.5951715,-1.7532694,-0.20195638,-1.4572355,bg_rep04_7651,0,xgboost,10.936,20.4794,27.012,82.93212,26.578424,43.2635,-0.008285462,26.893934
-2.4622316,-3.0524433,-1.9806086,1.1782138,-1.387625,-1.7979193,-1.850924,-2.4205048,bg_rep04_1646,0,xgboost,12.740666,24.853048,21.144,71.16341,20.638037,1045.3818,0.08112953,40.90563
-2.8246815,-3.3409963,-1.6243778,-4.6350236,-0.98388535,-1.0220627,-0.22543302,-0.5394339,bg_rep04_7475,0,xgboost,13.215667,32.657078,27.068,97.45277,0.0,0.0,0.0,0.0
-2.9366558,-3.0646374,-2.7949362,-2.688762,-2.0921247,-2.7489154,-1.3267536,-1.4852043,bg_rep01_4421,0,xgboost,7.317333,25.456905,28.892,62.081207,30.962517,1027.143,0.5980718,23.886889
-1.851483,-2.5301566,-1.3968651,-3.0953856,-1.5189959,-2.711637,-2.6374335,-1.8993486,bg_rep02_5134,0,xgboost,9.126333,27.161707,25.52,43.972015,31.075686,1124.6074,-0.29038554,35.292973
-3.4936771,-2.2962778,-1.6390845,-4.421057,-1.0637174,-0.05664504,-0.90326035,-1.855979,bg_rep03_4301,0,xgboost,13.798667,27.9801,26.168,121.574646,18.14221,706.2134,0.377057,52.26907
-1.15718,-2.6280615,-1.7928114,-0.91045564,-1.6541045,-1.8141464,-1.6166366,-2.1053882,bg_rep03_6199,0,xgboost,11.627,25.019365,25.428,86.213615,27.38581,380.89963,0.109344035,30.410633
-2.7460961,-4.0142393,-1.8134421,-3.515657,-1.0905682,-2.0806997,-0.8248167,-0.46130523,bg_rep01_539,0,xgboost,14.02,30.091003,29.331999,103.48939,20.393702,1356.157,0.4966153,55.018284
-2.7830749,-3.0687492,-0.84055024,-4.302324,-1.0644712,-0.38309962,-0.18505189,-0.1117329,bg_rep05_6157,0,xgboost,15.153334,33.051243,30.848,93.45101,0.0,0.0,0.0,0.0
-2.0584996,-3.3717272,-2.3170843,-3.3520515,-0.5122729,-1.5736068,-0.7770261,-0.9837918,bg_rep02_2817,0,xgboost,13.177667,29.04873,29.968,108.13992,15.873632,1169.5114,0.28808796,54.55982
-1.2321421,-2.3776999,-1.5628383,-2.3518348,-0.6890361,-2.7784607,-1.4606897,-2.5398402,bg_rep03_4826,0,xgboost,9.744667,27.474531,26.516,95.159935,27.957277,148.67847,0.56971323,30.070734
-2.3459206,-2.981006,-0.48392016,-3.0250273,-1.2405685,-1.6867621,-0.76445174,-2.0393493,bg_rep04_9155,0,xgboost,7.7833333,21.758173,22.516,33.65389,25.232935,317.23984,-0.3180141,39.99711
1.4421523,-1.9731683,-1.2275448,0.70401245,-1.0444946,-1.4297975,-1.6511339,-2.2070842,bg_rep05_5766,0,xgboost,10.347727,24.99451,22.531818,65.17814,20.917255,114.083885,-0.38456672,35.601753
-1.2497507,-3.9031675,-0.6713564,-3.7922113,-1.4757941,-1.7210588,-0.8873266,-1.5010316,bg_rep04_6148,0,xgboost,11.72,22.599306,27.848,116.68367,27.077269,140.53241,0.4689916,38.393757
-2.508004,-2.2076547,-1.2883394,0.326931,-1.6612225,-1.6385609,-2.3905177,-2.177665,bg_rep01_9730,0,xgboost,9.242666,27.769098,26.724,71.57827,25.94066,260.77768,0.55051523,39.756653
-0.9529346,-1.533907,-1.4654759,-3.6660445,-1.5891229,-1.5097206,-2.0782306,-2.059146,bg_rep05_7969,0,xgboost,11.830333,23.180368,28.92,119.4209,22.433163,134.11298,0.011300705,53.486393
-0.3524558,-1.388481,-0.36765042,-2.8675623,0.6212091,-1.7883699,-1.9697479,-1.5033277,bg_rep01_400,0,xgboost,10.498667,27.762499,27.176,96.20582,30.870617,359.34302,-0.28546596,30.10216
1.0349315,-0.3286715,0.49824765,-1.425423,-0.2731456,0.5531146,0.31727594,3.177878,presence_68,1,xgboost,12.497666,25.31532,25.772,97.03616,22.876963,564.1434,0.3606912,28.419762
-1.0253683,-1.603332,-1.1104951,-1.1754178,-2.3951242,-0.8275246,-0.5600668,-1.1512306,bg_rep01_7163,0,xgboost,11.895,25.917292,25.924,85.50175,25.379871,256.80362,0.33750403,27.003103
-3.0102081,-2.32523,-1.2136788,-0.5317198,0.008535974,-0.59717077,-0.58714736,-0.05513539,bg_rep01_2598,0,xgboost,13.118667,23.601515,26.692001,73.64657,27.904497,114.67628,0.45678717,33.744705
-0.21516263,-2.3226016,-1.491442,-1.9774249,-2.2413554,-1.5597086,-2.4695287,-1.6380361,bg_rep03_7714,0,xgboost,9.982667,25.588707,27.912,99.614525,22.636055,32.32123,-0.10167691,36.59606
0.23749365,-3.4810736,-1.1380806,0.31381935,-1.3596618,-1.6221617,-1.4231708,-2.2848883,bg_rep01_6095,0,xgboost,10.445666,29.282537,26.696,66.48251,28.460155,467.3947,-0.18594085,29.519993
0.79729116,-1.2064301,0.7479805,0.45987663,1.6118401,2.4339416,-0.97906727,-0.109471574,presence_83,1,xgboost,9.806666,26.73865,24.828,82.76988,26.805546,712.7784,-0.22521949,38.45403
-2.3646383,-3.2202497,-2.0882583,-3.81003,-0.78326166,-1.4617465,-0.144729,-1.9162946,bg_rep02_2715,0,xgboost,12.618667,25.992146,29.476,112.50211,20.872559,243.47952,0.76933324,48.248768
-3.841377,-3.8386292,-1.2208039,-3.8290956,-1.7313819,-1.197959,-2.1380038,-1.8091362,bg_rep05_7334,0,xgboost,13.557667,23.983984,26.156,94.18853,21.246311,332.65308,-0.13703771,40.27718
-2.7439318,-2.8679376,-0.8795777,-2.9382744,-2.260705,-2.3868299,-1.9665254,-1.2822856,bg_rep02_1581,0,xgboost,7.264,25.968826,23.924,60.13801,24.73101,1800.5942,0.19590329,32.959534
-1.2124557,-2.8768697,-1.40133,-3.7450507,-2.0794756,-0.94258034,-0.888615,-0.90667367,bg_rep04_5442,0,xgboost,11.765333,23.54762,26.636,93.25284,25.33249,297.51385,0.35420465,33.218513
-2.2455451,-3.1337683,-1.604948,-1.8544754,-1.9725903,-1.2688816,-0.40427107,-2.2202976,bg_rep04_4323,0,xgboost,8.228666,26.083006,25.844,40.09167,25.2695,72.998505,0.6445349,39.454605
-1.2635454,-2.0547838,-1.2725551,-1.8509567,-1.3114167,-1.2053301,-1.7392994,-1.588444,bg_rep02_7922,0,xgboost,12.532333,25.56993,24.876,94.398224,25.876448,589.81415,-0.17643331,30.58394
-1.7365613,-1.9036494,-0.9625768,-3.818773,-2.8386786,-0.16197279,-1.5844387,-1.372601,bg_rep04_6951,0,xgboost,12.706667,26.02332,25.972,98.55429,24.813236,728.7821,0.13520467,23.676905
-0.52617735,-5.723381,-2.5359638,-1.2424625,-1.9479034,-1.7570313,-0.42990562,-1.818972,bg_rep02_3339,0,xgboost,10.495334,19.904669,26.276,83.282776,28.50504,39.823,0.3486546,28.948673
-3.0551755,-1.7528403,-1.4985832,0.089687034,-1.0109055,-0.6359401,-2.299508,-1.934295,bg_rep02_8171,0,xgboost,14.158333,26.645464,23.492,70.59252,20.393265,767.1233,0.059023313,41.230625
0.5852553,0.50116926,-0.3705765,-0.0036741218,0.8602125,0.67137194,-0.08138748,1.5210284,presence_60,1,xgboost,12.3793335,25.394547,26.22,99.62171,21.052864,492.76746,-0.0069944523,29.8436
-3.605139,-5.7054744,-2.9708312,-2.5848484,-0.75832933,-0.19097665,-0.29379627,-0.47165656,bg_rep01_925,0,xgboost,7.6270003,24.23732,32.392002,49.334198,0.0,0.0,0.0,0.0
-4.7319846,-4.9723115,-1.0638261,-3.378392,-1.5436902,-1.178077,-2.7497427,-1.8062142,bg_rep04_8766,0,xgboost,13.543333,22.897364,24.676,90.85541,20.05728,632.14716,-0.22255668,40.051266
-3.5105298,-3.261858,-3.5276453,-1.4153686,-2.013773,-1.9011807,-0.5662107,-0.89924264,bg_rep05_7088,0,xgboost,8.438,27.364119,32.296,64.99581,26.753653,306.32477,0.24049269,28.44297
-1.4724231,-1.9700001,-1.629889,-3.5867827,-0.98404014,-1.6795547,-1.2508458,-2.4549031,bg_rep05_2295,0,xgboost,11.829333,24.540148,25.392,93.28027,23.205091,542.0143,-0.042064663,37.3478
-2.3334634,-3.6511774,-1.8122388,-2.5755494,-2.882838,-2.4833639,-0.5441914,-1.2046597,bg_rep03_527,0,xgboost,13.222667,31.232677,29.024,94.42027,24.885935,1171.7062,0.39548326,31.496347
-2.7143674,-3.604931,-2.9364963,-0.9084114,-0.29171628,-0.7814917,0.49970952,-1.1961578,bg_rep01_5520,0,xgboost,7.2682295,24.71136,28.825,26.761782,21.006721,36.471123,0.6106622,27.562311
-1.093079,-4.2753654,-1.6627308,-3.9468226,-2.2244341,-1.3993398,-2.276295,-2.3073473,bg_rep02_4380,0,xgboost,11.614,22.167507,27.948,117.731636,25.208633,143.94026,0.07950114,48.72947
-3.660282,-3.119722,-2.6726456,-1.6906868,-0.5947996,-0.30534247,-0.09929457,0.113546774,bg_rep01_6813,0,xgboost,7.316,26.005972,29.104,62.286705,0.0,0.0,0.0,0.0
-3.3016198,-4.2904463,-2.7994025,-3.0009577,-2.4193838,-0.996308,-1.4861284,-1.526368,bg_rep04_560,0,xgboost,7.4989996,24.388577,31.576,48.824387,29.862547,36.29446,0.3562553,24.67755
-1.328474,-3.6359403,-0.67370707,-2.487793,-0.849444,-0.21568093,-0.4131505,-0.23353241,bg_rep05_3981,0,xgboost,6.065,23.124142,22.956,60.37286,0.0,0.0,0.0,0.0
-3.436641,-2.28523,-1.3813686,-0.69426656,-1.4861633,-1.29831,-2.1440365,-3.2238798,bg_rep05_167,0,xgboost,13.088667,24.776003,24.128,73.15416,20.597422,551.81934,0.14179443,45.097626
0.4086443,-4.5346303,-2.6519628,0.12209302,-1.9881823,-1.7897067,-2.2278433,-1.4919393,bg_rep05_6788,0,xgboost,10.423667,20.937784,26.2,80.330826,29.988285,150.07089,-0.24455322,25.937199
-2.4407449,-3.9491425,-0.66402805,-3.0228043,-1.8836738,-2.8471613,-1.5542556,-1.6290809,bg_rep03_7094,0,xgboost,13.209333,30.38025,28.156,95.38644,20.504555,1104.1619,0.12902899,32.85211
-0.64691687,-4.050622,-2.4850214,-0.29894507,-1.9918685,-2.6823764,-1.2400424,-2.1601868,bg_rep01_4681,0,xgboost,9.848,18.610628,26.132,80.00852,24.974237,29.824175,0.28854537,29.50468
-1.7777247,-4.9049644,-1.7917215,-0.85844076,-0.74551255,-2.0718844,-2.172508,-1.275664,bg_rep02_8412,0,xgboost,11.888667,21.705738,27.016,77.044426,27.833921,44.682842,-0.22475815,31.65277
-4.603989,-3.4285145,-0.8782485,-0.7088682,-1.6861901,-1.345179,-2.8279629,-2.2869647,bg_rep01_2262,0,xgboost,13.48,25.582632,22.296,69.213455,19.950644,930.7671,-0.18140873,40.995872
-3.966717,-3.680098,-2.033305,-5.0970907,-2.0715606,-1.0821629,-1.9974933,-1.2873785,bg_rep05_7538,0,xgboost,13.804334,28.35264,23.716,122.940674,26.041386,782.2337,0.08900183,32.31656
-0.9422627,-3.5622385,-1.0780663,-3.3598926,-0.47527376,-1.6519697,-2.106833,-2.0104208,bg_rep04_8427,0,xgboost,11.160666,21.629198,27.608,119.646736,19.726082,141.87775,0.104576156,57.74348
-2.1826496,8.094286,-0.8896397,-0.8315389,0.0870875,0.06778631,0.40279636,1.3641905,presence_35,1,xgboost,12.844,51.041172,30.432,74.7604,0.0,0.0,0.0,0.0
-0.84176373,-2.6561832,-0.66493154,-3.8148563,-2.3730538,-1.551538,-2.4719002,-2.0528805,bg_rep03_3119,0,xgboost,11.303667,25.555405,28.296,107.47764,24.596523,18.962074,-0.6274977,46.455433
-1.0521468,-3.974725,-1.4619567,-4.238648,-1.5780531,-1.5376055,-2.1206572,-2.1951053,bg_rep02_3666,0,xgboost,11.522,22.704344,27.88,119.16568,25.968613,180.07622,-0.33461952,42.569218
0.32697186,-3.3698413,-1.2101598,-3.3633783,-1.9658498,-1.2552719,-1.5371217,-1.386811,bg_rep04_4292,0,xgboost,10.811,28.88788,25.816,96.27618,25.056343,206.47243,-0.075315945,31.955494
0.049612083,-3.9663746,-1.604496,-1.9012064,-1.4531934,-3.2266793,-1.5475143,-2.4249036,bg_rep04_3701,0,xgboost,10.256667,31.609549,25.468,55.19796,28.215126,1175.1183,0.4084033,38.464993
-1.5469214,-2.9266543,-1.8548893,-3.30907,-1.4998142,-2.1497135,-2.6117759,-1.1075534,bg_rep05_4533,0,xgboost,11.295,22.95172,25.728,96.540726,25.891771,381.9056,0.20242254,31.746119
-1.2227094,-5.9223876,-1.566925,0.12718739,-1.067772,-1.5963902,-1.4287624,-0.46417823,bg_rep01_9950,0,xgboost,11.588,22.277761,26.84,73.06922,30.982092,91.280815,-0.17475845,23.09468
-2.32709,8.0540495,0.60802126,-1.6197066,-0.082206264,0.06092816,0.33374617,0.99530023,presence_18,1,xgboost,12.9210005,52.388096,33.972,85.36154,0.0,0.0,0.0,0.0
-1.5216781,-1.674281,-0.4693755,-2.1718798,-0.60538167,-1.4572719,-3.9451106,-1.0764089,bg_rep05_3822,0,xgboost,11.943999,23.308094,28.508,122.647484,19.9611,140.10231,-0.20558006,57.75988
-1.3903117,-2.803546,-1.8176415,-4.634819,-2.2891355,-1.6696904,-2.1646092,-2.0378292,bg_rep04_5118,0,xgboost,11.956667,23.32917,25.935999,106.38874,25.335108,196.43883,0.5186438,25.833315
-2.5166476,-2.873347,-1.4193305,0.5988804,-1.7861507,-1.0205307,-1.9467269,-0.75662196,bg_rep01_1315,0,xgboost,9.4053335,28.281612,27.892,70.922806,28.813375,277.6926,0.27467883,31.961578
-4.0042157,-3.0834787,-3.5758195,-2.7016623,-2.0137608,-1.4868299,-1.8957973,-0.8982318,bg_rep04_7869,0,xgboost,8.008667,27.661877,29.548,42.01221,33.25362,113.72313,-0.36696422,33.514084
-3.2394953,-2.4091587,-1.6545813,-3.2554598,-2.7319012,-2.4692776,-2.325092,-1.2588602,bg_rep04_7036,0,xgboost,12.901333,27.70191,22.796,88.466156,22.88893,1131.0022,-0.35830623,41.682003
-2.1290886,-2.8413033,-0.9295766,-2.3651736,-1.2388623,-1.5079699,-1.4346769,-1.8541977,bg_rep04_9154,0,xgboost,12.563,24.908796,26.668,99.26301,22.711739,434.2894,0.7914743,30.40785
-1.1398985,-4.4524665,-2.21728,-1.0636748,-2.3068662,-3.072264,-1.502115,-1.0418286,bg_rep03_9761,0,xgboost,11.265667,30.763699,23.464,82.412766,25.730907,2003.0697,-0.06534378,26.811075
-3.2001228,-3.6794574,-2.0915039,-2.2792253,-1.0698339,-1.7060863,-2.289491,-1.7421988,bg_rep04_9516,0,xgboost,14.5,32.054115,30.092001,93.89089,17.001543,1424.1663,-0.9500174,47.526894
-0.9589136,-2.0128517,-1.6736226,-4.0736194,-1.4863298,-1.7520173,-2.1094923,-2.7628212,bg_rep05_1050,0,xgboost,11.338333,25.34272,26.772,104.13511,18.051432,314.51,-0.5632372,39.386116
-3.24913,-2.7057464,-1.7106309,-3.38772,-1.9281799,-1.8882315,-1.7652901,-1.3841912,bg_rep04_9248,0,xgboost,13.007,27.5502,23.288,93.74092,23.202534,1045.2632,0.23635507,31.5388
-3.8911457,-3.5080042,-0.9726084,-2.5955808,-0.90329725,-1.6406618,-1.5224683,-1.3640809,bg_rep03_3480,0,xgboost,13.649,31.536507,29.384,95.18132,15.032218,1529.7625,0.21465784,60.699085
0.33435395,-2.1482923,-1.8139427,-4.0764294,-1.4426148,-0.9053962,-1.6268988,-1.6437212,bg_rep02_4321,0,xgboost,10.797334,24.505978,25.312,104.6694,18.694862,655.2868,-0.016988752,34.936176
-0.96352786,-4.230708,-1.6271715,-3.9240947,-2.5660827,-1.0917691,-0.8566389,-0.81563276,bg_rep03_9606,0,xgboost,11.543,22.718863,27.26,114.6288,29.08348,163.25229,0.8323527,34.970215
-2.7368116,-2.6950924,-1.1704597,-3.2867835,-1.5622876,-1.0392643,-2.3197308,-1.0788534,bg_rep05_6243,0,xgboost,13.040667,28.209454,25.948,96.23621,21.66832,341.99612,-0.62762713,31.464762
-0.8936119,-3.055827,-0.016101172,-3.070399,-2.363272,-1.8728431,-1.5471104,-1.2209756,bg_rep02_9375,0,xgboost,11.067333,27.315958,28.216,99.99201,24.729227,36.18501,0.25867736,32.7681
-1.882233,-1.7627907,-1.6654853,-3.00231,-0.8765017,-0.13367383,-1.2924852,-1.7021604,bg_rep02_3477,0,xgboost,12.678333,26.039955,24.696,94.837036,27.982615,657.59937,0.29076803,30.126257
-1.7290561,-2.089919,-1.7798381,-4.4855,-2.5102253,-1.9593636,-1.4267887,-0.3246466,bg_rep04_8544,0,xgboost,12.088667,23.167242,25.232,108.341545,24.623127,434.654,0.4278954,31.028185
-0.8243745,-4.6516933,-1.9426681,-1.9224821,-1.0028987,-1.7506628,-1.496553,-2.227499,bg_rep05_3848,0,xgboost,11.534,24.085367,20.296,61.33862,18.139322,807.45435,0.16783006,42.70663
-0.9889462,-3.7813928,-2.96904,-4.798225,-0.9348199,-1.1865141,-0.32257533,-0.3662318,bg_rep04_652,0,xgboost,11.776,31.37255,24.084,88.24667,0.0,0.0,0.0,0.0
-2.629264,-3.5871174,-1.217786,-3.8395023,-0.45783588,-1.7113032,-1.5642167,-0.6439558,bg_rep02_3390,0,xgboost,12.776667,28.130045,22.66,102.619514,20.1469,1077.7854,0.14815961,33.408512
-3.5987654,-3.4921043,-3.3714182,-2.8436058,-0.59221226,-0.55045974,-0.06357463,0.10122938,bg_rep02_9737,0,xgboost,7.694,25.902235,30.072,57.703354,0.0,0.0,0.0,0.0
-2.363697,-2.630012,-1.0637934,-0.38260826,-1.6633784,-1.4900013,-1.9892316,-2.4673407,bg_rep03_8298,0,xgboost,12.283,23.098766,25.147999,73.68091,23.849243,219.74448,-0.7042205,37.04675
-1.0022315,-3.5222611,-1.4861861,-4.276801,-1.7391555,-1.6886282,-1.1611066,-0.3115402,bg_rep05_4932,0,xgboost,12.531,24.432615,26.264,102.50805,27.467075,413.42508,0.45317116,28.231144
-1.0256063,-6.2860374,-1.710206,0.3780344,-1.5597253,-1.4708884,-1.0612162,-0.57555175,bg_rep02_1516,0,xgboost,11.436,22.280237,26.528,68.7719,28.292479,67.52743,0.2980285,27.146065
-2.004948,-1.388159,-1.4223726,-4.2985034,-2.2828922,-0.8120591,-2.2462468,-1.4946244,bg_rep02_2583,0,xgboost,12.073334,24.615343,24.068,100.5012,23.981052,663.1028,-0.050498627,33.019753
-4.450051,-4.0071764,-1.4990628,-2.5266576,-0.98012555,-1.7901652,-0.8442136,-1.475394,bg_rep03_612,0,xgboost,14.624001,30.202396,31.52,99.11366,19.58648,1140.5767,0.31707603,43.84794
0.37136486,-3.5592523,-1.640034,-4.215378,-1.4387406,-2.4610608,-2.6110313,-2.568185,bg_rep01_8604,0,xgboost,10.265667,24.007639,26.2,105.16552,18.03959,402.64746,-0.14089228,50.583282
-2.168517,-2.1807122,-1.8927798,-0.6599309,-2.1990201,-1.6902903,-1.9338003,-2.3357735,bg_rep01_7617,0,xgboost,9.826667,28.101883,28.716,79.20588,29.40983,227.85364,0.17108317,30.174015
0.005055719,-3.89496,-2.7399101,-1.0363582,-0.9597014,-1.3923545,-1.0399914,0.5225062,bg_rep03_7420,0,xgboost,10.060667,19.33851,26.076,78.9679,23.328775,72.54607,0.3804907,33.491135
-0.03035796,7.2990804,-1.4528188,0.45810428,0.17488186,0.39406598,0.49093392,1.3299258,presence_44,1,xgboost,10.474,57.13506,25.596,40.64872,0.0,0.0,0.0,0.0
-0.9277104,-3.3641489,-1.1552734,-3.2324092,-1.2058709,-1.436028,-2.0379791,-2.314032,bg_rep03_924,0,xgboost,11.463333,25.024742,23.268,95.55783,17.892906,845.3115,0.13620667,39.915005
-1.133763,-2.4707954,-1.0086821,-3.1803706,-0.9968423,-1.0334057,-2.18425,-3.011303,bg_rep01_3659,0,xgboost,12.5130005,25.187199,25.912,98.82379,20.96701,543.10876,-0.049468547,35.29693
-1.6474342,-3.1249487,-0.6135519,-3.9038894,-2.436483,-1.3112361,-2.364933,-1.2159364,bg_rep01_7069,0,xgboost,12.064333,23.950476,24.564,102.36191,24.821247,518.88794,-0.20380549,30.408873
-2.973374,-4.7761908,-1.3983324,-2.7165153,-1.1618344,-0.5621997,-0.15558407,-0.5290741,bg_rep03_1950,0,xgboost,7.1573334,25.162893,27.488,59.912354,0.0,0.0,0.0,0.0
-1.3273263,-4.6350126,-1.4138335,-4.901802,-1.2671734,-0.993328,-2.1776936,-0.9070962,bg_rep03_5256,0,xgboost,11.604334,22.048058,27.284,117.92916,30.890673,165.27736,0.16270077,32.7858
-3.308131,-3.3167603,-3.0873241,-3.2592468,-1.5248033,-0.78902864,-1.1620048,-0.3883758,bg_rep05_7391,0,xgboost,7.131666,25.5158,29.51,41.58128,33.254387,14.232622,-0.08409688,25.303024
-0.7681472,-3.5927873,-0.20019323,-4.4390545,-1.7719902,-1.4899174,-0.63528496,-2.0712912,bg_rep03_2846,0,xgboost,11.831,23.818247,28.392,117.48069,22.223976,188.48001,0.27865,43.75364
-2.8841665,-3.084988,-3.689142,-0.7904204,-1.710634,-2.4102695,-1.7631841,-0.9679126,bg_rep02_9592,0,xgboost,8.743,27.65022,30.82,19.334604,28.522243,133.63168,0.13288176,33.751842
-1.2395451,-3.3298838,-1.4575654,-2.67432,-1.6649108,-0.5806036,-1.6851966,-1.001051,bg_rep04_9542,0,xgboost,11.265667,28.468782,24.568,88.802536,26.346848,492.97525,-0.05955615,29.962255
-3.511856,-3.1856165,-0.75016695,-3.9046333,-1.0803022,-1.1498051,-0.25768352,-0.84893525,bg_rep05_7051,0,xgboost,14.019334,32.770763,28.308,95.15919,0.0,0.0,0.0,0.0
-2.542763,-2.5366085,-1.27591,-3.2137766,-1.0041757,-1.3287807,-1.8451651,-1.8176744,bg_rep02_7692,0,xgboost,14.1206665,25.95329,22.888,92.12031,18.968248,864.0853,0.095426954,42.878242
-2.972142,-5.2178903,-3.6613686,-1.9470679,-0.8194271,-0.16406226,-0.32881242,-0.4131339,bg_rep01_4168,0,xgboost,6.644,23.90616,30.556,63.088013,0.0,0.0,0.0,0.0
-2.5948467,-2.3305945,-0.8443333,-4.9278817,-0.19411635,-0.7737441,-1.9759573,-2.2202024,bg_rep04_4360,0,xgboost,12.931999,26.11259,28.124,127.06469,27.769466,241.38766,-0.32831165,37.71317
-3.766544,-4.1268797,-0.3816629,-4.096984,-0.9601558,-0.749537,-0.09961595,-0.38451082,bg_rep02_8362,0,xgboost,14.530666,29.790607,32.144,91.53455,0.0,0.0,0.0,0.0
-1.496533,-3.5310533,-2.5512614,-4.0717382,-0.7450958,-1.7374957,-0.39932838,-0.18566541,bg_rep05_8295,0,xgboost,12.526334,31.42267,24.724,95.85268,0.0,0.0,0.0,0.0
-2.1512232,-4.722332,-2.0773077,-0.63108903,-1.5178798,-1.7196957,-2.0975077,-0.8572461,bg_rep02_6496,0,xgboost,11.91,21.439371,25.496,75.61469,28.395227,54.33782,-0.26356548,31.191301
-0.51859564,-3.6996238,-1.7026802,-2.4485476,-1.630123,-1.2837659,-0.29812977,-2.1642933,bg_rep01_1916,0,xgboost,9.758333,25.150345,27.8,97.77498,9.062955,1.6017661,0.6960518,12.784751
-0.20483783,-2.7295563,-0.921426,-3.8337982,-1.386029,-2.1639717,-1.9215671,-2.371743,bg_rep03_6005,0,xgboost,10.913667,25.54219,27.407999,103.14872,18.004107,122.791115,-0.4078618,43.177265
-3.7679958,-3.5797126,-1.366694,-3.4704676,-0.519223,-1.4750473,-0.3713016,-1.3647602,bg_rep04_1469,0,xgboost,13.8133335,30.44462,28.668001,105.743576,16.880968,1380.7737,0.36384222,53.114517
-5.037397,-1.6135042,-1.0776169,0.78992563,-1.7761307,0.046997115,-2.4408157,-2.3206189,bg_rep03_8291,0,xgboost,14.739667,26.644371,24.648,71.22432,19.114952,700.28687,0.051856235,40.82811
-2.2164261,-3.182467,-1.4855013,-0.9720443,-1.2804048,-1.4831191,-0.68081117,-0.96875983,bg_rep05_2645,0,xgboost,7.975,26.233553,26.55,76.92961,10.833951,4.253335,0.64799994,13.069079
-1.7744455,-1.6984079,-1.3102934,-4.297967,-2.16953,-2.0043414,-3.0881624,-0.5394895,bg_rep02_3554,0,xgboost,12.344334,24.451971,25.18,100.587036,24.298592,417.32544,-0.25366402,33.710648
-5.0445523,-3.351365,-0.7400771,-4.484525,-1.061731,-0.6998225,-0.12624691,-0.32699558,bg_rep05_1576,0,xgboost,14.977,32.142242,30.996,87.46736,0.0,0.0,0.0,0.0
-1.6055478,-2.6443899,-0.7663667,-3.5721478,-1.5344372,-1.1324131,-2.3857398,-1.7300113,bg_rep03_4454,0,xgboost,12.177667,27.581234,24.996,91.79817,22.59216,372.11832,-0.555788,32.274654
-1.3656319,-3.6821551,-1.5566784,-0.7604269,-0.43914235,-1.9704739,-1.0951089,-1.9605961,bg_rep01_8639,0,xgboost,11.966333,24.182228,26.444,82.909325,30.033274,147.0485,-0.10118152,29.578583
-1.3569446,-4.538805,-1.7989131,-0.8755452,-2.938245,-2.0827212,-1.7286108,-2.5158703,bg_rep05_4385,0,xgboost,11.391666,20.43715,25.755999,78.257484,29.414806,44.301754,0.46192792,30.447634
-1.1908792,-3.332086,-1.8461509,-3.9617028,-0.8631382,-1.5453924,-0.3342383,0.09607078,bg_rep01_3610,0,xgboost,12.518333,31.264568,25.676,94.54968,0.0,0.0,0.0,0.0
-2.8906116,-2.409198,-1.3282487,-2.3262436,-1.6300911,-1.3250399,-3.1112802,-2.6830451,bg_rep04_5419,0,xgboost,12.895,25.664757,26.18,99.510155,20.2801,519.79816,-0.26085603,36.954605
-0.9291919,-3.9649496,-1.0785758,-3.1636555,-0.74628454,-2.0123324,-0.60068554,-3.0281215,bg_rep03_9218,0,xgboost,8.077,21.981821,20.036,33.19148,18.616732,914.59973,-0.47339773,45.108746
-2.0708673,-0.9498979,-1.2391652,-2.5012324,-1.379205,-0.061130784,-0.6036645,-0.14973105,bg_rep01_8458,0,xgboost,12.714,25.76605,25.556,99.94719,21.338558,722.07837,0.3648892,27.915607
-0.91150093,-1.813468,-0.58488065,-3.2829623,-1.4040601,-1.2721212,-2.0608997,-1.9162935,bg_rep02_4042,0,xgboost,11.816667,23.197226,28.732,123.96933,23.457752,131.82693,0.15942542,51.210636
-2.934131,-2.9925473,-1.4808668,-3.0502462,-1.9912494,-2.0248115,-2.0515785,-2.3374474,bg_rep05_369,0,xgboost,12.636333,23.334934,25.676,93.84987,23.712004,384.4389,-0.7352024,36.533947
-2.597188,-3.4627235,-2.3845446,-2.3446996,-0.9775742,-1.6578388,0.08326633,-1.00146,bg_rep05_2183,0,xgboost,14.036333,31.799576,30.096,96.474785,15.883437,1337.8328,0.7260442,48.839485
-4.855199,-3.5772035,-2.6071231,-5.0627685,-0.56519586,-1.3727244,-0.51983625,-0.6909277,bg_rep03_2779,0,xgboost,13.650666,33.132687,22.664,98.28875,0.0,0.0,0.0,0.0
-2.683221,-3.8867807,-0.9415776,-4.898813,-0.44465348,-0.96659005,-0.2210965,-0.5533756,bg_rep03_1257,0,xgboost,14.005334,29.177778,30.772,105.89875,0.0,0.0,0.0,0.0
-0.17865697,-2.426395,-1.9316388,-3.873867,-1.6550119,-2.0907626,-3.040408,-2.379037,bg_rep02_6440,0,xgboost,10.049666,24.73825,27.244,103.58763,17.8625,97.3938,-0.27208337,44.199547
-1.4017608,-3.6487052,-1.9879304,-2.666967,-1.300697,-2.1540504,-2.2496572,-1.7899692,bg_rep03_3639,0,xgboost,14.110666,32.180866,30.376,97.11387,16.095697,1243.2554,-0.10943955,38.867565
-1.2363259,-4.8444376,-1.481746,-4.7074428,-1.4150959,-1.8556899,-1.2303504,-1.2080497,bg_rep03_9066,0,xgboost,12.487,22.65421,27.244,106.62152,27.492481,141.87311,-0.35046703,21.924198
-2.839413,-2.6451244,-1.3694665,-2.855779,-2.5509174,-1.0417416,-1.1161892,-2.9911447,bg_rep03_6076,0,xgboost,6.820667,24.795212,29.372,48.370525,32.424007,87.76013,0.7611779,30.422014
-3.5840864,-3.071814,-3.3637557,-2.176897,-0.70838445,-0.39201608,-0.094296776,-0.065956555,bg_rep04_3752,0,xgboost,7.304,25.750952,29.803999,62.110973,0.0,0.0,0.0,0.0
-1.0584137,-5.207331,-0.5520457,-2.2129695,-1.9409801,-2.059436,-1.230147,-1.9219205,bg_rep02_5417,0,xgboost,11.185667,22.342735,27.484,89.313484,26.944805,97.62688,0.41880822,29.846489
-0.5056958,-3.702395,-2.0937026,-0.47968027,-0.882235,-1.234588,-2.1586866,-0.82238626,bg_rep01_2972,0,xgboost,10.963,30.341526,30.344,79.831314,28.449615,29.15749,-0.6737752,26.716974
-1.8029122,-3.4156787,-0.6981667,-3.0285714,-1.0097762,-2.1453946,-2.3176692,-2.2287362,bg_rep05_2344,0,xgboost,11.900001,23.986132,23.94,100.5081,20.6053,838.6475,-0.5130846,37.937916
-0.8318925,-2.7897832,-0.6698859,-3.225168,-2.511487,-2.0949628,-2.5444152,-1.8659352,bg_rep03_58,0,xgboost,11.116333,26.650204,28.18,100.749084,24.263292,21.973469,-0.39539167,32.920967
2.0292296,0.87385386,0.8736193,1.5439744,-0.026795015,-0.005413959,-0.8522868,0.03783813,presence_104,1,xgboost,10.271333,23.250937,24.48,70.30421,25.440609,83.25217,0.11055998,33.17982
-1.1237335,-2.2309206,-0.97537,-2.1197362,-2.0111353,-0.9281386,-1.9232314,-3.116459,bg_rep05_9470,0,xgboost,9.585334,24.806763,23.18,39.521843,14.448456,247.39214,0.23502523,48.80607
-1.6986995,-2.698378,-1.6218917,-4.3418016,-2.1784337,-2.07089,-2.8239222,-1.7963358,bg_rep01_3525,0,xgboost,11.935667,24.934542,27.864,106.39095,22.017218,149.37706,-0.57560384,35.44666
-3.128612,-2.726585,-3.4292817,-2.6071703,-1.4734033,-2.0491683,-0.25813553,-1.3495375,bg_rep03_8219,0,xgboost,7.8793335,26.540466,29.188,63.31437,27.209778,871.51556,0.66717035,28.599884
-2.484123,-2.7648976,-1.5352786,-2.497727,-1.095876,-0.98357326,-2.7306573,0.58818793,bg_rep04_1785,0,xgboost,12.821333,25.203125,27.004,99.83154,21.395294,390.93225,-0.51059884,28.52265
-1.9648564,-5.004271,-2.524481,-1.226247,-1.803273,-1.4335543,-1.8256459,-1.558978,bg_rep01_9172,0,xgboost,12.078,22.21691,26.4,76.37611,25.104712,82.96413,0.482909,31.639118
-1.6645124,-4.2739353,-1.7342525,-2.7913046,-1.0143448,-1.5244843,-0.6306594,-1.564384,bg_rep01_193,0,xgboost,12.689,31.586678,26.052,94.061615,19.116068,1976.3341,0.43413818,33.926517
-4.193931,-3.478638,-1.7940763,-0.27797678,-1.3803129,-2.0097995,-0.8032997,-2.4134338,bg_rep05_8116,0,xgboost,13.397,25.271637,21.748,70.16983,19.303146,1025.5164,0.5716884,41.48449
-4.0319724,-3.294409,-1.5404239,-4.841655,-0.2704514,0.4969125,-2.1945071,-1.5524522,bg_rep02_2018,0,xgboost,13.489333,28.381866,24.496,126.18103,26.869179,702.172,-0.27233338,38.24829
-2.2853446,-3.4951253,-1.2027016,-3.8709836,-1.0155679,-1.3665978,-0.10112206,-0.114500195,bg_rep01_5393,0,xgboost,12.6,30.722715,26.756,93.97214,0.0,0.0,0.0,0.0
-4.052454,-2.6659207,-0.6394548,-1.1374761,-1.978987,-1.2858518,-1.6542932,-1.7374295,bg_rep02_2723,0,xgboost,13.5130005,23.432405,24.92,82.3885,24.023067,350.99854,-0.76189816,38.12191
-0.5891121,-3.3218317,-2.024281,-0.57476604,-0.8740334,-0.7291603,-0.62337655,0.5410401,bg_rep02_1670,0,xgboost,10.981334,30.73249,29.484,82.45799,28.854067,74.867905,-0.051922508,28.21398
-0.7318554,-2.1310318,-0.84150755,-4.2237763,-1.9025822,-1.4795213,-0.28710058,-1.237777,bg_rep05_888,0,xgboost,11.5633335,23.160017,27.588001,116.49302,28.161068,172.78534,0.6904494,34.710464
-1.2497909,-3.3013818,-1.8269645,-3.3639746,-1.2106506,-1.9847233,-2.710015,-2.5391128,bg_rep03_3123,0,xgboost,12.384,25.238445,28.868,116.8172,19.296442,135.91687,-0.053486988,42.080505
-1.8005787,-4.758631,-1.5486506,-2.4320698,-1.6709303,-1.7939838,-0.8753535,-1.7058095,bg_rep01_6239,0,xgboost,11.852333,21.389471,26.652,87.97429,27.248981,50.421158,0.3157555,28.77536
-0.75361025,-4.4500904,-1.1919526,-3.297534,-1.5632159,-1.3092366,-0.29171997,-1.872106,bg_rep05_3528,0,xgboost,11.324,22.507553,27.811998,123.613625,22.410494,131.28177,0.43023288,49.589363
-1.4242009,-5.1719236,-0.8458391,-4.0733767,-1.776988,-1.6318856,-2.1045868,-1.981174,bg_rep05_4995,0,xgboost,11.942,22.533777,27.9,119.56131,28.731684,146.04451,0.14515088,47.34247
-1.3599701,-5.2017245,-1.8595582,-3.0370257,-1.1832441,-1.9907894,-1.8687153,-0.68400955,bg_rep04_3096,0,xgboost,10.971666,22.28564,25.66,89.20778,26.054556,405.7515,0.1279455,31.773624
-1.1430473,-5.0504856,-2.248582,-4.8638215,-2.4076324,-1.2314585,-2.0199313,-1.4584512,bg_rep02_4707,0,xgboost,10.835667,20.950632,26.272,118.01105,31.487719,222.61221,0.13090558,24.026934
-1.3832926,-5.0251083,-1.4477048,-2.4291139,-2.6171513,-1.6114787,-2.2442052,-1.9141377,bg_rep04_1556,0,xgboost,11.459,21.825005,27.16,91.57142,29.126524,56.227913,0.23170479,29.555462
-5.2525764,-3.1960325,-1.3175945,-4.1794705,-1.1164352,-0.74983484,-0.17094052,-0.41571385,bg_rep01_4652,0,xgboost,14.950666,32.838398,30.476,92.55254,0.0,0.0,0.0,0.0
-1.1473886,-3.9957578,-0.40025565,-4.163678,-1.2702968,-1.4508001,-1.3294575,-2.3703747,bg_rep01_1821,0,xgboost,11.12,22.016315,28.316,122.4419,23.587595,127.85342,-0.042974014,43.673916
-3.2597835,-3.6336122,-0.5142851,-4.029466,-0.4510595,-0.7085704,-0.23903471,-0.21949564,bg_rep03_6983,0,xgboost,14.361334,30.328884,31.152,100.163124,0.0,0.0,0.0,0.0
-3.358597,-1.3988533,-1.646311,-4.512296,-1.1659143,-0.9955089,-0.11492926,-0.44935292,bg_rep01_9154,0,xgboost,14.33,33.46567,28.08,90.8507,0.0,0.0,0.0,0.0
-1.8152535,-4.7615023,-2.1958814,-1.3805668,-0.37551534,-1.4677955,-1.9433563,-2.9312658,bg_rep02_3624,0,xgboost,11.857,22.189161,26.204,76.180534,23.156145,132.85579,0.17361982,35.412277
-3.0619378,-1.6641719,-3.272361,-4.5324807,-0.29194355,-0.9933326,-0.48957327,-0.311333,bg_rep01_9957,0,xgboost,13.328,35.322803,20.624,98.273315,0.0,0.0,0.0,0.0
-2.6803513,-4.1941996,-1.4082593,-4.905381,-1.8109634,-0.85512173,-1.0970467,-1.8272405,bg_rep01_747,0,xgboost,12.786667,23.80775,27.132,103.243835,27.083082,235.75287,-0.447063,26.992952
-2.5314093,-2.8400693,-3.4251962,-2.5732968,-1.3261088,-0.84189993,-1.0084126,-1.3108245,bg_rep05_7156,0,xgboost,6.7616663,23.226389,30.264,32.3766,7.5450206,81.540115,0.87293124,8.034385
-0.95213664,-6.083767,-1.8759081,-2.5380485,-1.5362109,-1.68344,-2.2663445,-0.40032613,bg_rep03_4648,0,xgboost,10.656333,20.098705,26.704,89.02034,28.506445,54.17933,-0.21095508,28.271675
-2.1150067,-3.7433865,-1.517963,-4.0922976,-1.3092735,-1.841213,-2.1089501,-2.1152976,bg_rep05_5119,0,xgboost,14.018666,23.15298,26.42,91.460846,22.508724,363.32385,0.13980228,42.964012
-3.0654845,-3.588892,-2.0030973,-3.4814763,-1.7368178,-2.2899282,-1.7942386,-0.567982,bg_rep01_93,0,xgboost,12.864333,28.068453,21.9,100.140045,21.30296,1394.5881,0.09312092,33.419704
-3.222603,-3.4768715,-2.698256,-3.662623,-2.1082933,-1.4736503,-0.6260936,-0.5518432,bg_rep04_2223,0,xgboost,8.083333,25.41609,31.720001,52.296284,28.901108,30.60304,0.33897406,28.46747
-1.9722527,-2.464295,-2.3981006,-2.609466,-2.4374318,-2.0098808,0.53314865,-1.8151212,bg_rep04_1608,0,xgboost,12.692,27.777292,20.828,96.220695,22.29212,1407.937,0.67989254,34.4731
-4.9887304,-3.3660822,-0.5500789,-4.479373,-1.0604334,-0.6686484,-0.12249097,-0.3271533,bg_rep05_674,0,xgboost,14.875,31.95626,31.048,87.98908,0.0,0.0,0.0,0.0
-2.9463935,-5.2165856,-3.675258,-1.9461147,-0.8174692,-0.16191939,-0.32898802,-0.41527274,bg_rep03_7177,0,xgboost,6.554,23.88484,29.764,62.783535,0.0,0.0,0.0,0.0
-2.0430012,-1.4822038,-3.3985267,-4.2319813,-0.41168955,-0.6677713,-0.32318485,0.11225379,bg_rep04_3962,0,xgboost,11.933666,33.197025,16.796,97.219666,0.0,0.0,0.0,0.0
-3.4552507,-2.3572404,-1.2040539,-5.323523,-1.7783622,-1.1192749,-1.7382947,-1.7459463,bg_rep03_7586,0,xgboost,13.491667,27.866133,24.44,125.46537,25.974241,572.5377,-0.36155966,30.025858
-0.96981317,-3.140325,-2.078436,-3.7685385,-0.9617245,-2.255141,-2.896746,-2.19697,bg_rep02_5136,0,xgboost,12.284,26.313086,28.828,110.33737,17.635485,134.90729,-0.16394912,51.942734
-3.6575003,-2.9127836,0.4046626,-1.629893,-0.5184108,-0.22422041,-0.021937521,0.64457256,bg_rep01_52,0,xgboost,7.3563333,26.023537,29.428,62.12382,0.0,0.0,0.0,0.0
-0.94528157,-1.9690237,-1.4077793,-4.811338,-1.3748316,-1.037032,-0.5990066,-0.9867322,bg_rep01_6850,0,xgboost,11.823,23.189629,27.296,105.19207,23.402876,228.86191,0.31548426,33.053562
-2.6853442,-3.5816717,-0.7857781,-2.8829737,-1.2620344,-1.8156265,0.25122938,-1.2781913,bg_rep02_659,0,xgboost,14.095333,31.471228,29.448,92.67845,16.350487,1490.8336,0.8459362,49.09006
-0.0033959826,-4.9159503,-2.4752982,-0.7170489,-1.614109,-2.4848096,-2.1039727,-1.8063316,bg_rep04_800,0,xgboost,10.247,19.522558,26.104,82.95133,26.726084,38.32211,0.19144154,29.038471
-3.551409,-4.095865,-2.5826354,-2.8088663,-0.6307791,-0.33379397,-0.13237594,0.056569513,bg_rep04_6563,0,xgboost,7.896,25.507172,31.987999,49.62148,0.0,0.0,0.0,0.0
-1.9360527,-3.385828,-1.6371417,-2.3936327,-1.9002796,-2.591829,-0.9055793,-1.4955174,bg_rep04_3171,0,xgboost,14.122666,28.86654,31.984,93.20337,26.041311,1067.9841,0.40076733,34.251022
-2.4747045,-2.827617,-2.227096,-3.239085,-1.0219978,-1.3551279,-3.0714564,-2.424123,bg_rep02_2991,0,xgboost,12.757999,26.625761,29.544,125.1944,17.352032,253.3018,-0.19207521,47.276115
-0.37599218,-2.9713366,-1.066719,-2.8061452,-2.1984313,-1.4040993,-2.0335026,0.22948655,bg_rep04_5850,0,xgboost,12.418667,24.451971,26.916,96.9074,31.296406,310.85117,0.24405733,27.194916
-0.747092,-2.515925,-0.5431598,-3.808864,-1.51544,-1.5315137,-2.6329954,-1.6789852,bg_rep02_9359,0,xgboost,11.424,25.67191,28.3,108.234314,25.678303,18.485079,-0.5723983,41.599358
-1.0806694,-4.5781956,-0.6274605,-4.688537,-2.6297307,-1.2494326,-1.9866006,-1.38781,bg_rep04_1784,0,xgboost,11.367333,22.75469,27.504,115.66342,29.2585,172.03209,0.12937352,32.93486
0.28826457,-4.9178295,-1.8468453,-1.1084536,-1.0736696,-1.7446501,-1.675472,-2.2947428,bg_rep02_9161,0,xgboost,10.036,22.798727,18.744,64.88865,18.25856,824.50323,0.2561544,42.147816
-3.0502248,-2.3247206,-1.7235365,-2.9346416,-1.9822588,-2.9626873,-1.5170792,-1.0556437,bg_rep05_7508,0,xgboost,7.5226665,26.033592,28.264,61.50796,29.71613,1035.6073,-0.48950383,27.979794
-3.5041804,-4.20329,-2.642224,-2.623241,-0.5777383,-0.27382097,-0.123550095,0.066130325,bg_rep03_3648,0,xgboost,7.9076667,25.423311,31.868,47.091045,0.0,0.0,0.0,0.0
-3.811989,-3.4719014,-0.44929105,-2.5698798,-1.1109776,-1.699243,-1.4904115,-1.3572603,bg_rep01_6661,0,xgboost,13.7786665,31.91279,28.536,95.56423,11.604697,1408.3331,0.15361306,60.657845
-0.6599093,7.9447756,0.98257387,-3.1232536,0.3542841,0.22885829,0.21980615,1.0925759,presence_89,1,xgboost,12.230666,61.510094,35.0,108.952385,0.0,0.0,0.0,0.0
-3.4111984,7.104815,-0.7584156,2.4409704,0.08923683,0.17693894,0.41750327,0.9715774,presence_214,1,xgboost,14.908334,50.529873,26.58,25.5515,0.0,0.0,0.0,0.0
-2.3986344,-3.8201027,-1.5854423,-2.9915512,-0.6343461,-1.7935125,-0.8176686,-1.3782521,bg_rep03_7369,0,xgboost,14.029333,31.382725,31.004,98.013504,17.692392,1241.0071,0.30566847,41.702827
-4.934513,-3.3773825,-0.49804837,-4.3673882,-1.096161,-0.6681088,-0.09263698,-0.33182457,bg_rep03_3717,0,xgboost,14.649333,31.35291,31.188,89.74092,0.0,0.0,0.0,0.0
-2.5430207,-4.0619044,-0.76565593,-2.806278,-0.76609206,-2.0416632,-1.930353,-2.057463,bg_rep04_2658,0,xgboost,14.041,30.62778,29.44,100.902534,19.132856,1221.0698,-0.48958054,46.76341
-4.354357,-4.451441,-1.0077181,-3.6582065,-1.1136409,-0.5329123,-2.512607,-2.0521288,bg_rep05_1843,0,xgboost,13.606667,23.8965,24.612,93.791756,20.763657,696.8258,0.20610443,42.89147
-2.6772146,-6.301419,-2.9734347,-2.67848,-0.5703533,-0.30399826,-0.27778748,-0.33802623,bg_rep05_1932,0,xgboost,6.805333,22.26876,31.928,49.485607,0.0,0.0,0.0,0.0
-2.6290267,-2.5987175,-1.1796644,-2.7751813,-3.4922025,-2.258192,-1.7353001,-1.6344327,bg_rep04_8240,0,xgboost,8.086666,27.641054,23.276,63.304543,29.426027,1839.504,0.13240068,28.799232
-0.66461486,-3.4986334,-0.8609825,-2.5243425,-2.0520663,-1.2687119,-2.7727945,-1.8946313,bg_rep01_9633,0,xgboost,9.459333,23.786293,27.416,102.15659,18.648325,6.4605813,-0.22411898,37.638134
-2.7522619,-4.018599,-1.181812,-3.104271,-1.3628024,-2.0776534,-2.9013789,-1.4207581,bg_rep01_9994,0,xgboost,12.983666,32.08696,26.92,92.57704,18.893421,1816.3104,-0.20847599,32.07467
-1.2134767,-2.9595358,-1.8321791,-3.2753196,-1.8010337,0.34799653,-1.4381341,-1.7783465,bg_rep03_2027,0,xgboost,11.527667,26.798557,23.476,92.44144,21.631372,638.3086,-0.68508273,38.694115
-1.0741398,-4.9921885,-1.3028586,-3.5691571,-1.357091,-1.7558081,-1.7931136,-1.8900481,bg_rep04_2543,0,xgboost,11.727,22.525932,28.803999,114.372665,27.6547,131.0361,0.15908751,41.424828
-1.3249137,-3.011019,-1.8039002,-5.5034676,-1.6830668,-1.688365,-1.7001034,0.034057032,bg_rep04_5727,0,xgboost,12.184,23.068766,25.188002,105.62494,25.538887,179.83673,0.1092895,28.3188
-0.78299916,-2.974303,-1.6658748,-3.974079,-1.2115668,-1.6276579,-2.0369434,-2.562098,bg_rep03_1450,0,xgboost,11.041333,25.125917,27.316,104.37554,18.2147,176.94456,0.10310851,38.44308
-2.0155284,-2.7404222,-1.6822608,-3.1650088,-1.113455,-1.1604863,-2.886186,-0.65354604,bg_rep02_8443,0,xgboost,12.672333,26.350191,28.06,100.4291,19.823172,365.7897,-0.20949644,26.226973
-1.5022118,-4.4700756,-1.2391185,-4.6814485,-1.6790371,-0.9867796,-1.723028,-1.6015459,bg_rep01_4428,0,xgboost,11.613,21.85853,27.228,118.56856,30.979984,160.76436,-0.057863005,32.94552
-3.8878067,-4.7542205,-1.7104052,-0.82914346,-1.3418844,-1.0651593,-1.6624826,0.2291209,bg_rep04_5429,0,xgboost,12.9210005,21.965525,25.912,82.6635,26.446976,114.20865,-0.18567589,31.070366
-1.440002,-5.1085443,-0.98287326,-2.754388,-1.7585613,-1.5495356,-2.163865,-0.2937872,bg_rep02_2410,0,xgboost,11.156667,20.816229,27.18,90.40372,31.300049,51.02755,0.056285337,27.946213
-1.8632162,-4.468132,-1.4436432,-2.7842185,-1.1097664,-2.0694358,-2.2371478,-2.1549392,bg_rep04_8857,0,xgboost,12.594,31.646397,26.44,93.37609,18.99721,1865.8414,-0.37681285,33.15393
1.2067025,0.6601757,1.4263798,0.80656254,-0.13244537,-0.68672156,-0.37425527,0.86277884,presence_99,1,xgboost,8.57375,21.188065,23.41,73.14329,23.563,125.15761,-0.59671813,31.793638
-1.8445927,-2.6196415,-2.3586547,-3.4093845,-2.4431064,-2.4762502,-1.099853,-1.9653338,bg_rep04_929,0,xgboost,8.770333,26.080448,21.372,55.62526,29.324291,1711.1509,-0.023494598,36.725636
-1.1011429,-2.3615518,-1.1419299,-2.6476977,-1.6981611,-0.8880427,-2.4852607,-2.4046805,bg_rep03_8362,0,xgboost,11.4,26.578382,22.556,94.39545,20.754877,891.3445,-0.15339321,37.407
-0.8064807,7.654497,-0.903075,-0.7136553,0.013824074,0.18316108,0.42184535,1.6033213,presence_31,1,xgboost,12.018333,50.52267,29.556,77.84217,0.0,0.0,0.0,0.0
0.35426268,-2.827582,-0.84710705,-3.192094,-1.8841615,-1.5402616,-0.4080459,-2.6163657,bg_rep01_1931,0,xgboost,10.058667,23.255957,22.308,86.567406,18.109285,661.9923,0.34061164,39.60269
-0.89189434,-3.2092183,-1.7446444,-5.2085423,-1.488121,-1.4053333,-1.2499003,-1.0494299,bg_rep02_502,0,xgboost,12.459333,23.439184,26.504,106.42789,25.665535,307.37888,-0.38253915,25.54084
-2.5844717,-2.763071,-0.57242477,-0.46025944,-1.0321267,-1.952613,-1.3951223,-2.8459337,bg_rep03_4894,0,xgboost,7.7633333,23.714972,24.12,26.152042,21.472431,182.42503,-0.37404335,44.63563
-1.0238945,-3.3077412,-1.9458185,-3.647748,-1.1116619,-1.7819581,-2.9262946,-1.6780409,bg_rep05_2633,0,xgboost,12.242666,24.109228,29.08,121.07593,20.40756,138.43175,-0.18833677,55.59599
-2.6315687,-5.752175,-3.037144,-2.7327437,-0.4912019,-0.27270272,-0.20812985,-0.34036544,bg_rep04_6719,0,xgboost,6.6803336,21.989248,32.284,46.583866,0.0,0.0,0.0,0.0
-1.9185488,-3.5844536,-2.1814513,-2.2374558,-1.0829862,-1.8292865,-2.6194327,-1.9466633,bg_rep04_6140,0,xgboost,14.111,31.054136,29.704,96.26787,17.769815,1328.8546,-0.1908594,53.609215
-2.793297,-2.5682507,-1.5177485,-2.7420816,-0.6796988,-0.9079769,-1.5147284,-1.1587621,bg_rep04_1315,0,xgboost,8.51,25.954617,26.344,40.263355,26.201857,674.959,-0.19104166,38.883045
-3.1124034,-4.1096153,-2.473587,-0.8146389,-1.8698263,-0.84673524,-2.1046777,-0.8101841,bg_rep03_1281,0,xgboost,7.275,25.043028,28.7,68.44958,6.15201,2.606505,-0.10526119,5.071796
-3.978861,-2.4052262,-3.3263721,-1.394052,-1.7362307,-1.6600492,-2.7542863,-2.232604,bg_rep03_3532,0,xgboost,7.8383336,26.138233,33.304,64.8616,26.283165,311.71848,-0.5419558,28.917534
-0.63306904,-2.0194116,-1.7658448,-4.406791,-1.7063885,-1.8334726,-3.0459871,-2.2198353,bg_rep04_2568,0,xgboost,10.634334,24.534729,26.736,106.36132,18.217062,312.81287,-0.24479948,38.807426
-1.6661197,-4.290485,-0.9183714,-0.8935979,-0.836477,-0.75663763,-2.07078,-2.0081334,bg_rep01_79,0,xgboost,6.6071424,22.071104,25.764286,23.045202,22.678816,13.76516,0.07666995,39.50391
-2.5531166,-1.0295322,-0.8951391,1.3049926,-1.137712,-1.7016516,-0.8836644,-1.0898945,bg_rep01_7466,0,xgboost,15.255667,27.906027,25.604,66.5433,21.929579,523.5848,0.445573,40.203465
-2.1254148,-4.321734,-1.4761589,-0.2254449,-0.91508627,-1.2308664,-1.5013659,-1.4233847,bg_rep04_5297,0,xgboost,7.293333,24.294912,25.2,26.43773,7.0164857,2.8812306,0.37931883,15.423296
-0.80852133,-2.515085,-1.8642532,-3.8662996,-0.51718336,-1.1882333,-1.5155559,-1.6159903,bg_rep05_6759,0,xgboost,12.309667,27.697027,28.652,109.13225,17.718855,1359.04,0.006611491,51.000217
-0.85922605,-2.4011834,-1.4221417,-3.8143082,-1.4016572,-2.4868717,-2.2786493,-2.3007612,bg_rep02_4627,0,xgboost,9.979667,26.303812,26.784,102.19597,26.500195,367.24655,0.2186352,36.04035
-0.70639306,-3.2770357,-1.6594894,-5.0462074,-1.2773467,-1.7242925,-2.1801631,-0.87858576,bg_rep03_3761,0,xgboost,12.4036665,23.522085,26.220001,108.171295,27.67751,204.05823,-0.27763015,22.967705
-1.1720514,-2.140658,-1.1934292,-2.2030747,-0.8523918,-1.6626911,-1.3531692,-3.1623561,bg_rep02_7279,0,xgboost,9.248667,24.555721,22.944,36.970425,20.210003,181.62129,-0.023803074,46.896408
-2.13007,-3.06304,-0.5668668,-2.6186874,-1.1107169,-0.7105091,-2.3616042,-2.894369,bg_rep03_5326,0,xgboost,7.093,21.002605,22.492,33.342667,21.88572,249.24887,-0.2027128,43.433723
0.43699175,-2.633619,-1.3642187,-5.2684054,-0.59232676,-1.0785284,-0.74543166,-0.97053343,bg_rep02_504,0,xgboost,10.266,26.47514,27.244,103.471,26.076035,159.46758,0.31820625,34.952286
-3.3330107,-3.3670394,-1.7434407,-2.6940513,-0.9205837,-0.5650121,-0.085427195,-0.05426768,bg_rep05_5631,0,xgboost,7.3486667,25.799278,27.072,59.517536,0.0,0.0,0.0,0.0
-3.6793828,-3.4185414,-1.5122701,-4.4561,-1.1114081,-0.8638134,-0.0677535,-0.4377364,bg_rep05_8585,0,xgboost,14.283667,31.011,30.336,91.99131,0.0,0.0,0.0,0.0
-0.33397755,-1.6499107,-1.5218062,-3.2205288,-2.1020699,-2.132712,-1.4056312,-1.2099137,bg_rep01_8,0,xgboost,10.5,27.83374,27.032,93.59622,30.265081,461.13052,0.6924806,31.088491
-1.1959033,-6.2685323,-1.4321141,-0.23211156,-2.5715857,-1.2764587,-0.75838774,-1.1976049,bg_rep04_96,0,xgboost,11.606999,22.358992,26.76,73.4046,29.375193,65.845566,0.33564368,20.15348
-3.0097725,-2.0739293,-1.4008522,-3.421724,-1.2223192,-1.5670133,-1.0372543,-2.2057595,bg_rep02_1527,0,xgboost,12.862667,24.618486,27.016,98.21729,19.607738,363.1972,0.29445705,38.009396
-1.531315,-2.7350879,-1.0599178,-5.050413,-1.1974409,-1.7719243,-1.9134383,-0.46849388,bg_rep04_8196,0,xgboost,12.424,23.437971,27.212,117.186295,31.051287,155.2597,-0.14864998,33.593933
1.2814579,0.3873871,1.4499556,0.93755764,-0.5221159,-0.24253765,-0.7140822,1.3035496,presence_96,1,xgboost,9.3289995,21.529125,23.636,80.34978,25.130243,212.51924,-0.30291727,33.543285
-2.3344061,-2.0347993,-1.0953219,-4.8944154,-2.048267,0.96051323,-2.8727417,-1.8166314,bg_rep02_8094,0,xgboost,13.224667,27.699118,25.848,125.97846,21.517136,729.49304,-0.1487436,47.70381
-1.7680566,-4.3169694,-2.1314416,-2.0861683,-1.3905288,-0.7942497,-0.9783138,-1.6579025,bg_rep05_1158,0,xgboost,6.272222,23.698572,28.1,63.475246,7.0242805,5.1208954,0.7446786,6.029033
-1.5516688,-4.1014514,-1.6908035,-1.0243759,-1.864332,-1.5772494,-1.6939464,0.108645536,bg_rep05_5240,0,xgboost,11.513333,21.9168,25.376,77.37932,25.513683,144.81186,0.42220604,32.54997
-1.1238002,-3.7120757,-2.3312743,-4.621662,-0.9735689,-1.7263874,-0.32951742,-0.17572945,bg_rep01_2201,0,xgboost,12.351999,31.27722,24.544,92.44503,0.0,0.0,0.0,0.0
-3.5995226,-4.3357015,-2.9426885,-2.624918,-0.9250571,-0.17084277,-0.51675665,-0.2919879,bg_rep05_7784,0,xgboost,7.251667,23.395493,32.416,47.927593,0.0,0.0,0.0,0.0
-2.61427,-2.2550395,-1.000369,-3.0264294,-1.2500783,-0.08093705,-2.1767986,-1.588236,bg_rep01_4972,0,xgboost,12.693,26.09366,24.588,95.176636,26.583542,655.64044,-0.7410908,31.511248
-0.46684587,-4.5559125,-2.3179314,-0.55123526,0.18245184,-2.4796228,-2.007552,0.07870981,bg_rep03_538,0,xgboost,10.159,19.424475,26.3,79.28237,21.176714,35.055916,0.23590831,27.536411
-0.27494648,-2.4021332,0.21097052,-0.3217121,-1.2405775,-1.4800059,-1.7922189,-0.5735026,bg_rep02_9861,0,xgboost,9.127334,22.155872,23.78,69.620476,26.049301,147.17902,-0.3249541,33.93003
-3.0474873,-3.658132,-1.7666951,-4.4465976,-1.0253731,-1.1076007,-0.00018251152,-0.53969455,bg_rep03_8721,0,xgboost,14.146,29.9678,30.208,89.533554,0.0,0.0,0.0,0.0
-2.727077,-3.0227795,-1.776525,-3.2885969,-1.4695052,-1.7099404,-1.5369267,-1.785639,bg_rep04_7387,0,xgboost,14.233,25.098751,20.924,91.38213,20.475569,1463.7656,0.11384559,42.88923
-0.88457894,-2.8894546,-0.9329781,-0.66867113,-0.73043555,-0.7816538,-1.028965,-0.7111586,bg_rep04_7317,0,xgboost,12.148334,24.431528,25.708,76.65136,26.138718,114.224304,-0.049358606,30.883924
-2.2424395,-3.0331392,-2.2579825,-0.17628217,-0.8598002,-2.098823,-0.94233763,0.39546004,bg_rep03_6996,0,xgboost,9.520667,28.36233,29.344,72.811165,28.838467,127.0515,-0.053097203,27.601736
-2.0332055,-2.927646,-2.998792,-1.2403952,-1.5031377,-2.0851505,-2.7781339,-2.5428767,bg_rep05_7010,0,xgboost,8.7543335,26.088726,29.228,22.547432,19.103207,267.05963,-0.6234866,48.441597
-3.5090282,-3.8209672,-2.5545592,-2.3486042,-0.48556766,-0.26878908,0.036666807,0.11967895,bg_rep01_4706,0,xgboost,7.9106665,26.432327,31.716,56.44086,0.0,0.0,0.0,0.0
-1.1262538,-2.1408727,-1.2183203,1.2768745,-1.1272815,-1.830847,-1.2067235,-1.6329337,bg_rep01_9074,0,xgboost,12.132,23.493416,26.576,70.925026,25.90774,188.4416,-0.31904364,29.946098
-3.8858638,-3.701828,-2.8722227,-3.3717782,-2.2640538,-1.7121251,-0.5404829,-1.0214313,bg_rep02_2082,0,xgboost,7.936667,25.721632,31.808,59.12468,29.062992,102.16095,0.34149513,32.13314
0.66025555,-2.309213,-0.9629441,-4.209159,-1.5872791,-2.0052865,-2.7319572,-1.7483776,bg_rep01_2031,0,xgboost,10.368,24.688065,27.42,103.79713,18.819098,101.91292,-0.15144739,35.882156
-2.11645,-2.989419,-1.6809156,-0.32457322,-0.56553227,-1.6771064,0.11007763,-2.4908922,bg_rep03_5191,0,xgboost,8.04,26.871658,27.233334,66.095566,20.329767,11.774986,0.639062,30.277386
-1.424975,-2.464204,-1.9082332,-3.9170964,-1.3580526,-1.9867446,-2.6172583,-1.1743038,bg_rep04_532,0,xgboost,11.494,23.184605,25.052,98.977844,26.725246,473.1756,-0.092169814,32.028797
-0.43569297,-3.3018665,-1.6205068,-2.9811256,-1.5373646,-1.2156551,-2.2209966,-1.7590889,bg_rep02_4973,0,xgboost,9.734333,24.217169,27.808,102.08217,20.176727,7.720814,-0.17385541,37.60877
-2.5623903,-2.7176292,-1.7332302,-2.0196877,-1.1363398,-1.6171175,-1.9165181,-1.8141749,bg_rep04_2850,0,xgboost,8.407333,25.910173,27.268,35.303825,21.870197,531.2154,0.22447883,43.134003
-1.3981948,-2.5751677,-0.9412072,-0.6142738,-1.5227717,-2.4294314,-1.49107,-1.226858,bg_rep03_9064,0,xgboost,12.000667,25.082909,25.708,79.926445,26.486485,139.94493,-0.33920857,28.994062
-2.6089191,-1.7156924,-2.8366468,-1.9717218,-1.1486565,-0.38444358,-1.7357342,-1.3968399,bg_rep02_1824,0,xgboost,8.473,24.613642,28.872,32.159187,26.407566,251.81659,-0.06559861,35.6358
-3.5627725,-4.9994674,-3.454687,-2.5566115,-0.858868,-0.3243195,-0.13254549,-0.20815276,bg_rep03_1771,0,xgboost,7.523,25.1639,30.292,52.71232,0.0,0.0,0.0,0.0
-2.8059995,-3.8673828,-1.6978077,-2.6899266,-0.6728522,-1.2940705,-1.8116034,-2.4219477,bg_rep05_822,0,xgboost,12.863667,29.31823,19.404,99.117455,19.296091,1818.7435,0.13569148,37.476665
-3.4233747,-4.79097,-2.6557453,-2.36045,-0.6940354,-0.1860677,-0.08353374,-0.3354516,bg_rep05_6529,0,xgboost,7.9053335,24.872053,33.188,46.6692,0.0,0.0,0.0,0.0
-3.3972583,-3.2751853,-2.124522,-0.606981,-1.752752,-2.920325,-2.012192,-2.131709,bg_rep03_7825,0,xgboost,13.0616665,25.55499,21.192,68.94121,21.198786,1005.3733,-0.44577765,41.240486
-0.5650086,-2.1416588,-0.7456364,-3.7745328,-2.331392,-1.3109075,-2.0752306,1.0041544,bg_rep02_429,0,xgboost,12.322333,25.275543,25.86,98.025276,24.928068,384.00336,-0.14704634,28.216175
-3.590308,-4.0056267,-2.002089,-3.3007386,-0.55064166,-1.5349699,-2.4937363,-1.5070133,bg_rep05_8769,0,xgboost,13.828667,30.241137,29.088,108.02788,17.318594,1366.1049,-0.75299597,44.74971
-1.5061349,-1.2448485,-1.5899117,-2.229949,-1.6528622,-1.5155928,-1.454599,-0.59076196,bg_rep02_9622,0,xgboost,12.595667,25.840446,25.06,99.87204,26.208767,460.8149,0.16720423,28.631496
-1.0436025,-3.4386103,-1.09494,-2.144141,-1.3457726,-1.654372,-2.3763404,-1.9434521,bg_rep03_7534,0,xgboost,11.782667,23.64478,26.664001,84.60003,28.315035,149.35832,0.5107532,23.676367
-1.258152,-4.2932153,-1.138188,-2.8696175,-1.9476796,-3.160962,-1.6665577,-0.6224058,bg_rep03_8355,0,xgboost,12.0546665,30.7517,27.228,87.28178,21.346348,1470.2432,-0.13049981,28.682346
-1.1321732,-6.1661434,-1.376703,-0.7422543,-2.3398278,-1.9230112,-2.0086908,-1.2142904,bg_rep04_3379,0,xgboost,11.844,22.374187,26.82,74.47383,31.126099,57.738052,0.43862048,23.616404
-2.3127897,-3.5503302,-0.306185,-1.0692309,-1.6691779,-0.97716206,-1.9968694,-2.8759747,bg_rep01_8784,0,xgboost,9.548667,28.489876,28.24,77.76391,25.696293,243.11417,0.18291023,37.66414
-2.4182353,-2.424983,-1.3075628,0.17965572,-1.3872644,-1.6165165,-3.0509844,-3.2417462,bg_rep01_7589,0,xgboost,12.629,26.092976,24.1,70.00791,22.80368,579.3007,-0.16218501,35.104073
-1.4784623,6.293573,-1.9570996,2.2558239,0.51904345,0.5124814,0.36550894,1.4911075,presence_211,1,xgboost,12.081,46.580044,23.612,12.80547,0.0,0.0,0.0,0.0
-3.1797216,-3.4583964,-1.175263,-4.7879944,-1.1990851,-1.1967536,-0.18824905,-0.48349643,bg_rep03_4442,0,xgboost,13.029333,31.729332,26.672,91.655716,0.0,0.0,0.0,0.0
-0.67572206,-4.899922,-2.6415536,-0.03123755,-1.8974816,-1.8491635,-1.615381,-1.3876249,bg_rep04_8654,0,xgboost,10.560333,20.979683,26.38,81.2348,29.614294,100.99812,-0.33891323,25.15289
-1.180649,7.846983,-0.975738,-0.97433615,0.16641626,0.74334913,0.40031156,1.31362,presence_13,1,xgboost,4.956018,77.97932,26.816666,60.40885,0.0,0.0,0.0,0.0
-1.0822182,-2.7558742,-2.0347724,-2.3783724,-1.0516208,-0.8553381,-2.9432628,-2.1377716,bg_rep05_4881,0,xgboost,11.515333,26.377436,21.996,96.41577,19.77045,1019.4629,-0.17599921,36.947174
-2.3573291,-1.9015342,-2.1157155,-3.3532526,-0.8022906,-1.5095898,-1.9240527,-2.590724,bg_rep01_295,0,xgboost,12.771999,25.747923,29.544,116.77975,18.19354,162.82367,0.12836622,49.195602
-2.3732917,-3.0074189,-2.0420892,-4.0885243,-1.3274691,-1.265289,-0.30753964,-1.8593053,bg_rep05_8903,0,xgboost,12.610333,26.054409,29.8,110.06858,21.278849,249.1022,0.78561187,46.83514
-2.857998,-2.2150788,-1.3267564,-4.570013,-1.903314,-1.5648077,-1.1002378,-1.6377457,bg_rep03_9456,0,xgboost,13.531,27.457386,26.464,127.51804,27.225616,373.60507,0.29142648,29.596323
-0.057888012,-3.018047,-0.5152741,-2.23606,-0.53750575,-0.7351307,-1.4570137,-1.7361372,bg_rep02_7644,0,xgboost,10.228666,28.309162,28.148,88.14652,28.832884,246.78981,-0.38002062,36.113823
-3.757973,-3.3650503,-2.3531396,-2.1195512,-0.9176649,-1.5753906,0.63188577,-0.8656467,bg_rep05_8554,0,xgboost,13.568,31.392874,29.5,96.83476,14.120537,1388.9131,0.91530395,53.04884
-0.9742303,-5.619308,-1.2096851,-4.6033406,-2.3503304,-1.6889138,-1.2503866,-1.5999706,bg_rep05_9619,0,xgboost,11.873667,22.523838,27.32,108.04946,28.90358,144.33284,0.28750855,24.175362
-1.2403967,-5.00809,-0.8543618,-2.4433544,-2.2812877,-1.038761,-0.09033912,-1.5404395,bg_rep02_4993,0,xgboost,11.198667,22.18788,27.476,88.02449,24.63449,88.992516,0.303039,28.62259
-1.6370695,-3.346196,-1.450694,0.0005345638,-1.6174533,-1.8355962,-1.3294027,-0.14029454,bg_rep03_5369,0,xgboost,10.142,29.2041,27.324,68.584694,27.422686,372.63477,0.10592995,27.9494
-1.9213691,-1.8549846,-1.6765263,-3.4545956,-0.9541238,0.31033722,-2.9362845,-2.5905263,bg_rep01_1309,0,xgboost,12.021,25.80943,23.736,98.97652,20.291327,710.17993,-0.11004069,37.278873
-1.4240535,-3.0577645,-1.5812978,-3.1207001,-1.0350546,-1.9541242,-2.2583003,-2.5503716,bg_rep02_4975,0,xgboost,11.766,24.350166,25.72,93.640236,25.970028,512.7006,-0.06384775,36.201416
-1.0037664,-2.8613825,-1.430183,-0.14108536,-0.753085,-1.3412137,-0.74326676,-0.9604871,bg_rep05_3672,0,xgboost,12.459333,23.999023,25.928,73.16567,21.448418,394.9155,0.46456164,33.092716
-3.6575353,-2.8434749,-3.0692422,-2.7581975,-1.6783228,-0.9967788,-0.9799427,-2.1308136,bg_rep04_1182,0,xgboost,7.470635,26.836014,29.509523,45.78772,31.562428,61.44802,-0.06103754,29.768835
-2.4246466,-2.984585,-0.7557696,-3.6406083,-1.0263588,-1.539713,-0.5146081,-1.7480642,bg_rep05_5827,0,xgboost,12.608,25.274637,29.359999,121.66289,20.744543,157.96124,0.4280622,59.031075
-0.28276083,-2.0751495,-0.7044675,1.6594394,-1.4011396,-2.1074927,-2.6688437,-1.2390473,bg_rep03_7852,0,xgboost,14.053333,26.7133,25.54,65.58777,22.813166,558.9521,-0.2198538,40.080486
-1.1009035,-2.2374597,-2.1022377,-3.185216,-2.8594894,-0.57400763,-1.7892375,-0.37026852,bg_rep03_5399,0,xgboost,12.277667,26.185093,24.084,94.724,24.920258,664.7429,0.1743478,30.793253
-3.6070726,-3.1283104,-1.4840006,-2.6496544,-0.8740599,-0.38997194,-0.14515406,-0.25919113,bg_rep05_8284,0,xgboost,7.3426666,26.089634,28.296,59.187363,0.0,0.0,0.0,0.0
-3.6748245,-4.2909474,-3.431573,-3.1273015,-0.8426737,-0.37755483,-0.14689602,-0.03640116,bg_rep03_35,0,xgboost,7.542333,25.34386,30.576,56.54134,0.0,0.0,0.0,0.0
-3.296928,-2.8868122,-2.007539,-2.6339288,-2.3026674,-0.99873215,0.06400681,-1.2230108,bg_rep02_3421,0,xgboost,7.588,26.439024,29.268,37.20469,30.89617,57.208984,0.6344764,36.256393
-0.39484468,-2.0403817,-1.4146149,-2.9796243,-3.022964,-0.018448347,-0.4015933,-1.7630693,bg_rep04_5005,0,xgboost,9.421667,26.548882,24.108,86.60395,24.654154,759.0689,0.34141585,41.80349
-3.6526527,-3.372183,-2.0086167,-2.87322,-1.9989146,-1.6408464,-1.1524198,-1.3307996,bg_rep03_6340,0,xgboost,12.853333,23.032997,26.404,89.36524,29.198742,164.64824,-0.45184448,33.351627
-1.4242508,8.741121,-0.42287326,0.07219355,0.32240674,0.40870953,0.5465569,1.3602033,presence_41,1,xgboost,13.299001,51.5705,30.68,36.39129,0.0,0.0,0.0,0.0
-0.06472146,-3.4335313,-1.1281319,-4.312966,-1.2913424,-0.27460203,-2.6342385,-0.69997585,bg_rep03_5508,0,xgboost,10.776333,24.264462,27.816,104.26055,29.741343,15.460697,0.0671695,38.33123
-3.7284954,-3.558977,-1.2822027,-2.9428284,-1.455441,-1.8521514,-1.1389865,-1.6926103,bg_rep01_8135,0,xgboost,13.624333,30.98693,27.876,92.83902,19.7674,1704.1926,-0.001123669,41.8377
-1.0581081,-2.8328795,-1.1718048,-0.9457575,-1.4051495,-2.1263962,-0.7325741,-2.5009644,bg_rep05_5356,0,xgboost,12.283667,24.44219,26.592001,79.17635,26.594217,76.45528,0.120246194,30.459429
-2.809558,-4.2623053,-2.3789966,-2.8450825,-0.5987999,-0.32697296,-0.1368926,0.07716112,bg_rep05_950,0,xgboost,8.069,25.476763,32.932,47.668133,0.0,0.0,0.0,0.0
-1.6989356,-2.9319766,-1.5518072,-3.915604,-0.75506413,-1.877509,-1.6659231,-2.2691355,bg_rep04_7076,0,xgboost,12.500333,23.22964,25.62,98.74911,21.18089,369.33182,-0.021160515,34.666725
-3.5987046,-2.6196344,-2.7011547,-2.5010235,-1.6442835,-2.4664218,-0.7121404,-1.5725663,bg_rep01_2243,0,xgboost,7.605334,25.773802,32.748,63.869156,27.580307,377.70367,0.69764864,25.923065
-3.200885,-3.6714597,-1.3974507,-2.5810742,-2.11419,-2.5383883,-2.5028167,-1.7065072,bg_rep03_7067,0,xgboost,14.550333,30.931831,31.924,97.06926,22.240608,1183.7474,-0.41501307,43.09826
-0.15924448,-2.982548,-1.287518,-5.649849,-2.2055984,-1.6454089,-1.647358,-0.57944685,bg_rep03_8234,0,xgboost,12.2543335,23.345144,25.664001,106.14864,29.128916,181.22543,0.09691555,22.43459
-1.3562089,-4.4313498,-2.0300574,-4.56981,-2.2947948,-1.545426,-2.155157,-1.843824,bg_rep01_1719,0,xgboost,10.993334,21.131273,26.62,117.19774,29.71009,193.22061,-0.8012434,24.428335
0.5110178,-4.670865,-2.0053935,-1.7635857,-1.5142895,-2.3692026,-2.200847,-1.2182556,bg_rep03_8769,0,xgboost,10.351334,19.469105,25.652,83.34491,25.62794,58.58953,-0.5463223,31.456532
-0.13108987,-2.6127653,-0.14337364,-5.6232233,-1.6772097,-1.4287508,-1.6831121,-1.2029665,bg_rep03_1241,0,xgboost,10.592,26.5012,27.428,104.56687,25.906721,162.50974,0.18098536,32.304665
-3.0073962,-2.9292104,-1.9074124,-2.4228742,-0.8545363,-0.41229728,-0.032093354,-0.12974076,bg_rep01_471,0,xgboost,7.4746666,26.285929,27.648,58.858135,0.0,0.0,0.0,0.0
-3.6486633,-2.8876262,-1.4251854,-1.6395172,-1.849449,-0.7866236,-1.6573764,-1.9626433,bg_rep03_2017,0,xgboost,13.583334,24.348127,26.412,74.95782,24.894745,256.3741,-0.10237949,38.9477
-3.4944062,-2.6557984,-1.4937649,1.2370955,-2.4083638,-1.235221,-0.39670762,-2.5657578,bg_rep03_6048,0,xgboost,13.768666,25.575203,27.336,66.35759,24.984728,203.27489,-0.022664564,30.163782
-1.0067594,-0.9302086,-1.196941,-3.3052092,-1.907069,-1.815155,-2.5423386,-2.5145714,bg_rep03_8384,0,xgboost,12.368,25.755934,27.332,101.236694,21.664204,364.70908,-0.062825814,38.231102
0.9282908,-2.9923992,-1.4804903,-2.857147,-1.1955343,-1.3658704,-1.7481241,-1.7423563,bg_rep05_1466,0,xgboost,10.456,21.49671,25.172,94.99225,22.94671,473.20795,0.093052514,34.97317
-2.9080465,-3.4612446,-1.3045858,-2.458213,-1.0723237,-1.8822256,0.46972343,-0.8135396,bg_rep03_3054,0,xgboost,14.210667,31.011406,29.335999,96.995514,15.141264,1388.912,0.791194,62.51487
0.61100495,-2.8148897,-1.47093,-4.0129085,-1.0491543,-1.6202786,-1.8013867,-2.3195136,bg_rep02_9100,0,xgboost,10.450666,23.629074,27.9,104.709335,18.762733,130.45828,0.2441629,44.05722
-1.5317963,8.693324,-0.9562877,-0.61946213,0.3893093,0.9289185,0.49935317,1.4879088,presence_57,1,xgboost,8.254999,83.215706,32.344,37.0185,0.0,0.0,0.0,0.0
-1.7340692,-4.553951,-0.8253408,-1.9354734,-1.3533137,-0.6895292,-1.3869056,-2.4878824,bg_rep02_1975,0,xgboost,12.264,23.12566,22.316,84.17993,19.829327,762.596,0.12471302,44.540607
-0.604413,-0.64243025,-1.6574147,-2.4270775,-2.379862,-1.6461715,-1.057305,-1.5056709,bg_rep05_6905,0,xgboost,12.376667,25.4141,25.412,99.54663,24.609154,423.46982,-0.40088648,30.360579
-1.4323235,-4.944416,-2.0079207,-0.61603683,-2.0205345,-1.0085502,-1.3827636,-1.1273766,bg_rep01_9922,0,xgboost,11.234,21.148344,26.831999,82.98757,31.939688,88.347626,-0.3866751,24.981174
-0.9616247,-4.05211,-0.25296083,-3.8339143,-1.1784935,-1.587885,-1.8876857,-2.1488013,bg_rep04_3936,0,xgboost,11.287,22.119228,28.288,121.84281,21.533798,130.9298,0.16952538,52.696457
-2.3440855,-2.21976,-3.1135895,-2.7249045,-1.2949692,-1.1317533,-1.3143607,-1.018151,bg_rep05_762,0,xgboost,8.227333,24.629786,29.948,44.357216,28.44517,28.206816,0.55465883,34.590145
-0.44234055,-3.1400943,-1.5827056,-4.1423388,-0.9717079,-1.2104094,0.62454116,-1.695156,bg_rep05_7261,0,xgboost,10.859333,24.849733,27.8,107.05835,23.183525,7.9930134,0.58712393,51.457817
0.058046624,-3.7463574,-1.7572616,0.004414743,-1.1535723,-2.8939831,-0.7419034,-1.0220487,bg_rep03_9647,0,xgboost,10.555667,29.178646,25.476,70.05734,28.33835,805.202,-0.031175183,32.01598
0.8384532,-2.7512128,-0.79025835,-5.2186756,-2.3699784,-1.9766873,-2.1914797,-1.5909202,bg_rep04_5984,0,xgboost,10.431,26.552795,24.972,108.466286,24.55843,599.40796,-0.1853608,35.017467
1.1425914,-3.8612554,-1.1945511,0.24501501,-1.6711912,-1.0465671,-2.9742122,-3.4191196,bg_rep02_8975,0,xgboost,10.351,21.27209,21.548,71.94544,19.244364,759.99786,-0.085318126,43.858444
-3.102458,-1.8756118,-1.6607438,-4.990703,-2.9363546,-0.5803707,-1.8233293,-1.19033,bg_rep01_8307,0,xgboost,12.919,27.588196,24.032,126.360016,24.626997,774.32166,0.1536922,40.148884
-2.1989052,-3.8787768,-1.5469004,-3.3734617,-0.90228134,-1.6618652,-3.4863782,-1.556014,bg_rep02_7547,0,xgboost,13.2456665,29.67485,28.116001,106.16152,17.494625,1476.8157,-0.2693146,44.632805
-2.1532595,-2.7399569,-0.8652176,0.651458,-0.95638907,-0.9801676,-2.359954,-1.7001066,bg_rep05_3100,0,xgboost,14.293,25.565214,25.732,72.01087,21.729893,628.4053,0.1900465,40.05742
-1.6531817,-3.3389196,-1.4664433,-3.0107908,-1.3600276,-1.1908652,-0.3819839,-2.881598,bg_rep05_8648,0,xgboost,6.746667,20.48915,22.112,32.61874,16.737389,192.54665,0.8170719,45.845543
-0.9521654,7.023087,-1.4060374,1.301296,0.35193154,0.6952637,0.35139203,1.2183908,presence_236,1,xgboost,8.503667,47.08564,24.808,26.94148,0.0,0.0,0.0,0.0
-2.0998442,-2.3030446,-1.0982043,-3.7705948,-1.3789831,-1.9228168,-2.2182288,-2.1651487,bg_rep04_9033,0,xgboost,12.604,25.622053,28.032,126.08802,29.603346,156.02242,-0.6337611,47.624184
-1.3558197,-2.83353,-1.1905459,-3.3299465,-1.3518198,-1.5989717,-2.9360495,-1.9153453,bg_rep01_384,0,xgboost,12.128667,25.705042,28.66,108.834305,13.456611,200.83635,-0.6085593,69.95123
-2.545097,-3.1996167,-1.7191215,-3.7569664,-1.3529824,-1.8971483,-1.5936307,-2.4311526,bg_rep05_4126,0,xgboost,12.561334,25.213434,29.328,116.50704,20.768267,151.88678,-0.04077875,49.053345
-3.6512754,-4.7177954,-3.5009391,-2.533553,-0.8448244,-0.3163363,-0.15536407,-0.38680202,bg_rep02_2694,0,xgboost,7.4960003,24.906965,30.368,50.37108,0.0,0.0,0.0,0.0
-2.6249542,-2.357271,-0.9309403,-3.5383058,-1.9887153,-1.2058625,-2.3659241,-2.8331714,bg_rep03_2549,0,xgboost,13.019333,26.168463,26.56,99.0701,22.532959,520.03284,-0.12706588,35.175762
-0.83894974,-2.8878,-1.6957172,-5.0081215,-1.6685381,-1.4330972,-2.4935043,-1.2760155,bg_rep04_684,0,xgboost,11.66,27.41981,25.26,104.431885,23.222498,580.52527,-0.22648531,30.5456
-1.7459491,-3.5089462,-0.12347658,-0.1445934,-0.6283459,-0.70785964,-1.4498796,-2.7902076,bg_rep04_8335,0,xgboost,11.641666,21.766634,24.604,72.54649,23.507359,266.5955,-0.34624475,38.01159
-1.0109231,-4.032858,-1.3798152,-3.135053,-1.5685235,-1.5143223,-1.1723678,-1.1507618,bg_rep05_6071,0,xgboost,11.657666,23.882788,26.728,87.87276,29.391579,185.91446,-0.31210688,26.114786
-0.12117866,-2.7772572,-0.184956,-1.9618832,-1.2935648,-0.6929165,-1.329898,-2.0729055,bg_rep02_231,0,xgboost,10.735333,28.70717,28.364,87.27049,29.279512,250.54495,-0.4274158,36.77074
-1.3167924,-3.555958,-0.48986194,-3.4833426,-1.292826,-1.5852306,-2.900415,-2.0742726,bg_rep04_7635,0,xgboost,11.952333,23.7451,28.552,121.533424,18.433094,157.00694,-0.15902807,49.757416
-3.1932914,-0.6839333,-1.4859008,-4.736571,-0.9640105,-0.35671303,-0.105609715,0.043491613,bg_rep01_1404,0,xgboost,15.240666,33.22144,30.184,87.88354,0.0,0.0,0.0,0.0
-3.5382717,-4.50234,-2.5409224,-3.0517242,-0.66392523,-0.31396788,-0.005471401,-0.011651339,bg_rep05_5828,0,xgboost,7.8113337,25.637829,32.22,59.732727,0.0,0.0,0.0,0.0
0.46838588,-3.4431129,-1.1937484,-0.5090353,-0.8420602,0.09641076,-1.988527,-3.0551775,bg_rep02_9111,0,xgboost,9.920333,20.943111,21.312,70.62449,20.252863,727.0313,-0.5245251,43.995995
-1.6039938,-3.6012337,-2.8122642,-4.117215,-0.6767532,-1.5636804,-0.41805616,-0.2511603,bg_rep01_6335,0,xgboost,12.498,32.45222,22.624,94.06276,0.0,0.0,0.0,0.0
-0.33708945,-2.0821383,-0.33151966,-3.5665607,-1.8370743,-2.0467734,-2.5306857,-1.3264487,bg_rep02_5594,0,xgboost,9.451667,24.72446,24.56,91.1743,24.709366,124.381294,-0.25432488,32.235405
-3.9822066,-3.0782561,-1.0112627,-3.2830644,-1.0828913,-1.8983287,-2.1809664,-2.3646693,bg_rep04_9571,0,xgboost,13.744667,23.397568,25.904,89.98635,20.90025,426.2862,-0.3386441,41.61511
-3.4779356,-2.5510325,-1.2172903,-2.8393953,-2.1510565,-0.731801,-2.010446,-1.4617077,bg_rep01_7986,0,xgboost,8.044667,27.901869,28.496,42.424263,35.815514,237.3483,-0.46268585,33.288563
-1.5887012,-4.859245,-0.6401545,-4.4668045,-1.5551424,-1.1298585,-1.925333,-1.1559632,bg_rep01_1543,0,xgboost,12.120334,22.946486,27.388,111.479324,32.55619,160.89372,-0.26220158,25.584204
-0.99150795,-2.5941422,-0.2117707,-3.8935103,-0.64188874,-1.9390838,-2.6314805,-0.6837313,bg_rep03_2565,0,xgboost,11.443,24.960737,28.292,102.93592,27.175726,31.396503,-0.590964,38.002678
-0.8391308,-2.5359173,-1.3716413,-2.5759342,-1.6924456,-1.9599324,-2.7822561,-2.9419942,bg_rep05_6088,0,xgboost,12.386333,27.1988,25.02,96.93109,18.869377,433.92468,-0.07468079,36.08417
-3.618009,-3.7904391,-2.5680602,-2.68639,-0.5145629,-0.27073467,0.04246983,0.15240312,bg_rep03_5533,0,xgboost,7.9070005,26.220322,32.548,59.61935,0.0,0.0,0.0,0.0
-0.27493134,-2.9701385,-1.0973128,-3.5177336,-1.0084499,-1.6071768,-1.7839985,-1.4680353,bg_rep05_1290,0,xgboost,10.705667,28.214386,24.468,88.30079,26.173563,454.5574,-0.30652794,31.98799
-2.2326772,-2.9802601,-2.3470314,-3.5795364,-1.8156523,-1.7003866,-2.9100578,-2.204091,bg_rep05_5186,0,xgboost,12.696667,25.589863,29.516,116.92032,21.253735,160.5388,-0.53046036,52.83167
0.34811544,-2.1221056,-1.6460158,-4.6519656,-1.1306217,-1.2684352,-2.410065,-2.6095395,bg_rep01_5963,0,xgboost,10.273666,24.663115,26.592,105.234375,19.232254,269.4423,0.19070077,40.630203
-1.5062885,-3.4086542,-0.72555417,-2.6389117,-3.0694265,-0.6391624,-0.9293755,-0.80694044,bg_rep05_4164,0,xgboost,8.399333,22.806923,23.524,35.537247,29.459932,235.06145,-0.01586675,32.88652
-4.8160486,-2.135584,-0.8320136,-0.052333366,-1.0700057,-1.6538337,-1.5308565,-2.2951837,bg_rep02_6901,0,xgboost,14.769,26.054972,25.868,69.60479,21.01416,495.926,0.23660357,41.656834
-2.7084603,-3.1382158,-2.9749207,-2.201881,-2.7884374,-2.1531456,-0.7009489,-1.3202949,bg_rep05_3246,0,xgboost,8.781333,28.015995,30.88,42.10458,31.673782,151.88637,0.5756364,33.33751
-2.860208,-4.0799613,-2.3348544,-2.2313414,-0.33898735,-1.8155395,-0.5583981,-1.4258183,bg_rep01_6768,0,xgboost,14.098001,30.515152,29.9,101.800606,20.038263,1223.7944,0.35216427,48.779675
-0.6387517,6.7109303,-1.4434532,1.8589495,0.6320123,1.0089978,0.36747766,1.6172239,presence_184,1,xgboost,8.216,48.477695,19.18,23.985384,0.0,0.0,0.0,0.0
-3.0612593,-1.5999177,-0.9597608,-4.7400556,-1.1434076,-0.9959708,-1.2012564,-1.4220083,bg_rep03_7163,0,xgboost,13.488667,27.618073,27.752,129.53214,28.383959,280.95303,0.5193625,43.310085
-2.6115148,-2.3765187,-1.8804955,-3.2454975,-0.8358284,-2.3564463,-0.96944284,-0.35149124,bg_rep05_5961,0,xgboost,8.028334,27.400455,26.372,60.328762,27.2334,1238.0521,-0.001439085,32.52706
-1.4777586,-3.5262575,-1.4696871,-3.4040651,-0.35459828,-0.36849418,-1.7662952,-0.8629281,bg_rep05_5175,0,xgboost,12.326,23.558868,25.884,95.56127,26.111908,282.46344,-0.17911951,31.818197
-1.4804864,-2.959611,-0.4125743,-3.347281,-1.1071714,-1.2724344,-1.3645725,-0.31787744,bg_rep01_5394,0,xgboost,7.1629167,21.928415,20.525,55.528328,16.172684,89.16678,-0.4014148,33.83194
-0.92623615,6.75239,-1.5553612,1.7753446,0.46331185,0.8590257,0.44504404,1.343855,presence_165,1,xgboost,9.107936,45.878307,25.933332,13.029347,0.0,0.0,0.0,0.0
-0.6965536,-3.6288548,-1.0583948,-1.6226872,-1.7766321,-3.1876519,-1.5967883,-0.4397817,bg_rep01_2092,0,xgboost,11.583333,30.351465,26.744,84.95923,21.471174,1465.3695,-0.07715881,25.437414
-1.288518,-4.8108625,-1.8618495,-0.92144,-1.2501308,-1.7518938,-1.5960021,-2.0905879,bg_rep05_7930,0,xgboost,10.956667,20.418686,27.088001,85.79934,30.78829,52.56285,0.82101965,26.598295
-0.09031672,-3.5328805,-0.5337116,-5.4450965,-2.3226547,-0.25472277,-2.032126,-0.44638893,bg_rep04_693,0,xgboost,10.676333,26.725576,24.5,105.40928,24.06211,664.7148,-0.33158222,33.631557
-3.0507972,-3.072214,-3.4443612,-2.5576363,-0.77221066,-2.299373,-1.7499332,-1.609146,bg_rep03_1793,0,xgboost,8.411,26.80028,29.556,34.58209,28.205406,339.32123,-0.29985073,35.502254
-0.8481349,-2.9087505,-1.538783,-4.1185365,-1.9502065,-1.7607595,-1.4387754,-2.3222444,bg_rep02_2480,0,xgboost,11.083667,24.580118,27.956,103.41285,33.12252,22.706297,-0.17130473,30.0614
-3.6347723,-4.702653,-3.2548454,-2.5729454,-0.82646376,-0.34155333,-0.22414865,-0.59694153,bg_rep02_5958,0,xgboost,7.5066667,24.76467,31.308,52.922897,0.0,0.0,0.0,0.0
-0.9936779,-2.57821,-1.5341927,-2.9306648,-1.2429839,-2.2677104,-2.7587337,-2.7022874,bg_rep03_9940,0,xgboost,11.639667,24.958544,26.18,102.68578,18.432447,417.0868,-0.14209604,36.023685
-4.076565,-3.5232756,-1.4854082,-3.018345,-2.2113495,-2.4882388,-2.192157,-1.719257,bg_rep05_1345,0,xgboost,15.026333,32.791405,30.648,88.871895,21.872797,1362.0815,0.038205158,41.454548
-1.0245997,-2.9310744,-1.7814595,-3.1379325,-1.5862422,-1.2824533,-0.5360803,-2.7351553,bg_rep05_9601,0,xgboost,11.101,24.836676,23.636,88.49716,17.701757,624.83405,0.34935105,38.734097
-0.7253732,-4.0946326,-0.7595561,-2.8089683,-1.6100904,-1.0079068,-0.19388399,-0.7981828,bg_rep02_5081,0,xgboost,11.735666,29.271841,24.88,99.90678,25.452528,537.8872,-0.472722,32.498535
-0.8769696,-2.0627465,-1.6130822,-3.3472717,-0.8487325,-1.4932059,-1.7283386,-2.6824198,bg_rep05_2653,0,xgboost,12.222,25.39267,29.0,109.35712,19.635145,166.42183,0.21550135,51.917854
-3.108419,-2.208008,-2.3516858,0.84465253,-1.3052458,-1.6858536,-0.50063074,-2.224089,bg_rep04_8510,0,xgboost,13.126333,25.79861,21.864,67.464066,20.64377,847.2511,0.32126805,40.78436
-2.299578,-3.4658964,-0.754046,-2.872223,-1.3733302,-1.8410425,-2.014336,-2.7399752,bg_rep02_3984,0,xgboost,7.7863336,21.938276,22.704,33.6807,24.534079,349.04163,-0.22726628,41.325287
0.11710291,-3.4475944,-1.6081815,-4.174566,-2.3524296,-0.3544643,0.44358942,-1.2450757,bg_rep04_8129,0,xgboost,10.664,26.530003,23.36,107.336555,22.57219,935.9946,0.6016688,33.94872
-0.80397576,-3.1040356,-1.4403242,-3.0903814,-1.7212468,-2.1252642,-2.5938318,-0.45846346,bg_rep02_399,0,xgboost,11.203667,27.238323,27.824,101.95669,25.876953,98.70239,0.04865719,33.75906
-0.9760666,-5.752891,-1.716271,-2.3956406,-2.0858765,-1.6029671,-1.3996084,-0.23070462,bg_rep03_2289,0,xgboost,10.725666,20.18379,26.748,89.36968,28.771223,53.502644,0.38439593,28.606422
-0.43303373,-5.735151,-2.4794457,-0.037252728,-1.7038243,-2.345913,-1.8117654,-1.9114258,bg_rep05_4872,0,xgboost,10.518,19.516811,26.46,80.46114,28.69468,37.637417,0.14397621,29.934921
-0.5230427,6.5250835,-1.4576838,2.270935,0.5964263,0.8030465,0.31014132,1.5194687,presence_191,1,xgboost,9.638333,50.931797,21.916,17.987806,0.0,0.0,0.0,0.0
-5.1672564,4.58514,-4.6239934,-5.133198,0.0029725917,-0.72729063,-0.30407783,-0.04489175,bg_rep03_7904,0,xgboost,14.464,36.733036,16.812,99.35716,0.0,0.0,0.0,0.0
-1.181532,-4.39168,-1.2845001,-2.8292553,-2.2850764,-2.4811053,-2.7488728,-1.7063986,bg_rep02_9937,0,xgboost,12.516,31.243135,26.996,89.11295,20.546444,1504.5592,-0.083248876,34.89296
-2.2078514,-2.7338467,-1.5588931,-0.94158036,-1.9410126,-1.4991223,-2.2162263,-1.1777376,bg_rep04_8925,0,xgboost,8.753667,26.851738,27.008,74.41773,29.133694,77.0684,0.20903465,33.846817
-2.0519211,-2.2926073,-0.8401744,-3.657664,-1.2543855,-1.428627,-1.1060982,-0.05710684,bg_rep04_9907,0,xgboost,12.741333,25.270395,26.728,98.068756,20.479172,424.20694,-0.0016688621,33.454323
-1.160789,-4.5078564,-0.45988977,-4.634201,-1.8338993,-1.1028037,-2.4477136,-1.1646692,bg_rep04_5675,0,xgboost,11.475333,22.895718,27.548,116.55268,28.591143,173.04085,0.07661308,32.007355
-2.9060068,-2.9958274,-0.7647667,-0.8570958,-2.4003668,-1.9211216,-1.7995598,-2.6259465,bg_rep02_4911,0,xgboost,14.501333,25.61711,25.768,73.12506,18.837961,450.42032,-0.36182693,39.49484
-2.5231125,-2.9892175,-0.85860705,-2.6743503,-1.423037,-0.6972246,-2.1277647,-1.43753,bg_rep05_7514,0,xgboost,7.6683335,21.129541,22.876,34.360275,25.204681,292.82886,0.12973517,40.49113
-1.9849503,8.738572,-1.2475959,0.348749,0.31877673,0.42640585,0.57013,1.3967395,presence_157,1,xgboost,13.017667,48.98279,29.732,39.942886,0.0,0.0,0.0,0.0
-3.5952945,-3.1969852,-2.6022809,-2.8776777,-0.70150805,-0.4142337,-0.036506176,0.08582367,bg_rep01_536,0,xgboost,7.7033334,25.77745,31.712,55.943474,0.0,0.0,0.0,0.0
-2.9715097,-3.9145718,-3.357551,-2.619198,-1.3922197,-2.271928,-1.5414987,-1.775777,bg_rep05_5435,0,xgboost,7.2283335,25.231546,29.796,61.26833,28.682512,821.7045,0.55787355,26.012882
-2.4362137,-1.9756447,-2.1573923,-1.6375407,-1.7232801,-2.7292807,-0.796821,-2.4168086,bg_rep04_5042,0,xgboost,8.1536665,27.420187,26.196,64.38705,28.05549,1408.7412,0.74312043,26.188513
-1.7095573,-4.965245,-0.5376364,-4.6863647,-1.9794476,-1.6514412,-2.061085,-1.3208075,bg_rep05_831,0,xgboost,12.042334,22.816092,27.376,108.9301,28.919981,138.4471,0.23204967,23.02443
-1.2816622,-3.0187123,-0.9393033,-3.848568,-0.8982249,-1.4458562,-1.8501406,-2.090728,bg_rep05_1510,0,xgboost,12.443334,24.371931,26.688,98.47128,20.66657,378.9508,0.13339841,34.658146
-3.4406738,-3.2558112,-1.5614194,-2.4093852,-2.0309625,-1.1132859,-1.9596866,-2.2547138,bg_rep05_3538,0,xgboost,7.3555555,25.610523,27.291666,48.65027,25.202694,8.622036,0.097093165,37.356056
-2.704395,-3.4796712,-0.5549171,-3.009148,-1.5889573,-1.2586118,-1.2814512,-2.4756002,bg_rep02_6063,0,xgboost,7.483333,22.126945,23.628,34.545425,25.548016,152.52458,0.11129412,39.277725
-2.529994,-3.6976027,-1.5736985,-2.4737682,-0.9397265,-1.7184026,-1.779459,-1.6208218,bg_rep01_7637,0,xgboost,12.842667,30.124477,27.796,94.59948,18.568245,1656.3253,0.09300181,41.83909
-3.130518,-3.0043192,-1.0941285,-0.5083959,-1.6314433,-1.4478235,-2.6428332,-1.4255139,bg_rep03_8373,0,xgboost,15.445666,28.505955,25.016,68.96942,20.928133,624.07623,-0.22783144,38.75115
-1.3740168,-2.9755356,-2.572424,-1.9332402,-1.2528718,-2.0946875,-3.0742266,-2.5707824,bg_rep04_8406,0,xgboost,11.254,25.035593,20.656,56.94984,20.576809,360.38684,-0.2846268,43.44742
-1.1967388,-4.001075,-1.4420252,-3.4494104,-1.558391,-1.5722146,-0.6040502,-2.7876544,bg_rep03_5684,0,xgboost,11.819,24.217278,25.144001,91.380974,19.392979,567.0617,0.35340944,35.97925
-0.9708913,-2.3734522,-2.0100203,-3.4635146,-1.1972557,-1.5746609,-3.2140877,-2.1176586,bg_rep03_326,0,xgboost,12.301666,25.852528,28.9,113.19707,16.1149,214.73415,-0.53251845,54.818966
-4.161811,-3.4812572,-2.4950376,-2.6538157,-1.0752745,-1.5759726,1.1004382,-0.84207606,bg_rep01_5580,0,xgboost,14.591333,32.105556,30.344,89.59302,17.509407,1384.7421,0.8843999,45.90834
-0.931886,7.376318,0.23180082,-1.2705665,-0.07198219,0.22925079,0.41061017,1.4009833,presence_28,1,xgboost,11.907,50.342464,32.036,83.02763,0.0,0.0,0.0,0.0
-0.6895809,-2.4675086,-2.124725,-3.8124304,-1.0401781,-1.7462567,-2.185751,-2.5750904,bg_rep03_9159,0,xgboost,9.168333,23.077763,26.236,106.64557,17.070118,267.6284,0.13916762,42.015453
-2.6522367,-3.2942429,-0.9533082,0.8922371,-1.4448826,-1.8052866,-1.115648,-1.6361523,bg_rep03_5802,0,xgboost,13.2196665,25.303703,22.184,70.93646,19.435757,904.26776,0.26632237,40.321754
-4.041117,-2.867446,-1.1885021,-2.7015266,-0.38984498,-1.0943904,-1.5429525,-1.9066741,bg_rep03_1648,0,xgboost,7.989,27.00081,28.704,38.742435,28.16144,28.670155,-0.055626877,34.679993
-1.3089554,-5.342183,-1.8565171,-0.32111314,-1.2386706,-1.3470745,-2.2048693,-0.6254164,bg_rep04_1364,0,xgboost,11.315,21.467329,26.844,75.295074,29.038952,77.39483,-0.2664465,23.143003
-3.565574,-5.6577,-3.2740211,-2.4741368,-0.7381899,-0.20224983,-0.29853544,-0.47302806,bg_rep05_3056,0,xgboost,7.4646664,24.229637,31.411999,48.057716,0.0,0.0,0.0,0.0
-1.861855,-4.7934084,-1.1816796,-4.447266,-1.5812821,-1.693537,-2.4242845,-1.4915301,bg_rep04_2563,0,xgboost,12.092,22.901516,27.3,112.69189,32.767952,156.42912,-0.71023893,27.006155
0.08726064,-4.836176,-2.0416236,-2.3482585,-3.0149992,-1.4754299,-0.68426144,-0.54231,bg_rep04_9173,0,xgboost,10.242666,20.115213,27.02,90.90383,29.1373,58.11207,0.7544338,28.358519
-3.811165,-2.384289,-1.7280524,1.097822,-1.9392372,-1.6307117,-1.7884274,-1.6026214,bg_rep05_5161,0,xgboost,13.873334,25.085588,27.224,71.02492,25.307163,165.75912,0.575059,31.668795
-1.296557,-3.811868,-3.0207884,-1.9841248,-1.0356243,-2.0640926,-2.6918716,-2.0258734,bg_rep01_5021,0,xgboost,9.669333,29.847305,29.724,47.72215,18.181032,39.296223,-0.9505282,54.121845
-3.198667,-3.4170306,-1.68246,-0.07808393,-1.2983868,-1.1170659,-1.5780474,-2.775486,bg_rep03_7775,0,xgboost,12.89,23.745487,27.46,68.76107,26.237007,85.09894,0.70052487,26.059902
-2.2729928,-4.162101,-1.331522,-3.5408423,-1.0805458,-2.4029865,-0.2749087,-0.4808355,bg_rep04_9916,0,xgboost,13.248333,32.0039,27.236,92.374245,20.05088,1712.9233,0.30794165,31.297068
-2.0180967,-3.019071,-1.5128596,-2.1985502,-0.8089491,-1.3527296,-1.3952372,-1.56507,bg_rep01_3822,0,xgboost,12.783,28.931288,27.972,101.83867,17.01792,1510.1923,0.15438958,46.52845
-0.52824426,-2.494846,-1.0055733,-1.8831892,-0.6825336,-1.7549375,-1.0613253,-0.8335862,bg_rep01_8774,0,xgboost,9.999333,26.756216,27.304,96.02647,31.499111,314.41568,-0.5742655,33.785557
-2.620294,-1.9017103,-2.2480025,-1.1717817,0.32687178,-3.1176102,-2.561241,-1.4157507,bg_rep02_3705,0,xgboost,8.3359995,27.720137,27.784,65.564384,27.889725,1143.5691,-0.25455147,27.647541
-1.0141884,-3.7969928,-1.552921,-3.035836,-0.91668105,-2.6471255,-2.9321518,-2.7844427,bg_rep01_1222,0,xgboost,8.016666,21.687767,19.576,33.09642,21.079006,984.81036,-0.084679686,43.832203
0.12556453,-5.6452417,-2.109435,0.6714618,-0.66598463,-0.7327633,-1.5295683,-1.6686355,bg_rep01_8192,0,xgboost,10.871,22.597073,20.728,66.350975,20.108374,780.6539,0.16281837,42.442234
-0.7652438,-2.681509,-1.4751257,-3.9587982,-0.89555496,-1.5008442,-2.8107214,-1.3730016,bg_rep04_5266,0,xgboost,12.228666,27.939743,28.14,109.82816,17.421432,1407.0884,-0.37608865,50.10559
-4.2414155,-3.5779567,-0.48465267,-4.2088337,-0.96579915,-0.7112724,-0.06349945,-0.16868643,bg_rep01_3228,0,xgboost,13.987666,30.03192,31.24,90.83242,0.0,0.0,0.0,0.0
-0.720557,-3.4545329,-0.51629335,-2.8428483,-1.3522959,-2.3235745,-1.7568702,-3.2701547,bg_rep03_8370,0,xgboost,8.365,22.06891,22.504,33.19824,17.08745,412.33472,-0.3440547,47.868904
-1.6320657,-6.1659636,-1.7938511,-2.8197045,-1.648842,-0.60479647,-1.6375973,-0.14831932,bg_rep01_7175,0,xgboost,11.067667,22.455093,26.3,89.39153,27.482718,240.58647,-0.09526803,27.900782
-4.1063313,-2.7173278,-1.2362255,-0.0868897,-1.694306,-0.37889317,-1.7959225,-1.6088746,bg_rep03_2796,0,xgboost,13.920333,26.195583,23.696,69.626656,18.551481,654.48016,-0.64332205,42.343697
-3.413576,-3.205906,-1.666332,-2.815896,-1.2962184,-1.258137,-0.068952285,-0.97213906,bg_rep01_3220,0,xgboost,14.217667,32.204556,27.876,85.34988,0.0,0.0,0.0,0.0
-1.5073552,-2.5707037,-1.5864656,-3.49943,-1.3315468,-1.7738537,-2.283277,-1.9751865,bg_rep05_814,0,xgboost,12.523001,24.672945,27.676,123.76726,20.799892,166.96822,-0.6635951,50.19274
1.5148225,-0.9134564,0.37626553,0.98268944,0.2658778,1.9066397,0.03469435,-0.6016291,presence_80,1,xgboost,10.335,27.413794,24.868,85.83795,26.303684,738.79004,-0.024103384,36.363403
-2.528217,-3.0824075,-2.194579,-3.5909765,-1.1505108,-1.5325005,-3.5806801,-2.2617836,bg_rep04_1496,0,xgboost,12.816333,26.381914,29.776,122.26514,18.569094,221.27716,-0.2850279,49.415283
-3.4394004,-4.708866,-2.587116,-2.6009433,-0.70991546,-0.25451496,-0.052133955,-0.06502629,bg_rep03_4024,0,xgboost,7.921333,25.278698,32.536,48.849106,0.0,0.0,0.0,0.0
-2.5878835,-1.9271431,-3.411996,-4.2976403,-0.5216649,-1.2489264,-0.3936793,0.030002661,bg_rep05_2337,0,xgboost,12.593,33.37839,21.408,92.39352,0.0,0.0,0.0,0.0
-2.2045505,-4.339971,-3.4022403,-3.1079352,-1.7017288,-1.7842773,-2.003338,-1.7405308,bg_rep01_7751,0,xgboost,6.7413335,22.117235,31.232,50.61151,24.378992,29.290157,-0.30754086,35.492935
-3.3631086,-2.63372,-1.0686797,-1.5062981,-1.2313424,-1.7017376,-1.7168751,-2.8076355,bg_rep04_2653,0,xgboost,13.4626665,25.057077,27.192,62.37154,28.16902,169.03957,-0.41265106,30.16855
-2.42241,-3.4354284,-2.158591,-3.60525,-1.3446622,-1.8546517,0.25936216,-1.8139651,bg_rep03_7783,0,xgboost,12.646,25.559868,29.568,116.17267,21.335073,179.27597,0.59389037,43.029007
-4.675412,-3.1292357,-0.9602351,-2.9205134,-1.599693,-0.47882405,-3.1049006,-1.6882633,bg_rep04_7452,0,xgboost,13.981,25.574377,22.424,87.55729,19.94466,953.21,-0.20065504,42.408245
0.11345324,-4.205596,-1.7556752,-0.7943365,-1.9398621,-3.5286365,-1.7266458,-1.1702882,bg_rep03_7856,0,xgboost,10.784,29.85273,23.723999,83.05802,23.536896,1980.516,-0.10539918,24.405647
-1.1012383,-3.2079718,-1.7509611,-4.922963,-1.3550816,-1.4364411,-2.8484073,-1.0882307,bg_rep04_436,0,xgboost,12.220667,23.030052,27.06,111.114456,30.913872,162.19325,-0.7312774,23.152023
-0.7152343,-3.4711273,-0.66637164,-4.5881486,-2.342045,-1.1249578,-2.65359,-2.2622855,bg_rep05_7668,0,xgboost,11.808333,23.79561,27.516,104.613785,24.031977,278.9068,-0.2416003,37.518734
-3.3155477,-4.4997783,-0.83004105,-3.1996384,-1.7438593,-0.80786574,-3.1091092,-2.37157,bg_rep04_420,0,xgboost,12.754666,23.667088,23.364,89.083305,19.671473,685.524,-0.26952037,43.575764
-1.7765461,-5.3293114,-1.4195547,-1.0399371,-1.5526394,-2.1941595,-1.1798794,-2.2069726,bg_rep05_9834,0,xgboost,11.953,21.948217,26.816,78.2808,27.547647,42.378395,0.39729458,30.284384
-0.5069278,-6.1026373,-1.5607431,-0.91712415,-1.528903,-1.6892653,-0.90188354,-0.68599385,bg_rep03_460,0,xgboost,10.825666,20.206186,27.1,85.20846,28.067877,46.39697,0.3144014,27.089863
-5.3089995,-3.1973472,-1.4037813,-4.1563993,-1.1305809,-0.7499339,-0.17415377,-0.44741338,bg_rep05_3248,0,xgboost,14.894667,33.028797,30.396,92.45139,0.0,0.0,0.0,0.0
-1.1647658,-3.5318148,-0.34645063,-2.1060894,-2.2250495,-1.6937008,-1.4654853,-3.1213293,bg_rep04_4612,0,xgboost,9.252334,23.865902,23.1,34.922634,16.860247,267.12778,-0.3174962,49.437325
-2.5162454,-3.1210842,-1.0054334,-3.4632778,-0.63244224,-1.921302,0.15725692,-1.9075457,bg_rep04_1703,0,xgboost,12.599,26.261047,29.372,113.50389,17.336119,292.21643,0.92322123,53.4406
-4.8759613,-3.2959795,0.12524156,-4.051983,-0.68423414,-0.5271971,-0.22621873,-0.20926993,bg_rep03_9869,0,xgboost,14.621667,30.479586,31.792,97.603905,0.0,0.0,0.0,0.0
-1.5569124,-5.019732,-2.08648,-2.9449568,-1.670112,-1.5893052,-1.6273389,-1.8885418,bg_rep01_4247,0,xgboost,11.156,21.864222,26.096,98.594864,27.500877,206.1792,-0.15494661,30.181355
-3.7597163,-4.0342493,-3.3058193,-3.2578619,-0.74206305,-0.4297898,-0.2045007,-0.03748483,bg_rep04_9727,0,xgboost,7.5196667,25.504227,30.116001,59.08498,0.0,0.0,0.0,0.0
-3.1076124,-1.8508451,-1.4818547,-1.8582017,-2.2079039,-3.377969,-0.66547793,-0.4703945,bg_rep04_7750,0,xgboost,8.184667,27.6285,25.548,64.48133,29.519163,1420.4618,-0.02443158,27.482952
-3.4311001,-2.3977005,-1.0235448,-1.8241339,-0.7320784,-2.1253064,-2.1274033,-2.6180847,bg_rep02_976,0,xgboost,7.967,25.8099,24.176,40.602356,22.394527,339.4348,0.09107975,42.73604
-2.3660834,-3.9103656,-1.4121895,-2.776539,-1.5501124,-2.3956413,-2.6598382,-1.5289032,bg_rep01_8279,0,xgboost,13.2300005,31.812061,27.336,96.879585,20.301163,1836.8922,-0.17375626,33.7932
-1.7030629,-3.5526376,-1.4635215,-3.908574,-1.42009,-1.7837694,-1.2831484,-2.1423278,bg_rep04_3344,0,xgboost,12.233667,24.07444,25.3,99.12692,21.510916,431.22247,-0.6517556,35.439804
-0.7376433,-2.4333797,-0.4057384,-3.0375423,-0.5379608,-1.771225,-3.0553424,-2.082018,bg_rep04_2573,0,xgboost,11.835,25.85416,28.5,107.29453,19.999834,65.73354,-0.71563077,51.382828
-1.0300967,-2.9349604,-1.7640967,-5.2746286,-2.3548815,-1.3560356,-2.6076887,-0.9608627,bg_rep03_7050,0,xgboost,10.979,26.552675,25.46,104.75684,24.167814,516.1006,-0.23886204,31.297676
-1.1917459,-5.2973394,-1.1224121,-2.465955,-1.6221522,-1.1443472,-2.2100832,-2.2194824,bg_rep05_4950,0,xgboost,11.161333,22.156054,27.244,88.832504,27.582277,161.96088,0.21911298,30.088177
-0.23272465,-0.8793655,-0.31907114,2.0591755,0.24808376,0.11929017,1.1377165,1.2519323,presence_133,1,xgboost,12.5373335,23.513378,26.792,70.08141,27.767797,112.93269,0.33402383,27.85796
-0.9315931,-4.671495,-1.2133174,-4.0257587,-1.6315334,-1.6711359,-2.0352614,-2.0910113,bg_rep01_6524,0,xgboost,11.703333,22.4477,27.624,119.29772,25.454777,144.96075,-0.17132431,50.29505
-1.9201193,-2.1755962,-0.94819254,-2.3066483,-1.1637987,-1.5290998,-0.51069576,-2.625535,bg_rep01_3746,0,xgboost,12.821334,26.036335,26.672,99.619865,20.686052,448.65573,0.440206,40.966434
-0.92124164,-1.9029661,-2.1056852,-3.1207347,-2.1960855,-1.025143,0.7631841,-0.36404154,bg_rep04_129,0,xgboost,11.449,26.588482,18.316,91.43875,21.98159,1805.1128,0.6935357,43.196518
-2.9453547,-2.316809,-0.6674865,-5.3355465,-0.7086702,-1.8693527,-2.203461,-2.243523,bg_rep05_8055,0,xgboost,13.562,27.9929,27.184,129.73602,28.62949,320.07104,-0.1583147,43.017075
-2.7211876,-3.2600043,-1.5395046,-3.5816627,-1.1399385,-2.2350547,-1.1849356,-2.775735,bg_rep03_7689,0,xgboost,12.814667,23.528692,25.552,97.83908,19.016745,397.26788,0.29048672,35.976135
-2.4369195,-4.352912,-1.0746592,-3.7725048,-1.2857268,-1.5455822,-2.4615774,-2.0880272,bg_rep02_1859,0,xgboost,13.353667,23.654905,24.996,92.40319,21.236092,609.30426,0.19041689,43.6178
-2.2038946,-3.2804937,-1.8281275,-3.1563864,-0.74543893,-1.4330966,-0.23983528,-2.201685,bg_rep04_3863,0,xgboost,12.661333,25.549547,29.6,114.96969,19.600111,181.57697,0.44460344,43.656242
0.38238913,-2.559031,-0.3971538,-3.5450118,-2.2807794,-1.3366435,-2.8475122,-1.7960218,bg_rep01_8158,0,xgboost,10.405666,26.683933,28.26,101.15356,22.634083,40.85518,-0.10663788,36.535027
-2.392647,-2.253806,-0.62161493,0.27651337,-1.3438101,-1.1933943,-1.4879574,-2.577923,bg_rep04_5579,0,xgboost,12.606667,25.993128,24.496,69.38802,23.431955,489.86716,0.11608984,34.147354
-1.4073917,-2.614649,-1.3316151,-3.8664947,-0.95977855,-1.9157106,-1.6660416,-0.89771384,bg_rep02_5130,0,xgboost,12.239333,25.033407,24.636,101.61419,26.837387,450.1443,-0.32646373,31.16646
-2.2908273,-2.4678056,0.20145701,-4.3024673,-0.7190777,-1.4007034,-2.6119251,-1.9119878,bg_rep05_5105,0,xgboost,12.819,25.712051,28.468,127.21632,27.594196,228.5876,0.023938976,43.024
-0.63156813,-2.223635,-1.6073089,-4.6875324,-1.3900595,-1.5028052,-2.0294764,-2.3742404,bg_rep04_9952,0,xgboost,11.455,24.702406,28.064001,107.05745,22.875603,143.13283,0.14490189,41.024643
-3.616342,-5.4862905,-2.9597027,-2.421878,-0.7859056,-0.1655783,-0.28535187,-0.32440275,bg_rep03_3652,0,xgboost,7.4123335,23.82774,32.9,46.88952,0.0,0.0,0.0,0.0
-3.4339137,-3.5802634,-3.571176,-1.6745797,-1.9337155,-2.0374496,-1.2537643,-1.8027588,bg_rep04_5715,0,xgboost,7.5429997,24.676132,29.928,24.858171,28.820503,135.79797,0.3628078,26.95226
-1.3301953,-2.2867517,-1.2819668,-4.0578675,-0.9071743,-0.9928757,-0.06993999,-1.5732539,bg_rep01_5560,0,xgboost,12.323999,24.721174,25.66,98.81923,22.86078,555.0323,0.6747872,33.239216
0.42054942,-0.3429534,0.9167844,0.21551277,1.0299532,-0.6655236,1.2432234,0.25131676,presence_54,1,xgboost,11.681,23.16188,28.6,122.684525,20.014112,143.40901,0.48463908,53.9709
-3.0494623,-4.710509,-3.3771412,-2.063585,-0.7555055,-0.23199788,-0.16998562,-0.41962585,bg_rep02_8396,0,xgboost,6.878667,24.825562,29.636,62.19881,0.0,0.0,0.0,0.0
-1.3279308,-3.1986775,-0.48783737,-0.03597968,-0.10814171,-1.6472993,-1.8901675,-1.8134398,bg_rep04_6925,0,xgboost,9.893666,28.97969,28.396,82.09053,28.43859,187.11473,-0.08186598,35.13011
-2.0129244,-2.6487038,-1.9005588,-1.4430563,-1.8979642,-2.458882,-1.6607423,-0.68700296,bg_rep05_8187,0,xgboost,7.652,26.751503,21.968,65.491234,27.726173,2020.6198,-0.41748953,28.434816
-0.95145255,-2.4659047,-2.091797,-2.9442346,-0.6338834,-0.62109214,-0.25613824,-2.0795913,bg_rep03_9048,0,xgboost,11.144334,26.286285,21.076,92.38998,19.490969,1112.7526,0.30199885,40.17499
-0.6337249,-2.1984448,-0.60482,-3.2199788,-1.3103672,-1.3660762,-0.6644562,-1.5888264,bg_rep02_9930,0,xgboost,11.486,25.028328,24.356,88.2294,19.90869,579.6815,-0.39639327,34.984905
-0.9166001,-5.1850743,-1.4767022,-2.722726,-1.4398639,-0.5577464,-1.6838822,-3.1361213,bg_rep01_9113,0,xgboost,8.51,22.859138,21.152,35.411633,18.452372,724.4377,0.10570214,45.415295
-3.4602666,-2.870798,-0.34997305,-2.9506466,-0.5624137,-0.9076779,-2.7111576,-1.6089289,bg_rep03_347,0,xgboost,7.7739997,26.4242,28.212,38.34849,28.86417,10.298331,-0.26069638,35.624405
-0.30821925,-1.5699,-1.1346529,-1.8430655,-0.99476826,-0.87626475,-0.99973965,-1.6409892,bg_rep02_2431,0,xgboost,10.506333,27.871214,27.776001,94.401855,31.228508,273.22305,-0.057921294,29.646692
-2.1533668,-1.6847762,-1.754195,-0.13670751,-0.16243358,-1.7553929,-1.2499788,-1.3011373,bg_rep05_306,0,xgboost,14.040334,27.275494,22.124,69.26507,20.334248,1111.5769,0.27635026,41.03333
-1.8284221,-4.0600586,-0.3703213,-1.1806934,-1.4150753,-2.0279047,-1.2075332,-3.070018,bg_rep02_6096,0,xgboost,6.2386665,20.153336,23.904,27.824905,23.923784,303.95197,0.3868576,42.268013
-0.22152255,-2.272556,-1.574225,-4.129243,-1.1206917,-1.5094138,-0.74186707,-2.7969866,bg_rep04_8172,0,xgboost,10.842333,25.346767,26.892,104.36292,18.291195,210.36778,0.29611936,42.627483
-2.4351702,-2.8649652,-2.0391617,-3.3713899,-0.6993931,-1.9448253,-0.23737217,-1.9389478,bg_rep02_9322,0,xgboost,12.682333,26.136208,29.924,113.75788,18.91936,261.0724,0.8062316,47.96014
-0.67417496,-3.2561789,-1.4632537,-4.7521567,-2.0259664,-0.9267032,-2.4940078,-1.6688337,bg_rep03_2561,0,xgboost,10.8706665,24.245398,27.728,103.16488,23.838398,50.00802,0.06566444,36.2458
-3.3990273,-2.8697526,-2.7920847,-2.0645697,-0.8399066,-0.3864408,-0.116528265,-0.091576375,bg_rep05_509,0,xgboost,7.1983333,25.76723,29.236,63.38659,0.0,0.0,0.0,0.0
-0.14123474,-2.1577213,-0.58060855,-1.5253438,-0.2207303,-1.0255073,-1.9547102,-1.1903919,bg_rep04_3812,0,xgboost,9.968333,26.56239,28.648,90.526024,30.406189,80.09096,0.32677692,38.466473
-0.19498986,0.19954003,1.0175799,1.3208048,-0.28383607,-0.538509,0.9477892,1.7216698,presence_108,1,xgboost,11.618334,24.642262,24.464,72.995895,22.788704,350.7739,-0.44716674,33.597294
0.18646684,-3.8941805,-0.9769136,-1.4998108,0.98139894,-2.155571,-0.45222518,-2.3742154,bg_rep01_8322,0,xgboost,10.745334,29.80179,28.016,85.00022,27.881989,330.3815,-0.017820243,36.01603
-1.4525203,-2.540967,-1.9248171,-3.3404634,-2.1610522,-0.65201044,-0.23325491,-1.4550186,bg_rep02_1815,0,xgboost,12.107333,24.977995,25.332,97.46584,24.320583,543.987,0.30552053,30.227251
-2.1053543,-3.1874142,-0.86200726,-2.0324342,-1.6009481,-2.8295343,-3.2672822,-1.6207579,bg_rep02_2319,0,xgboost,13.381,28.980768,28.539999,99.78206,20.830019,1621.5413,-0.5373617,39.483044
-1.2075845,-3.709907,-3.6061125,-0.6827435,-1.3173224,-1.3848933,-2.1257973,-1.083319,bg_rep02_8952,0,xgboost,10.060898,29.039003,29.830769,74.45139,23.312143,2.6305811,-0.4358834,14.756467
-1.5481033,-6.1240826,-2.0215895,-0.66243017,-2.3635845,-1.7923595,-2.3119955,-0.61745274,bg_rep02_7026,0,xgboost,11.655666,22.452742,26.032,79.15695,28.331026,318.32092,0.21886592,30.66609
-2.7218714,-2.8567972,-1.961993,-3.5120935,-0.6535959,-1.6307611,-0.62051684,-2.0136375,bg_rep04_1990,0,xgboost,12.857667,26.019238,30.0,120.50371,17.915674,198.18326,0.41700432,48.264534
-0.6034399,-2.9904764,-1.156523,-2.752495,-1.0056741,-1.378176,-2.134452,-0.1647778,bg_rep05_8541,0,xgboost,10.626666,29.136507,27.14,87.6791,28.174854,498.3392,0.2597165,32.51047
-3.607244,-2.7100437,-2.2730832,-2.7505338,-1.5625138,-2.7662876,-2.0289354,-2.3009424,bg_rep05_2753,0,xgboost,7.9793334,26.902676,28.644,63.278645,27.153103,1031.1367,-0.06039464,28.682362
-4.5892744,-2.2359908,-1.537308,-0.30763644,-1.6710386,-1.1308105,-1.4126922,-2.0878341,bg_rep05_2457,0,xgboost,14.756666,25.796564,26.444,69.990974,20.957363,364.19714,-0.42239702,39.595882
-2.6047883,-3.9748902,-2.3876488,-2.2151258,-1.622547,-2.5946136,-2.7131357,-2.188652,bg_rep04_5858,0,xgboost,13.278334,28.994526,21.596,99.57159,21.203436,1311.5465,-0.4038676,35.374435
-1.1267926,-3.2091265,-1.8546648,-2.1481783,-1.9309292,-1.9657853,-2.5433655,-2.9904213,bg_rep03_1788,0,xgboost,9.387334,23.41448,19.82,61.91759,18.239769,644.093,-0.120888904,43.570053
-3.3420122,-2.5812347,-1.314676,-2.8661819,-1.9112427,-2.295358,-1.8226093,-0.34152338,bg_rep02_2078,0,xgboost,7.7113338,26.52495,26.952,59.229527,25.51002,1118.0309,0.20653969,32.45372
-2.5706086,-3.366094,-1.5870948,-2.9476798,-1.5322843,-1.2541538,-2.3655329,-1.6443857,bg_rep02_4203,0,xgboost,14.045667,25.178665,19.112,88.341064,20.43126,1837.4468,0.083409,43.170727
-0.9335383,-1.9396452,-1.2999082,-2.8093112,-1.8166493,-0.7805801,-2.6308713,-2.7979674,bg_rep05_5662,0,xgboost,11.76,25.50091,23.86,92.77186,17.870522,650.6023,-0.13610293,41.104214
-1.509337,-2.342541,-1.6395588,-3.6164408,-1.6119715,0.5949023,-3.118673,-1.8474478,bg_rep02_4234,0,xgboost,12.1883335,27.179407,23.692,97.66485,19.484133,710.0556,-0.20715368,41.17386
-1.1990479,-4.4252625,-2.621946,-1.2025794,-1.833771,-1.483836,-1.8985794,-1.972012,bg_rep01_3385,0,xgboost,11.472667,21.289837,26.331999,78.38678,26.630095,72.88135,0.41568264,29.908838
-2.4002142,-3.2599177,-1.8994694,-3.1900816,-1.2241641,-1.8626405,-3.2487774,-2.3288631,bg_rep05_4386,0,xgboost,12.548667,25.165785,29.06,120.22287,19.310074,146.7845,-0.19881506,50.20026
-1.6073639,-3.306446,-1.9545816,-2.3643372,-1.4464811,-1.6263951,-3.997998,-1.361735,bg_rep04_9854,0,xgboost,12.526333,27.092165,21.896,101.53336,21.014488,1422.9456,-0.25285026,33.728264
-0.66016304,-2.1907847,-1.7020005,-4.513217,-1.6522006,-2.1470256,-1.6608869,-2.3778718,bg_rep02_883,0,xgboost,11.240667,24.557955,27.988,103.02568,21.59899,108.80943,-0.009691792,45.49477
-1.3800684,-2.5778258,-0.26779756,-3.55612,-1.2446916,-1.5407403,-3.0435467,-2.000079,bg_rep05_6060,0,xgboost,12.114,25.72193,28.596,111.17572,17.544928,189.14854,-0.14738029,61.29251
-0.6263367,6.9176936,-0.99334544,1.6880393,0.42575037,0.5508914,0.35154387,1.2125399,presence_175,1,xgboost,9.000667,41.70064,23.864,28.690815,0.0,0.0,0.0,0.0
-1.0560057,-2.146087,-1.8292178,-3.286863,-1.0891707,-1.8802037,-3.6268523,-2.0798786,bg_rep02_1767,0,xgboost,12.270333,25.452898,28.868,108.59385,17.121323,155.20602,-0.24258485,54.656723
-4.921423,-3.3458931,-0.40106508,-4.0152593,-1.05015,-0.6136243,-0.14332664,-0.25639275,bg_rep02_5912,0,xgboost,14.809,31.393623,31.272,92.125694,0.0,0.0,0.0,0.0
-2.8755515,-3.9405258,-1.7298943,-2.2882507,-0.8075329,-1.9941423,-1.1496643,-2.3935628,bg_rep03_4508,0,xgboost,13.124333,30.848848,29.264,99.50563,18.628176,1244.8826,0.12516096,35.998325
-2.2388146,-2.3992493,-1.432845,0.6249252,-2.211965,-1.5953288,-0.64942133,-2.4874442,bg_rep01_8086,0,xgboost,13.291,24.673275,26.94,70.418,24.825928,188.39192,-0.004553542,29.533216
-1.3699733,-3.439058,-2.4966218,-1.2480503,-1.4508787,-1.3192731,-3.0889416,-2.441622,bg_rep05_124,0,xgboost,9.547,29.976765,29.088001,42.97055,22.967852,15.821106,-0.28077424,41.924026
-0.40268445,-3.8744364,-1.027139,-0.044948824,-0.9657759,-2.0782006,-2.5312903,-3.053043,bg_rep01_7826,0,xgboost,8.517,19.031551,19.408,71.65994,19.146948,988.28876,-0.18907575,43.90461
-1.2498174,-2.9948688,-1.283608,-1.5963314,-0.38343674,-0.6371717,-1.3015789,0.29927108,bg_rep01_6126,0,xgboost,8.761666,24.319048,25.504,29.919933,26.065716,11.753416,-0.046017002,40.32617
-3.5657876,-5.7054744,-3.0013435,-2.51836,-0.72676766,-0.19798154,-0.29404625,-0.46374,bg_rep03_4273,0,xgboost,7.535,24.101202,32.152,47.74846,0.0,0.0,0.0,0.0
-2.7041728,-3.5561087,-2.136379,-2.490449,-0.87018204,-1.8279207,-2.1339667,-1.7107086,bg_rep04_9480,0,xgboost,14.2,31.324451,29.5,95.49338,15.98735,1345.7991,0.082193546,54.742012
-4.208599,-3.7211149,-1.7200757,-3.3314478,-1.1194031,-2.085666,-1.6936371,-1.6259743,bg_rep01_6432,0,xgboost,14.781334,32.327297,30.704,90.32184,20.23542,1322.5793,0.0141362585,41.81306
-3.9327278,-2.728218,-0.3724293,-3.0769136,-2.1897197,-1.7345169,-1.9213688,-0.38368708,bg_rep05_4548,0,xgboost,7.0646663,25.306871,27.492,55.601383,29.933197,315.43985,-0.18172562,32.36132
-2.4547946,-3.0304413,-3.1335976,-1.9493873,-0.6820617,-1.7219827,-1.722371,-2.2976742,bg_rep02_4341,0,xgboost,8.704,27.951189,29.504,46.82811,20.830286,17.757559,0.17152223,46.391964
-4.7700343,-3.047503,-0.6687566,-4.5064716,-0.96181554,-0.883511,-0.34655437,-0.8006954,bg_rep04_2839,0,xgboost,13.606334,32.572857,28.3,98.43503,0.0,0.0,0.0,0.0
-0.8544735,-3.9926138,-1.6990215,-5.355842,-1.5649045,-1.6427891,-1.9774811,-1.4253258,bg_rep01_4551,0,xgboost,12.521667,23.657925,26.328,105.043175,27.603704,212.81816,0.21340415,24.747759
-1.9848225,-4.3959675,-0.5901911,-4.8040133,-0.8753862,-1.5791088,-2.401335,-1.8214581,bg_rep05_9903,0,xgboost,12.136666,22.661638,27.7,117.33206,30.513313,150.23297,0.17425026,39.229996
-0.9512356,-3.714498,-0.966312,-1.9338671,-0.89133507,-1.2160463,-1.7455504,-0.21672085,bg_rep03_6907,0,xgboost,8.585,24.382278,22.89,39.796852,12.694028,14.941242,0.0321731,27.518303
-1.9451008,-1.8714224,-1.0119783,-1.9423254,-0.8644004,-1.9780654,-1.8391511,-1.3235514,bg_rep03_3540,0,xgboost,9.559,27.509497,26.716,38.45583,26.133661,873.52045,0.10969574,40.93303
-1.1835471,-2.6042826,-0.15955372,-3.8738744,-0.62466115,-1.8506638,-0.12869142,-1.5773765,bg_rep03_3026,0,xgboost,12.012,26.530611,28.568,111.381805,19.773653,145.61618,0.33243218,50.70945
-3.7090793,-2.937148,-1.0671508,-3.016363,-0.56998676,-1.9673386,-1.3604664,-0.6958586,bg_rep01_2340,0,xgboost,12.963333,23.27683,26.7,93.12621,28.808413,94.18319,-0.18002263,30.893082
-3.1766248,-2.583081,-1.8392404,-3.4157355,-1.9159304,-1.2262679,-1.0045276,-2.3957517,bg_rep05_5065,0,xgboost,7.095667,25.465355,28.74,55.3593,32.75325,114.289825,-0.67246556,30.382862
-2.5011315,-1.6386838,-1.2827554,-2.2409701,-2.0308132,-0.51209897,-2.666917,-2.3292263,bg_rep04_2747,0,xgboost,12.818666,25.869122,28.076,99.713135,21.297775,239.34924,-0.29838264,35.14197
-1.4757639,-3.9233022,-1.1557623,-3.40718,-0.7245276,-1.7372831,-2.5823724,-2.2674832,bg_rep02_1318,0,xgboost,12.28,24.033192,24.988,101.33673,19.964054,480.77576,0.025936855,36.37425
-0.88202506,-2.888093,-1.9010116,-1.6482522,-1.2633756,-1.7595422,-1.3003683,-3.0941052,bg_rep05_4869,0,xgboost,6.5596666,20.692955,26.72,94.27715,17.59335,99.590225,-0.001849281,50.477665
-2.9932733,-3.3655024,-2.4188402,-4.07801,-0.9220097,-1.2515776,-0.34168166,-0.45598888,bg_rep02_3895,0,xgboost,12.762667,31.983427,25.404,94.4863,0.0,0.0,0.0,0.0
-3.0692158,-1.8094718,-1.8299173,1.3657478,-2.0118291,-2.6851566,-1.695667,-3.1425543,bg_rep05_4487,0,xgboost,12.855667,24.79109,26.452,67.86007,26.97731,140.63275,-0.4440762,30.100359
-1.9997492,-3.6122582,-1.0615268,-2.9438248,-1.7772228,-2.0119069,-2.789845,-1.5545048,bg_rep05_7599,0,xgboost,12.581333,31.340508,26.56,91.77518,19.551607,1579.3424,-0.214925,39.891644
-0.5892608,-3.8668814,-0.68939114,-5.609676,-2.0666595,-0.41894722,-1.9367449,-0.7307896,bg_rep02_1856,0,xgboost,12.312333,23.664822,25.78,105.80507,25.137796,246.6239,0.18547384,23.01384
-1.2181144,-3.0097752,-1.2647128,-4.4617424,-1.3413906,-1.4218969,-1.4680336,-1.0103369,bg_rep02_2921,0,xgboost,12.349334,24.409657,25.036,101.014725,22.212147,442.81433,0.15080884,33.149895
-1.4948404,-2.8460155,-0.014500539,-4.6439037,-0.67823863,-1.9907076,-2.1539829,-1.7062654,bg_rep01_7317,0,xgboost,12.124666,23.041935,27.556,117.2843,27.832325,186.93231,0.16071248,43.01148
0.5352044,-0.030993003,0.46912038,0.33734977,0.87065476,2.4416764,0.90145946,-1.420873,presence_86,1,xgboost,11.799666,25.754467,22.556,99.72401,19.900671,972.3835,0.40553764,37.10957
-1.155769,-2.6663375,-0.760276,-3.244742,-1.8853769,-2.1972876,-1.4139498,-1.5655385,bg_rep01_3651,0,xgboost,11.330667,23.277727,24.876,94.7036,24.064379,538.6923,-0.014187525,35.05872
-0.41277766,-3.1904938,-0.758513,-2.5451417,-1.8084579,-1.3946813,-2.3228257,-2.1388214,bg_rep02_1549,0,xgboost,9.727333,24.347551,27.548,102.703445,17.084648,50.543728,-0.15600756,45.47098
-1.3191575,-4.043473,-0.97939676,-3.1807516,-1.6891474,-1.3030736,-1.7400514,0.68749785,bg_rep04_24,0,xgboost,11.441334,23.762842,26.584,91.32226,27.081892,259.04688,-0.10006042,28.412249
-1.1381553,7.755677,-0.4399806,1.6255324,0.27946603,0.3707615,0.67468417,1.278151,presence_159,1,xgboost,14.059,50.146244,32.288,21.675974,0.0,0.0,0.0,0.0
-0.71226656,-1.573185,-1.4869226,-2.8450992,-0.94617313,-1.6954625,-1.9315777,-1.6552526,bg_rep01_3132,0,xgboost,11.580667,24.800127,26.792,101.60754,16.87705,301.56552,0.13892585,34.17733
-0.08917297,-4.2322416,-1.2556331,0.057492364,-1.3774796,-1.3181921,-1.254077,-2.995404,bg_rep02_4116,0,xgboost,9.085,19.495708,20.412,68.6546,22.957071,778.3878,0.11866219,44.24489
-3.333544,-3.2480347,-3.4610238,-3.2722142,-1.1975484,-1.9442148,-2.2781878,-1.3625141,bg_rep02_4541,0,xgboost,7.910333,25.28879,31.4,52.33778,23.390942,44.2863,-0.43641025,35.060585
-1.6411995,-2.7415395,-0.9720958,-4.001533,-2.8570535,-1.1716383,-0.40062648,0.048589516,bg_rep01_762,0,xgboost,12.2,25.597986,24.448,97.694084,24.984184,593.5552,0.39329818,32.581814
-3.3406742,-3.3290694,-2.44827,-3.54713,-0.9241289,-1.2460417,-0.22890288,-0.5107458,bg_rep02_8471,0,xgboost,13.001,32.499252,25.108,94.34975,0.0,0.0,0.0,0.0
-2.7712243,-4.538144,-2.317002,-3.0213087,-2.0614226,-2.2911787,-0.5443694,-2.1965888,bg_rep01_4621,0,xgboost,13.069333,29.622244,21.932,90.34364,22.850134,1263.7662,0.30651456,39.48578
-3.815966,-2.7720625,-1.982543,1.2385842,-1.481167,-1.6415818,0.13369049,-1.9439467,bg_rep05_9553,0,xgboost,13.626667,24.6182,27.652,67.25617,27.03903,104.58506,0.33882812,27.324581
-2.7827413,-2.411639,-1.893372,-3.3971355,-2.9486105,-1.9207872,0.05698716,-1.8503554,bg_rep03_2719,0,xgboost,12.791,27.392069,23.004,92.622856,23.336018,1074.2573,0.65881646,32.017975
-0.15645677,-1.4082217,-1.7658886,-2.8379848,-1.1856533,-0.6472364,-0.11902602,-2.3248851,bg_rep04_93,0,xgboost,8.522667,23.044199,26.76,100.45386,20.794174,87.36462,0.34421754,47.586346
-1.5220605,-2.8428793,-1.8537679,-2.7831602,-0.4506921,-2.761132,-1.8504217,-1.1000046,bg_rep04_4440,0,xgboost,11.119333,22.95865,25.74,91.95327,26.870619,403.77496,-0.15845595,31.49929
-4.853247,-2.6170661,-0.867242,-3.5456822,-1.0174379,-2.0379856,-3.050474,-1.8667157,bg_rep01_2859,0,xgboost,13.422,24.758356,23.128,90.85631,21.016851,843.5897,-0.27305907,43.23587
-0.8669727,-3.8177571,-0.4598129,-3.3439198,-1.1010474,-1.5898587,-3.1817513,-1.6675634,bg_rep05_4580,0,xgboost,11.728001,22.920576,28.3,122.21274,20.775047,136.6385,-0.11257677,55.039795
-4.0182595,-2.5276673,-2.2197208,-1.5821407,-1.8333676,-1.4240502,-2.3697662,-0.31775635,bg_rep03_153,0,xgboost,7.7643332,26.394932,29.344,64.92303,26.208517,954.842,0.06454325,31.028448
-2.609385,-2.6461523,-1.4596175,-4.860709,-1.0341172,-1.437277,-2.0462894,-2.3235223,bg_rep02_3828,0,xgboost,13.129666,27.387707,27.728,117.54635,21.061852,354.33533,-0.45246378,48.218727
-1.2337673,-5.2784095,-0.7179627,-4.286164,-1.9559289,-1.5527761,-2.055748,-1.6483943,bg_rep01_9535,0,xgboost,11.439667,22.58126,27.66,117.73533,28.558516,207.09122,0.22637649,41.52984
-1.1384076,-4.6652184,-1.5787473,-2.086902,-2.9815094,-1.077019,-0.5055126,-1.9154146,bg_rep05_4204,0,xgboost,10.841667,20.873444,27.148,93.21967,29.447983,64.74246,0.3468576,29.476324
-1.081574,-2.5572078,-1.5935893,-0.75354886,-1.1178612,-1.7685273,-1.4666146,-2.0943017,bg_rep03_7558,0,xgboost,11.545334,23.218834,27.048,83.06776,29.031092,126.987305,-0.089001395,29.191006
-3.6710339,-3.049798,-1.0260062,-2.3378823,-1.3230338,-1.8522679,-2.059361,-2.7493477,bg_rep05_1975,0,xgboost,12.842667,23.168327,23.907999,84.13312,20.561079,356.1113,0.10866779,43.61643
-0.83235335,-3.7890148,-1.1170324,-3.2820756,-2.6441932,-1.860062,-2.0095537,-0.957526,bg_rep01_6323,0,xgboost,12.309334,24.067991,25.756,101.2794,24.877954,393.52023,0.5404885,28.685328
-0.96259946,-4.177903,-1.8496684,-4.4873605,-1.8043615,-1.4341657,-1.7876279,-1.1640111,bg_rep03_2025,0,xgboost,12.516666,24.13177,25.32,101.04261,25.864014,345.2861,0.07964886,26.488052
-2.5671897,-2.0658517,-2.2517624,2.4689069,-0.69641536,-1.2485172,-1.825994,-2.2193537,bg_rep02_2467,0,xgboost,12.704,26.981565,23.764,67.506615,26.337837,269.37192,0.21160674,38.54383
-1.4751515,-5.005751,-2.3792124,-0.8929102,-2.3917105,-2.3165967,-0.96523845,-2.2578044,bg_rep05_5836,0,xgboost,11.720667,20.706429,26.484,78.69452,28.939585,24.93357,0.3076126,30.201199
-3.2552247,-3.4450564,-1.3964624,-3.1249254,-1.5009834,-1.7002532,-1.9730251,-2.4705555,bg_rep03_6261,0,xgboost,13.104334,23.20008,25.2,93.85038,20.703203,475.86697,0.019083116,44.52744
-1.3044935,-5.5141296,-2.0725014,-0.4169456,-1.4629062,-1.2302346,-2.321586,-1.724586,bg_rep01_745,0,xgboost,11.094,21.817968,26.528,77.23372,28.064465,73.73137,-0.562001,18.557299
-2.6710258,-2.4215739,-1.3647624,-4.2064466,-2.4206274,-0.84761935,-1.492623,-1.0829806,bg_rep03_8576,0,xgboost,12.776667,25.678644,27.688,125.1885,23.96481,277.0345,-0.44778904,34.773384
-1.715403,-3.6537845,-1.8382385,-4.4866548,-1.7457792,-2.116497,-1.7341939,-1.451695,bg_rep03_1654,0,xgboost,11.956666,22.988285,26.223999,107.12961,26.725252,363.98047,-0.15562499,25.076641
-1.2825456,-5.762358,-1.5090456,-0.64783436,-2.9087808,-1.543968,-2.1607618,-0.8977852,bg_rep02_6249,0,xgboost,11.805,21.926077,26.648,77.730316,29.878103,74.133156,0.17728324,30.670403
-1.003466,-5.147914,-1.6152174,-4.223679,-2.298347,-1.2105998,-2.0844235,-1.5012317,bg_rep05_2348,0,xgboost,11.818666,22.472366,28.124,110.68132,25.335052,176.74904,0.20215817,17.472113
-5.2745137,-1.497537,-3.311724,-4.473289,-0.4120076,-0.9612532,-0.4435391,-0.35335398,bg_rep03_681,0,xgboost,14.659333,34.609814,21.788,97.35391,0.0,0.0,0.0,0.0
-3.1666408,-3.8563497,-2.0477438,-0.5592258,-1.3434392,-2.019059,-1.5106453,-1.9776025,bg_rep01_8460,0,xgboost,12.968,25.292557,21.016,65.403564,19.33285,1022.97015,0.22259875,41.971848
-1.6984409,-4.3665934,-1.7169338,-4.767259,-1.5840255,-1.6312151,-2.295656,-0.5182353,bg_rep05_6954,0,xgboost,12.1796665,22.15774,26.928,107.670685,22.647608,144.59589,-0.11112796,31.090113
-2.3789573,-2.8295386,-1.7736094,-3.7516282,-0.84434927,-1.6788191,-1.8644007,-2.4737828,bg_rep04_4509,0,xgboost,12.810334,26.062689,28.988,118.89658,18.032036,167.66174,0.13423666,50.729164
-2.8943162,-3.019722,-1.8323324,-1.7584981,-0.7959522,-0.97234756,-3.0903492,-0.34636903,bg_rep01_6171,0,xgboost,7.56,28.506788,29.359999,33.392117,10.327119,4.5621014,-9999.0,10.818029
-0.8677821,-2.8330777,-1.3919244,-3.244177,-1.1150299,-0.9010221,-0.8497595,-2.68428,bg_rep04_1113,0,xgboost,11.659,24.90175,24.304,97.68783,18.866476,662.1359,0.36034107,38.017475
-1.7102296,-3.8193238,-2.5492191,-4.846033,-0.93340737,-1.1238983,-0.32989916,-0.44034475,bg_rep04_3217,0,xgboost,11.93,31.695005,23.296,88.50958,0.0,0.0,0.0,0.0
-0.7030134,-4.2410693,-1.022516,-3.2185967,-1.9105622,-3.0296514,-2.6948628,-0.2267822,bg_rep03_4988,0,xgboost,11.740334,30.535616,25.944,87.8878,20.569233,1804.7073,-0.2662727,27.312653
-1.5677271,-2.3092065,-2.6017394,0.6724386,-1.5659108,-2.5175982,-1.6009505,-2.5194783,bg_rep02_5722,0,xgboost,12.476334,24.786104,19.464,66.857475,21.595156,1375.9944,0.09965386,40.577576
-2.7788045,-3.211058,-1.4653966,-3.829106,-1.0994692,-0.9995356,-0.19071844,-0.42791486,bg_rep03_5785,0,xgboost,13.226,31.99942,27.251999,95.277084,0.0,0.0,0.0,0.0
-2.7977595,-2.5314622,-0.85946345,-5.1643853,-2.528478,-1.8579626,-2.4380884,-2.457065,bg_rep03_4208,0,xgboost,13.464,28.193317,26.532,129.0557,24.757504,442.05615,-0.08955704,44.68546
0.9466341,-0.9492918,-0.06662379,3.1487858,-0.31543374,1.0817913,-0.48948562,0.1962408,presence_117,1,xgboost,14.026667,26.037025,26.532,65.09418,23.562181,284.91626,-0.10136947,31.902248
-2.6280756,-3.7046423,-2.830217,-4.6497884,-0.8849728,-1.5404061,-0.43140024,-0.31558108,bg_rep03_9519,0,xgboost,12.584333,32.87787,23.68,92.699356,0.0,0.0,0.0,0.0
-1.5879596,-4.368698,-1.3393744,-4.219829,-1.717113,-1.5062759,-1.7816374,-2.302392,bg_rep01_1909,0,xgboost,11.973333,22.6339,27.836,107.67923,26.296957,142.2364,0.4908998,21.005955
-1.1238563,-2.613256,-2.6387496,-3.2007773,-2.5638678,-1.6000224,-1.9818537,-2.2586446,bg_rep02_9048,0,xgboost,11.063666,26.22965,20.024,91.38229,22.161787,1382.2677,-0.03860708,41.14146
-1.5883127,-3.4064653,-0.40923145,-2.6073985,-0.98005617,-1.433792,-1.8583442,-1.543216,bg_rep03_4414,0,xgboost,12.103333,23.840477,28.608,123.26795,18.530788,137.71169,-0.025471458,62.265667
-2.6569238,-3.741742,-1.0954051,-3.9803247,-1.9155612,-1.0972217,-0.048289284,-2.0810063,bg_rep03_6571,0,xgboost,12.777333,24.341488,26.935999,100.826,26.998943,296.03906,0.30282116,26.29195
-3.4925752,-3.5181866,-1.6102653,-4.420883,-1.021976,-1.3571249,-0.1974831,-0.5784451,bg_rep02_4710,0,xgboost,14.277666,32.84336,25.84,96.5325,0.0,0.0,0.0,0.0
-1.71601,-3.1590638,-3.0375302,-0.8128385,-1.5873123,-1.6529651,-1.4993256,-2.4123614,bg_rep03_3289,0,xgboost,10.077333,28.580072,29.2,78.856895,29.587326,195.0099,-0.104809776,30.165491
-1.081857,-3.0617282,-1.0485189,-1.7707889,-2.197464,-1.3684245,-2.3485157,-3.1898189,bg_rep01_9610,0,xgboost,9.547334,25.050728,23.52,40.047447,12.69026,165.12396,-0.0683193,49.926334
-1.6617627,-5.3528585,-1.401389,-2.3005056,-1.6578697,-1.8508906,-1.6792802,-1.4467955,bg_rep04_3884,0,xgboost,11.4053335,22.248232,26.68,96.69384,27.275246,144.01607,-0.07074709,28.610508
-0.983713,-3.420894,-1.2878749,-0.85857016,-2.5117536,-1.719201,-0.821594,-2.0950756,bg_rep03_5779,0,xgboost,11.283334,28.14922,22.3,86.06379,22.907522,1002.1825,0.2816625,36.43278
0.48025876,-2.9904273,-1.2266898,-5.47477,-2.6835432,-1.4734309,-1.5229422,-2.275418,bg_rep03_6753,0,xgboost,10.350667,26.196262,25.796,107.86468,24.862806,481.57257,0.11053544,34.32633
-3.246836,-4.4250765,-3.1535845,-2.2057748,-0.7744112,-0.33488384,-0.20266302,-0.63651043,bg_rep02_1140,0,xgboost,7.0083337,24.79597,31.016,61.770744,0.0,0.0,0.0,0.0
-0.6970536,-5.965226,-1.6833742,-2.3745096,0.15105854,-1.7414311,-1.465339,-0.6088612,bg_rep02_4557,0,xgboost,10.562333,20.02414,26.656,88.41535,30.688942,46.422752,-0.17034854,27.277288
-1.6823696,-3.519373,-0.70071787,-0.8766263,-0.8174014,-1.5122632,-1.9650491,-2.2138824,bg_rep02_5084,0,xgboost,9.455334,28.486784,28.328001,79.25477,26.966444,260.98,-0.19155651,36.573704
-3.6193595,-4.3935738,0.015570185,-2.5770285,-0.91629004,-0.27678642,-0.055938825,0.19771488,bg_rep01_6441,0,xgboost,7.3806667,25.094067,29.424,57.77354,0.0,0.0,0.0,0.0
-3.1158013,-3.080669,-1.254798,-0.1973352,-1.4912745,-1.655924,-2.5129063,-2.0331032,bg_rep01_3282,0,xgboost,15.442333,28.836147,25.204,69.66206,22.091478,535.1983,0.26855204,38.590126
-2.736214,-4.44043,-2.5447915,-2.7513738,-0.69629526,-0.22192416,-0.091791466,0.016187692,bg_rep02_841,0,xgboost,8.020333,25.313513,33.711998,46.810707,0.0,0.0,0.0,0.0
-1.1147074,-4.4996448,-2.126416,-1.1015506,-2.6657944,-3.2951925,-1.7574123,-1.031757,bg_rep05_3659,0,xgboost,11.209,30.5256,24.008,82.475586,25.025213,1896.3474,-0.09975218,24.880064
-2.4593961,-3.6146533,-0.80817264,0.9273603,-1.7257789,-1.9374712,-3.0514715,-2.630733,bg_rep03_8169,0,xgboost,14.328,29.327002,24.604,68.243286,20.681784,482.2843,-0.28413042,42.37602
-1.5199873,-5.163076,-1.1534048,-1.0282611,-1.1046164,-2.1706216,-2.1817992,-0.6046298,bg_rep01_3054,0,xgboost,11.856,21.741362,26.792,77.08789,26.179323,42.879383,0.20359671,30.903614
-0.582376,-4.980177,-2.6139143,-0.5057662,-1.6266803,-1.8057021,-1.4249989,-1.7352587,bg_rep04_5025,0,xgboost,10.758667,21.260508,26.428,78.529045,28.267282,124.72497,-0.36834392,25.977613
-5.0522895,-0.91146827,-1.4972826,-3.1553864,-0.7787236,-0.54242545,-0.10722595,-0.064775884,bg_rep04_6479,0,xgboost,14.614666,33.22119,29.204,94.8458,0.0,0.0,0.0,0.0
-4.2919064,-2.4497225,-1.0069444,-0.773655,-2.0827496,-2.0524848,-2.4089518,-3.0391078,bg_rep02_7946,0,xgboost,13.450666,24.537848,24.696,73.676704,19.30073,589.0508,0.026229616,41.07921
-1.1842906,-2.8352146,-1.1197371,-3.2108254,-1.3190154,-1.8541362,-3.2072756,-1.85552,bg_rep01_9263,0,xgboost,12.175667,25.561947,28.644001,108.919426,16.715418,143.81953,-0.58230436,61.937733
-3.075774,-2.407745,-1.3384748,-2.9414315,-0.90029263,-1.8324276,-2.3140473,-2.1212478,bg_rep01_7845,0,xgboost,8.374333,27.471243,25.712,52.174892,27.436964,492.33838,0.22849245,38.26222
-2.3724184,-2.8352377,-0.8268441,-3.7985108,-0.42265376,-1.9944087,-1.6620638,-2.4732585,bg_rep03_8083,0,xgboost,12.6206665,25.285837,29.38,121.99857,20.910408,153.2289,0.15647598,52.776
-1.4072876,-2.8210769,-1.9505609,-2.9803166,-0.5759372,-0.17948754,0.37593463,-2.3758023,bg_rep01_6016,0,xgboost,11.903,26.7989,23.736,96.0601,20.118713,677.11884,0.6068923,38.231857
-2.572467,-2.9624963,-3.601273,-2.6787562,-2.3251843,-1.3254919,-1.4823666,-1.0408103,bg_rep01_2925,0,xgboost,9.026,27.906258,30.74,63.34282,29.809711,265.1978,-0.4362085,31.39904
-1.9240515,-2.648009,-0.7934808,-4.0231023,-1.4628103,-1.9000831,-3.0735095,-2.1155794,bg_rep01_9018,0,xgboost,12.638667,27.070482,28.228,127.323326,15.573594,441.54608,-0.34988937,48.875927
-3.2834902,-2.3010192,-2.1887307,0.58708745,-1.7543154,-1.6273388,-2.4874115,-0.7192286,bg_rep01_1734,0,xgboost,12.937667,25.821625,21.58,66.783615,19.271908,761.87823,-0.52183545,40.55129
-1.1058251,-3.619488,-1.5277473,-4.177244,-1.8205261,-1.0364223,-0.96708614,-1.2908137,bg_rep01_942,0,xgboost,11.884334,23.004904,25.908,105.34148,25.568022,243.47151,0.24216136,29.8004
-1.1245052,-4.602504,-3.1224086,0.013422765,-0.9565313,-2.0811052,-2.1190991,-2.0809295,bg_rep01_6935,0,xgboost,9.767667,30.34945,29.224,65.84298,23.208342,774.0633,-0.30405897,36.225517
-0.6597215,-2.5566418,-1.6832358,-2.2160397,-1.3149346,-1.5889881,-2.884745,-1.6294706,bg_rep01_7866,0,xgboost,9.347333,23.76763,21.972,58.262672,22.143852,102.88097,-0.2899856,40.086258
-3.6109607,-3.3184526,-3.1981616,-2.6243615,-0.59246826,-0.4632525,-0.010283539,0.15987411,bg_rep02_3672,0,xgboost,7.7423334,26.110662,29.904,58.623665,0.0,0.0,0.0,0.0
-3.2498837,-3.2554135,-1.8023809,-2.8503878,-2.01593,-2.8963969,-1.4104944,-1.5697134,bg_rep04_249,0,xgboost,7.2993336,25.618887,27.936,61.17642,29.068092,1025.7772,0.32070807,25.867899
-4.04733,-4.8314757,-1.1339605,-3.3895237,-1.2782289,-1.8695059,-2.8276742,-1.4737655,bg_rep03_8001,0,xgboost,13.4609995,22.612888,25.88,90.59205,20.95516,417.05435,-0.20989656,40.499744
-1.267396,-3.433956,-1.9419376,-4.132476,-1.1143533,-2.1971722,0.18515177,-1.785811,bg_rep04_4090,0,xgboost,12.015333,24.013376,29.1,112.967224,27.889475,141.53264,0.5946731,45.37311
-2.9191206,-2.8796628,-1.8059374,-3.2698667,-0.7158738,-1.3745741,-0.6313185,-1.8727081,bg_rep01_449,0,xgboost,12.925667,26.00947,29.596,117.475044,17.943924,173.65208,0.54761076,49.267307
-0.77945966,-3.1997497,-1.7197847,-3.8674562,-0.87021524,-2.1387217,-2.550927,-2.6786733,bg_rep05_448,0,xgboost,9.616,23.61725,26.092001,106.38236,17.502186,353.52054,0.20461497,47.612103
-3.8105505,-4.219013,-3.0474484,-3.1843338,-0.7236811,-0.38475105,-0.20710185,0.059238385,bg_rep01_2274,0,xgboost,7.4956665,25.457365,31.096,55.86635,0.0,0.0,0.0,0.0
-3.6191115,-2.185427,-1.2349231,-2.8834832,-1.7397108,-1.3918425,-1.159589,-1.3055034,bg_rep02_1591,0,xgboost,7.8143334,26.630089,28.428,62.585484,28.556513,983.31104,0.41406748,27.345757
-3.71857,-4.491012,-2.8483968,-2.34697,-0.95612967,-0.2781363,-0.16742364,-0.38039404,bg_rep05_855,0,xgboost,7.4346666,25.002243,29.272,54.110886,0.0,0.0,0.0,0.0
-1.2859405,-2.6594396,-0.97270393,-3.9266326,-0.6655427,-2.018117,0.19213724,-1.8068738,bg_rep01_1212,0,xgboost,12.082001,26.546844,28.640001,111.13637,19.367647,116.088135,0.3034342,52.82094
-1.8427283,-3.104384,-2.2274964,-1.1060427,-1.8973631,-2.3341908,-1.9878246,-2.19955,bg_rep02_1597,0,xgboost,9.242333,27.95286,28.671999,74.76529,25.474436,133.51021,0.08563565,39.06462
-1.2356231,-1.9805748,-1.4768084,-3.3687031,-0.48128805,-1.3759316,-1.9797914,-2.1924021,bg_rep04_1577,0,xgboost,11.927,23.33503,28.092001,122.62652,20.920753,140.47568,0.11396617,52.759605
-2.32119,-3.4245572,-1.7458657,-0.57651407,-0.6974054,-1.8670523,-1.5228045,-0.34845814,bg_rep04_4522,0,xgboost,9.784333,28.60247,27.756,78.87654,27.839151,304.20865,0.29100585,28.541525
-3.5967917,-1.9340274,-1.1218727,-0.31374285,-1.708644,-1.5740533,-0.87644863,-2.005459,bg_rep03_6491,0,xgboost,14.463333,25.812632,25.844,70.73673,19.95445,559.03015,0.42761034,39.788467
-4.2078414,-2.805047,-3.4776902,-1.431167,-1.032555,-1.5683008,-1.6263709,-1.4708524,bg_rep04_3998,0,xgboost,7.6313334,25.879454,32.124,65.08139,27.672071,534.07153,-0.30419812,25.869295
-0.77339137,-3.4217832,-1.7534245,-4.002716,-1.193819,-1.4155159,-0.5937218,-2.6870227,bg_rep01_2656,0,xgboost,9.481667,23.861652,26.960001,105.04168,18.103281,167.77281,0.31369278,46.489273
-1.2936207,-2.7233303,-1.4535372,-0.9269655,-1.3838607,-2.1268725,-1.8125998,-1.653916,bg_rep04_8514,0,xgboost,7.5499997,23.018293,24.3,75.00593,9.876567,11.799602,0.42821798,11.046746
-1.6744792,-2.7020457,-1.608655,-4.1790094,-2.1809683,-1.3386773,-2.3938143,-1.290928,bg_rep01_9627,0,xgboost,12.105666,24.953964,25.272,98.46267,23.915834,544.25146,-0.18083069,31.60542
-2.233093,-1.9532851,-1.687509,-2.68948,0.3582391,-1.7732573,-1.6527693,-1.4463885,bg_rep04_7080,0,xgboost,9.397333,27.54201,26.508,45.351124,27.90394,912.24194,0.010759553,38.345287
-0.84392923,-3.576642,-2.1032562,-2.5103881,-1.0487072,-1.3868761,-0.18818033,-0.5042851,bg_rep05_6131,0,xgboost,11.398,30.685978,24.832,86.27821,0.0,0.0,0.0,0.0
-1.4750745,-3.891146,-1.2738719,-4.173076,-0.32923612,-1.7897696,-1.9354801,-1.7355381,bg_rep02_7762,0,xgboost,11.078667,21.495277,28.072,115.047676,27.952356,143.05428,-0.15472524,37.101295
-0.85297686,-3.2737045,-2.2730734,-2.1772745,-1.6047667,-3.4774659,-1.320903,-1.5145394,bg_rep02_387,0,xgboost,11.073,24.138908,18.78,62.197857,21.464188,1001.1104,-0.43732354,40.502636
-1.4824607,-2.8392048,-1.5203414,-4.969548,-0.7455574,-1.4308333,-1.9265366,-0.3801305,bg_rep01_4160,0,xgboost,11.939333,23.184973,26.94,112.635254,30.061056,223.30003,-0.29338577,27.552446
-2.0562012,-4.426206,-1.8086977,-1.050604,-1.501126,-1.7088907,-0.5281995,-0.8600969,bg_rep05_6556,0,xgboost,12.0043335,21.693533,25.244,73.97586,27.679,111.05301,0.44205514,34.886684
-3.5989773,-2.018044,-1.6061949,-0.2691883,-0.9400249,-1.4150606,-2.0322263,-1.5501236,bg_rep05_8159,0,xgboost,13.830667,25.329037,27.3,69.367615,23.519129,179.56834,0.06746099,29.859468
-0.149441,-4.2093067,-1.0386715,-3.7839406,-1.5816685,-1.4205697,-1.6685305,-0.7241031,bg_rep05_8681,0,xgboost,12.368334,24.143698,25.880001,101.61267,25.807322,365.0487,0.08948495,26.751492
-3.8255382,-3.5955627,-0.47106108,-2.5827281,-1.0375098,-1.7151458,-1.7535074,-1.455057,bg_rep05_2542,0,xgboost,13.99,31.174793,28.548,95.199356,12.594274,1502.2849,0.1415563,74.15989
-1.259392,-4.292389,-1.394343,-2.6279778,-1.6580583,-1.6717348,-1.2913346,-2.1597524,bg_rep02_4542,0,xgboost,11.259334,22.658241,26.62,95.01874,26.516773,146.63846,0.38494167,30.042372
-2.7179577,-3.5239263,-2.401018,-2.0101175,-1.3364187,-2.7289028,-3.1813836,-2.265805,bg_rep04_8585,0,xgboost,12.647333,25.250227,19.952,63.903206,21.003765,1230.7773,-0.2615416,40.721878
-3.4171379,-3.8334274,-1.604926,-3.5772352,-1.9879951,-1.1908267,-1.8682182,-0.8697347,bg_rep01_9664,0,xgboost,13.406333,24.022243,26.383999,92.18031,29.75688,226.15042,0.039295595,33.78419
-3.236625,-2.309783,-1.4130905,-3.797144,-1.8760655,-1.0062864,0.40468377,-1.1477897,bg_rep04_181,0,xgboost,15.797,26.778206,24.596,90.61495,22.99503,618.5116,0.76811534,41.62677
-0.26501662,-2.9562669,-0.81845963,-3.7510626,-1.2254175,-2.1791837,-2.6093445,-2.7548342,bg_rep03_9893,0,xgboost,10.709333,25.608162,27.488,103.28993,18.341896,102.637215,0.0523742,44.06571
-1.1951996,-3.0746124,-1.4018965,-1.8508447,-2.4017076,-2.5295188,-1.6844356,-1.1087315,bg_rep04_6896,0,xgboost,11.782,23.341785,25.907999,99.67568,28.003557,344.43613,0.40879196,28.820374
-3.3545032,-3.2310562,-1.8852563,-2.258606,-0.8415328,-0.5392847,-0.0147039015,-0.14582156,bg_rep03_2236,0,xgboost,7.6726665,26.175854,27.628,57.220997,0.0,0.0,0.0,0.0
-1.2222394,-4.9669366,-1.3656789,-4.559563,-1.7299521,-1.1778691,-0.44106066,-0.44510084,bg_rep04_8360,0,xgboost,11.888333,22.677273,27.632,114.22874,29.079159,164.57646,-0.044325873,28.453955
-4.5087266,-2.665958,-1.1154435,-0.22956322,-1.7156299,-1.511132,-2.012132,-1.0376402,bg_rep03_9882,0,xgboost,13.423667,25.958513,22.812,68.842545,19.454393,766.972,-0.46741918,40.41396
-2.7629647,-1.9205388,-0.37037063,-4.769279,-0.5953637,-1.3207074,-1.7954621,-1.3470446,bg_rep05_5669,0,xgboost,12.862333,25.89662,28.224,127.243904,28.404797,213.71541,-0.39849034,40.03515
-2.8283987,-2.8969803,-1.6480765,-0.5930312,-1.4893911,-2.8487377,-1.9440224,-1.8481697,bg_rep05_5580,0,xgboost,13.347334,25.32701,21.32,68.802025,19.41974,1169.1816,-0.47080478,42.304897
-1.6448008,-4.797771,-1.6228995,-0.91464347,-2.7805002,-2.0744867,-2.0594475,-2.464132,bg_rep04_4291,0,xgboost,11.522,20.820383,26.588001,86.47406,29.28441,47.64808,0.46854663,29.34592
-0.9354833,-0.41424718,0.53511375,2.2765048,-0.07110248,0.21949351,0.96110195,0.95242155,presence_114,1,xgboost,12.834001,25.82086,24.58,70.98773,22.629087,529.3577,0.4554498,33.723923
-4.648538,-3.3577073,-1.2833365,-4.6593738,-1.3574992,-1.2012584,-0.1797458,-0.6852193,bg_rep03_4957,0,xgboost,13.607,31.393042,27.624,91.490746,0.0,0.0,0.0,0.0
-1.1565515,-3.5005443,-2.193588,-3.040734,-1.8972782,-1.9168736,-1.5720154,-2.369495,bg_rep05_3431,0,xgboost,11.456,23.10982,26.532,97.14462,27.376797,194.43954,0.7495795,25.218367
-2.9439118,-4.6188145,-1.2905749,-3.024486,-2.1251864,-0.9515583,-1.4059901,-2.0987322,bg_rep02_5259,0,xgboost,7.543,22.364208,24.24,35.251343,29.446283,77.67092,-0.053780463,37.092613
-0.79364175,-2.9187481,-0.07655216,-5.271328,-1.7312356,-0.21036088,-2.624553,-2.2469304,bg_rep01_3511,0,xgboost,12.250333,28.012287,27.428,103.98862,21.699316,249.55995,-0.18302093,34.503128
-2.5664523,-4.851278,-2.4528563,-1.8117406,-1.0694032,-0.18103105,-0.41155168,-0.64442813,bg_rep01_3649,0,xgboost,6.4396667,23.678728,27.772,61.298237,0.0,0.0,0.0,0.0
-0.61477816,-2.3682582,-1.7588359,-3.6914232,-1.6763109,-2.381117,-2.7698078,-2.4149597,bg_rep01_1819,0,xgboost,9.528,23.357521,26.152,107.021706,18.793743,300.17017,-0.20990372,41.14302
-0.24012697,-4.5109715,-1.3442249,0.2132774,-0.32477295,-2.0510468,-2.4463017,-2.842382,bg_rep02_3294,0,xgboost,9.229667,19.986286,19.14,70.943146,20.32767,1116.31,0.038375366,42.847103
-0.62134355,-3.684031,-2.3859613,-3.0932324,-0.93578213,-1.2156789,-0.14449483,-0.5055361,bg_rep04_7587,0,xgboost,10.872334,30.25808,23.328001,84.194336,0.0,0.0,0.0,0.0
-2.578637,-2.7347398,-0.9309205,-4.077157,-1.5557832,-1.6046774,-0.021680811,-2.3389907,bg_rep05_7258,0,xgboost,12.677667,24.830904,27.424,125.072876,22.833204,215.38443,0.6438513,41.389107
-1.1066198,-3.2653286,-1.7307953,-0.5883975,-2.5964081,-1.8441103,-2.080191,-0.38295138,bg_rep01_3088,0,xgboost,11.435333,23.124107,26.552,81.93085,29.338,146.00104,0.14194624,30.937244
-1.1933931,-3.9456882,-1.7278299,-4.251594,-2.1866848,-1.4237399,-1.9532397,-1.7313272,bg_rep03_7103,0,xgboost,11.271667,29.286184,25.272,102.1041,23.873352,378.52347,-0.3402002,33.0589
-1.6718252,-2.059446,-1.6070311,-2.5854235,-0.9717864,1.3545971,-2.3401418,-2.6116316,bg_rep02_7796,0,xgboost,12.008,26.503046,22.696001,96.063065,19.37889,980.5456,0.19367461,35.44917
-1.8244592,-4.0338683,-1.2054354,-3.3715975,-1.0405062,-1.8834468,-2.3984182,-2.422756,bg_rep01_9100,0,xgboost,12.080334,24.220734,24.992,101.29383,19.658972,620.1484,0.18208578,37.095325
-4.4690375,-3.2743382,-1.6034787,-3.2253215,-1.9077598,-1.7241122,-2.4443593,-2.4190693,bg_rep05_7822,0,xgboost,14.702333,24.435469,26.116001,91.67896,23.04786,446.2631,-0.54981774,42.961143
-2.8093338,-3.9291852,-2.4911625,-2.5569046,-0.53161037,-0.31411573,-0.048951097,0.1143216,bg_rep01_128,0,xgboost,8.108,25.950583,32.408,52.848083,0.0,0.0,0.0,0.0
-1.9385439,-4.987282,-0.5224429,-1.0784136,-1.5416962,-2.1014113,-1.1056247,-2.3607264,bg_rep02_9621,0,xgboost,7.241,22.44297,22.524,27.854033,22.661081,859.19507,0.5235405,42.91638
-0.47347042,-2.6857924,-0.8637551,-3.647086,-1.807169,-2.6973138,-3.0180252,-2.7008176,bg_rep03_5200,0,xgboost,9.165333,23.198677,24.772,106.83225,19.288023,592.404,-0.06381346,43.0772
-3.42939,-4.7908163,-2.7699952,-2.4886665,-0.7637512,-0.26573107,-0.09015208,-0.3851143,bg_rep05_2914,0,xgboost,7.7746663,24.832844,32.064,50.88311,0.0,0.0,0.0,0.0
-0.847675,-4.0884156,-1.259912,-0.74590033,-1.7505252,-2.5543184,-2.0608187,-0.31990644,bg_rep03_2383,0,xgboost,11.783333,31.028368,25.684,86.031784,21.643686,1721.3253,-0.060710225,29.02332
-0.44252405,-2.8428745,-1.4453754,-2.4212122,-0.9546135,-1.4852268,-3.1106956,-1.1508594,bg_rep04_5056,0,xgboost,11.792666,25.20447,25.539999,101.71155,17.337809,530.8442,-0.14990844,32.04002
-0.18072483,-1.5763292,-0.81669307,-2.1222777,-1.9841554,-1.1008941,-2.4050548,-1.7605771,bg_rep05_8501,0,xgboost,9.3376665,23.409714,27.383999,101.66943,19.699226,10.268956,-0.32699266,39.05134
-2.9138775,-1.4498677,-0.53295153,-5.1868105,-0.9563116,-0.93747604,-1.5111616,-1.2345535,bg_rep02_9644,0,xgboost,13.495334,27.823135,25.792,128.04439,28.423977,467.98,-0.10725926,30.506987
-3.5418897,-2.1360812,-1.6670799,-0.3850047,-1.9413598,-1.5921755,-1.3066238,-2.2569592,bg_rep03_4782,0,xgboost,15.275,26.781332,26.132,70.72275,20.638908,475.59265,0.37425497,38.91863
0.31996453,-1.7824064,0.2680046,-1.5007268,-1.1900294,-0.87842584,-1.9968243,-0.6274261,bg_rep04_5458,0,xgboost,9.043667,24.471445,28.512,90.23586,29.260296,29.707354,0.09541263,38.22347
-2.8707397,-2.4465125,-1.3252456,-2.0962973,-1.382484,-1.3326001,-0.99250567,-1.9581774,bg_rep01_3804,0,xgboost,13.096,26.215069,26.984,99.70247,21.510675,458.70416,0.5151746,34.145897
-2.502121,-3.8842735,-3.200192,-0.7974681,-2.3116102,-2.5991662,-1.8282409,-2.2367907,bg_rep03_7762,0,xgboost,9.275,28.661928,29.82,64.692024,24.019121,604.1883,0.013783666,35.723183
-1.4560127,-5.0115376,-0.97491014,-2.5398777,-1.5955324,-1.2991179,-2.2109349,-0.47365916,bg_rep02_2650,0,xgboost,11.194333,21.169313,27.192001,95.58083,28.789772,58.98128,0.24793698,27.558521
-0.82002723,-5.744327,-1.4675984,-2.338003,-2.1855574,-1.4520196,-0.45568967,-1.923694,bg_rep05_3609,0,xgboost,10.694333,20.139988,26.688002,89.35413,29.13934,54.26695,-0.04741554,29.108362
-2.5661595,-2.2689352,-2.0097718,1.04701,-0.8636388,-1.6209722,-2.1670303,-2.3524637,bg_rep05_6138,0,xgboost,13.308001,24.704834,27.068,70.9025,23.109758,172.78679,-0.46973607,29.84753
-0.39838108,-3.3164103,-1.0841492,1.172234,-1.4319044,-2.3036969,-1.3112817,-0.2202381,bg_rep04_9800,0,xgboost,10.722,29.183453,27.028,67.777084,30.03971,451.4136,-0.10774393,30.688868
-1.7479888,-4.3940325,-0.12795036,-4.1011834,-0.84114325,-1.735141,-1.1674094,-1.8321755,bg_rep04_2037,0,xgboost,12.0390005,22.699677,28.296,118.66653,27.51057,141.25984,-0.018488714,47.61141
-3.701248,-4.905183,-3.442266,-2.8127604,-0.8403939,-0.33043832,-0.1696249,-0.36012635,bg_rep05_1909,0,xgboost,7.547,24.95041,30.824,54.36793,0.0,0.0,0.0,0.0
-1.0598524,-1.8504981,-1.2796264,-2.6584764,0.024504239,-0.76622653,-0.871599,-3.2305038,bg_rep05_7464,0,xgboost,11.849333,25.33858,24.444,96.27745,21.033852,549.2648,0.4212893,37.138367
-1.7168984,-3.136491,-1.0033427,-1.30455,-1.0629008,-1.5479856,-1.5987028,-3.1433756,bg_rep04_2203,0,xgboost,6.348,21.23361,24.152,26.693417,19.657047,112.87363,-0.36399743,42.541485
-3.9809632,-3.3961406,-2.3211904,-1.7465531,-0.72171,-1.542859,0.5096393,-1.0703826,bg_rep03_8196,0,xgboost,13.747,31.637209,29.876,99.65224,16.064295,1464.1971,0.7862388,45.324635
-3.616342,-5.4862905,-2.9597027,-2.421878,-0.7859056,-0.1655783,-0.28535187,-0.32440275,bg_rep02_5010,0,xgboost,7.4103336,23.864273,32.808,46.583115,0.0,0.0,0.0,0.0
-3.0467443,-2.4492211,-1.4113916,-0.80638677,-0.2617318,-2.5540605,-2.2497048,-2.026144,bg_rep05_1441,0,xgboost,8.068666,27.25901,26.948,66.117676,27.860607,1271.9036,0.18962547,25.280514
-3.963731,-3.7387886,-0.28510237,-2.873366,-0.9308197,-1.7603705,-0.02369519,-1.1562264,bg_rep03_9627,0,xgboost,13.93,31.054932,28.508,97.249084,12.737796,1504.1094,0.30085453,72.322014
-1.9105018,-4.002787,-1.1756444,-3.327789,-1.214006,-1.9377184,-1.9422241,-0.85707533,bg_rep02_7526,0,xgboost,12.051666,24.10912,26.736,96.53246,27.259613,341.84143,-0.07361341,31.907429
-0.18772604,-2.324475,-0.6400087,-3.021014,-2.0415745,-2.1019452,-2.8196075,-1.9903916,bg_rep05_6816,0,xgboost,10.763,25.995073,27.424,102.00443,22.940765,150.5825,-0.22678415,38.200138
-2.9976213,-3.7735965,-3.5430272,-2.9482932,-1.4435097,-1.273272,-1.4469314,-1.3851291,bg_rep05_7805,0,xgboost,6.1962123,23.864962,29.463636,49.216705,31.100662,27.836916,-0.15316105,31.711065
-3.580332,-3.3900437,-3.519034,-2.2731762,-1.804378,-1.6917062,-1.5608966,-2.3508475,bg_rep01_8637,0,xgboost,6.941,24.599518,28.964,60.800728,26.503098,963.0969,0.16952929,28.703615
-1.5193127,-3.6869617,-2.6173024,-4.2538166,-0.67233855,-1.5082515,-0.39912322,-0.18109505,bg_rep05_6244,0,xgboost,12.329667,32.02511,23.372,94.977196,0.0,0.0,0.0,0.0
-3.8122919,-4.571659,-2.9470248,-3.108335,-0.704761,-0.33044478,-0.08003124,-0.041497823,bg_rep01_9418,0,xgboost,7.512,25.680296,31.364,60.32923,0.0,0.0,0.0,0.0
-0.9943856,-2.6632147,-3.211777,1.3759179,-0.23089175,-1.488137,-1.5628722,-1.1767601,bg_rep05_9679,0,xgboost,11.683667,24.954435,21.724,67.63651,21.163488,576.74133,0.55329937,40.329884
-1.2615789,-2.449511,-1.6450126,-4.3718734,-1.6675187,-1.7201338,-1.8711203,-2.3301797,bg_rep05_3029,0,xgboost,12.451,24.708288,27.84,125.73335,23.486242,183.94856,-0.35171804,46.90538
-2.65297,-1.4001536,-1.2407593,-3.8763816,-2.346124,-0.80706364,-1.8020078,0.23679963,bg_rep03_6606,0,xgboost,12.791667,25.82714,24.972,97.949615,23.64048,737.80817,-0.3970667,28.559772
0.5062951,-2.811416,-1.677109,-5.3265905,-1.2600502,-2.3192966,-0.6719027,-1.9701567,bg_rep04_4915,0,xgboost,10.356,26.718267,25.872,102.87221,26.340124,406.05038,-0.42029187,35.812954
-2.2478282,-3.1849265,-0.5070328,-4.059438,-1.2384443,-1.1483415,-0.18693447,-0.35097608,bg_rep03_2016,0,xgboost,12.568,31.161362,27.48,92.2892,0.0,0.0,0.0,0.0
-0.9319855,-2.6076095,-0.31995395,-2.8223817,-2.4405494,-1.1305482,-3.0366697,-1.0275958,bg_rep01_1601,0,xgboost,11.180333,26.74465,28.18,101.236626,22.647997,42.52221,-0.17570482,35.056705
-4.691683,-3.2355828,-1.3331938,-0.1913429,-1.74068,-1.0860897,-1.6011894,-1.9117433,bg_rep01_2646,0,xgboost,13.955,25.474627,23.568,69.48899,19.2886,764.32623,0.24830326,42.465107
-1.690036,7.207612,-1.250421,2.1993458,0.173681,0.29845333,0.40121835,1.040659,presence_3,1,xgboost,13.294,41.548943,27.812,10.4924755,0.0,0.0,0.0,0.0
-0.9902337,-2.9546196,-1.5441371,-5.694111,-2.0436213,-1.1347612,-1.1622411,-2.21033,bg_rep01_6835,0,xgboost,10.086333,26.799696,26.888,104.82827,23.633356,234.34352,0.27758723,39.03079
-2.6470978,-3.852818,-1.1138015,-2.2602336,-1.6669084,-2.1991832,-1.7569189,-2.7499611,bg_rep03_1270,0,xgboost,8.415,25.288496,28.22,29.901974,18.411894,353.15753,0.1462633,45.406666
-3.0865362,-3.3787248,-1.3853701,-4.9013,-1.6876379,-1.5742545,-2.403627,-2.3130777,bg_rep03_4042,0,xgboost,13.579667,28.433138,25.884,128.32018,25.903002,430.06244,-0.5897943,36.650394
-0.41179526,-4.471293,-0.51902175,-2.5912569,-0.73836863,-1.2222406,-1.8479203,-1.6523515,bg_rep02_4256,0,xgboost,11.136667,24.134594,28.448,101.8813,18.111202,48.834618,0.090099566,24.577993
-1.3924031,-4.070955,-0.17420882,-4.203637,-1.1549984,-1.6454566,-2.1341588,-1.7252096,bg_rep04_303,0,xgboost,11.243333,21.772528,28.328,117.664604,28.475035,149.04762,-0.08566017,37.544456
-1.0757664,-2.5833406,-2.5166354,-3.1074562,-0.8858266,-2.2318192,-2.1354973,-2.2562225,bg_rep02_3486,0,xgboost,9.344333,26.857706,19.768,50.005127,27.763048,2118.5334,-0.34499666,37.474255
-1.5419018,-2.6681135,-1.4639295,-2.7307014,-0.89811486,-1.3670856,-2.2587767,-2.9547608,bg_rep05_9704,0,xgboost,8.204333,23.087385,22.056,34.209503,20.205952,299.50653,-0.51898766,47.725643
-1.0156407,-2.773444,-1.4671803,-2.5604458,-1.3038834,-2.045836,-2.3742514,-3.0249543,bg_rep01_2866,0,xgboost,11.532666,25.526043,23.86,95.669075,18.937868,607.9288,0.14827853,37.016132
-1.7351148,-5.2243075,-1.7323053,-3.2930145,-2.2621732,-1.03958,-0.9026293,-1.0458897,bg_rep02_4607,0,xgboost,11.289666,21.867332,26.803999,97.52511,28.415833,87.23563,0.23887843,31.904806
-1.7583408,-5.585085,-1.6275388,-0.6703933,-2.1169972,-2.1695118,-1.3227373,-1.85311,bg_rep02_7219,0,xgboost,12.089334,21.995003,27.048,76.9446,31.28457,42.2969,0.095408596,29.635754
-1.7244422,-3.6389468,-2.2400506,-3.455473,-1.552445,-0.9990417,-0.88259786,-2.189,bg_rep03_5451,0,xgboost,11.542,21.364578,25.296,91.00313,23.722666,261.95,-0.019516042,35.649845
-0.81138843,-3.648332,-0.7403672,-3.672728,-1.4694123,-1.2934129,-2.4721773,-2.2198818,bg_rep05_3911,0,xgboost,11.276999,22.655497,28.744,114.526276,23.019539,131.0269,0.0517149,48.66485
-1.9350146,-3.5941687,-3.1028666,-4.528171,-0.6351183,-0.8893097,-0.37956014,-0.26141587,bg_rep02_8444,0,xgboost,11.972,32.507874,20.26,97.23536,0.0,0.0,0.0,0.0
-4.6422668,-1.4474183,-3.184688,-4.632962,-0.2911616,-1.0473828,-0.43731877,-0.2917472,bg_rep02_3264,0,xgboost,13.933333,35.8589,22.064,98.675964,0.0,0.0,0.0,0.0
-1.0804124,-4.634918,-1.5538458,-4.540019,-1.7081853,-1.3551043,-1.7235658,-1.4226161,bg_rep04_9892,0,xgboost,12.298333,22.810175,26.824,106.1784,25.979424,173.8992,0.27135438,29.151083
-1.5217841,-3.8742766,-1.0655409,-2.8143225,-1.56241,-1.855669,-0.84677804,-1.0197774,bg_rep03_7814,0,xgboost,12.125333,24.136742,26.828,96.22238,27.557392,309.12338,0.29190308,29.874111
-1.3901479,-3.4354079,-0.735177,-5.067836,-1.9850974,-0.81089306,-2.9961693,0.18449038,bg_rep03_4787,0,xgboost,11.970667,23.670542,27.352,104.08851,23.694277,274.3875,-0.29235294,33.597675
-3.7348876,-3.4774168,-1.5861888,-3.038705,-0.98731905,-0.427165,-0.15022552,-0.37731275,bg_rep03_8350,0,xgboost,7.4113336,25.84147,28.504,60.656536,0.0,0.0,0.0,0.0
-2.0741665,-2.861811,-1.9539298,-3.5015392,-0.64414394,-1.6425977,-0.4806757,-2.0129783,bg_rep02_4539,0,xgboost,12.834333,26.039469,29.84,117.701035,17.924667,199.88068,0.42348793,47.604046
-2.3245492,-2.7709897,-1.6810011,-3.2324994,0.07107507,-1.0685039,-2.1258075,-0.5713601,bg_rep03_7600,0,xgboost,12.738334,27.507845,21.372,102.11479,18.877726,1470.1587,0.18881758,33.57841
-1.2097539,-4.116515,-1.0803177,-2.7705061,-1.336447,-1.5886217,-0.958928,-2.9312117,bg_rep01_1225,0,xgboost,8.217,22.708931,22.492,32.692513,18.043638,287.8279,0.57993567,50.145725
-2.000303,-5.546657,-1.632739,-0.70428205,-1.4081899,-1.5585793,-1.715605,0.24715656,bg_rep04_8922,0,xgboost,11.965333,22.08604,26.996,78.853035,26.755308,62.2621,-0.102786705,28.593267
-5.3037696,-2.4332256,-1.6994509,-1.3143412,-0.9906409,-0.59558976,0.0009632248,0.13077821,bg_rep01_880,0,xgboost,14.817667,32.330395,29.104,78.26087,0.0,0.0,0.0,0.0
-3.2074094,-5.706164,-1.5090076,-3.2209556,-0.3395823,-1.1599987,-0.69034326,-2.3968139,bg_rep03_6422,0,xgboost,13.188,22.427046,24.288,93.33267,21.08445,743.7984,0.31628543,42.067463
-2.9159985,-3.8660452,-1.2082155,-2.8178096,-2.2572904,-2.6631014,-2.9145265,-1.8728001,bg_rep02_2351,0,xgboost,12.883667,31.969395,26.096,89.53565,21.655453,1809.7744,-0.2148813,33.925808
-0.7573411,-3.122821,-0.9294601,-0.88100654,-0.57703006,-1.9460459,-1.9015529,-1.299753,bg_rep02_3803,0,xgboost,7.304762,18.757643,23.471428,76.42109,4.511185,5.528227,0.47577646,4.979655
-1.0008756,-5.622325,-1.3180298,-4.519762,-3.0343435,-1.5473285,-1.2883811,-1.2793201,bg_rep05_8082,0,xgboost,11.773,22.443571,27.144001,110.05053,32.356247,156.63606,0.3306735,20.234968
-0.43060413,-3.8150318,-1.9703074,-1.8329777,-1.8306673,-1.1882318,-1.8363584,-1.1906308,bg_rep04_1090,0,xgboost,9.788,18.352959,25.62,84.13964,26.78726,68.95465,0.55608994,31.118582
-1.2459701,-4.651015,-1.9601357,-4.3378854,-2.1214464,-1.5442334,-2.2153368,-1.6024343,bg_rep03_6116,0,xgboost,11.604,21.718948,27.008,118.240746,35.463966,176.43092,-0.5439338,26.489563
-1.1431153,-5.760468,-0.88230246,-0.5693888,-1.2759309,-1.6101635,-0.638083,-3.4786954,bg_rep05_9808,0,xgboost,11.514333,22.53647,23.852,73.314354,19.579409,491.00833,0.24103865,45.17852
-0.70962507,-2.2649844,-0.80834717,-2.2121298,-1.1957538,-1.7817796,-2.3524587,-1.531716,bg_rep01_9042,0,xgboost,9.934333,26.325878,27.84,99.7932,28.728703,179.31656,0.24307999,35.900455
-1.152862,-3.7407935,-0.49005708,-1.4416584,-1.5788743,-1.1591285,-0.11004759,-2.151495,bg_rep03_7757,0,xgboost,7.5716667,22.869598,27.596,95.7876,17.808355,51.08762,0.5855403,47.460888
-1.5402635,-5.031849,-1.7234472,0.071504585,-2.9615674,-1.8085741,-1.4499884,-2.3856127,bg_rep05_9156,0,xgboost,12.102333,22.078104,25.411999,72.435585,29.454496,109.721054,0.4278455,30.438232
-2.1398375,-1.5031193,-3.4589906,-4.181754,-0.37133154,-0.78340125,-0.33229744,0.19909285,bg_rep02_221,0,xgboost,11.9453335,33.155693,13.224,96.73412,0.0,0.0,0.0,0.0
-3.2032125,-3.3694458,-3.8482254,0.6715833,-1.7769728,-0.4146324,-2.6626894,-1.8322767,bg_rep02_1716,0,xgboost,8.185666,26.76804,31.008,66.21578,24.50656,285.4732,-0.2174063,34.250458
-1.4315417,-2.7593818,-1.6929202,-3.2078674,-1.9802178,-2.119248,-2.1638405,-1.9898669,bg_rep02_3030,0,xgboost,9.064333,26.316147,23.536,42.371796,28.372353,1470.6561,0.2319307,36.571125
-2.4645514,-2.78109,-1.0730058,-3.77983,-1.4601933,-0.78749806,-2.2444859,-1.7293504,bg_rep01_1709,0,xgboost,12.827333,26.710257,25.848,99.025085,21.010828,740.70337,-0.14935441,26.25079
-0.920491,-2.2152467,-1.1239872,-3.3865273,-0.96408665,-1.9597132,-0.21943167,-2.4322093,bg_rep02_4247,0,xgboost,12.267667,26.84156,24.968,96.527725,20.302002,412.6452,0.4737839,35.945656
-2.3570852,-2.955529,-1.6529232,-3.6761591,-0.7498588,-1.5395354,-0.4014975,-1.6852179,bg_rep05_9016,0,xgboost,12.768666,26.167446,28.888,118.4151,17.156164,170.84187,0.43567365,53.993996
-0.053542774,-1.076746,-0.7988993,-4.3174605,-0.78396535,-1.271333,-0.8980456,-1.7327396,bg_rep04_5183,0,xgboost,9.776,23.11767,27.42,106.35919,23.17729,115.669205,0.39841124,38.44145
-3.586638,-3.8259435,-2.5908747,-1.5393577,-0.37057772,-0.28769153,0.035475947,0.121231884,bg_rep04_7789,0,xgboost,7.7413335,26.323904,31.855999,61.096836,0.0,0.0,0.0,0.0
-1.2140772,-3.426978,-1.6710372,-4.4629498,-2.0636463,-1.9572483,-0.69832176,-1.6008089,bg_rep02_9709,0,xgboost,11.872334,23.004831,26.976,112.455246,29.567345,187.93233,-0.41977587,26.08865
-1.2123444,-3.5745373,-1.9448326,-2.5349543,-1.2905705,-0.8596319,-1.2235821,-0.9520177,bg_rep01_6389,0,xgboost,5.366667,25.434439,28.0,29.356623,7.503295,6.8964677,0.7780788,6.459175
-1.9615065,-4.526725,-1.1350067,-3.6467862,-0.7086167,-0.71094686,-1.7622981,-1.2861768,bg_rep03_8140,0,xgboost,12.708,23.78172,27.128,99.45328,27.842108,238.12584,0.16399196,25.024126
-1.1543922,-3.751933,-2.7694862,-4.9110546,-0.92269194,-1.4381344,-0.3528391,-0.24884304,bg_rep02_6457,0,xgboost,12.227333,31.885191,22.628,90.96234,0.0,0.0,0.0,0.0
-0.39895597,-3.6514091,-2.1447413,-1.8199003,-1.5956367,-1.0689745,-2.2789595,-2.9188263,bg_rep05_5942,0,xgboost,5.969667,19.819613,26.296,93.31784,18.325035,84.24039,-0.10519013,47.253803
-1.9067976,-4.4411273,-1.0410671,-3.714142,-1.4403104,-1.5559627,-1.9375174,-0.062061295,bg_rep05_7914,0,xgboost,12.7213335,24.098911,26.824,99.47853,26.722815,349.90488,-0.10933279,27.446278
-2.4456952,-3.0696597,-1.7540495,-3.2072783,-0.4622224,-1.6638436,-0.55199987,-1.9651664,bg_rep03_529,0,xgboost,12.811,25.985802,30.0,119.3449,17.614014,203.54959,0.490848,50.601997
-1.4494367,-3.2132306,-0.5029248,-2.1395147,-0.61762935,-2.1306221,-2.5719647,-3.0919416,bg_rep01_1733,0,xgboost,8.417666,24.102814,23.268,32.330456,20.961212,307.25806,0.07438562,43.730434
-3.1569188,-3.2287955,-1.4488583,-4.3205466,-0.6846799,-0.7924653,-0.3225447,-0.61121315,bg_rep03_4427,0,xgboost,12.948667,31.26187,28.076,100.32893,0.0,0.0,0.0,0.0
-2.1562834,-4.0460825,-1.2532756,-3.227596,-1.4683256,-0.7323512,-0.7539887,-2.015681,bg_rep01_657,0,xgboost,12.342667,22.98962,23.732,86.832954,21.376902,664.3024,-0.66712546,42.718025
-1.6007812,-4.689862,-1.4650728,-2.3933277,-2.9651325,-1.7198817,-0.6931046,-1.914451,bg_rep03_4451,0,xgboost,11.329666,20.615887,26.816,86.71743,29.87267,47.21317,0.30242234,29.192137
-2.8175943,-2.2820175,-1.4569671,-0.66161126,-1.663097,-1.7424206,-2.1995265,-0.7548223,bg_rep03_8160,0,xgboost,12.744666,23.496803,26.96,75.63475,24.325985,127.82561,0.060818866,31.15732
-1.3030224,-3.643027,-0.6985784,-1.9526278,-2.1116166,-1.4845723,-2.3056738,-3.2395113,bg_rep02_8032,0,xgboost,9.366667,24.208277,23.236,35.807144,16.250591,261.1987,-0.07397885,50.562378
-4.9585896,-3.4512615,0.1528712,-4.0763516,-1.0154703,-0.64339316,-0.073010124,-0.30076876,bg_rep04_1137,0,xgboost,14.583333,30.03405,32.116,89.98689,0.0,0.0,0.0,0.0
-1.5016582,-4.4388227,-1.3563195,-2.286221,-1.8387712,-2.0730963,-1.587815,-1.7567093,bg_rep04_8489,0,xgboost,9.847667,30.144688,27.044,50.620857,31.267015,927.8447,-0.17351817,38.391647
-1.5954764,-2.5389743,-1.861343,-1.9319379,-1.2849101,-0.20953625,-0.4442418,-3.0489733,bg_rep02_8657,0,xgboost,12.035,25.32831,24.076,99.267,19.5951,718.2783,0.34829804,38.63335
-1.1113466,-2.4333913,-1.7420223,-4.099684,-1.845217,-1.9571218,-1.2383691,-2.1370518,bg_rep05_875,0,xgboost,12.501333,25.157639,26.364,124.425766,26.777735,354.5356,0.47521406,36.56134
-3.7133377,-4.423345,-3.316012,-2.9221604,-0.71262187,-0.3745135,-0.07202374,-0.026449345,bg_rep05_2041,0,xgboost,7.4146667,25.60313,30.316,57.68009,0.0,0.0,0.0,0.0
-0.7316779,-3.3492901,-1.3809581,-5.4449134,-1.217973,-1.7118558,-1.6209482,-0.94987243,bg_rep02_8294,0,xgboost,12.331333,23.475733,25.868,108.80157,27.446615,205.72876,-0.15750954,22.862907
-1.2370728,-1.9285002,-1.9223253,-3.3510993,-2.3394039,-0.8049835,-1.3784088,-0.38321403,bg_rep05_4574,0,xgboost,11.977667,27.331295,19.664,90.26464,22.408894,1491.9934,0.2718273,42.52232
-4.127181,-4.0687685,-1.0642179,-3.5319803,-1.652032,-2.0592453,-1.6684144,-2.4678874,bg_rep05_2115,0,xgboost,13.601666,23.75754,24.776,92.27743,20.525623,569.16254,-0.009381218,42.58501
-0.16307607,-3.8130672,-1.4376398,0.80736053,-1.2642071,-2.142832,-1.9319276,-1.6228778,bg_rep05_1014,0,xgboost,10.141666,25.207125,22.6,66.59071,8.307494,9.266135,0.2456267,14.814467
-1.629916,-4.092341,-1.5248206,-0.35312864,-0.71890527,-1.5844603,-2.058673,-2.238724,bg_rep01_3279,0,xgboost,12.046333,23.822048,22.172,73.5638,19.961042,902.14343,0.08219496,42.427765
-1.1452315,-4.2019234,-1.8614194,-2.5889063,-1.9333752,-1.0549462,-0.66073906,-0.6025094,bg_rep02_9326,0,xgboost,10.949333,21.12629,27.012,96.17864,25.857403,68.314445,0.3596682,30.902721
-1.3950472,-3.836854,-0.7331641,-4.0403237,-0.26343986,-1.4797517,-2.1494856,-2.758626,bg_rep05_1933,0,xgboost,13.257999,24.052975,25.796,98.25356,21.041828,339.3939,0.19262429,36.015648
-1.0240911,-3.8025491,-3.063072,-1.2520599,-1.0851744,-2.319566,-3.0499365,-1.8110409,bg_rep02_6810,0,xgboost,9.851,28.851336,28.996,78.337074,27.27489,92.10099,-0.29150954,34.204403
-1.8628399,-3.1805549,-3.7221873,-0.5301463,-1.4707946,-2.2767546,-2.3067012,-1.9429624,bg_rep04_1037,0,xgboost,8.968,26.617594,29.696001,21.799475,22.264671,176.93413,-0.13946766,43.910477
-0.7024352,-3.2806966,-1.0887779,-5.610388,-2.2118723,0.54186565,-1.5795747,-0.91515607,bg_rep01_5192,0,xgboost,10.995,26.728413,24.3,105.52749,22.377102,736.2564,0.14718609,31.888737
-0.90370023,-3.810695,-1.83835,-0.44467393,-2.2768364,-1.2969807,-1.9654756,-0.31425843,bg_rep04_7528,0,xgboost,10.090333,20.734697,25.888,82.7636,28.11078,175.83273,0.03585416,28.136553
-1.2614253,-4.0269675,-1.8329122,-2.6815193,-1.9354242,-2.9143043,-1.4115164,-2.7420459,bg_rep01_1770,0,xgboost,8.210667,22.611443,18.42,33.888474,23.624052,1267.8661,-0.011421675,42.58085
-0.53083414,7.978273,-1.1663073,0.32557845,0.25908592,0.38298047,0.457073,1.3942664,presence_240,1,xgboost,11.821,50.56896,27.976,31.636343,0.0,0.0,0.0,0.0
0.12381626,-3.5694973,-1.0067161,-4.2755737,-1.925439,-1.1667947,-1.1667979,-1.5030141,bg_rep03_9167,0,xgboost,10.768333,24.172428,28.056,103.99209,29.335482,24.057098,0.4047317,39.461117
-1.9994872,-4.680062,-1.382388,-0.5112518,-2.0236452,-0.90207165,0.56334543,-2.0461488,bg_rep03_3970,0,xgboost,7.166333,22.569706,26.816,23.087002,25.636044,60.111294,0.6566225,37.83158
-0.58884907,-2.7161767,-0.74015915,-3.8925736,-1.8746322,-1.8933283,-3.0160518,-2.0495737,bg_rep01_8387,0,xgboost,11.718333,25.259384,28.284,106.3064,21.436674,52.784096,-0.7704293,50.852673
-4.565166,-1.7725258,-1.3319733,0.9033346,-2.179701,-2.0845141,-1.564053,-1.4226083,bg_rep02_827,0,xgboost,14.873667,26.575304,25.204,71.28573,19.703856,600.7467,0.23002346,39.84189
-0.323108,-3.0219269,-1.1842858,-4.6719537,0.035930462,-0.34707734,-1.3421497,-1.5523053,bg_rep04_9981,0,xgboost,10.559,23.691887,27.803999,105.192665,28.1413,21.091953,-0.13867775,37.31369
-1.8381073,-2.5169587,-1.6724432,-4.7912946,-2.4368553,-1.9970505,-0.7656675,-1.478227,bg_rep02_3651,0,xgboost,12.318666,23.364437,26.656,105.57329,24.372185,207.73633,0.63186085,31.595463
-1.6029191,-2.7681577,-0.4866589,0.027829833,-0.80759543,-1.9654633,-2.079397,-3.0354178,bg_rep02_9890,0,xgboost,12.323999,23.60377,24.78,72.28274,22.58549,308.16876,0.08800229,42.441048
-2.0761397,-2.970951,-1.2473361,-2.6878462,-2.6849613,-2.2562025,-3.035926,-0.7790314,bg_rep04_5971,0,xgboost,12.569667,26.876638,24.44,95.62774,24.069172,841.4283,-0.5339584,27.055725
-1.8289727,-4.100829,-0.76438934,1.6138918,-1.0290197,0.5205237,-2.4650993,-2.1866624,bg_rep02_9177,0,xgboost,12.086667,23.884806,22.576,71.28759,20.53029,725.81696,0.061510462,42.006218
-0.6253829,-3.9806638,-1.281113,-4.7908463,-1.5669621,-0.9645475,-0.95945346,1.3541013,bg_rep02_7153,0,xgboost,12.256666,23.732992,25.716,100.046135,21.88389,263.93222,0.00049223634,28.448261
-1.474814,-4.250783,-3.4141705,-0.87465334,-1.4280608,-0.92410165,-1.6180159,-0.21197721,bg_rep05_510,0,xgboost,10.146333,29.76861,30.104,70.282875,34.72134,21.287128,-0.18795478,21.295195
-1.2424148,-4.7065744,-1.5439236,0.18241891,-2.0260813,-1.7795322,-0.29039758,-0.42180654,bg_rep05_841,0,xgboost,11.218,20.916616,27.5,80.79618,25.31699,45.81675,-0.025835924,27.57505
-2.0679557,-3.5661776,-1.8729484,-3.18968,-1.1137848,-1.8312907,-2.3665376,-1.6575469,bg_rep02_4643,0,xgboost,14.05,31.023668,29.092001,99.22896,11.455069,1379.7147,-0.060524553,70.403145
-1.3443481,-4.8970556,-1.3088063,-1.0943081,-0.32444832,-2.125301,-0.8583204,-2.8269544,bg_rep01_5819,0,xgboost,5.825667,18.843533,24.84,26.203995,21.05268,38.421963,0.23968874,44.659767
-1.8474813,-3.08407,-0.7267338,-0.6728519,-0.6847497,-1.3036516,-0.10260163,-2.6015463,bg_rep01_9035,0,xgboost,6.415,20.784733,24.28,28.318954,21.9459,181.66708,0.46261516,44.256927
-3.642168,-3.5078447,-3.3185043,-2.2639637,-0.52914107,-0.28952098,0.08446957,0.0008380958,bg_rep02_30,0,xgboost,7.833667,26.916119,30.452,58.17915,0.0,0.0,0.0,0.0
-3.1627355,-0.5401286,-1.3859327,-4.70076,-0.97925204,-0.35035747,-0.10534349,0.11823768,bg_rep01_9865,0,xgboost,15.191667,33.32675,30.148,90.39641,0.0,0.0,0.0,0.0
-0.9215893,-3.8398654,-1.5409703,-3.7488406,-2.5909,-1.7354786,0.24156962,-1.0852637,bg_rep03_7710,0,xgboost,11.555333,22.593721,27.792,118.36523,25.070518,202.78485,0.6875717,55.02749
-3.6238673,-3.5146494,-1.8839729,-2.3385324,-0.85741895,-1.665398,-1.1253321,-1.868346,bg_rep03_1595,0,xgboost,13.656667,31.097246,30.16,96.89809,16.877562,1336.7867,-0.003913838,45.260654
-0.95173055,-3.616024,-1.8548715,-1.6600835,-1.4504328,-1.5006896,-1.8373973,-1.4823754,bg_rep04_224,0,xgboost,7.563667,21.277334,28.012001,97.20345,7.5710073,36.68677,0.18271801,20.282736
-0.8862283,-4.9838114,-1.5304387,-2.8603327,-1.0451062,-1.321589,-2.5249,-2.838608,bg_rep05_5671,0,xgboost,8.517333,22.832226,19.988,34.916607,19.44788,982.5656,0.043715004,43.76171
-3.7247686,-4.884551,-3.35033,-2.5826745,-0.83969563,-0.2998752,-0.1637586,-0.36012635,bg_rep02_9968,0,xgboost,7.5743337,24.88283,30.972,53.459076,0.0,0.0,0.0,0.0
-1.2010233,-2.6589494,-0.74093825,-0.62119985,-1.0319625,-2.2862685,-2.475911,-1.7149808,bg_rep05_1968,0,xgboost,11.324333,25.248222,23.364,64.295906,25.298582,68.30301,-0.5857373,36.32153
-2.1504548,-2.1387718,-0.53409964,0.56443155,-1.8620675,-0.75996876,-0.90280116,-1.9788349,bg_rep03_3450,0,xgboost,12.103666,26.711834,24.908,64.59461,24.093918,295.51886,-0.01144777,39.724873
-1.646574,-3.6364453,-2.0655448,-3.3468902,-1.7377888,-1.2469257,-0.6230007,-1.176906,bg_rep05_87,0,xgboost,11.405666,20.826942,25.676,89.39764,26.674595,191.10596,0.35804945,33.19182
-1.1683441,-4.7634315,-1.6373982,-2.0509627,-2.1231077,-1.7715955,-1.8533283,-1.6555208,bg_rep04_6498,0,xgboost,11.003333,20.678293,27.0,84.13,24.809824,51.573177,0.17477302,27.011526
-4.2057633,-3.4414084,-3.0958724,-1.8548399,-0.53451014,-1.3104918,-1.4865996,-1.4275572,bg_rep04_1587,0,xgboost,7.5606666,25.716553,32.284,64.81113,27.80411,487.76144,-0.31079984,25.149763
-1.3374715,-4.639176,-1.2485138,0.22246131,-1.3666432,-1.7565914,-2.8744106,-3.6898642,bg_rep01_8722,0,xgboost,11.519,22.153627,24.148,72.079025,19.323856,357.43066,-0.17217924,43.139362
-2.0111072,-4.251108,-1.0275831,-4.7049527,-2.047788,-1.4450638,-2.0035977,-0.011385023,bg_rep04_7499,0,xgboost,12.657333,24.320446,26.756,102.79389,25.27064,322.2618,-0.11475483,27.534735
-1.576719,-3.319452,-1.3448592,-5.479102,-1.6228673,-1.9589007,-1.9819846,-1.7437813,bg_rep01_6322,0,xgboost,12.13,23.332308,26.748,110.75108,27.703852,196.6526,0.15121329,24.928175
-3.436037,-3.6811192,-2.8630145,-1.5408909,-0.3904331,-0.22228117,0.025555387,0.09938718,bg_rep01_8194,0,xgboost,7.929333,26.3363,31.304,61.19523,0.0,0.0,0.0,0.0
-2.6702251,-4.08896,-1.3960023,-2.6109147,-0.7737279,-1.4973876,-1.9934459,-1.9587775,bg_rep02_4560,0,xgboost,12.799333,23.808283,25.604,99.95422,19.523365,383.50522,0.18168035,34.513428
-2.6583204,-2.8233383,-2.0200045,-3.1212127,-0.42210442,-1.9384636,0.47850874,-2.062323,bg_rep01_5109,0,xgboost,12.790333,25.862045,29.948,114.00583,17.439426,193.97672,0.6878228,49.251347
-1.4368192,-6.0007577,-1.3573719,-1.0389459,-1.4047265,-1.5516721,-1.2378671,-0.9187549,bg_rep04_4204,0,xgboost,11.045667,20.27323,27.136,86.26406,28.268772,40.61447,0.45593032,27.384693
-4.0546646,-4.1678734,-3.17297,-1.8936855,-2.0121975,-2.5113606,-1.8415577,-2.3571308,bg_rep03_6360,0,xgboost,6.9793334,24.416924,32.548,64.480606,28.177103,395.03073,0.15225443,28.627575
-4.308035,-3.0950186,-1.6090094,-2.7777264,-1.0863876,-2.023844,-1.3178868,-1.8969396,bg_rep04_1713,0,xgboost,13.861,25.277191,21.028,88.28067,19.99525,1334.2568,-0.4190178,42.861065
-3.6321213,-4.778446,-2.9908974,-2.5515938,-0.769243,-0.34056503,-0.2207549,-0.5964547,bg_rep03_2757,0,xgboost,7.627,24.698833,31.896,51.897644,0.0,0.0,0.0,0.0
-1.4348185,-4.552956,-1.4199016,-2.2969964,-2.126133,-1.3949682,-1.6823053,-1.7359353,bg_rep05_7777,0,xgboost,11.323333,21.247717,26.883999,92.466774,28.747995,52.664494,0.48176298,28.610191
-1.7391905,-2.9981282,0.13508932,-1.8551117,-1.4167715,-2.1825483,-0.86811936,-2.417963,bg_rep03_39,0,xgboost,6.6453333,21.016235,23.796,24.887775,23.82229,753.16516,-0.041644882,37.733624
-0.19083877,-3.7541287,-1.951954,-1.3302912,-0.95891386,-0.5267617,0.39874312,-1.9047085,bg_rep05_8195,0,xgboost,6.5833335,20.31893,27.8,99.57582,12.407377,2.2697668,0.6350593,16.037249
-2.8462238,-3.9460492,-3.2333395,-2.370893,-1.1700885,-1.6749605,-2.438277,-1.9284288,bg_rep02_4260,0,xgboost,8.908667,28.593742,30.388,49.952755,28.434072,187.355,0.18664312,38.59918
-2.3277645,-3.4007392,-1.3400576,-1.360181,-1.428943,-2.6310143,-2.577584,-1.0654836,bg_rep03_287,0,xgboost,8.732666,25.250597,28.156,22.385618,25.637573,548.33167,-0.22832339,40.15421
-0.22680485,-3.6723728,-2.0209258,-1.9439648,-1.5386442,-2.180745,-1.5206875,-2.6788764,bg_rep02_2343,0,xgboost,6.0687504,19.700537,26.81,91.70406,19.303566,38.171036,-0.45574138,42.463142
-2.6307416,-2.4923022,-2.5956566,-2.0694294,-2.2125487,-0.42062852,-2.1375508,-2.1844103,bg_rep01_6567,0,xgboost,8.418667,27.397379,28.792,64.095215,23.658438,735.5119,0.19790044,37.371746
-3.874178,-2.6218634,-3.7895179,-0.21742997,-2.0332234,-1.8156348,-1.8149871,-2.9829292,bg_rep02_7093,0,xgboost,7.183,24.810032,32.036,66.65735,24.532225,463.89075,0.22468065,30.12951
-0.6147357,-2.2507858,-0.23148972,-3.2276797,-1.2275809,-2.1542957,-2.9299812,-2.4172895,bg_rep01_3569,0,xgboost,11.612333,25.465643,28.424,106.012566,19.65136,45.84737,-0.72987616,48.524784
-1.0871711,-5.9915013,-1.5602887,-0.29410908,-2.6079721,-1.4807613,-1.8198891,-0.63801646,bg_rep05_6055,0,xgboost,11.337333,21.96817,26.916,73.58406,32.15649,67.283966,0.14026178,19.920713
-1.3034688,-3.6656427,-0.3029145,-1.8697311,-1.4688936,-2.1835217,-0.20772831,-1.9631977,bg_rep02_7208,0,xgboost,9.919333,29.88471,28.48,52.346737,28.149157,477.6316,0.6112291,38.523518
-3.5342019,-2.5102878,-1.9984051,-2.4096346,-2.1565404,-2.2103763,-2.5481918,-2.260921,bg_rep04_39,0,xgboost,7.7886667,26.575224,28.624,61.367645,25.551481,881.38116,-0.22867624,30.214573
-2.8212123,-2.8380177,-0.74745744,-4.6365223,-2.0072458,-1.7480866,-1.8231605,-2.3876796,bg_rep01_3209,0,xgboost,13.029333,25.160925,27.432,122.33454,24.744177,181.98477,-0.34639812,44.488964
-1.7756948,-5.073958,-1.5367253,-4.784822,-2.0478816,-1.1247934,-0.5952978,-1.6037635,bg_rep01_9709,0,xgboost,12.009,22.133957,27.140001,109.492905,27.130297,165.40804,-0.018991506,25.536497
-1.9048467,-4.2959633,-1.6611834,-1.2345634,-2.3799684,-1.5305564,-0.8979701,-1.681469,bg_rep05_6997,0,xgboost,9.138333,29.15869,28.052,64.76764,25.45496,943.2884,0.31164023,33.973557
-2.6445985,-4.7382197,-1.4802115,-0.2624819,-2.3891852,-2.564727,-1.3845578,-1.7926172,bg_rep05_2892,0,xgboost,12.640667,21.053741,26.784,81.35888,29.705803,24.780014,0.39484435,28.917824
-1.6390316,-2.2680068,-1.4942546,-3.0200014,-0.7870737,-1.3131642,-3.614446,-2.8856263,bg_rep05_6600,0,xgboost,12.295,25.373535,22.723999,104.76609,20.034296,992.2873,-0.28644267,36.101055
-1.565171,-2.3077772,-1.1397339,-0.6208894,-1.6865922,-2.0277956,-2.4418478,-2.643094,bg_rep04_9324,0,xgboost,12.144667,24.576385,25.612,75.14341,26.524517,176.53198,-0.6054838,30.15242
-0.08407788,-4.927429,-0.920676,-3.8941293,-2.492771,-1.3072087,-1.8199797,-1.6531476,bg_rep05_3656,0,xgboost,9.237333,22.250055,27.416,106.85534,34.170773,3.4466825,0.09278265,22.846737
-0.7336152,-1.4535786,-1.5590467,-2.8069441,-1.0225663,-1.6429422,-1.3141258,-1.6466368,bg_rep05_4942,0,xgboost,11.595667,24.80675,26.748001,101.69532,17.977924,314.32086,-0.024566907,34.4623
-1.7080194,7.833592,-1.792157,-0.42770815,0.08343996,0.59422654,0.3004937,1.2877884,presence_168,1,xgboost,6.855,52.92619,29.036,71.90262,0.0,0.0,0.0,0.0
-1.556076,-4.8664613,-1.4794266,0.95672774,-1.3525503,-1.3419086,-1.3835961,-1.7927881,bg_rep04_8414,0,xgboost,11.907333,22.837233,27.012,72.06681,28.069593,118.173004,0.4615125,25.698795
-4.924086,-3.3859572,-0.46664143,-4.4608426,-1.0234128,-0.6695351,-0.12381462,-0.32934937,bg_rep03_6984,0,xgboost,14.571333,31.124687,31.44,88.10718,0.0,0.0,0.0,0.0
-0.5286699,-2.5463057,-1.1139976,-3.669106,-0.7666023,-1.8523619,-2.1609042,-2.4829724,bg_rep03_6935,0,xgboost,11.331333,24.646193,27.708,103.38772,19.491337,151.6911,0.20144519,49.446434
-1.4409698,-2.426241,0.16248976,-2.187897,-1.4022099,-0.8612958,-1.138657,-2.5101008,bg_rep04_5797,0,xgboost,8.336333,23.971514,23.844,32.6416,25.057762,234.82509,0.34153777,38.981194
-2.4322288,-3.0820806,-2.160228,-3.61555,-1.2397978,-1.4187042,-2.9008107,-2.3520603,bg_rep05_7407,0,xgboost,12.821333,26.392206,30.02,112.36592,19.46254,258.54684,-0.1401264,48.53674
-1.4050748,7.177752,-1.2603837,-0.72705835,-0.07236021,0.26985636,0.20780839,1.380517,presence_173,1,xgboost,7.521,50.206944,26.556,78.57675,0.0,0.0,0.0,0.0
-3.4742105,-5.0337453,-3.0174046,-2.5055807,-0.82514584,-0.34424278,-0.07080073,-0.20472537,bg_rep02_6776,0,xgboost,7.720333,25.206783,31.22,52.411682,0.0,0.0,0.0,0.0
-1.2097923,-3.6571438,-1.0059364,-4.728412,-1.9230616,-1.7211922,-1.6858386,-1.7597616,bg_rep03_9532,0,xgboost,12.519,23.744404,27.26,118.784225,31.374325,154.18745,0.09972504,30.585999
-1.6618539,-1.2379527,-3.4563024,-3.8408523,-0.2661518,-0.76291656,-0.2936766,0.29939863,bg_rep03_5064,0,xgboost,11.875,33.81264,13.572,95.92796,0.0,0.0,0.0,0.0
-0.43181264,-1.8758401,-2.080273,-3.5981197,-1.4946723,-1.9513786,-2.2528937,-2.4670172,bg_rep03_3312,0,xgboost,9.348666,23.170088,26.328,107.11676,17.697655,226.63077,-0.16842678,51.455864
-3.5239353,-2.1464474,-1.324917,-3.394244,-1.6816064,-1.6207297,-2.5829833,-2.431355,bg_rep04_5509,0,xgboost,15.098333,25.416357,24.544,90.47502,22.178556,595.4366,0.079219334,43.078117
-0.41838542,-3.2149417,-1.2878915,-0.14899209,-0.5077066,-1.522651,-1.7592671,0.4406516,bg_rep03_8159,0,xgboost,12.154,25.148983,26.084,80.373024,28.31289,165.5059,-0.1524227,27.596527
-2.741281,-1.7488915,-0.8313293,-3.387159,-0.9271526,-0.7716514,-0.6424992,-1.2355915,bg_rep02_3754,0,xgboost,12.622666,25.85976,24.492,98.895035,20.862291,753.39233,0.89755476,31.488354
-3.6178935,-3.3753097,-1.5289333,-0.47293594,-1.4664309,-1.9229409,-1.0205207,-0.28388485,bg_rep03_4528,0,xgboost,13.091666,23.77191,27.18,74.57924,23.048916,92.52434,-0.39035562,30.883802
-3.1760345,-3.5000372,-0.93447214,-0.0756025,-1.6200821,-0.13428546,-1.6318417,-2.5865476,bg_rep01_9951,0,xgboost,14.177667,25.619204,24.435999,69.043686,21.448326,725.65845,0.275275,40.63047
-4.491129,-1.413158,-1.6219027,-4.3468523,-1.0406674,-1.0589948,-0.08627016,-0.23060977,bg_rep03_9735,0,xgboost,13.968333,33.283295,27.204,92.04328,0.0,0.0,0.0,0.0
-2.1319506,-3.3493392,-1.0064063,-1.0290757,-0.98306876,-1.8205026,-2.655212,-2.7680867,bg_rep04_7412,0,xgboost,14.129,25.579332,24.516,73.62912,20.315979,823.77686,-0.11925037,41.235123
-1.0928082,-5.081371,-1.6493797,-2.7268715,-2.7014687,-1.5668657,-1.85862,-0.58445525,bg_rep02_7824,0,xgboost,11.627334,21.419449,27.048,90.739265,32.001537,49.221806,0.4178674,27.29172
-1.0362532,-2.7612333,-1.9320955,-1.1246008,-2.088541,-1.7264705,-1.3755481,-1.7445331,bg_rep05_9106,0,xgboost,10.032667,27.265646,29.176,83.725296,29.211842,19.427015,0.36376,31.483908
-1.4445401,-2.888324,-1.5634589,-5.39017,-1.9399446,-1.3422661,-1.6466856,-1.8401927,bg_rep02_9074,0,xgboost,12.016,23.413874,25.588001,108.81339,26.009855,234.12653,0.3711616,22.936354
-1.8836827,-3.0117035,-1.4438361,-0.12421083,-1.3930329,-1.6561719,-0.43425348,-2.2589927,bg_rep02_553,0,xgboost,9.273,28.416891,27.696,71.07768,27.539274,289.36163,0.7013818,37.08239
-2.0388176,-3.0636466,-2.195707,-1.1157053,-1.5954167,-1.6957129,-2.671589,-1.9802041,bg_rep03_9564,0,xgboost,8.240666,24.926397,27.748,24.477098,22.130445,490.5644,-0.50769436,42.911312
-2.7162023,-4.8399324,-1.3255409,-2.9400907,-1.5681733,-1.3319461,-1.4295594,-2.0617242,bg_rep01_3864,0,xgboost,7.549,22.577461,24.312,35.58658,28.663893,55.57373,0.37154114,37.018013
-1.2558848,-4.167285,-1.280087,0.016229745,-1.8135144,-1.7300907,-0.9309644,-0.34342885,bg_rep05_1803,0,xgboost,10.960667,20.5379,27.184,81.79518,26.590816,45.93715,0.5811532,28.091946
-3.6452527,-3.0083814,-1.5574595,1.2955892,-1.3282773,-1.6100738,-1.1632389,-1.9265085,bg_rep01_6537,0,xgboost,13.417,28.35616,23.58,66.827805,18.962221,615.5683,0.2860947,42.877647
-1.420972,-4.042347,-0.779478,-2.6649864,-1.0644825,-0.92394066,-0.81009525,-2.3771808,bg_rep05_5587,0,xgboost,6.3766665,19.584356,22.624,33.283524,21.922861,3.303502,-0.03834314,39.254776
-1.7360198,-4.1885138,-1.0775555,-3.0777953,-1.3351177,-1.1520085,-2.3603601,-2.6567094,bg_rep03_3890,0,xgboost,12.497666,23.202263,23.852,95.82767,19.800785,772.36487,0.19445175,41.509556
-1.0821112,-4.208121,-1.675344,-2.021642,-1.1682262,-1.8227669,-0.48411226,-2.719657,bg_rep03_4122,0,xgboost,7.35,22.496326,26.992,93.61328,17.209562,97.057205,0.35979733,47.422497
-3.8436477,-4.4494967,-2.1760838,-2.6343505,-1.085212,-1.9286686,-2.481581,-2.2805874,bg_rep01_8861,0,xgboost,13.792,29.886452,21.724,95.61629,20.347933,1360.6062,-0.09964636,37.929775
-1.7596996,-3.962549,-1.3777581,-2.659912,-1.4934464,-2.4197047,-2.2374487,-2.0642998,bg_rep05_5300,0,xgboost,13.283667,31.901217,26.924,94.75203,18.254456,1573.2588,-0.3747089,39.77585
-0.45918134,7.443086,0.14550477,-2.7200263,-0.25528353,0.3209981,0.19493169,0.92130154,presence_183,1,xgboost,10.235333,53.442635,32.48,91.88776,0.0,0.0,0.0,0.0
-2.8685641,-2.5197864,-4.1466002,-0.3943493,-1.603489,-2.0215588,-0.83727884,-2.9454932,bg_rep05_5211,0,xgboost,8.377666,27.572626,29.66,67.49745,26.047064,897.39355,0.4356387,29.086313
-1.2899684,-3.8517761,-0.7031,-3.8568618,-0.5359233,-1.4199425,-1.6129788,-2.5560172,bg_rep05_5369,0,xgboost,13.366333,24.24248,25.76,100.242065,20.353813,363.21863,0.14591584,35.776253
-3.5659444,-2.9447768,-1.9914136,-3.3367684,-1.2431777,-1.8683127,-1.2302362,-1.6275786,bg_rep01_4200,0,xgboost,12.8463335,23.372267,26.26,90.68267,28.71646,186.02856,-0.39728752,32.814934
-0.26234397,-2.4128368,-1.1400733,0.05692129,-1.9088074,-0.13352516,-2.331636,-1.9902512,bg_rep05_6213,0,xgboost,10.663,29.045,25.98,70.11401,29.073988,703.8512,0.19242872,30.240585
1.5208223,-1.3206027,0.92174035,1.2131846,0.35668916,-0.069463246,-0.109147064,1.0956299,presence_72,1,xgboost,10.466333,29.111963,27.556,81.49298,27.546415,462.24423,0.010676393,32.57131
-0.798419,-3.1720552,-2.49059,-1.9552814,-0.8235566,-1.586036,-2.3698726,-1.784357,bg_rep04_4467,0,xgboost,11.717667,24.855053,19.78,61.63887,20.619444,837.974,0.025547484,42.061634
-0.021934725,-3.4824853,-1.4018879,-0.9516172,0.14147276,-1.7243706,-1.8786081,-1.5005656,bg_rep03_5532,0,xgboost,10.657001,29.184467,28.704,83.16652,26.800781,204.57413,-0.17381151,38.68531
-4.508395,-3.7061763,-1.6527439,-3.8633475,-0.6840877,-0.73841774,-0.22870328,-0.38129848,bg_rep03_9168,0,xgboost,13.739666,29.67787,29.888,98.469536,0.0,0.0,0.0,0.0
-2.717045,-2.9872634,-1.9660296,-3.2558517,-2.9177046,-2.1809778,-1.2252706,-2.1439748,bg_rep04_6869,0,xgboost,12.803333,28.067636,22.388,91.00345,23.828995,1032.2582,-0.001044784,38.109627
-1.0433955,-2.6190858,-1.4635373,-4.388337,-0.07038231,-0.58191687,-0.21817765,-0.5854415,bg_rep02_515,0,xgboost,12.1,26.26096,26.284,103.78175,20.902636,518.6922,0.36013407,30.171392
-1.7041153,-3.7957048,-0.91376144,-1.7088971,-0.6516755,-2.4320154,-0.7210008,-3.213739,bg_rep03_3816,0,xgboost,5.7816668,18.485954,23.539999,26.15168,21.491724,361.89783,0.30406493,41.859802
-4.203244,-3.4305534,-1.1921434,-0.4827887,-0.85266674,-2.0417747,-0.6577921,-1.786065,bg_rep05_4383,0,xgboost,13.672667,24.314745,27.38,74.18371,23.598963,100.903694,0.28759694,29.944338
-1.0550117,-1.9360552,-1.6514465,-2.778564,-1.9813373,-1.5069917,-2.4969268,0.0005152067,bg_rep01_178,0,xgboost,12.342,26.270754,25.056,101.97146,21.421703,858.3047,-0.16035633,30.724752
-2.61359,-2.8616405,-1.1777042,-0.58193,-0.98645496,-1.8888974,-0.6029978,-2.3430216,bg_rep02_6256,0,xgboost,8.716667,27.406115,28.616667,71.3655,27.64332,112.45455,0.5789845,37.908535
-3.4387746,-1.7605673,-0.9649938,-3.2580743,-0.98469007,-3.0282257,-1.0284748,-0.1121411,bg_rep04_4155,0,xgboost,7.4933333,26.149265,26.892,59.969105,30.503231,1224.5558,0.0008218465,27.482841
-1.4493548,-2.077414,-1.4354696,-4.654804,-1.5307834,-1.6845367,-1.5691507,-2.2212186,bg_rep05_9916,0,xgboost,12.002334,23.253126,27.112,120.83862,22.453768,151.7319,0.11291158,47.74445
-2.312221,-2.6506588,-2.670344,1.8501586,-1.2175912,-1.7494016,-2.4431517,-2.379496,bg_rep04_7682,0,xgboost,11.955999,25.204487,22.119999,67.20038,21.804766,515.80096,-0.1634835,39.529778
-1.9389106,-3.5409527,-3.219322,-4.2351923,-0.5905247,-0.9493092,-0.341338,-0.15785958,bg_rep02_7480,0,xgboost,12.099,32.608345,20.68,95.17442,0.0,0.0,0.0,0.0
-1.2315617,-5.13046,-2.3476944,-2.5905147,-1.3681253,-2.200688,-0.5089689,-1.057788,bg_rep02_7063,0,xgboost,11.635666,22.546246,26.355999,101.07872,27.365162,107.96483,-0.47681856,35.084156
0.42361334,-2.446493,-1.7587109,-3.310415,-2.5957658,-1.2294357,-3.0007837,-1.1228375,bg_rep04_580,0,xgboost,10.312,27.211315,19.696,101.07057,22.213022,2683.3674,-0.15740085,43.89018
-1.3433326,-2.0394912,-2.519225,-1.7109923,-1.1024795,-1.634097,-2.9688218,-2.0769506,bg_rep04_9382,0,xgboost,12.306666,26.568796,21.876,55.758595,20.814077,280.0695,-0.09475925,42.503433
-1.8297595,-5.253228,-1.3774168,-2.9976916,-2.2906141,-1.1805679,-0.8620472,-1.4185134,bg_rep02_9138,0,xgboost,12.005334,22.646444,26.640001,99.62035,24.83814,225.85721,0.00010767165,23.744308
-0.46293673,6.472515,-1.1274817,2.0767741,0.6418944,1.0026718,0.39913598,1.6613199,presence_192,1,xgboost,8.419047,49.90121,20.364286,15.495071,0.0,0.0,0.0,0.0
-3.3470595,-2.5316434,-1.9629984,-3.5374281,-1.2458178,-1.594087,-2.21073,0.16215111,bg_rep04_3064,0,xgboost,12.923,26.636574,24.004,97.09583,20.697245,894.8967,0.0418386,28.27921
-3.2851586,-3.8813255,-2.4390512,-2.93715,-2.6359296,-1.5517954,-1.81755,-1.307565,bg_rep02_8912,0,xgboost,7.896333,25.004223,31.892,49.815315,34.85033,27.94103,0.3668946,24.723246
-1.4156973,-3.2229052,-1.8876215,-5.050899,-1.8431696,-0.74693966,-0.96091324,-1.099059,bg_rep03_8183,0,xgboost,12.1293335,23.81289,26.42,103.55263,25.609043,239.87045,0.36117244,31.76956
-0.947145,-4.1762686,-1.4647303,-3.983339,-1.204431,-1.4672157,-2.5239224,-2.0395143,bg_rep03_7008,0,xgboost,11.617667,22.724487,27.788,117.53674,26.643578,214.71268,-0.7477466,47.804115
-3.6414833,-3.0559268,-2.632183,-1.637297,-0.5924209,-0.30229604,-0.07960142,0.1905155,bg_rep04_5312,0,xgboost,7.2503333,26.072832,28.86,61.90316,0.0,0.0,0.0,0.0
-1.1436422,-5.274202,-0.86107194,-2.4025795,-1.340081,-1.1283097,-2.3144004,-1.0757322,bg_rep04_5654,0,xgboost,10.882667,20.846422,27.396,95.34448,28.02127,59.852356,0.05142403,27.590378
0.9393717,-3.3451362,-0.15359887,-5.6208777,-1.6622183,-1.3443674,-0.9817736,-0.7999885,bg_rep01_8419,0,xgboost,10.371667,26.77803,24.852,103.01821,25.713335,601.5424,-0.4108698,34.85273
-1.0601221,-2.2605758,-0.702942,1.7677019,-2.205083,-0.18596894,-2.188895,-1.2835073,bg_rep02_7803,0,xgboost,14.356667,26.177279,27.404,65.96901,24.058725,257.3892,-0.37297758,32.14778
-4.5699916,-3.7793508,-0.75333786,-3.3506427,-0.97833127,-2.3484447,-1.5039572,-1.7942978,bg_rep05_6185,0,xgboost,13.662666,24.179998,23.048,95.30235,21.119705,909.3533,-0.4101613,43.336548
-1.0279591,-2.7348175,-1.4814234,-3.8116066,-1.3309411,0.27929792,-1.3698268,-0.93617785,bg_rep05_8251,0,xgboost,12.306666,25.18555,25.248,100.00663,21.648321,725.9831,0.11939926,33.842026
-0.7279768,-2.695034,-1.7513121,-2.7168815,-0.3634166,-1.814907,-2.0039456,-0.2504128,bg_rep02_2759,0,xgboost,11.654,25.225107,26.252,102.33805,18.0682,423.635,0.2177619,33.75537
-4.582643,-4.45748,-1.1651826,-3.6034868,-1.7785068,-0.90189135,-0.5197407,-2.2093308,bg_rep01_4433,0,xgboost,13.770666,24.29889,24.4,94.60495,22.889841,731.7197,0.24256721,43.81739
-1.5778629,-3.639448,-1.4584726,-4.12232,-1.6188495,-1.5236633,-1.8431203,-2.4604177,bg_rep01_9584,0,xgboost,12.427667,24.28417,27.22,102.64121,22.840763,314.7328,-0.34783807,37.83213
-2.3186927,-3.7930143,-0.60932046,-2.8554993,-0.73840624,-1.6341302,-1.1241661,-2.689306,bg_rep02_2453,0,xgboost,7.2656665,22.038542,22.364,30.73506,21.957418,480.18274,0.29829752,40.909912
1.2103447,-1.2841183,-0.36468098,4.0689316,0.021182809,-0.025614629,0.65570426,-0.63402843,presence_140,1,xgboost,14.106333,28.1631,24.24,67.81402,22.5583,352.32214,-0.35584444,39.419117
-1.3572224,-4.9621906,0.13767694,-3.179893,-2.2489398,-1.1592361,-1.6560519,-1.0453098,bg_rep02_6122,0,xgboost,11.858334,22.5598,28.564001,123.94839,30.27562,125.99889,0.4234566,40.407486
-0.43116227,-3.3045263,-1.2460507,-5.2737927,-1.4635549,-0.93259084,-1.6482731,0.098809406,bg_rep01_3551,0,xgboost,12.390667,23.428125,25.912,106.4088,26.032303,259.62552,-0.18972729,27.704489
-3.2678459,-4.2855487,-2.8194983,-2.63143,-0.8321449,-0.19952816,-0.46142796,-0.3894935,bg_rep01_3061,0,xgboost,7.169333,23.159752,32.644,46.298122,0.0,0.0,0.0,0.0
-2.062247,7.730251,-0.01875796,-0.38734895,0.008992233,0.56219655,0.5362874,1.2598243,presence_197,1,xgboost,15.271,52.673153,35.764,57.25081,0.0,0.0,0.0,0.0
-1.2368479,-1.459199,-0.58742994,-3.4287355,-2.064063,-1.8945392,-1.9152527,-2.2315948,bg_rep01_4140,0,xgboost,11.017333,24.572515,24.524,87.28544,24.02674,386.5501,0.1656654,35.213715
-1.0317926,-3.307725,-1.680342,-4.513437,-1.119482,-1.5222511,-0.15081944,0.017225692,bg_rep04_1685,0,xgboost,12.446,31.779184,26.388,91.49263,0.0,0.0,0.0,0.0
-0.48214507,-4.3522177,-2.4798975,-0.21722084,-1.6951164,-2.2812479,-1.5483073,-0.9665635,bg_rep01_4918,0,xgboost,9.87,18.693182,25.94,81.642914,26.405184,53.826664,-0.41406587,31.171356
-1.2848177,-5.0691237,-1.4833112,-4.2135224,-1.6664814,-1.3394016,-2.141832,-1.3406276,bg_rep01_9450,0,xgboost,12.206333,22.86344,26.744,100.27051,25.621868,212.34462,0.04085998,24.82187
-3.5402198,-2.0804324,-1.4729184,1.2259827,-2.1615999,-0.7828779,-2.1074033,-2.8239315,bg_rep05_9840,0,xgboost,13.762,25.505968,27.252,67.69474,24.264292,222.7095,0.40716136,30.265526
-0.6486078,-3.6327295,-2.1429827,0.40633556,-1.1765807,-2.35417,-1.504972,-1.6937451,bg_rep05_6862,0,xgboost,11.385,23.314629,20.156,66.561584,19.494017,1014.36865,0.23281848,41.571766
-2.1049502,6.8241696,-1.1582236,2.497356,0.12961575,-0.002210971,0.5740929,0.9453172,presence_212,1,xgboost,14.406334,50.0081,26.948,27.939695,0.0,0.0,0.0,0.0
-2.9867532,-3.1264973,-3.3529494,0.13260692,-1.1080463,-0.950923,-0.8304225,-0.86708343,bg_rep05_1104,0,xgboost,7.7654757,25.983906,30.642857,17.359514,23.06342,20.57347,0.33247206,24.635763
-1.2522738,-3.6233938,-1.961676,-3.5637949,-0.8220002,-2.1624448,-2.7184997,-0.9892241,bg_rep04_6421,0,xgboost,14.028,29.26646,31.364,104.37965,19.118486,1068.5706,-0.10151047,40.38585
-1.335535,-2.2086918,-1.3903295,-3.2783883,-1.9965686,-0.07353144,-2.173226,-2.0788596,bg_rep04_5214,0,xgboost,11.841666,24.763,24.192,97.635376,19.245996,719.67426,-0.19353475,38.247295
-1.5634897,-3.635856,-3.2846775,-0.88681555,-1.4916453,-1.778793,-2.2761493,-1.287708,bg_rep01_8749,0,xgboost,9.819333,28.812597,29.044,76.06563,26.738943,184.19853,-0.1554306,32.1516
-3.7252505,-4.9236536,-2.916486,-2.562126,-0.79660326,-0.2681837,-0.15450263,-0.3600358,bg_rep02_7607,0,xgboost,7.6316667,24.826502,31.824,51.35806,0.0,0.0,0.0,0.0
-1.8976028,-2.609326,-0.8068171,1.7240566,-1.9849256,-0.9521759,-2.4905787,-2.3457046,bg_rep02_4561,0,xgboost,12.153,27.295391,24.764,65.965324,25.237843,258.6443,0.029878808,38.777557
-3.5449553,-2.878333,-2.9373283,-2.6410277,-1.5015062,-1.4527094,-0.37745965,-1.3245202,bg_rep05_519,0,xgboost,7.691667,24.911474,31.564001,50.49916,23.692184,38.97586,0.3075301,34.958843
-0.92310804,-5.9461727,-1.6903385,-2.319216,-2.1979594,-1.543037,-1.8825359,-1.716562,bg_rep04_817,0,xgboost,10.708667,20.188272,26.696001,89.00192,28.995184,53.760605,0.16935991,28.976114
-3.2484846,-5.8419023,-1.7543379,-2.2146387,-0.57265556,-1.8806547,-2.2515595,-2.1644006,bg_rep01_3617,0,xgboost,12.81,22.42333,27.1,90.068794,27.952763,82.37318,-0.8731055,29.531353
-2.1329,-2.9914997,-1.6956662,0.94184786,-0.68666655,-2.6674383,-2.5932343,-2.4837573,bg_rep05_8672,0,xgboost,12.206333,27.248713,24.036,65.62914,26.287685,118.05028,-0.21110466,37.093163
-1.0393128,-2.2652977,-2.24635,-3.1344113,-0.7585651,-1.0289124,-2.7681859,-1.5723968,bg_rep02_2709,0,xgboost,11.456,26.651777,22.016,89.00555,20.296745,1027.657,0.04710641,39.902706
-1.1911498,-3.0250642,-0.7462242,-2.8627203,-1.7152772,-2.0754833,-3.1376545,-0.2929516,bg_rep01_9901,0,xgboost,12.190333,25.134708,24.552,99.89623,21.33509,803.21326,-0.23642571,27.030457
-0.23566607,7.9228535,-0.66200966,0.08553234,0.26071674,0.516944,0.54617774,1.4434611,presence_153,1,xgboost,11.661333,47.628384,28.656,44.86694,0.0,0.0,0.0,0.0
-3.0306466,-2.2945716,-1.5695262,-2.6377175,-1.0463601,-2.969389,-1.1764657,-0.8476455,bg_rep03_2420,0,xgboost,7.923333,27.450573,22.808,64.15667,30.644466,1922.6016,-0.13081051,25.918076
-2.2977579,-2.4431736,-1.4927905,-0.5500014,-0.4575994,-2.359297,-2.2055123,-0.9373272,bg_rep03_4858,0,xgboost,9.094999,28.070988,27.944,70.27688,28.077305,323.15616,-0.08159598,40.133442
-1.3151147,-3.33636,-0.12646183,-2.988168,-3.408821,-1.3291656,-2.5223944,-2.3734944,bg_rep01_3304,0,xgboost,8.422,22.617897,23.816,34.88126,31.174114,137.03828,0.25690195,29.54693
-1.0614502,-4.2953258,-2.0686462,-4.130466,-3.2501168,-1.7447253,-0.27980712,-1.3016505,bg_rep03_3060,0,xgboost,11.316667,22.746155,26.984,114.791084,29.17296,174.89258,0.69631195,34.55799
-2.5214813,-3.4958904,-3.191748,-3.2052531,-1.5959617,-1.2483313,-1.8452482,-1.8320972,bg_rep05_6301,0,xgboost,8.381333,26.908094,30.460001,43.941154,34.47598,88.39479,-0.39761963,34.53953
-1.0206531,-4.922394,-0.98290557,-2.5263948,-2.8911407,-1.3153411,-0.97231185,-2.3834867,bg_rep05_5086,0,xgboost,11.009999,21.168192,27.48,90.34353,31.538286,56.206726,0.6162777,24.557638
-2.253146,-3.6335154,-2.9949071,-2.562818,-3.120943,-0.5406875,-1.5195475,-1.3773518,bg_rep02_4428,0,xgboost,7.6449995,24.651745,29.588001,30.560495,36.32502,0.319484,0.3295612,22.534313
-1.475204,-3.1363,-3.0472057,-1.0592506,-0.98008317,-0.6529257,-0.5436882,-0.9483945,bg_rep03_9502,0,xgboost,8.375,26.009315,29.5,73.8583,0.53601134,0.7546929,0.65080523,0.7042223
-2.7601583,-3.792975,-1.0470701,-3.0198195,-1.5884962,-2.1695426,-2.3039858,-2.5287035,bg_rep04_3992,0,xgboost,13.232667,23.75362,26.584,91.263824,29.58389,140.88219,-0.54211277,30.100327
-2.4186907,-4.531702,-1.0058492,-2.724736,-0.92106134,-2.16286,-1.5739037,-3.3484657,bg_rep03_6293,0,xgboost,7.7456665,22.4382,22.935999,31.645601,21.62606,422.14853,0.12578769,43.72535
-1.5270858,-3.699113,-1.3753294,-2.9431338,-1.4094272,-1.8275486,-2.8759925,-0.81581867,bg_rep03_8261,0,xgboost,12.027666,24.280657,25.223999,99.88038,21.968296,590.3492,0.035537317,34.87816
-4.0063267,-2.9721768,-2.5227242,-2.7106783,-1.7372954,-2.235921,-1.8637435,-1.8683065,bg_rep03_4313,0,xgboost,7.7683334,27.033455,29.244,43.086475,33.85034,147.5259,-0.37233624,33.966965
0.15801892,-2.5203013,-1.0345463,-4.016666,-1.5356038,-2.0447855,-2.4499335,-2.354433,bg_rep01_1343,0,xgboost,10.225333,24.625116,27.452,104.559425,18.367603,119.96459,-0.15845954,43.95755
0.70218843,-3.1480937,-0.8164899,-5.3648887,-2.2537313,-2.0768814,-2.8567007,-1.8906178,bg_rep05_7392,0,xgboost,10.465333,26.36901,24.964,108.913345,24.19149,605.2909,0.07313877,34.71565
-2.675822,-3.0712457,-1.1794279,-0.40360105,-1.4200207,-0.87689024,-1.6235768,-1.6304903,bg_rep01_832,0,xgboost,13.346001,24.543917,27.42,64.77904,27.357962,113.99928,0.41930613,28.209333
-0.70153856,-2.340072,-0.9473848,-2.6115544,-0.5602032,-1.3385539,-0.39152575,-1.533517,bg_rep01_2713,0,xgboost,9.255,25.010809,24.44,87.015785,26.081375,166.80478,-0.02586269,37.056
-2.3148837,-3.0556395,-2.7950304,-1.8970964,-1.12518,-1.5608801,-2.3578482,-0.11299755,bg_rep02_2836,0,xgboost,8.970333,28.226349,31.684,49.269352,19.301062,30.79456,-0.29662818,23.127434
-1.9093999,-5.138031,-1.6900352,-0.55424696,-1.0262432,-1.2781138,-2.764128,-0.19167282,bg_rep04_6654,0,xgboost,6.6883335,22.36153,25.48,25.154966,11.954338,18.710808,-0.2834617,27.613068
-1.3960234,-2.652931,-1.8382485,-3.1270351,-1.059857,-2.6296577,-2.7893686,-1.760267,bg_rep02_1173,0,xgboost,11.083,23.135855,25.34,92.495094,23.200392,460.5137,-0.09867295,34.92865
-4.278298,-3.109192,-1.0930709,-3.9043357,-1.0028962,-0.85636485,-0.15112227,-0.5680674,bg_rep04_2091,0,xgboost,13.863334,29.448835,30.935999,89.417336,0.0,0.0,0.0,0.0
-1.9027765,-2.7256246,-2.5894153,-0.95661104,-0.06334952,-2.1532626,-1.1587294,-2.3772044,bg_rep03_6103,0,xgboost,9.839334,28.358696,29.112,77.24653,27.88725,174.76344,0.44496578,29.005259
-1.7285033,-3.6270478,-1.561105,-2.4769282,-2.7271864,-2.856622,-1.6793298,-2.0864766,bg_rep05_6985,0,xgboost,9.552667,29.042522,25.904,51.59353,29.8006,1103.2799,0.52526253,38.727814
-2.8470345,-6.31418,-2.828113,-2.7002566,-0.53538394,-0.33571282,-0.27748707,-0.33332217,bg_rep02_6091,0,xgboost,6.9206667,22.420197,32.332,48.6332,0.0,0.0,0.0,0.0
-3.786222,-2.6724384,-0.71092075,0.60152465,-1.8327035,-2.0592778,-2.986311,-2.5972407,bg_rep05_4476,0,xgboost,13.874,24.858454,24.992,71.67903,20.215067,590.91864,-0.18383911,41.479527
-0.5690035,-3.5097482,-1.7849479,-4.178141,-1.5550532,-1.2155088,-2.1215675,-2.4671876,bg_rep05_8703,0,xgboost,9.792,24.132492,26.696001,104.71356,18.970592,238.26958,-0.2953796,45.364677
-4.1964445,-3.7202113,-1.4849763,-4.7065773,-0.5077025,-0.77404654,-0.2829032,-0.60336965,bg_rep05_2249,0,xgboost,13.45,29.277317,29.652,105.443146,0.0,0.0,0.0,0.0
-1.1369244,-5.387961,-1.7838501,-4.6327667,-2.4166415,-1.1014507,-0.22945459,-1.2174896,bg_rep03_3137,0,xgboost,11.67,21.980713,27.056,111.936714,31.554289,171.19368,-0.0053364984,24.37433
-3.1285326,-3.858526,-1.3930178,-3.4092584,-0.5213933,-1.9952755,-1.8775856,-2.4665449,bg_rep02_4782,0,xgboost,12.777,23.076506,25.632,93.36171,21.066051,358.0525,0.16117169,40.72818
-0.74754745,-2.8085675,-1.3076687,-3.0031228,-1.3710694,-1.5870343,-1.4023217,-2.22628,bg_rep03_3657,0,xgboost,11.351,27.008184,27.924,101.859406,20.877327,88.86669,0.007610096,38.769592
-0.68986523,-4.630092,-1.404707,-3.3951635,-1.77233,-3.0798178,-3.193325,-0.95614856,bg_rep01_6215,0,xgboost,11.743334,30.6935,25.756,87.64756,20.63814,1834.0751,-0.55811,27.30186
-1.2970365,6.9182224,-1.274393,2.1765869,0.2824946,0.008920688,0.57129174,0.97988826,presence_218,1,xgboost,14.035,49.81897,25.976,25.527306,0.0,0.0,0.0,0.0
-3.2595987,-3.2314014,-3.2877693,-1.429064,-1.1883945,-1.559277,-1.6501197,-1.7507387,bg_rep05_8895,0,xgboost,8.629666,27.336754,30.028,25.584332,27.988281,263.3105,0.14911795,34.358906
-2.0469177,-2.7417018,-2.8388948,-2.372745,-2.0055563,-0.9891256,-2.1854882,-0.9916159,bg_rep03_2152,0,xgboost,5.765625,23.461344,28.95,47.0135,25.208824,26.559357,0.26662073,23.02877
-0.90288734,-5.017342,-1.4985167,-0.8382882,-2.7781694,-2.3291516,-2.5516937,-2.3259094,bg_rep04_6858,0,xgboost,10.974334,30.491035,22.532,86.30911,24.391836,2140.0715,-0.2499287,36.643635
-3.1033819,-2.6542041,-1.4173354,-0.04161431,-1.2708727,-1.731969,-2.041236,-3.142259,bg_rep05_9052,0,xgboost,14.7300005,25.995342,27.732,64.47351,28.776379,162.41014,0.63609654,29.044178
-0.99499077,-2.7282593,-1.0605695,-3.8204017,-0.82753915,-1.4648558,-2.538289,-2.6344879,bg_rep01_5866,0,xgboost,12.502334,26.107445,29.336,116.85497,18.266558,264.5154,0.05593811,49.352085
-1.6645476,8.292225,1.4144611,-3.109714,0.4339384,0.10389205,0.16100372,0.8532208,presence_135,1,xgboost,13.344333,58.384373,37.588,112.39926,0.0,0.0,0.0,0.0
-3.2979388,-4.7450767,-0.8098981,-3.0393825,-1.8758692,-1.7475038,-2.6159132,-2.2828443,bg_rep03_3731,0,xgboost,12.836667,22.868715,25.788,93.63702,21.430956,317.51022,-0.21852736,39.76667
-3.8131254,-3.6609619,-1.3626597,-2.3915308,-0.8277522,-1.5194052,-0.058414668,-1.0366943,bg_rep01_9504,0,xgboost,13.924334,30.981518,28.636,96.40273,13.297388,1484.3217,0.40704387,70.87342
-1.6942042,-3.213663,-1.5879593,-2.4018564,-1.233288,-2.5159254,-2.1064966,-1.6929095,bg_rep04_9491,0,xgboost,14.111667,28.839342,31.9,92.007904,26.394491,1071.8066,0.18716288,35.821617
-2.1329725,-1.1837603,-0.921694,-2.265316,-0.44306758,-1.3457524,-1.8434846,0.3083404,bg_rep05_6246,0,xgboost,12.591001,25.89036,24.328001,99.27066,19.314295,1005.9563,0.2022546,27.862041
-0.6425018,-2.4167018,-1.4284905,-0.38888752,-1.5055336,-1.0319381,-3.0017867,-0.9970833,bg_rep04_1302,0,xgboost,11.511,23.175888,26.612,81.110794,19.718292,73.82042,-0.24253283,23.575537
-0.8309093,-3.7750232,-1.5552357,-2.8922925,-0.53130215,-0.83715993,-1.5727632,-0.5451788,bg_rep03_3502,0,xgboost,4.5,18.907562,29.4,52.00237,4.1387453,2.2752366,0.55793405,4.0948386
-2.9161825,-3.0013359,-1.174804,-3.5065954,-0.8517618,-1.6654251,-3.4172928,-2.245287,bg_rep04_1484,0,xgboost,12.705667,27.044842,23.072,101.00773,20.113178,1162.0417,-0.08322845,33.02474
-2.4504125,-3.7253952,-3.0599463,-0.50889015,-1.4203057,-2.2977657,-1.1622008,0.11501731,bg_rep01_6249,0,xgboost,9.277666,28.511576,29.028,71.92657,28.006664,134.80524,0.28005573,32.572006
-1.9760929,-3.891337,-1.2184228,-2.6069925,-1.0381268,-1.008696,-1.1207669,-3.0468066,bg_rep02_2866,0,xgboost,7.0513334,20.302124,20.004,57.58995,22.247559,221.15604,-0.3820928,42.15426
-0.7045787,-4.6037865,-1.267155,-3.2457128,-1.7056164,-1.3725499,-0.4800967,-2.0064995,bg_rep03_8594,0,xgboost,11.383667,22.586641,27.84,122.8363,22.195456,131.18999,0.38873193,50.750034
-5.32099,-3.2373402,-1.5105329,-4.579304,-1.1581718,-0.8127641,-0.15543175,-0.51684004,bg_rep05_2942,0,xgboost,14.907333,32.951664,30.28,87.30877,0.0,0.0,0.0,0.0
-0.7021588,-5.739063,-2.4483123,-0.02835587,-1.5767998,-1.7423352,-2.045739,-2.046284,bg_rep02_9012,0,xgboost,10.588,19.938234,26.140001,80.551445,28.463303,51.813774,-0.25953463,29.552914
-1.847892,-4.312813,-1.6475952,-2.9013176,-2.1589243,-1.4168828,-0.32629138,-2.3401163,bg_rep05_7335,0,xgboost,7.953,22.61688,19.488,36.22579,23.939411,941.439,0.34517455,41.533894
-2.2507138,-3.3470583,-1.3513488,-4.5702877,-0.87742925,-1.2135472,-0.21504301,-0.14949076,bg_rep01_2991,0,xgboost,12.690333,31.393066,26.844,97.37987,0.0,0.0,0.0,0.0
-3.4851303,-2.5962605,-2.0567753,-2.072713,-2.313001,-2.2465482,-2.5767076,-2.1041863,bg_rep05_6434,0,xgboost,13.019,27.7875,22.1,99.69416,21.618896,1307.7102,-0.4041078,35.671833
-3.1719062,-3.2294037,-0.4861571,-4.564522,-1.270721,-0.9338968,-0.13929704,-0.52225536,bg_rep01_2707,0,xgboost,13.020667,31.76392,27.408,91.77152,0.0,0.0,0.0,0.0
-4.2746806,-2.8458974,-0.66784245,-3.2079866,-2.11835,-2.2618878,-1.6418942,-1.5241896,bg_rep01_1384,0,xgboost,7.9413333,25.640362,28.5,37.601036,32.837173,424.72623,-0.0773403,33.08913
-2.8655372,-2.8654459,-1.361441,-3.4093008,-2.3862576,-1.765631,-1.7258743,-1.9897375,bg_rep01_9666,0,xgboost,12.801333,27.648668,22.38,100.96394,21.981455,1273.2097,0.00732546,34.152794
-4.9914107,-1.9018384,-1.3609172,-0.7902263,-1.8777593,-1.4119021,-1.7903563,-2.7460775,bg_rep03_1058,0,xgboost,14.743,26.132658,25.06,73.30051,19.385984,546.4468,0.2595062,44.631317
-2.0559661,-4.143245,-1.3739407,-3.2487936,-1.1470139,-2.3858035,-3.2661026,-1.5646216,bg_rep04_6956,0,xgboost,14.029667,30.091084,29.383999,102.7971,21.100061,1348.7019,-0.21106876,54.136955
-0.73571867,-3.971656,-1.6261334,-2.0628486,-2.7939408,-2.5789783,-1.624863,-1.9174244,bg_rep01_6163,0,xgboost,11.787,31.388475,25.132,84.74581,25.346348,1799.6721,0.47783217,26.885946
-0.5923714,-3.268887,-0.8521842,-3.8185158,-1.0563208,-1.722587,-2.0879095,-1.9859818,bg_rep05_5452,0,xgboost,11.886333,24.018618,28.3,120.65164,20.43429,190.05183,-0.40969944,43.488956
-0.9362613,-4.553478,-2.0505836,-2.8420522,-1.5354519,-1.1914251,-0.7146671,-1.734386,bg_rep02_7445,0,xgboost,11.608333,22.910582,25.396,101.596794,26.936054,289.81125,-0.45610288,29.59729
-2.8896477,-2.2317722,-1.2231737,-2.9288146,-1.6327225,-2.1162107,-1.472408,-1.6211983,bg_rep01_5838,0,xgboost,12.785,25.994225,24.816,96.94684,21.647972,841.8258,0.15186198,25.34202
-1.28979,-2.2758434,-1.9377706,0.2485766,-0.8208454,-2.2706122,-3.0843809,-2.8336759,bg_rep04_9534,0,xgboost,11.485666,25.431023,22.288,65.485985,21.082733,446.91113,-0.2523628,40.635788
-3.673475,-4.0744457,-2.9026048,-2.8418813,-0.69274765,-0.4212051,-0.13596724,0.08576228,bg_rep05_4377,0,xgboost,7.717,25.475374,31.3,53.848736,0.0,0.0,0.0,0.0
-1.3672982,-3.3811746,-3.3302655,-4.2195206,-0.58183175,-0.9352728,-0.4052084,-0.20397116,bg_rep05_941,0,xgboost,11.590334,32.371616,19.124,94.83053,0.0,0.0,0.0,0.0
0.1615485,-4.3591995,-2.486239,-0.42575234,-0.07195262,-2.119563,-2.1843796,-2.084827,bg_rep04_2243,0,xgboost,10.208,29.472227,29.088,80.77008,27.644293,109.34876,-0.09183763,35.808422
-1.4896818,-4.981358,-1.4017309,0.03436892,-1.7990718,-0.82615906,-1.7828265,-1.3186651,bg_rep04_8236,0,xgboost,10.94,20.928988,26.688,82.05825,28.42333,88.73632,0.039482243,25.66578
-3.3484008,-2.1073465,-1.4200252,0.18702984,-0.9961925,-2.5235353,-1.6048547,-3.4440503,bg_rep01_7670,0,xgboost,14.889667,26.133226,27.916,64.45786,26.882915,152.33495,0.59286344,29.230274
-3.1577003,-4.6154385,-3.5010781,-2.1065447,-0.7319293,-0.38147077,-0.26923436,-0.65604484,bg_rep03_7494,0,xgboost,6.9676666,24.732594,30.208,61.171165,0.0,0.0,0.0,0.0
-3.6150231,-5.7057986,-2.9720302,-2.427244,-0.69061583,-0.15655205,-0.2929574,-0.46085012,bg_rep02_2940,0,xgboost,7.5360003,24.113657,32.568,46.958717,0.0,0.0,0.0,0.0
-1.1961172,-4.2620435,-1.7893351,-1.2557092,-1.3504835,-2.4848497,-2.0559695,-0.546217,bg_rep04_3916,0,xgboost,11.867666,31.194582,25.276001,85.31114,20.488243,1781.6469,0.029166916,31.915047
-0.04049252,-3.7222404,-0.6525748,-0.8862407,-1.291002,-2.0338113,-1.3873314,-3.3154192,bg_rep02_4112,0,xgboost,9.848666,19.329304,24.324,85.2959,23.390978,393.36862,-0.023726346,40.648968
-1.5804656,-4.236532,-1.4497997,-2.8886647,-1.5541447,-0.48175463,-1.4745878,-3.0139506,bg_rep03_113,0,xgboost,6.0456667,18.418434,19.736,33.160347,22.717237,695.90753,-0.58987105,43.500633
-2.1329668,8.231494,-0.6058082,0.78179073,0.21096076,0.44268918,0.4317894,1.064433,presence_40,1,xgboost,13.001333,56.32184,28.204,29.655846,0.0,0.0,0.0,0.0
-1.1397204,-2.618379,-0.25745642,-3.9086497,-0.8129837,-1.7572759,-2.5522952,-2.9130328,bg_rep05_882,0,xgboost,12.525333,26.094444,29.44,117.52699,18.729439,261.82123,0.041422818,47.841156
-0.7080818,-5.235846,-0.60305643,-4.200816,-2.197604,-1.4726647,-1.0155406,-2.1446526,bg_rep05_6969,0,xgboost,11.649,22.336632,28.24,113.907425,25.479073,140.79376,0.3987946,22.314388
-1.2401191,-3.136362,-1.7663988,-0.9440554,-1.3067129,-1.9109337,-0.87457764,-2.616216,bg_rep04_7599,0,xgboost,11.790999,22.957554,25.388,81.30999,19.86384,474.24063,0.42841086,35.821213
-2.6386297,-3.937734,-1.7351369,-3.2460449,-1.3370061,-1.8051761,-0.32790467,-2.1223254,bg_rep01_4683,0,xgboost,13.017333,31.783703,27.06,91.58757,19.744572,1688.0625,0.585352,36.80232
-1.0620238,-2.3007722,-1.7798586,-4.6746764,-1.3167504,-1.2614607,-1.8256648,-0.8540727,bg_rep01_4861,0,xgboost,11.85,23.35988,26.392,106.80134,23.44987,221.30093,-0.19153807,31.389633
-2.8627977,-3.4746723,-1.3940948,-3.4211497,-0.72131693,-0.978162,-0.06175383,-0.28069407,bg_rep05_9812,0,xgboost,14.114667,29.962357,30.456,94.82453,0.0,0.0,0.0,0.0
-3.2565506,-1.2064514,-3.5432844,-4.2452893,-0.4005377,-1.2844241,-0.3355211,-0.3128044,bg_rep03_4523,0,xgboost,14.048333,35.47559,18.004,94.68655,0.0,0.0,0.0,0.0
-1.116775,-4.3364434,-1.6130912,-4.503885,-2.4826615,-1.5387837,-0.81225455,-2.0579274,bg_rep02_2069,0,xgboost,11.298333,22.81017,26.812,114.584435,29.84393,186.93665,0.34177366,37.655228
-3.4922972,-3.7175355,-2.7239442,-2.8368578,-0.61340195,-0.3922639,-0.0506929,0.088179834,bg_rep04_2818,0,xgboost,7.904,25.806452,31.876,55.71764,0.0,0.0,0.0,0.0
-3.0448604,-2.5542812,-1.071678,-2.7407854,-1.2289956,-2.6050398,-1.4369693,-1.4167289,bg_rep05_7316,0,xgboost,8.377999,27.53023,28.516,49.58884,30.998337,411.9748,-0.3691222,39.086117
-0.033592753,-3.5686314,-1.0146011,-0.9134651,-0.73016983,-1.9884306,-0.18980047,-1.537909,bg_rep05_3884,0,xgboost,10.175333,29.357569,27.344,84.20142,28.032984,412.56396,-0.4731103,34.390457
-1.4597987,-3.133875,-1.9039363,-4.82849,-1.2007264,-2.1827154,-0.19260514,0.2581232,bg_rep04_2880,0,xgboost,11.967999,23.70652,26.996,103.862724,23.215355,308.81042,0.6377275,33.471832
-1.1853416,-3.3895576,-1.2535216,-4.9853487,-1.3273879,-1.2559156,-2.9840682,-0.45638323,bg_rep02_595,0,xgboost,12.364333,23.982336,25.068,102.96651,21.350195,229.79663,-0.28339273,31.291042
0.6845981,-0.17753302,0.7334794,2.4780006,-0.43569157,-0.32834697,-0.043910667,1.2148683,presence_109,1,xgboost,9.607667,23.015684,23.864,70.82843,24.34082,266.0653,0.28500056,32.465813
-2.9381313,-2.5204546,-1.8843209,-3.1774693,-1.2831519,-1.7631527,0.13759609,-2.574518,bg_rep02_7086,0,xgboost,7.5163336,26.182016,25.472,58.93117,27.49261,1398.5804,0.6937693,29.33042
-1.8452506,-2.755848,-1.6661448,-3.3900206,-1.238021,0.373957,-2.0795856,-2.3140845,bg_rep03_9597,0,xgboost,12.311,26.33707,23.712,97.81055,19.729422,698.3042,-0.52254397,35.343174
-2.2827256,-4.4038053,-1.7529664,-3.6256928,-1.7363099,-1.9454271,-1.0065228,-2.1932275,bg_rep04_7026,0,xgboost,12.5529995,24.201818,26.228,101.02599,27.560076,317.4407,0.6414365,26.6605
-3.4772887,-2.603915,-0.6801247,0.3529544,-1.3497119,-1.4950513,-1.972131,-0.0076660668,bg_rep02_6435,0,xgboost,8.235333,26.52794,28.3,68.16087,28.202204,195.58823,0.20203477,32.580307
0.03913285,-2.1685958,-0.761984,-3.3352215,-1.4140573,-1.4724386,-1.2518805,-1.223708,bg_rep03_8999,0,xgboost,9.7543335,23.463709,24.124,87.48596,20.646992,265.9402,-0.404708,34.369087
-1.1319627,-3.9008696,-0.76246876,-3.6542811,-0.73361325,-1.3541404,-1.7161433,-2.1110134,bg_rep02_2204,0,xgboost,11.8566675,22.834656,28.708,119.846596,23.250593,142.16115,0.096493684,52.28327
-1.6696695,-3.8655393,-0.83619225,-3.010404,-1.1589738,-1.3351178,-0.118318096,-1.928126,bg_rep02_3683,0,xgboost,6.612,21.937624,23.684,31.983967,18.447876,213.17847,0.93785787,41.537785
-1.0228882,-4.029254,-1.8946346,-5.3150125,-1.740027,-1.0422273,-2.0657716,-0.41379622,bg_rep05_2576,0,xgboost,12.282667,23.092928,26.24,104.328156,26.356993,235.02643,0.045135263,27.109459
-2.7061458,-2.1517704,-2.5652478,-2.5074072,-1.4452919,-2.5829778,-1.1594533,-1.7671595,bg_rep04_4017,0,xgboost,8.597,27.73226,28.904,49.259384,27.16299,433.4727,0.32628602,41.442055
-1.3776374,-2.7958827,-1.6410323,-2.1405456,-1.143007,-1.5754076,-2.0664291,-3.2757943,bg_rep02_1202,0,xgboost,8.297333,23.47062,22.152,35.085117,19.612314,254.36562,0.1321853,48.72194
-0.75441587,-2.2449493,-1.6482685,-3.5407505,-1.3547972,-1.3883843,-1.3399739,-0.4415406,bg_rep04_3569,0,xgboost,12.314333,26.285719,25.5,95.73378,22.731186,352.57062,0.15868847,31.267195
-1.0149014,-4.949444,-1.1034478,-2.3666594,-3.035589,-1.0443157,-0.6592183,-1.1972415,bg_rep02_6796,0,xgboost,10.903334,21.217665,27.388,93.213005,29.92248,62.716557,0.6080291,27.49708
-2.6389282,-3.0572696,-0.8913829,-3.3583288,-0.9057867,-1.8550928,-2.2202892,-1.05685,bg_rep04_8620,0,xgboost,13.221,23.471453,26.76,92.302734,27.40629,117.20033,0.045478377,30.665697
-3.1336646,-2.8498597,-2.0327394,-0.091101564,-1.7578288,-2.4283233,-1.4693538,-2.1558144,bg_rep05_6465,0,xgboost,13.096,25.47067,21.716,69.48809,22.202814,1018.0664,0.25363964,41.05361
-4.0577083,-5.0440736,-1.6483812,-3.4809089,-1.1404797,-1.3270447,-0.7205734,-2.217128,bg_rep05_4740,0,xgboost,13.615666,22.572392,26.224,91.49425,21.227179,355.85272,0.46298856,41.34754
0.036873814,-3.3166673,-1.1321815,-3.4226487,-2.4492533,-2.4375503,-1.4101342,-0.24523449,bg_rep02_8845,0,xgboost,10.580334,28.07646,23.464,87.3064,24.139084,876.068,-0.40427592,40.502613
-1.4237399,-4.178748,-1.1978732,-2.757977,-1.1414888,-0.6588293,-1.3881701,-2.3450828,bg_rep04_8882,0,xgboost,7.101667,22.295826,21.288,39.25866,23.966974,65.46785,0.104625806,39.26257
-1.3859067,-1.9131459,-1.9430244,-1.5996355,-1.819766,-1.0082431,-3.3649366,-1.7424597,bg_rep02_8409,0,xgboost,12.165334,25.769644,20.188,60.842503,19.552841,774.8135,-0.28473327,43.36076
-1.4320198,-6.3361177,-1.3651345,0.33277363,-2.4990737,-1.4754137,-2.3230565,-0.7419894,bg_rep02_9241,0,xgboost,11.9036665,22.458054,26.779999,72.85203,31.90517,63.73529,0.2539255,23.249277
-2.1992178,-2.2214928,-0.51294005,-4.1540656,-0.49418268,-2.010871,0.26451266,-1.4957693,bg_rep04_8968,0,xgboost,12.772667,26.736723,28.184,121.748825,19.950579,323.08823,0.45463985,49.44295
-1.3776973,-4.9230905,-2.3623028,-0.71236676,-2.5235271,-1.1600457,-2.1936524,-0.1767783,bg_rep01_9549,0,xgboost,11.2786665,22.240627,26.3,81.63891,24.923887,235.46089,0.8090552,31.042057
-2.716173,-2.6025643,-1.7375084,-2.6395466,-3.0292077,-2.3952794,-2.2007742,-0.99098593,bg_rep03_6219,0,xgboost,7.7883334,27.103052,20.28,62.30068,29.505627,2266.274,0.056492645,25.615295
-0.17023395,-4.577931,-1.1960722,-2.50377,-2.158452,-1.3794161,-0.65276027,-0.8280277,bg_rep04_3960,0,xgboost,10.517667,20.62773,27.188,89.28339,30.237463,60.179165,0.6420449,27.019726
-1.37377,-3.2780726,-1.7342218,-3.253525,-1.8596271,-2.2248995,-0.5628067,0.07456593,bg_rep05_4531,0,xgboost,11.890667,24.158201,25.904,96.880974,26.207106,460.72067,0.63056713,33.588146
-2.8915908,-2.644296,-1.8119764,-3.3687444,-1.5899028,-2.2377563,-1.5024719,-2.2688468,bg_rep02_3145,0,xgboost,7.6353335,26.383322,26.032,58.541424,27.044275,1376.0049,-0.4227437,30.14201
-2.3345118,-4.052565,-2.1857538,-3.2684386,-0.42803833,-1.5151577,-1.552378,-1.5394924,bg_rep02_1522,0,xgboost,14.043,30.312122,29.824,104.03837,18.092846,1248.759,0.25425085,51.005447
-0.30041435,-2.6269693,-0.5930713,-3.6817217,-0.6805427,-1.6463014,-1.6215414,-2.530369,bg_rep02_8573,0,xgboost,11.3706665,24.738201,27.536,103.534615,19.439728,183.35269,0.27728736,49.12556
0.6780218,-2.5880527,-1.404495,-2.7511683,-1.1251354,-1.7528982,-2.29856,-2.136991,bg_rep05_6561,0,xgboost,10.423333,26.265833,27.948,99.45503,23.190918,37.185856,0.08450788,36.928585
-2.0747626,-3.5056777,-1.1243916,-1.7495024,-3.5858998,-2.626496,-1.7921257,-1.9839951,bg_rep02_7809,0,xgboost,8.348,28.275301,23.216,64.4521,29.301567,1834.8903,0.18208434,30.199797
-4.5710464,-3.3975158,-1.8118659,-2.4243956,-0.9723048,-0.9925676,-0.029314617,-0.45097202,bg_rep01_5758,0,xgboost,13.811334,30.053385,30.196001,85.93657,0.0,0.0,0.0,0.0
-1.1608347,-3.3675444,-1.969287,-1.6307582,-1.7957046,-1.6545893,-1.1116192,-2.891358,bg_rep05_2369,0,xgboost,7.455333,22.760206,26.9,93.786674,18.580828,126.94169,-0.4372033,46.74169
-1.3765367,-5.045982,-0.78368455,-2.4385157,-2.2431536,-1.2064826,-2.1668735,-1.5660788,bg_rep01_4311,0,xgboost,11.2126665,21.240938,27.364,95.04733,29.62706,58.95527,0.033460498,26.984812
-3.059755,-2.5490735,-1.4948786,-2.97098,-1.675738,-1.8497972,-2.0691304,-1.7238601,bg_rep02_1263,0,xgboost,8.349667,26.554085,28.768,29.595703,29.184576,489.91705,-0.17173469,34.970474
-0.779908,-3.913116,-0.27891743,0.29237345,-2.413527,-2.0058103,-1.4246454,-1.9556702,bg_rep02_5304,0,xgboost,10.987666,30.08671,27.44,68.18398,32.075535,375.95975,-0.16435665,29.142931
-0.52548414,-1.6396115,-0.90898776,-2.0573764,-1.8276582,-1.6824235,-2.7033515,-1.8268635,bg_rep02_6570,0,xgboost,10.480333,27.819956,27.712,94.306755,31.101887,319.72446,0.50514984,28.92389
-2.8597386,-3.7334626,-3.1565425,-2.6856663,-1.528959,-1.0221289,-0.93628156,-1.7486584,bg_rep03_9651,0,xgboost,8.123333,25.723032,31.088,58.106155,23.758009,115.05158,-0.036694586,34.590927
-0.6188135,-5.8269186,-1.4618489,-1.7464192,-1.8478303,-1.4078566,-2.1705685,-0.17334661,bg_rep03_2630,0,xgboost,10.549,20.352291,26.8,84.345184,28.302889,76.43503,0.19153768,28.102367
-3.548436,-4.964803,-3.0805125,-2.3148391,-0.87416077,-0.18286598,-0.33861682,-0.40542728,bg_rep01_4414,0,xgboost,7.3226666,23.615412,32.084,47.39781,0.0,0.0,0.0,0.0
-1.1651932,-3.6718597,-1.1052457,-2.087831,-2.185418,-1.3830303,-2.1788254,-3.0195308,bg_rep02_907,0,xgboost,8.952333,24.287394,22.676,38.564213,14.30703,217.06378,-0.14672688,50.14977
-1.4372313,-3.7149942,-1.2933875,-3.4249442,-1.6672034,-1.6565224,-3.0068433,-1.8656756,bg_rep01_4911,0,xgboost,11.881333,24.037659,25.084,97.17887,22.277771,593.21075,-0.201981,34.266
-3.1241236,-3.6813655,-2.4224625,-4.1504917,-0.72251457,-1.3252909,-0.44936922,-0.56687176,bg_rep04_2794,0,xgboost,12.826667,32.466,23.872,95.34676,0.0,0.0,0.0,0.0
-5.305213,-3.1973472,-1.3997281,-4.1563993,-1.125705,-0.74673355,-0.17416644,-0.44741338,bg_rep02_1968,0,xgboost,14.739667,33.096073,29.736,92.62144,0.0,0.0,0.0,0.0
-1.4027175,-2.6251032,-0.4510734,-3.2295086,-1.6314796,-1.4485352,-3.2494085,-1.2095681,bg_rep02_1285,0,xgboost,11.983666,23.532454,28.624,122.95058,21.354826,134.4551,-0.13145015,59.538105
-2.9107225,-2.7121408,-0.26412112,-4.186426,-1.3883439,-1.2228827,-2.5600197,-2.035861,bg_rep04_7380,0,xgboost,12.896667,26.79437,28.512,123.10004,20.559662,276.3054,0.037891783,51.5033
-1.3171858,-0.8150925,-1.6877174,-2.5011482,-1.2051792,-1.0671904,-1.7093654,1.8507133,bg_rep01_2506,0,xgboost,12.128,25.782314,26.892,99.32563,19.354504,508.5829,0.1006126,28.532944
-3.2712288,-3.2191164,-1.885603,-0.7022404,-1.6324604,-2.1082807,-2.7467878,-2.3125403,bg_rep05_3635,0,xgboost,13.058001,25.355341,21.004,69.02111,19.46363,1079.8964,-0.0485282,42.948017
-1.4312843,-5.629591,-1.5891961,-1.7268057,-2.1013968,-1.9999063,-1.1529301,-1.6173022,bg_rep05_6171,0,xgboost,12.4123335,22.468203,26.883999,92.80395,29.116882,69.921715,-0.39757153,29.721224
-0.89287096,-6.0592885,-1.4419835,-1.9271036,-1.914366,-2.0853603,-1.3313642,0.08485604,bg_rep04_2775,0,xgboost,12.239333,22.267908,27.076,93.86063,31.576109,59.03287,-0.34720147,27.898726
-1.7459856,-3.4352407,-1.6208477,-3.5705829,-1.1386527,-1.315169,-1.547102,-2.9027433,bg_rep01_7521,0,xgboost,12.443,24.03237,26.34,101.43655,20.76894,363.31015,-0.3696623,36.029255
-2.0623553,-2.230927,-2.034786,-0.51432925,-0.74896157,-3.5810666,-2.2736526,-2.102622,bg_rep04_2029,0,xgboost,8.143667,24.576492,28.1,21.250793,23.24758,414.08133,-0.1657614,41.318977
-2.7830403,-3.6293378,-1.9300711,-2.964332,-0.86030054,-1.5993975,-0.7636754,-1.1403097,bg_rep02_7573,0,xgboost,14.047333,30.984943,28.855999,98.806076,12.990048,1434.8574,0.37614557,69.05118
-0.27323148,-3.8284626,-1.8767287,-0.0920694,-0.9270384,-1.222477,-2.3339233,-0.16911936,bg_rep05_9935,0,xgboost,10.202333,20.797321,25.723999,81.53551,30.411924,258.6716,-0.24259841,27.815067
-0.479605,-4.894076,-1.7949271,0.08104777,-1.7845019,-1.4227499,-2.1757877,-0.9208081,bg_rep03_3536,0,xgboost,10.615334,20.665264,26.792,79.90847,33.40352,67.08742,-0.26422545,22.904099
-2.470014,-4.0015025,-0.50181353,-1.7009518,-0.13289256,-1.6043975,-0.7852541,-2.7521806,bg_rep03_2401,0,xgboost,9.474334,29.533459,29.408,52.97828,27.89555,224.94089,-0.020322751,37.60378
-1.1847335,-2.8254883,-0.10298308,-4.4363365,-2.1431215,-1.2099581,-0.63728774,-1.6021497,bg_rep01_4114,0,xgboost,12.027667,22.967588,27.512,117.01311,28.902243,173.51958,0.46353874,44.021877
-3.6889393,-5.1352105,-0.997644,-2.5988395,-1.2878318,-1.6935443,-3.019362,-2.3926058,bg_rep02_7261,0,xgboost,12.947666,22.452082,24.84,94.40805,20.200432,591.14355,-0.25179183,41.834965
-5.2617016,-3.2373402,-1.4042572,-4.601078,-1.1427286,-0.8127641,-0.14812893,-0.47481295,bg_rep04_3183,0,xgboost,14.939333,32.848137,30.58,88.6451,0.0,0.0,0.0,0.0
-0.9974914,-3.734921,-1.6484925,-1.1528202,-2.7872584,-1.420753,-2.1777246,-0.59957594,bg_rep04_1085,0,xgboost,11.587,23.969797,26.164,85.782234,29.58007,253.88414,0.40737745,27.386482
-1.7043825,-3.8974707,-1.31227,-2.775438,-1.0010487,-1.8602622,-2.25326,-3.405242,bg_rep04_7244,0,xgboost,6.3273335,19.430454,21.44,34.850445,19.144392,348.8223,-0.16117813,44.429413
-1.9597857,-4.5673156,-1.4834367,-3.4947727,-0.8003388,-1.3545268,0.12488413,-2.1425436,bg_rep01_5613,0,xgboost,12.600333,31.867308,25.0,90.839584,17.815851,2110.862,0.7963052,33.179142
-3.9888544,-2.096337,-1.0914154,-2.9894295,-2.0239394,1.1458875,-2.7742474,-2.078014,bg_rep04_4247,0,xgboost,7.957,26.95826,26.56,49.368366,31.450563,721.0427,0.26807788,36.666805
-3.9981327,-5.1259985,-1.4515238,-2.9620419,-1.7313745,-1.3083947,-2.9840357,-2.4196274,bg_rep01_7287,0,xgboost,13.523666,22.478004,25.476,92.41641,21.496202,529.9091,-0.23635101,40.74409
-1.6818584,-1.7733549,-1.5424813,-4.3447957,-1.1939765,-1.5841106,-2.3389645,0.42530516,bg_rep05_4021,0,xgboost,12.289666,24.493118,25.38,98.54654,23.185148,445.73276,-0.57720315,33.562355
-2.3664875,-2.8240275,-1.7309073,-3.724144,-0.93604064,-1.7132293,-1.6599808,-2.38945,bg_rep01_3138,0,xgboost,12.760667,26.027304,28.944,119.91398,18.466692,161.83183,0.15714657,52.19769
-1.030561,-4.1871142,-0.3935965,-3.5623488,-1.406864,-1.6947311,-1.8604641,-1.8193635,bg_rep01_8132,0,xgboost,11.801333,22.784256,28.724,120.88414,27.559355,130.12054,0.21536817,42.70757
-0.7608091,-3.1823103,-1.3484468,-4.076928,-2.0377133,-1.8901254,-1.0832787,-2.5386546,bg_rep03_3494,0,xgboost,11.662,23.57865,27.732,108.36267,28.143335,193.17233,0.90591276,29.99485
-4.224447,-2.4260018,-0.49306375,-0.73715186,-1.1712873,-1.451711,-1.4754987,0.3228866,bg_rep05_4083,0,xgboost,14.758667,25.670818,27.404,73.646706,23.290562,177.62498,0.23337594,32.53758
-3.4983132,-3.2491834,-1.3747038,-3.187959,-1.3433325,-2.5236404,-2.3512316,-0.65176964,bg_rep01_1107,0,xgboost,7.2396665,25.70539,26.964,60.154076,26.525604,1285.9335,-0.29177535,30.716125
-1.7763314,-2.2194777,-1.4362031,-4.1640344,-2.3123834,-1.6159923,-2.407795,-1.525807,bg_rep02_2179,0,xgboost,12.042334,24.717432,25.228,98.46034,24.851553,495.4351,-0.15415515,32.34335
-1.4435678,-3.621311,-3.2326837,-4.047037,-0.54701024,-1.5299754,-0.4219713,-0.15331273,bg_rep05_6641,0,xgboost,12.411667,31.40922,21.928,95.67195,0.0,0.0,0.0,0.0
-2.5324762,-3.8464992,-0.2626897,-0.4785374,-1.1660635,-0.56404316,-0.39569798,-1.2312062,bg_rep03_3749,0,xgboost,7.3125,24.442896,29.45,24.60173,12.051342,3.6374376,0.6731806,12.830808
-2.5156684,-4.72839,-3.4597793,-2.61284,-1.3562585,-0.42640394,-0.33087412,-1.3622813,bg_rep05_632,0,xgboost,7.01875,23.772228,30.55,45.50523,10.109255,-0.23357314,0.6735116,6.603934
-0.15970066,-2.1500633,-1.7674185,-4.5970693,-1.2161629,-1.540628,-2.2850294,-2.5571153,bg_rep04_4541,0,xgboost,10.669,24.726522,27.132,105.30179,18.765282,217.61902,0.19169587,39.677986
-2.374525,-3.624282,-1.5829148,-4.1768126,-1.6749039,-0.7989743,-1.7461265,-1.1490557,bg_rep02_1465,0,xgboost,13.239,23.879871,26.144,97.44932,24.472767,272.36267,-0.3350588,33.164173
-1.555323,-3.6429687,-2.4022393,-4.374997,-1.1143448,-1.0219513,-0.2064158,-0.31699553,bg_rep05_7890,0,xgboost,11.978333,30.619461,25.188,93.3429,0.0,0.0,0.0,0.0
-2.7858555,-3.1904187,-2.1281998,-3.5621789,-2.6414862,-2.031412,-2.759052,-0.2586791,bg_rep04_8757,0,xgboost,12.551,27.204351,22.748,98.90161,22.756172,1191.3567,-0.07010017,31.072052
-3.4819868,-3.0059466,-0.39262334,-4.011064,-2.0012798,-2.5602443,-2.5949821,-1.5096557,bg_rep03_7526,0,xgboost,13.456,29.41588,29.428,105.389694,22.503866,1490.6582,-0.89772815,41.958992
-2.0111034,-2.5237834,-1.0076255,-3.3369222,-0.98901224,-1.7368755,-1.2792931,-1.7162662,bg_rep01_8284,0,xgboost,12.566333,27.318115,25.876,97.67906,21.309608,269.78745,0.5702109,30.486116
-1.0709562,-5.116469,-1.82337,-3.1105158,-1.8769614,-1.1762009,-0.8728267,-1.8475156,bg_rep04_6626,0,xgboost,11.275667,22.243484,26.08,101.334854,25.677937,166.06577,0.29137656,30.581188
-2.1920245,-3.8579063,-0.81555754,-1.7712413,-1.3386415,-1.6185099,-2.7830765,-0.5140851,bg_rep01_1621,0,xgboost,7.4416666,23.707127,20.65,39.062965,11.626565,27.310478,-0.2924401,16.411655
-3.0731328,-2.5151515,-0.62773776,-2.497877,-0.7389591,-1.5322113,-1.1122015,-2.8435895,bg_rep04_7729,0,xgboost,7.9113336,24.975796,22.52,39.090645,21.075737,217.89738,-0.4276562,44.041634
-2.1888347,-3.9291432,-0.92928576,-0.24137251,-2.1837351,-1.9120651,-1.6496129,-2.8755724,bg_rep01_3371,0,xgboost,13.305667,24.23089,25.128,72.38785,19.159548,486.57346,0.16194925,41.15101
-0.41457152,7.1237364,-1.2188628,1.5949883,0.63061345,0.9402415,0.37171438,1.5469564,presence_179,1,xgboost,8.279667,41.49793,22.028,25.48335,0.0,0.0,0.0,0.0
-0.701981,-3.032881,-1.5008018,-4.3861313,-0.7550628,-0.8937583,-2.5843732,-1.756154,bg_rep01_763,0,xgboost,10.905999,24.393845,27.911999,103.89128,30.028887,18.7877,-0.2881381,34.609394
-1.9796642,-1.5974073,-2.133302,0.1893797,-1.6839643,-2.097038,-2.220777,-3.122571,bg_rep04_6394,0,xgboost,12.454333,25.746988,22.884,65.85973,20.198704,476.12943,-0.1314927,39.78439
-0.718234,-4.091852,-1.9637102,-1.9823933,-2.2801378,-2.7341838,-1.8176538,-0.5021661,bg_rep05_1918,0,xgboost,11.679999,30.997877,25.512,83.96845,25.584967,1714.0237,0.27133638,27.430544
-0.7637515,-4.49452,-1.0664649,-3.6013336,-1.37947,-2.0966368,-2.8648908,-1.067114,bg_rep01_1619,0,xgboost,12.421666,31.919176,24.528,87.63446,20.26745,2104.9695,-0.24481934,25.032646
-2.1000347,-3.3330393,-0.7884643,-2.1447074,-1.2519635,-1.4444149,-2.5848632,-2.877156,bg_rep04_8185,0,xgboost,8.192333,25.328758,23.3,39.515347,21.392954,69.43578,-0.093615204,45.29893
-3.082222,-3.4392848,-1.433919,-4.9280357,-1.3007452,-1.0792171,-1.072361,-2.2107513,bg_rep01_2607,0,xgboost,13.648334,28.632067,26.46,127.79274,25.807926,521.5238,-0.41700074,43.97158
-2.0230546,-2.870967,-1.9778985,-3.5777788,-0.81413984,-1.5843158,-0.16192324,-2.1203227,bg_rep05_9972,0,xgboost,12.627333,26.08953,29.576,111.50734,19.30495,255.50232,0.45112106,50.56639
-1.1305053,-5.0712776,-1.3168347,-4.4343967,-2.3108804,-1.7109313,-0.64553523,-0.79861206,bg_rep04_8739,0,xgboost,11.543,22.404892,27.256,113.1002,29.146677,150.51347,-0.040339027,31.220001
-0.6867979,-4.214998,-1.3246115,-4.684888,-2.4110513,-2.3684583,-1.0217079,-1.6306136,bg_rep03_8222,0,xgboost,11.525333,27.990414,22.5,103.85668,23.40503,1019.8825,-0.42279252,32.111877
-2.6511803,8.371024,-1.5285498,0.3360861,0.28393775,0.57423353,0.48882547,1.2338381,presence_182,1,xgboost,7.8340006,51.580196,30.960001,67.67167,0.0,0.0,0.0,0.0
-1.4325126,-2.741164,-1.1692207,0.13356876,-2.2346327,-2.2735698,-1.8915036,-2.2297742,bg_rep02_4647,0,xgboost,14.269,25.281715,26.288,69.71216,19.847282,428.1359,0.1775082,39.036083
-0.5747671,-2.6982672,-1.6528494,-3.7939594,-2.6131706,-1.5255418,-2.5120742,-1.6883823,bg_rep02_4674,0,xgboost,9.320001,25.5791,27.98,104.85703,24.471718,63.34864,-0.53342825,36.80316
-0.7011602,-2.6482804,-2.897774,-0.99728197,-0.5325166,-2.5450344,-1.858288,-0.89321244,bg_rep01_7861,0,xgboost,10.063,27.66993,28.788,83.89272,27.007406,125.736824,-0.16572103,39.7073
-1.6068099,8.117527,-0.14930262,-0.83544517,0.05628182,0.0021199677,0.36583436,1.3875618,presence_34,1,xgboost,13.358667,51.530117,31.264,74.07464,0.0,0.0,0.0,0.0
-3.2388709,-4.7967443,-3.138843,-2.1825945,-0.67833555,-0.33796272,-0.2730148,-0.66392374,bg_rep04_9326,0,xgboost,6.939,24.575012,31.539999,63.130554,0.0,0.0,0.0,0.0
-0.79615456,-1.9910446,-1.1623379,-1.2924188,-0.121593125,-0.63036245,-1.8694562,-2.5250473,bg_rep05_2519,0,xgboost,11.841333,25.388794,22.196,102.02888,19.294046,1084.6294,0.22537012,36.799778
-2.2496874,-3.3554037,-1.437735,-2.9401133,-1.4080181,-2.028596,-2.2994802,-3.205714,bg_rep05_962,0,xgboost,7.72,21.700022,21.872,33.537872,23.857367,475.4536,0.064520895,42.139492
-2.7150686,-3.1136267,-1.3907704,-1.6397821,-1.5376815,-3.3612866,-0.93582237,-1.5614624,bg_rep05_2243,0,xgboost,7.9536667,23.750797,25.268,27.94662,28.653759,861.72174,-0.43781608,35.537178
-1.204459,-3.4666963,-2.1168418,0.6888588,-1.3444245,-1.9367999,-1.2191553,-1.0715222,bg_rep02_8199,0,xgboost,14.078667,25.1315,27.764,65.61753,28.588331,125.386696,0.120740086,27.823936
-2.24699,-3.4574819,-1.13001,-2.1537018,-1.8776728,-3.3176568,-2.1027918,-0.9310547,bg_rep02_3398,0,xgboost,8.557,27.978682,27.196,63.255165,25.917479,1089.5879,-0.17416038,33.700153
-3.7510219,-4.446862,-0.8383434,-3.0794864,-1.0592346,-0.9596409,-2.7967184,-2.136487,bg_rep03_4398,0,xgboost,12.908334,23.709377,23.072,95.80737,20.186462,951.60846,-0.1232102,42.84088
-1.4701444,-3.2296066,-0.8680936,-4.2698526,-1.471476,-1.5513016,-1.4962182,-1.207275,bg_rep02_1224,0,xgboost,12.247,24.230373,24.22,101.65487,23.576733,580.9318,-0.38355616,33.247894
-1.3419935,-4.180745,-2.095575,-2.4136777,-0.62749165,-1.6513318,-2.3070812,-1.5821831,bg_rep03_199,0,xgboost,11.459666,22.678038,26.292,99.744095,26.813303,130.68118,0.031619824,34.06913
-4.5002346,-3.697657,-1.1444995,-3.044314,-1.9290406,-1.4108388,-2.6321461,-2.5233874,bg_rep04_8572,0,xgboost,13.560667,23.374012,24.432,94.77855,19.553202,673.16504,-0.16676058,44.560684
-1.6071521,-1.9504445,-1.6513749,-0.76797146,-1.2166407,-1.5367302,-2.606407,-1.6259768,bg_rep01_3868,0,xgboost,9.823039,27.762539,29.370588,79.245995,29.298216,15.75664,-0.23297215,31.5476
-2.845525,-3.6679997,-1.6194108,-1.4881936,-0.8837017,-1.2847081,-1.7651283,-2.6533012,bg_rep02_2338,0,xgboost,12.715,23.263685,23.504,85.43415,20.98599,531.5476,0.2665178,45.016815
-1.8128389,-3.0090656,0.05218451,-4.7021785,-1.6134194,-1.7549475,-0.08866565,-1.5690111,bg_rep03_4791,0,xgboost,12.077,25.118551,28.268,103.1323,25.530102,142.3032,0.30045852,40.053787
-1.5342138,-4.2921376,-1.0692912,-2.6359267,-1.1313314,-2.0674798,-2.5893779,-3.1596553,bg_rep04_4796,0,xgboost,8.176333,22.308014,22.192,35.14918,22.61301,358.25717,-0.23069051,43.575096
-3.983832,-3.1327424,-2.345328,1.3221309,-1.1949161,-3.222152,-1.6947099,-2.016672,bg_rep04_2630,0,xgboost,13.487333,25.200548,21.46,67.69243,21.013447,1185.032,-0.38403118,40.973427
-2.1531177,-2.0337114,-1.019727,-0.37923843,-2.2133365,-1.9122788,-1.9354906,-1.9320441,bg_rep05_4052,0,xgboost,14.319,25.469584,25.444,69.52132,20.18267,529.42523,-0.31013557,39.49457
-0.60831606,-4.5338974,-1.1892135,-1.736417,-1.7706047,-3.188564,-1.9402885,-1.571061,bg_rep04_2159,0,xgboost,10.635333,29.598501,23.916,83.74992,22.528751,1938.1522,0.034694105,24.287128
-3.8175235,-4.162075,-0.7078345,-3.8446124,-1.6685362,-1.4593807,-1.1008527,-1.7887877,bg_rep01_3474,0,xgboost,12.980333,24.197176,23.208,90.78501,21.91108,765.0079,-0.3553358,43.641014
-2.2459104,7.548589,-1.288414,1.3218163,0.118819274,0.09698969,0.51230717,0.94564974,presence_208,1,xgboost,14.541333,49.901623,27.104,29.353228,0.0,0.0,0.0,0.0
-0.7212574,-4.8908286,-1.9653697,-3.2075813,-2.233347,-1.5134968,-0.60318357,-1.7414676,bg_rep03_301,0,xgboost,11.668333,31.175413,23.788,87.29255,22.214388,2085.8083,0.3632037,30.467964
-2.1958258,-3.5897448,-2.3556864,-2.70605,-2.9308033,-2.6627574,-1.2789276,-0.60555035,bg_rep02_3175,0,xgboost,13.349667,28.507874,21.752,93.73957,24.534822,1238.5183,0.47624683,40.37848
-4.912389,-3.3442366,-0.35898572,-4.042262,-0.99482024,-0.60806686,-0.14357287,-0.2565401,bg_rep01_2356,0,xgboost,14.6796665,31.009012,31.488,92.39352,0.0,0.0,0.0,0.0
-0.77533275,-4.092933,-1.131257,-2.975384,-1.9737773,-2.6032526,-1.6581497,-1.0678135,bg_rep01_4624,0,xgboost,12.325666,31.449446,26.487999,86.80222,21.65027,1649.461,-0.04620124,30.51259
-0.50422454,-5.8383245,-1.6521778,-2.625903,-2.4092286,-1.8693713,-1.439004,-0.24506907,bg_rep04_5476,0,xgboost,10.552334,19.780186,26.704,87.3368,30.955109,50.979187,0.28596845,27.980362
0.43340892,-5.187922,-1.8545947,-2.2907271,-2.7598464,-1.2695582,-0.76381445,-0.94705343,bg_rep02_9140,0,xgboost,10.3376665,20.273115,27.072,89.881836,29.990562,58.246925,0.7756402,27.382082
-3.1571288,-3.4800992,-2.089041,-2.1301854,-1.4485265,-1.233068,-1.7877741,-2.3697536,bg_rep04_6009,0,xgboost,12.9626665,25.416994,21.536,63.864647,19.05908,798.60516,0.13933556,41.510433
-0.8403165,-2.0562947,-0.5904911,-1.1507506,-1.3397602,-0.73921406,-1.4032613,-1.0606021,bg_rep02_5036,0,xgboost,11.306,25.006636,24.28,85.51147,21.439934,542.53375,-0.5220995,34.128338
-0.5503251,-2.4405763,-1.3433174,-3.1807008,-0.15877753,0.9419163,0.09570313,-1.4431316,bg_rep03_6274,0,xgboost,12.364667,26.238577,23.508,97.78174,19.006062,921.4071,0.30953768,33.846745
-2.5184996,-3.1990325,-1.5476155,-1.9760013,-2.2995625,-0.75259584,-1.593014,-1.6291752,bg_rep01_7264,0,xgboost,8.951667,28.196003,27.935999,46.59446,24.928493,287.43506,-0.15120618,38.46876
-1.1559372,-4.4292846,-1.918631,-4.5390453,-2.4858472,-1.4120152,-2.584154,-0.9943584,bg_rep02_1855,0,xgboost,11.417001,22.741215,27.088001,115.77438,29.770226,220.27151,0.0318246,34.80405
0.8869076,-2.5225143,-0.99981123,-3.1426256,-2.4430997,-0.34668586,-2.2365599,-1.6573602,bg_rep01_7477,0,xgboost,10.322667,26.7982,24.24,99.85685,24.904934,675.6671,-0.10101305,38.13227
-2.877878,-3.0127587,-1.8048447,-3.337074,-0.75784564,-1.5677207,-0.52478737,-2.0034513,bg_rep02_1331,0,xgboost,12.844,25.941185,29.896,117.679016,16.861048,193.0549,0.5544323,49.21898
-3.944298,-2.85416,-1.8000727,0.091807336,-1.164265,-1.967625,-2.3828247,-2.3092656,bg_rep02_4913,0,xgboost,13.656667,24.32609,27.196001,70.48786,26.790062,110.45566,-0.21285821,29.128696
-1.5502783,-3.5909505,-3.0785937,-0.949041,-0.96337456,-1.0164976,-0.29721808,-0.59041166,bg_rep03_2637,0,xgboost,10.075926,28.930717,29.844444,74.4677,27.564013,5.307639,-0.03555193,17.403114
-4.1386085,-2.8551872,-1.2130612,-0.0073153977,-2.009261,-2.0187247,-1.9379065,-2.7536833,bg_rep01_3932,0,xgboost,7.7325754,26.976952,28.318182,67.503456,26.01852,34.09115,0.061942153,30.586554
-1.3125702,-2.948237,-1.9112583,-0.549667,-1.8193076,-1.5354834,-1.3368759,-2.0795279,bg_rep02_5168,0,xgboost,11.8706665,24.339102,26.144001,80.9985,28.389711,162.03119,-0.45264727,29.030664
-1.0277376,-2.9206915,-1.6623567,-4.233725,-1.6993686,-1.7911733,-2.1145236,-1.2727741,bg_rep01_2696,0,xgboost,11.486,23.110664,26.96,110.383026,26.33239,227.11633,0.2497239,28.923416
-3.8878067,-4.7542205,-1.7104052,-0.82914346,-1.3418844,-1.0651593,-1.6624826,0.2291209,bg_rep01_827,0,xgboost,12.9210005,21.965525,25.912,82.6635,26.446976,114.20865,-0.18567589,31.070366
-0.9555533,-2.6708534,-1.1866723,-4.7935414,-1.8053566,-1.3030038,-1.7267421,-1.8006655,bg_rep05_4816,0,xgboost,12.205333,23.177618,27.324,108.72645,29.059801,167.57437,0.37030676,24.100523
-1.2615789,-2.449511,-1.6450126,-4.3718734,-1.6675187,-1.7201338,-1.8711203,-2.3301797,bg_rep04_8116,0,xgboost,12.451,24.708288,27.84,125.73335,23.486242,183.94856,-0.35171804,46.90538
-3.1580532,-5.00021,-3.3711476,-2.098704,-0.7697749,-0.313307,-0.14716707,-0.24097666,bg_rep05_1564,0,xgboost,7.0629997,25.113781,29.616,61.100025,0.0,0.0,0.0,0.0
-1.1752187,-2.1687465,-1.7220314,-3.8660388,-1.569741,-1.5656139,-2.8075526,-2.6993122,bg_rep01_6068,0,xgboost,12.285,25.432676,29.056,113.2633,20.593422,163.94493,-0.07477027,47.64268
1.3368455,-1.0737528,0.361098,0.40336788,0.5887496,0.007066407,2.076816,-0.12091173,presence_65,1,xgboost,10.391334,27.787285,29.364,85.34171,28.369873,49.611046,0.61029613,35.45208
-1.4354283,-4.790546,-1.5889437,-2.7253826,-0.9629962,-2.1747065,-2.8788567,-3.2251918,bg_rep05_8104,0,xgboost,8.144,22.400703,21.44,34.14642,20.183126,554.77325,-0.08151129,44.953415
-1.5035875,-2.3164349,-0.5822682,-0.50002986,-0.21528982,-1.7940817,-1.8619318,-2.1637716,bg_rep04_4171,0,xgboost,9.675667,27.663733,28.432,80.7089,27.441324,228.16818,-0.16365276,37.18299
-2.1801152,-2.802822,-1.5814086,-3.6880252,-0.9356307,-1.7524673,-2.8622167,-2.1289806,bg_rep01_6326,0,xgboost,13.192666,27.505352,29.404,123.228096,18.24648,363.53864,-0.6272553,50.83125
-3.9030368,-3.879796,-2.7823844,-3.0902338,-1.7704357,-0.96412516,-2.0840163,-0.76006347,bg_rep02_9556,0,xgboost,7.7826667,25.066563,31.82,53.182842,29.038494,57.38186,0.2111582,27.461128
-1.2459313,-2.9757533,-1.3685279,-2.1322155,-2.122972,-1.4684999,-2.6789827,-1.8023447,bg_rep05_7437,0,xgboost,8.692857,25.061779,23.704762,43.928535,17.66886,4.938647,-0.19640742,38.38975
-1.6644176,-3.334683,-1.3153821,-3.5952435,-1.2975318,-1.3190203,-2.7400143,-2.250442,bg_rep03_8319,0,xgboost,11.819667,23.459167,24.224,99.21342,20.618862,752.3716,-0.07000608,36.96334
-1.5735207,-3.3101356,-3.262773,-4.1659784,-0.54719305,-0.9977666,-0.5171535,-0.11034213,bg_rep03_6391,0,xgboost,11.605333,31.684322,13.248,96.08915,0.0,0.0,0.0,0.0
-1.0772983,-3.3029487,-1.1196518,-3.0828078,-1.9456322,-0.9100884,-3.0005667,-2.8459418,bg_rep05_8929,0,xgboost,11.505,25.15964,23.9,92.16284,17.63191,630.9771,-0.23512878,41.002216
-1.3388873,-2.859625,-1.6498238,-4.3144627,-1.781931,-1.9939079,-2.9010196,-2.1418397,bg_rep01_270,0,xgboost,12.011,24.98128,28.016,104.237526,22.805931,156.94553,-0.5939213,43.891457
-1.9881352,-3.8700638,-0.57009196,-3.0145297,-1.6756176,-2.0251863,-2.234014,-2.4862335,bg_rep01_7687,0,xgboost,12.739667,31.197145,27.408,90.0303,19.074617,1496.1117,0.028502496,36.09711
-0.7684589,-3.4078202,0.21328264,-4.3707004,-1.7288094,-1.5617436,0.011461081,-1.7604743,bg_rep04_3072,0,xgboost,11.885333,23.93727,28.452,118.16289,21.841356,183.5748,0.24089627,43.137367
-4.3632417,-1.5601406,-0.90982807,0.35160998,-0.94628614,-0.43871722,-1.5136858,-1.5548817,bg_rep05_3866,0,xgboost,13.949333,26.7024,23.168,70.707115,20.679184,751.5999,0.17366375,40.58135
-3.2599633,-3.393721,-1.3922784,-4.0525827,-0.94440305,-1.1575794,-0.22790338,-0.3125757,bg_rep01_4585,0,xgboost,13.120334,32.370308,25.792,95.42894,0.0,0.0,0.0,0.0
-1.3221546,-3.7183628,-1.4131976,-0.1603719,-1.5199361,-1.9645364,-2.7805715,-2.3324454,bg_rep04_2133,0,xgboost,12.065666,23.858393,21.52,73.03336,19.415737,1034.8029,-0.3325904,43.168514
-1.511,-2.948214,-0.83072615,-2.7029881,-1.5817986,-1.6367049,-2.3846672,-2.113791,bg_rep02_6436,0,xgboost,12.275001,25.24889,28.216,100.53673,19.636768,180.31754,-0.35816193,38.681095
-3.303705,-2.2448761,-2.026744,-3.0550115,-1.0164158,-2.6010053,-0.9191985,-1.1163751,bg_rep05_9488,0,xgboost,7.4716663,25.914494,27.904,60.950497,27.293674,1055.5327,-0.0039282297,27.631178
-1.6656826,-5.2563596,-1.8521127,-2.800233,-0.85240436,-1.0103503,-1.7250816,-1.240372,bg_rep02_1950,0,xgboost,11.62,22.15021,26.716,97.65729,28.557749,78.42518,-0.32553312,35.81483
-1.8259319,-3.1741998,-1.3857428,-4.8229885,-2.250426,-1.0327086,-1.9229918,-1.1545284,bg_rep03_5405,0,xgboost,11.954666,23.982239,23.984,102.89401,24.125332,654.91895,0.011410097,31.981241
-2.4008093,-3.6184342,-1.9617523,-2.559003,-0.8647273,-1.6888559,-0.5882577,-1.2385635,bg_rep05_45,0,xgboost,14.1293335,31.119139,29.1,96.37163,15.562238,1338.0684,0.35850456,59.704357
-0.4491263,-3.2180738,-0.45892915,-3.44478,-1.3354576,-1.3623511,-1.4976786,-2.5786476,bg_rep02_6109,0,xgboost,11.616333,25.124,28.2,106.6031,19.308245,87.12597,-0.013925387,45.306206
-1.1948488,-3.2241778,-1.4422289,-3.3088005,-0.8241791,-2.295961,-2.8704858,-2.751567,bg_rep03_8858,0,xgboost,8.065,21.71747,20.1,58.680508,20.138466,446.33862,-0.09692984,41.526417
-0.06677508,-2.5444093,-0.403186,-1.8473262,-0.6919352,-1.9805199,-1.9507333,-0.59898645,bg_rep02_2487,0,xgboost,10.247334,27.080692,28.628,91.36443,32.0075,104.58545,-0.104642145,35.071434
-0.5078395,7.958633,-1.1469966,-0.16469814,0.142031,0.24670249,0.4547257,1.329082,presence_38,1,xgboost,11.838,54.153706,27.98,49.779926,0.0,0.0,0.0,0.0
-1.4861716,-1.7342726,-1.4744369,-2.4159045,-0.055021618,-0.834514,0.4792704,-2.368834,bg_rep01_4636,0,xgboost,12.230666,25.905842,24.216,99.97406,20.077074,744.11914,0.6713993,35.251755
-0.7304495,-2.4539561,-1.9350759,-3.858982,-0.6855235,-2.4429975,0.094153814,-2.7575006,bg_rep02_6569,0,xgboost,10.973333,24.73254,26.272,105.23661,17.518066,449.45953,0.63578796,39.084187
0.34060198,-4.5087104,-1.1443775,-0.105052404,-0.7932607,-1.38459,-2.741663,-2.3889499,bg_rep05_3220,0,xgboost,9.809667,20.2378,21.54,68.878204,21.738564,779.74524,-0.06404381,41.92609
-1.097994,-2.3315396,-1.3422855,-3.3332808,-1.2080015,-1.2128769,-0.9933582,-2.6224258,bg_rep03_9494,0,xgboost,11.835,26.778442,23.896,95.884476,19.259094,617.84705,0.2917136,39.668495
-0.85606796,-2.8462243,-1.2380991,-2.7729526,-1.2122917,-0.88158315,-0.65535635,-1.713193,bg_rep03_774,0,xgboost,11.582334,23.436531,26.652,92.80551,26.263042,284.01376,0.34810832,29.150768
-3.7359865,-2.3759375,-1.1994928,-3.4675212,-2.3287935,-2.5395198,-1.911671,-0.5976951,bg_rep03_258,0,xgboost,7.482333,25.851068,27.464,59.905567,29.990686,1072.5928,0.17877452,27.628395
-1.7571394,-4.0827374,-1.3930063,-3.3007693,-1.1492565,-1.4365093,-1.6473638,-2.5502694,bg_rep04_5753,0,xgboost,12.663667,31.27758,26.872,91.133766,18.381804,1563.072,0.23376645,36.684746
-1.5104505,-4.324174,-1.6606331,-0.97861123,-2.8037012,-3.1428192,-0.9063226,-0.12335215,bg_rep01_1267,0,xgboost,9.149667,29.37104,27.312,64.988495,25.107128,1101.1804,0.3657771,33.61343
-0.49532747,-3.8900976,-1.9136525,-3.5595503,-2.063253,-1.9731942,-2.0482953,-0.937385,bg_rep04_9032,0,xgboost,12.220667,24.19934,25.464,100.245125,26.75209,454.8235,0.18883395,29.922274
-3.6664786,-3.2832563,-3.5862164,-1.1777968,-1.9403825,-1.4614015,-1.1230792,-1.712443,bg_rep03_8724,0,xgboost,7.07,24.689201,32.06,65.14882,29.828217,500.74603,-0.36160582,24.324986
-0.75099003,-2.2173815,-1.9874465,-2.4798439,-0.3233384,-2.0028446,-2.4205437,-1.9438907,bg_rep02_3203,0,xgboost,10.042,26.983019,25.432,92.28097,27.714935,580.2416,0.14999469,35.28142
0.09924631,-3.7553732,-0.7386994,-1.8596896,-2.0145864,-2.0648997,-0.012805798,-2.478162,bg_rep01_3820,0,xgboost,10.100333,25.583418,24.407999,40.653244,12.332671,122.475815,0.6029472,51.97689
-0.64850307,-3.5544477,-1.4866387,-4.7845044,-2.2200153,-1.4679401,-1.9515187,-1.2137016,bg_rep01_3183,0,xgboost,11.7213335,24.034885,27.736,105.77082,25.19055,177.05972,0.23011243,31.997011
-3.3585398,-3.887021,-1.8512027,-3.8258367,-0.9912397,-1.0164669,-0.1019774,-0.5378794,bg_rep05_4832,0,xgboost,14.044,29.830078,30.22,93.29084,0.0,0.0,0.0,0.0
-1.0671816,-4.1586094,-1.5150727,-4.5806837,-1.5062267,-1.3393755,-2.6124303,-2.3785517,bg_rep04_1935,0,xgboost,11.236667,22.83133,27.264,116.95976,25.89307,230.25255,0.043063577,44.075195
-1.9619263,-4.211735,-0.33977515,-4.636154,-0.421199,-1.5360025,-1.9685577,-1.8161458,bg_rep04_359,0,xgboost,12.075666,22.669645,28.188,113.09054,30.274836,145.31586,-0.08112201,36.072906
-1.4345337,-5.6875763,-2.3449883,-0.7948252,-2.073448,-1.1991057,-2.4168532,-1.4385718,bg_rep02_6270,0,xgboost,11.439334,22.128082,26.488,78.72301,28.67165,170.78775,0.268112,26.435747
-3.144264,-3.8568697,-1.1448333,-0.8100164,-1.7907352,-2.9225745,-1.461094,-2.724704,bg_rep05_2108,0,xgboost,7.949333,24.408417,27.604,27.960897,16.903383,438.49158,0.115006015,47.028236
-3.6696565,-3.6915789,-0.59410447,-3.6372168,-1.0381589,-1.6216921,-2.7088828,-1.4169419,bg_rep01_5108,0,xgboost,13.816999,30.471508,28.536,106.46575,15.257987,1405.9391,-0.061594285,55.889984
-1.7401645,-3.8423746,-0.92214435,-3.0342133,-1.4219311,-1.1358197,-1.6424922,-2.4106555,bg_rep02_3512,0,xgboost,6.6266665,20.03709,23.0,32.86123,25.418543,11.401416,0.32961455,38.332123
-1.0877085,-4.1302376,-0.92390245,-3.3020287,-1.7593213,-1.6256294,-1.7627529,0.062035196,bg_rep04_1793,0,xgboost,11.799666,24.1638,26.796,88.56435,28.555061,202.37352,0.15687731,28.27201
-3.4799876,-2.3742735,-1.5485545,-3.0618625,-1.7243963,-2.5770347,-1.7209792,-0.98500186,bg_rep05_2051,0,xgboost,7.990667,27.309183,25.928,58.269005,31.127447,1319.7482,0.14173453,25.564663
-5.0245185,-3.3009534,-0.6988632,-4.5081058,-1.0744083,-0.693467,-0.14000314,-0.2755004,bg_rep01_3042,0,xgboost,15.067,32.82285,30.812,90.82653,0.0,0.0,0.0,0.0
0.13945465,-3.542911,-1.2339239,-3.1348732,-1.9689196,-2.189847,-2.260967,-2.6500807,bg_rep03_8490,0,xgboost,10.178667,23.773045,22.916,86.96752,18.325308,556.05853,0.16345517,38.411407
-1.768913,-4.236122,-0.5448114,-4.1917453,-1.5349916,-1.2161402,-1.6717737,-1.8230695,bg_rep04_3556,0,xgboost,11.965334,22.838093,27.6,115.272285,29.131733,162.95132,-0.33749428,37.89957
0.30898902,-5.0242076,-2.2224362,-0.09365556,-1.7800211,-2.8361979,-2.7075653,-2.065121,bg_rep03_6232,0,xgboost,10.313666,19.506859,25.924,80.300064,30.394356,34.03451,0.535077,29.81702
-1.4879442,-4.203781,-2.65786,-1.5028721,-2.1126764,-2.7039158,-1.3295988,-1.0906235,bg_rep02_7773,0,xgboost,11.050667,30.788662,22.976,83.70646,29.541794,2042.8436,-0.16766737,22.360437
-2.5011249,-2.5400438,-1.89705,-2.4833822,-2.4286208,-1.8524145,-2.0661404,-1.5280689,bg_rep03_9026,0,xgboost,7.851,27.290741,19.96,62.61138,31.14006,2457.756,0.55656886,25.512064
-1.2089815,-1.7426373,-0.9031095,-2.7168694,-0.50430906,-1.7544092,-1.9779083,-2.6001782,bg_rep01_4802,0,xgboost,11.884666,24.57744,23.268,99.59383,20.90794,802.6478,0.1310275,35.69271
-0.7546778,-1.2929955,-1.4949821,-2.4435933,-0.8108415,-1.6162941,-2.0341148,-1.5005071,bg_rep03_4795,0,xgboost,9.486667,25.7902,27.16,98.591415,28.862045,279.4026,-0.20948659,35.81734
-4.0027823,-3.5416381,-0.26378244,-3.6834004,-0.8042579,-0.6676926,-0.06771647,-0.25331298,bg_rep04_2193,0,xgboost,14.464666,30.707937,31.532,93.99589,0.0,0.0,0.0,0.0
-2.0400178,-3.433583,-0.25228578,-2.7239585,-0.76706815,-2.0471518,-0.5988498,-1.28444,bg_rep02_5561,0,xgboost,13.380667,31.199093,29.452,97.78795,16.753239,1498.6779,0.5044012,44.749554
-1.6608046,-4.0442543,-3.8976321,-0.7773592,-1.0233338,-1.7590493,-1.9270755,-0.94393235,bg_rep02_6852,0,xgboost,10.089,28.858696,29.744,76.92528,28.651714,30.72176,-0.44776714,28.36522
-3.1841877,-4.7691708,-3.4002132,-1.2067574,-0.6694975,-0.15916342,-0.13338152,-0.31006727,bg_rep03_6363,0,xgboost,7.133,24.864056,30.008,60.87567,0.0,0.0,0.0,0.0
-3.2514377,-5.005387,-3.491181,-2.9312608,-0.8895534,-0.35593367,-0.1432304,-0.25680768,bg_rep01_8338,0,xgboost,7.2153335,25.179136,29.5,60.64485,0.0,0.0,0.0,0.0
-2.0437992,-5.3554974,-1.4251777,-2.1377301,-1.1368475,-1.6797205,-1.9028263,-1.6682355,bg_rep05_2231,0,xgboost,12.127333,21.840033,26.52,88.57262,28.04258,59.60966,-0.2517709,29.51417
-1.485719,-3.1686325,-1.242275,-1.6192769,-0.9335764,-1.3184204,-2.1656656,-2.2153955,bg_rep04_3781,0,xgboost,6.6106668,21.045036,25.548,22.958202,20.924274,74.444176,-0.803619,39.255714
-4.4201827,-3.4688365,-2.1569273,-4.960614,-1.194578,-1.4467318,-0.28665847,-0.81168824,bg_rep02_2781,0,xgboost,13.432667,32.90707,25.236,88.89445,0.0,0.0,0.0,0.0
-0.9196335,-2.6765213,-0.5853487,-3.9959407,-1.3572452,-1.0943172,-3.342984,-1.4768054,bg_rep02_7394,0,xgboost,11.060333,24.89048,24.86,104.339226,18.503386,634.4679,-0.09229749,34.62393
-4.0583086,-3.5539477,-1.7378352,-4.750372,-1.8660648,-2.0050778,-2.0938525,-2.4739914,bg_rep02_7357,0,xgboost,13.754,28.2423,23.184,120.81444,25.817102,856.978,-0.16935328,36.12747
-1.1852982,-4.676632,0.0006242981,1.4997377,-0.99522895,-1.4946661,-1.7965009,-2.4071314,bg_rep04_2327,0,xgboost,11.553333,22.501818,23.24,68.06583,22.262924,533.13464,-0.31258872,42.740746
-0.6413944,-3.3667226,-0.77053267,-5.971543,-1.1981356,-1.4283819,-1.5576823,-0.59181213,bg_rep05_5914,0,xgboost,12.261666,23.430532,25.76,107.84812,28.191612,199.60133,-0.10476404,22.946741
-2.719876,-3.0016658,-2.1642535,-2.131086,-1.7823087,-0.38442102,-2.2378683,-1.5366641,bg_rep03_6221,0,xgboost,8.054334,27.115314,29.392,61.56997,22.392838,656.87335,-0.60654944,34.404575
-1.4008404,-5.663786,-1.3711133,0.03559796,-0.86822104,-1.5941286,-1.2887727,-0.9420209,bg_rep05_3260,0,xgboost,11.249333,21.97994,26.632,73.91818,30.446472,97.22769,0.016190844,23.887974
-1.8928857,-2.7079368,-1.0020874,1.3102593,-0.837853,-1.947911,-0.3848814,-2.3975813,bg_rep04_5071,0,xgboost,13.206333,24.083326,26.58,71.36843,26.610212,140.10548,0.24255475,37.893826
-0.76205075,-2.276099,-1.4950362,-4.7255454,-1.8552461,-1.5731149,-2.7635112,-2.5988975,bg_rep01_9421,0,xgboost,11.721999,24.63433,27.859999,103.44224,22.63141,178.68607,-0.09736642,40.98551
-2.0040975,-3.2506247,-1.8774626,-2.378764,-1.0620353,-1.8669579,-2.3989756,-1.836007,bg_rep02_6020,0,xgboost,14.091,29.246574,31.42,94.01858,19.061651,1107.2454,0.07158029,46.08513
-1.7946876,-1.5142006,-3.3504474,-4.439398,-0.22526151,-1.2395666,-0.44034263,0.18046837,bg_rep03_4234,0,xgboost,12.485333,33.627808,13.4800005,98.06153,0.0,0.0,0.0,0.0
-2.4244218,-3.2889814,-1.8089571,-1.1921724,-2.3054519,-1.7087212,-0.60473335,-0.57268757,bg_rep03_4781,0,xgboost,8.081666,25.135813,29.34,22.687159,28.975073,174.7102,0.8243462,33.658325
-1.5002844,-4.48493,-1.5474447,-2.9398346,-0.9861746,-0.8718676,-1.1870644,-1.2204385,bg_rep04_6184,0,xgboost,11.085667,21.953554,27.144001,88.277596,26.853073,113.1707,0.48412806,32.218098
-2.7709837,-3.0095506,-1.0058134,-2.1514785,-1.1394532,-2.1591277,-1.1306221,-2.5977876,bg_rep01_1083,0,xgboost,7.939,25.088484,22.836,39.672596,21.49741,129.18163,-0.35279372,44.268276
-2.2609782,-3.5990674,-0.6213064,-2.1366906,-1.0476329,-0.5278641,-0.35095,-0.45367956,bg_rep04_8883,0,xgboost,6.278333,23.440613,24.556,59.424732,0.0,0.0,0.0,0.0
-0.90118384,-2.3506932,-1.0010786,-2.486959,-0.18312882,-2.3698597,-0.5007906,-2.2767396,bg_rep05_8143,0,xgboost,8.664667,23.397781,22.444,35.50422,21.708906,456.181,0.43459016,42.536816
-1.3511292,-2.8169408,-0.5055915,-5.1884604,-2.4073098,0.85604775,-2.1095047,-1.5114256,bg_rep04_4432,0,xgboost,11.884334,27.821737,24.892,105.83344,23.283348,713.5944,-0.9105363,32.742077
-1.7039043,-3.1838946,-0.59512985,-2.8685632,-1.3557549,-2.1287768,-2.6168709,-3.3653233,bg_rep05_1513,0,xgboost,6.7176666,21.407478,22.892,29.25857,18.499487,382.0284,-0.25966674,48.565403
-2.154274,-1.7656814,-0.9412326,-4.5576086,-2.477563,-0.2044025,-1.7877989,-2.272745,bg_rep03_8070,0,xgboost,12.653999,25.33029,27.852,124.679535,24.013924,251.24765,0.15020256,38.124554
-5.2865376,-3.281698,-1.5359488,-4.538957,-1.1581762,-0.81537896,-0.15783781,-0.51684004,bg_rep02_8304,0,xgboost,14.9123335,31.77434,30.056,88.8504,0.0,0.0,0.0,0.0
-0.8191918,-2.9884222,-0.606999,-1.105519,-0.61873144,-2.065806,-0.6490648,-0.41863146,bg_rep04_7903,0,xgboost,10.935,29.150673,27.608,83.61049,30.15765,395.96625,-0.066247955,25.895624
-4.1948757,-3.6748593,-0.8728499,-3.7716315,-1.1045313,-0.81657773,-0.050236426,-0.5187459,bg_rep05_5465,0,xgboost,13.877666,29.253092,31.292,89.91031,0.0,0.0,0.0,0.0
-0.71864027,-3.0542161,-0.98751366,0.8961635,-1.8458561,0.07676759,-1.5353388,-1.9770175,bg_rep05_9279,0,xgboost,12.413,23.88953,26.788,70.54113,23.880173,250.60643,0.2503547,30.033184
-1.6030244,-4.089671,-1.7755007,-3.4416926,-1.0163761,-1.4983978,-1.9963479,-1.3145176,bg_rep04_6087,0,xgboost,11.277667,22.728067,26.556,97.19423,26.293438,126.23651,0.03303287,33.214813
-2.6311731,-4.3104796,-2.3497512,0.24068329,-1.2811116,-2.180983,-2.3034017,-1.812273,bg_rep04_7982,0,xgboost,9.439,28.904335,28.732,67.64019,30.096054,100.06658,0.028525338,38.39635
-0.44638923,-4.1865907,-0.7824153,-4.069101,-1.9105251,-1.0711703,-0.48476186,-1.6100543,bg_rep01_6928,0,xgboost,9.481667,22.631437,27.528,108.90535,36.55321,3.6372035,-0.01228957,15.816679
-1.1659182,-2.533438,-1.2624434,-2.7866743,-0.45745218,-1.2154737,-3.2431238,-1.9631367,bg_rep03_10,0,xgboost,11.932333,23.59661,28.088,122.852745,19.934217,144.14732,-0.11566616,53.299664
-1.5788109,-2.7135751,-1.7621219,-3.2627542,-1.39441,-1.2903433,-3.6683738,-2.1898305,bg_rep02_7605,0,xgboost,12.536333,25.661863,29.22,121.29948,17.775648,172.25232,-0.2598588,57.094143
-0.83954066,-3.3349013,-2.4349012,-4.8412814,-1.0990012,-1.1578305,-0.24043792,-0.32616997,bg_rep05_4661,0,xgboost,11.735333,30.399267,25.12,90.84127,0.0,0.0,0.0,0.0
-1.1878341,-4.984133,-0.71961373,-4.099989,-1.8220317,-2.0217457,-2.3423207,-0.72125417,bg_rep01_9777,0,xgboost,11.647667,22.113583,27.588001,117.91273,28.303099,155.34155,-0.7113296,30.890554
-3.2887993,-3.4285927,-1.3751031,-5.254579,-1.5922952,-0.6589148,-1.2666835,-1.268051,bg_rep03_3945,0,xgboost,13.796333,28.696924,25.596,125.833466,25.730255,622.3996,-0.4038841,41.57051
-1.645947,-2.7739298,-0.93709356,-4.104187,-1.4250747,-1.6674161,-2.050546,-2.1318219,bg_rep03_3341,0,xgboost,12.13,24.878988,28.228,116.42125,20.616106,162.52237,-0.4341237,41.635838
-5.0595818,-3.343064,-0.73303837,-4.379887,-1.106713,-0.69679487,-0.09582655,-0.33242413,bg_rep02_5873,0,xgboost,15.002666,32.35844,30.996,90.00891,0.0,0.0,0.0,0.0
-2.2909899,-4.0541587,-3.8552763,-0.36137733,-1.6617339,-0.5158603,-0.4512058,-1.3863151,bg_rep04_1261,0,xgboost,9.126,28.986153,29.644,66.06926,22.649784,704.4495,0.23822355,32.860344
-1.7073523,-2.020097,-0.6910605,-2.2883418,-1.4699696,-1.6798141,-2.7245014,-3.0415597,bg_rep01_7538,0,xgboost,12.126333,25.360409,27.516,101.574974,19.589735,319.9451,-0.55217654,41.12928
-1.9559504,-2.7753146,-1.1681895,-3.3309658,-1.0607353,-1.1361448,-1.7200317,-1.0087259,bg_rep04_9164,0,xgboost,12.557667,26.609735,27.22,102.50372,20.864355,438.346,-0.43918678,29.18691
-3.6331475,-4.778446,-2.9898899,-2.5515752,-0.769243,-0.34056503,-0.2207549,-0.5964547,bg_rep03_4309,0,xgboost,7.5633335,24.700632,31.932,51.49545,0.0,0.0,0.0,0.0
-1.1737875,-2.6988387,-1.5775318,-0.54721403,-1.2993013,-1.9253913,-2.1749058,-0.38487375,bg_rep01_6226,0,xgboost,11.751667,23.748417,26.648,80.22938,26.428185,92.61426,-0.34609878,32.57685
-1.3963228,-4.3406024,-1.8961356,-4.0702934,-2.4717684,-1.3994936,-1.4677334,-1.8528951,bg_rep05_2293,0,xgboost,11.259666,21.433918,27.092001,117.616875,32.60719,169.69417,-0.18853264,30.078959
-2.843597,-3.258733,-3.1628397,-2.5509584,-2.0171928,-1.9671078,-2.3967118,-1.7324363,bg_rep04_9422,0,xgboost,8.710667,28.001371,30.5,49.041508,32.21849,138.46649,0.055758465,36.40169
-3.7122374,-3.4477763,-1.478539,-3.6567786,-1.7113022,-1.8138423,-2.3609624,-2.0933635,bg_rep03_7283,0,xgboost,13.568,23.018457,26.096,90.65271,22.105572,367.37534,0.026553717,43.179672
-1.03347,-3.2387,-1.4941118,-2.0381024,-1.2896196,-1.1288283,-1.7957301,-3.317358,bg_rep05_3024,0,xgboost,8.246667,23.678267,21.924,36.98853,18.11936,77.27563,0.13510491,43.9236
-1.7639049,-2.408231,-0.6494672,-3.0742478,-1.5381372,-1.5970484,-2.4815166,-2.5255835,bg_rep04_4814,0,xgboost,11.892,25.044226,24.892,94.92574,22.975582,501.992,-0.18950546,35.32409
-1.2371643,-4.175983,-1.6794614,-2.7228425,-1.2729485,-1.3370534,-1.4767848,-2.8784823,bg_rep03_5933,0,xgboost,8.049666,22.923075,22.164,35.737965,18.485037,228.0276,0.5151845,50.070595
-5.3156033,-3.2386549,-1.5149567,-4.5780067,-1.1568743,-0.8145203,-0.15576115,-0.51699775,bg_rep03_3115,0,xgboost,14.874667,33.075397,30.036,88.483406,0.0,0.0,0.0,0.0
-2.831097,-2.64949,-2.0969753,-3.51139,-1.106998,-1.7026261,-1.794816,-2.7338078,bg_rep01_6100,0,xgboost,12.843333,25.908443,29.56,120.18768,19.754307,161.23708,-0.03777466,51.273876
-0.26623195,-2.4314938,-0.17734158,-2.6020155,-0.518985,-1.5858496,-1.2352537,-1.0999942,bg_rep01_3976,0,xgboost,9.951,27.525448,24.844,87.26533,26.542183,582.8838,-0.31543484,38.1229
-3.8608499,-3.99254,-1.7220758,-2.8884027,-1.442144,-2.0807447,-2.027226,-2.1435013,bg_rep01_9590,0,xgboost,14.917666,31.292303,31.276,91.55163,18.818766,1321.6864,-0.43688974,37.597103
-0.7459257,-3.095178,-2.026791,0.40461254,-0.96465,-1.0543439,-2.5722775,-2.285147,bg_rep05_5928,0,xgboost,11.617,23.241438,21.907999,70.30215,20.422356,778.99493,0.062607184,42.776398
-3.040069,-4.773225,-3.3057396,-2.1445923,-0.72700155,-0.29002675,-0.27731597,-0.62936914,bg_rep01_8001,0,xgboost,6.9006667,24.684027,30.984001,63.892883,0.0,0.0,0.0,0.0
-1.4147886,-3.4903958,-1.0754409,-4.5641847,-1.4053891,-1.5681673,-1.8836238,-1.4853963,bg_rep03_8082,0,xgboost,12.167666,23.0117,27.204,111.82932,32.428497,177.21884,-0.66931134,21.392666
0.50890344,-0.960516,-0.1566593,1.7643375,1.1757135,0.3680149,0.029097421,0.71399873,presence_120,1,xgboost,12.250667,23.246046,27.176,72.16824,30.038183,86.35407,-0.1230475,23.15431
-1.6316402,-2.8333256,-1.572577,-5.032822,-2.262727,-1.7755424,-1.2781711,-1.0768919,bg_rep02_9117,0,xgboost,12.0529995,23.506124,25.484,107.54081,24.865955,529.4169,-0.018748468,32.25074
-3.8499458,-3.6034927,-2.0081315,-0.84603643,-2.7716248,-2.9912539,-2.270123,-1.2643576,bg_rep01_5661,0,xgboost,14.999,32.372875,30.803999,86.00026,24.682756,1306.7882,-0.09256159,34.8711
-1.0653138,-2.263841,-1.2547302,-2.939139,-1.810844,-1.6096314,-3.0145977,0.11453207,bg_rep05_5985,0,xgboost,12.334666,25.257324,24.632,100.334076,21.622002,835.2507,-0.2016703,29.88474
-0.81998765,-2.050137,-1.4128445,-3.3804817,-1.2253937,-1.2655209,-2.0414906,-2.3442066,bg_rep01_5589,0,xgboost,10.157333,26.528765,25.896,101.31415,26.35277,492.69147,0.14168261,35.403206
-0.68615717,-4.627089,-0.14519398,-3.0707114,-0.24665503,-1.4051639,-1.7535048,-2.168942,bg_rep04_9615,0,xgboost,11.338,22.26805,28.272,122.93042,21.09784,131.08359,0.27210495,52.701942
0.9531739,-1.1713271,1.3684843,0.69168943,1.1574124,0.18030535,-0.56251365,0.6757631,presence_70,1,xgboost,10.662666,29.376974,28.452,82.10954,27.933744,285.8242,0.16573012,32.40707
-0.7407756,-4.443932,-1.4280106,-3.1671314,-1.319736,-2.7857757,-2.2178845,-2.066098,bg_rep03_6456,0,xgboost,12.395667,31.751196,25.68,87.15851,21.724459,1802.9028,0.052015793,33.907604
-0.1875407,-3.2784295,-0.73375255,-0.97272724,-1.4536644,-2.233654,-2.3700411,-2.586309,bg_rep04_6116,0,xgboost,10.717333,24.055784,23.012,82.8118,19.647903,607.1678,0.21235166,36.377876
-3.6665318,-2.2155077,-1.6153003,-2.8296282,-1.856482,-2.4651973,-2.2734656,-2.0701098,bg_rep05_5287,0,xgboost,7.8146667,26.74058,27.344,63.538433,28.052963,1174.0469,0.27169684,28.843416
-1.2993727,-2.383464,-1.3908933,-3.8055313,-1.1395568,-1.6134102,-2.1144753,-2.398396,bg_rep03_8538,0,xgboost,12.206333,24.783426,28.024,102.67149,21.737724,180.49576,0.19312276,40.95336
-2.7436094,-3.5290225,-2.3395536,-0.7414984,-1.8150034,-1.9516557,-2.3366296,-2.4663744,bg_rep01_4353,0,xgboost,7.8110003,23.846012,28.676,22.116802,18.3303,196.65355,-0.32742447,46.34958
-2.381905,-2.8462532,-1.3611681,-2.7228491,-0.98101586,-0.8216525,-1.3099062,-3.4466028,bg_rep01_5934,0,xgboost,7.4536667,20.661013,20.068,56.18882,22.697975,182.93999,-0.0035801616,42.035675
-0.75543404,-2.4240968,-1.8046135,-3.0004706,-0.43769374,-1.9503683,-0.90739226,-0.6208521,bg_rep03_923,0,xgboost,11.664,25.03649,26.38,102.02485,18.612001,407.18152,0.29441816,33.818714
-2.5680447,-3.648203,-2.4105806,0.6968642,-1.2410042,-0.5947854,-1.9021035,-1.7554247,bg_rep01_8393,0,xgboost,12.709,25.190279,22.004,68.06614,20.60799,762.34,0.20107323,42.132004
-1.5298977,-5.1186767,-1.6755341,-2.452803,-2.1463792,-1.2743639,-1.4336079,-1.1098284,bg_rep01_6844,0,xgboost,10.846666,21.407331,25.9,95.72601,28.587755,276.3844,-0.100882545,29.024164
-2.7826247,-2.7331433,-1.2548162,-1.8105285,-0.1855202,-1.2252519,-1.4699452,-1.4826524,bg_rep01_8166,0,xgboost,8.256333,26.647087,27.24,46.805416,23.212954,257.94098,0.117761455,40.199883
-3.7243824,-3.7730272,-0.6310696,-2.319368,-2.342297,-2.70063,-2.1335597,-1.8431208,bg_rep05_30,0,xgboost,14.625667,30.121233,32.768,99.256775,22.059404,1039.8842,-0.058942474,37.220104
-0.867666,-3.102499,-0.75382197,-1.9243305,-2.1037707,-1.6987611,-2.7934194,-2.8951628,bg_rep04_2740,0,xgboost,9.52,24.392744,23.78,37.269257,15.623257,147.68973,-0.20831546,50.031895
-3.0384867,-3.3262699,-1.1606727,-3.4068053,-0.10759999,-2.0646915,-1.8318964,-2.5796978,bg_rep05_7401,0,xgboost,6.9063334,25.161518,28.539999,56.08695,30.381287,137.59618,-0.8120027,30.546614
-1.2720859,-5.181665,-2.0650885,-2.634327,-1.1635098,-1.6714065,-0.6498402,-0.33713648,bg_rep04_7847,0,xgboost,11.622666,22.089605,25.936,90.67536,27.979214,184.60307,-0.4050128,30.908392
-0.65784585,-3.710515,-1.7733854,-4.273181,-1.4921973,-1.1452485,-2.040072,-1.7023172,bg_rep01_9591,0,xgboost,10.143666,23.64491,28.112,107.80169,34.23188,4.6870093,-0.26540348,22.38774
-1.0143281,-3.7945864,-2.181693,-4.9074874,-0.9345257,-1.6627578,-0.34213048,-0.29871973,bg_rep05_4348,0,xgboost,12.383,31.557085,23.832,91.32416,0.0,0.0,0.0,0.0
-0.8939781,-2.989083,-1.3807232,-5.5136814,-1.10712,-1.9773068,-1.6520417,-1.2522521,bg_rep03_846,0,xgboost,12.291667,23.402,26.772,110.340324,27.611137,184.28374,-0.15230042,24.449352
-3.8490007,-2.7529826,-2.277334,-2.9042897,-0.6313674,-1.3515272,-0.506422,-1.2530304,bg_rep02_7399,0,xgboost,7.803,26.671453,28.9,38.444378,27.589224,42.48914,-0.026311643,38.185272
-0.5529332,-2.7507179,-1.4169834,-3.3057554,-1.9395671,-2.3735473,-2.5357158,-1.5519159,bg_rep04_6222,0,xgboost,11.808001,27.833303,28.104,102.219345,25.739101,94.02685,-0.529749,33.270817
-1.6056694,-3.002379,-1.6677098,-4.6269336,-2.0425477,-1.7527534,-1.025399,-0.5043444,bg_rep04_7619,0,xgboost,12.002666,23.201628,27.104,112.29132,29.850388,201.53941,-0.37388933,28.159805
-3.369773,-3.5687733,-1.5983921,-4.386465,-0.73093784,-0.9723854,-0.17998703,-0.48063236,bg_rep03_7007,0,xgboost,14.049333,30.297018,29.98,99.02597,0.0,0.0,0.0,0.0
-3.5607393,-3.6628883,-3.179149,-2.4848754,-0.5607938,-0.31302384,0.036928035,0.05826277,bg_rep04_378,0,xgboost,7.9573336,26.492653,30.804,59.52249,0.0,0.0,0.0,0.0
-2.5859041,-3.8197777,-1.042718,-3.1183243,-1.5887122,-2.0513284,-2.4321227,-2.4685142,bg_rep03_3581,0,xgboost,12.878333,31.459677,27.188,90.60906,18.3785,1579.1041,-0.08725059,37.3718
-3.7495246,-1.5562875,-1.3610362,-0.9034467,-0.9572736,-0.61635226,-0.7052025,-2.1377945,bg_rep02_1987,0,xgboost,13.982,24.748655,26.288,73.384056,21.721031,295.09537,0.009755327,38.86832
-3.486056,-4.6865497,-2.6633375,-2.4950047,-0.7531648,-0.26806444,-0.07177166,-0.34955186,bg_rep01_3779,0,xgboost,7.8683333,25.055195,32.764,49.16564,0.0,0.0,0.0,0.0
-2.2883046,-3.1927953,-2.0536938,-3.6854227,-0.8994354,-1.7962462,-1.6310384,-2.6420207,bg_rep02_5225,0,xgboost,12.828667,25.968962,29.98,116.9173,16.927794,201.29463,0.110420786,48.085583
-2.444019,-2.4054632,-0.5404508,-4.69861,-0.17386383,-0.9236194,-1.8339888,-1.9342407,bg_rep02_7429,0,xgboost,13.150333,26.936365,28.2,126.32733,26.093842,232.95476,-0.42117706,49.739517
-3.7931635,-3.612106,-0.4482928,-2.89571,-1.1068294,-1.7377756,-1.3026652,-1.8235031,bg_rep03_3157,0,xgboost,13.718667,32.447178,28.54,93.22378,17.262625,1495.1327,0.0022874784,46.64798
-0.8974477,-3.4149787,-1.4695613,-3.3879192,-1.940477,-1.3753357,-1.5046825,-1.4758737,bg_rep05_2028,0,xgboost,11.091333,24.363705,27.736,102.718285,32.898464,34.2155,-0.110188626,31.6753
-1.4176725,-2.2682114,-1.3570272,-3.0660276,-2.1327338,-1.4620672,-2.0099533,-0.26461783,bg_rep02_5202,0,xgboost,12.276,25.727219,24.488,96.28731,25.219418,592.57965,-0.12939344,30.913277
-0.64336026,-2.9723394,-1.7327516,-4.0477114,-0.4782743,-2.3248012,-0.5596993,-2.594512,bg_rep04_3844,0,xgboost,11.545,25.000002,26.564,103.73204,19.867332,420.80826,0.40543193,43.875053
-1.8625826,-2.3192039,-1.8982139,-1.8993886,-1.1785418,-1.1910549,-1.9945457,-1.73152,bg_rep02_604,0,xgboost,8.356334,24.342617,29.368,32.242416,22.737915,164.80394,0.17421994,38.221138
-3.489833,-4.530946,-0.49489403,-1.1218073,-0.9099423,-1.0940475,-2.2009933,-1.7276956,bg_rep01_2508,0,xgboost,12.607666,22.22477,24.612,78.76762,26.242636,224.3925,-0.07498055,34.664276
-2.322098,-2.8247533,-1.5446368,-2.2300978,-2.0792065,-2.3190303,-3.2385895,-0.61173844,bg_rep05_3648,0,xgboost,8.180666,27.46296,28.324,63.05798,22.501114,896.4145,-0.5617364,32.482903
-3.4168253,-4.7906456,-2.7487338,-2.47634,-0.7301872,-0.26092345,-0.08913007,-0.36328042,bg_rep04_1460,0,xgboost,7.8153334,24.826345,32.196,48.881767,0.0,0.0,0.0,0.0
-0.72277546,-2.951587,-2.0231667,-2.2308626,-0.9318567,-2.4669619,-2.9860594,-3.0148869,bg_rep03_5695,0,xgboost,9.508,23.149591,20.460001,61.782978,20.069786,476.44165,-0.10301017,43.15635
-1.7189445,-2.96726,-0.6533225,-1.8018678,-1.4532979,-1.2636412,-1.4761149,-1.893727,bg_rep03_7223,0,xgboost,9.374666,24.410652,24.636,37.228306,27.828377,196.53484,0.48054305,30.886993
-2.0091436,-2.4825573,-1.4162477,-1.1543728,-0.22016905,-2.230645,-1.6198077,-2.4150155,bg_rep02_8646,0,xgboost,8.995334,26.575672,25.576,77.30642,27.765291,430.21585,0.4889369,38.29818
-3.2346094,-4.833726,-1.2219945,-0.5458952,-1.1757702,-0.9446361,-1.4158299,0.40713432,bg_rep01_8642,0,xgboost,12.832999,22.368053,25.06,80.443596,25.581282,223.55353,-0.34429488,33.37821
-2.832031,-3.1613572,-2.0467005,-3.6772373,-0.84435236,-1.8088633,-1.849466,-2.670342,bg_rep01_5270,0,xgboost,12.892,25.991936,29.9,118.273895,15.39043,186.42389,0.0123246685,52.459763
-0.76873803,-3.090158,-1.0456058,-2.7815428,-1.5519826,-1.6193486,-2.8083615,-1.3716564,bg_rep01_1857,0,xgboost,11.134,24.35045,28.204,101.93473,25.70302,39.28344,-0.21797654,31.741262
-2.6790693,-3.060423,-0.30000526,-1.3493445,-1.9021027,-2.6329324,-1.8143145,-2.9231143,bg_rep01_3716,0,xgboost,7.4506664,23.36511,24.488,26.623653,11.796916,478.74506,-0.52814126,51.164825
-2.198345,-3.6127417,-0.592962,-2.2709913,-0.84629744,-1.838958,-1.6192273,-1.4290161,bg_rep03_7914,0,xgboost,14.1449995,32.401043,28.604,94.33009,10.562748,1396.7815,0.26447123,65.022675
-2.4726524,-3.4669855,-2.382859,-2.3587303,-0.970273,-1.6620768,0.06942035,-1.0284461,bg_rep05_733,0,xgboost,14.093333,31.58807,30.252,96.85979,15.965448,1380.6227,0.71801996,48.37611
-3.3519673,-5.0723166,-2.5696805,-2.494621,-0.7263831,-0.2619017,-0.06155409,-0.15680234,bg_rep01_2307,0,xgboost,7.859,25.20526,33.008,47.85643,0.0,0.0,0.0,0.0
-2.5070987,-4.226122,-3.1569026,-2.1401849,-1.7892112,-1.9971975,-1.0368999,-2.3188174,bg_rep01_6292,0,xgboost,9.373333,28.994474,29.872,53.157703,25.972044,117.10783,0.33253255,38.540054
-3.5269578,-3.7569437,-3.1561117,-0.8822199,-1.3607309,-1.8942045,-1.109542,-2.332202,bg_rep01_5591,0,xgboost,7.1790004,24.827085,32.172,65.24404,26.112177,476.42953,0.5608932,24.56617
-0.79004127,-2.8229315,-1.4400272,-3.5109322,-1.9404761,-1.436307,-0.5109341,-1.2860376,bg_rep01_4157,0,xgboost,11.647333,24.735249,28.036,102.584946,31.11775,53.863564,-0.0051828,31.91941
-4.1833696,-3.554231,-2.8765557,-2.8994691,-1.1357256,-2.1640904,-2.3746438,-0.76360935,bg_rep01_4198,0,xgboost,7.4603333,25.605207,31.476,63.05263,30.335815,603.4132,0.1390952,25.884525
-1.7749938,-3.806276,-1.2038149,-3.075338,-1.4220437,-1.4277282,-1.270569,-2.7726152,bg_rep01_4613,0,xgboost,7.3896666,21.811295,22.844,31.550203,16.408352,67.84382,0.50484884,45.7258
-3.259717,-2.2249882,-1.291754,-0.6325183,-1.6110033,-1.6280637,-1.479496,-2.357951,bg_rep03_8507,0,xgboost,14.4626665,25.444523,26.032,70.49409,20.05071,517.2436,0.478161,39.01515
0.47077122,-2.181043,-0.6325557,-2.7235236,-1.4951167,-1.3514726,-1.835625,-0.7653869,bg_rep02_8641,0,xgboost,10.459666,27.586418,28.132,96.1778,33.6497,168.64255,-0.17906113,31.833992
-0.32652956,6.3698106,-2.013202,2.495741,0.49479243,0.6172379,0.46063226,1.5359614,presence_188,1,xgboost,10.718,52.242153,21.844,14.685694,0.0,0.0,0.0,0.0
-0.88258725,-2.225931,-1.6738065,-4.153822,-2.438383,-1.9398338,-1.2718893,-2.060126,bg_rep01_1566,0,xgboost,11.786333,23.1595,27.048,113.76329,28.743956,156.15033,0.36660093,30.053682
-2.783974,-4.132559,-1.5031798,-3.1578488,-1.2272414,-1.5094393,-1.5435166,-1.3692966,bg_rep05_5095,0,xgboost,12.761001,23.82028,27.072,99.74401,27.332682,201.99405,-0.055988364,26.779873
-4.4920716,-3.4196615,-1.2309818,-4.691544,-1.2573192,-1.2963701,-0.12575896,-0.5280376,bg_rep04_9739,0,xgboost,13.469,32.36807,26.876,89.52679,0.0,0.0,0.0,0.0
-5.046245,-3.3319383,-0.7727366,-4.517113,-1.0617266,-0.6998225,-0.12624691,-0.32699558,bg_rep01_2002,0,xgboost,14.948333,32.53882,30.836,87.39602,0.0,0.0,0.0,0.0
1.8381455,-1.2203958,0.3351471,2.5528848,0.3538253,0.15783682,-0.87052584,0.4720443,presence_122,1,xgboost,10.447,26.031595,23.864,65.15786,23.13371,299.12714,-0.2970165,40.48559
-1.121908,-4.0475993,-1.107544,-4.3515344,-1.8828235,-1.7010884,-1.3455253,-1.7765741,bg_rep01_6976,0,xgboost,12.2126665,24.06911,24.831999,102.31939,25.896389,402.72928,0.37735534,25.456358
-2.331959,-1.7837801,-0.85703295,-2.9752524,-0.77292037,-1.3367186,-2.4893465,0.41403317,bg_rep05_2281,0,xgboost,13.190333,26.140177,26.952,99.3411,21.168634,461.35217,-0.065339245,30.837215
0.018518277,-0.9092726,-1.0961758,-2.7252195,-0.9619773,-0.78616756,-1.1200248,-1.0608726,bg_rep05_8856,0,xgboost,12.423333,25.355812,26.568,98.112335,22.8097,607.0701,0.36653307,26.478693
-3.7214699,-3.160794,-0.97673196,-1.855654,-2.735882,-2.1973157,-1.3073659,-1.0570977,bg_rep05_1326,0,xgboost,7.9096665,24.948483,28.223999,24.733963,31.430523,442.78613,0.39054734,31.20923
-1.0921535,-4.371864,-0.32952538,-3.6701927,-3.1400685,-1.6964124,-1.4510069,-2.2829623,bg_rep01_3577,0,xgboost,11.849,22.624685,27.468,113.51805,32.215755,153.73595,0.47099996,30.138784
-1.3739096,-5.493001,-1.6195838,-2.6483724,-1.4274635,-1.08387,-1.0141386,-0.13838334,bg_rep02_8595,0,xgboost,11.226334,22.582745,26.556,93.45636,25.685648,205.5884,-0.35881677,28.091629
-0.10660949,-1.4915624,-0.3227787,-0.5657364,-0.9962396,-2.2193549,-2.358214,-1.9889324,bg_rep01_5255,0,xgboost,9.066333,24.450737,24.832,80.58538,26.50567,100.27342,0.24628328,36.79745
-2.2351828,-3.7214544,-1.4634513,-3.3671172,-0.7179289,-1.6444925,-2.6544259,-1.4270203,bg_rep01_2719,0,xgboost,12.805667,29.322372,28.672,104.06335,17.923407,1231.7051,-0.76431507,49.35922
-1.2940807,-5.3846316,-1.9756815,-3.0720234,-2.0423765,-2.0737903,-2.641934,-0.65958685,bg_rep04_6015,0,xgboost,10.870334,22.350386,25.748,93.12275,27.185791,366.97482,0.20432882,31.314615
-0.66372246,-5.1255136,-1.7999674,-0.9204336,-0.93258166,-1.6557114,-1.9179568,-0.9986657,bg_rep01_311,0,xgboost,10.590667,19.429564,25.7,85.29508,26.904207,78.914734,-0.6081076,30.83536
-0.24163899,-2.3851044,-0.90029705,-1.5053912,-1.8083391,-1.6671627,-2.0761633,-2.6014106,bg_rep03_992,0,xgboost,10.092334,25.824804,24.092001,39.183777,15.580266,206.51408,-0.72043717,48.65744
-1.4182858,-1.8719939,-0.6550233,-4.281112,-2.4246016,-1.378325,-2.813008,-2.073257,bg_rep03_7774,0,xgboost,12.292334,24.80894,28.328,124.205826,24.123167,161.91553,-0.16998193,46.567352
-4.3267894,-3.7643867,-1.0697796,0.016753823,-1.5909885,-0.93833756,-1.5102344,-1.5546223,bg_rep02_4737,0,xgboost,13.662,25.582354,22.468,65.59449,18.471518,771.7073,0.20850894,42.058834
-3.1470106,-3.042467,-1.5520046,-2.3655577,-0.8239607,-0.2791137,-0.080461025,-0.27753177,bg_rep03_1873,0,xgboost,7.4673333,26.311956,28.208,59.84145,0.0,0.0,0.0,0.0
-2.8131754,-3.2213855,-2.3746538,-3.8383405,-1.0235449,-1.6080463,-2.6299853,-2.2337313,bg_rep03_7567,0,xgboost,13.007334,26.508791,29.668001,122.9348,21.104967,213.13646,-0.3635846,49.945076
-1.5098855,-4.1796513,-1.9321593,-2.974026,-1.6390451,-1.6540221,-1.9320409,-0.9960252,bg_rep01_2760,0,xgboost,11.825,22.796497,26.172,101.71141,26.017725,137.91846,-0.112139575,31.51224
-1.9151592,-3.7720742,-1.8108274,-1.1749164,-1.694915,-3.0317976,-2.6517503,-2.2209713,bg_rep05_4323,0,xgboost,8.448334,28.646187,25.3,65.85305,27.375978,1507.2318,-0.5600462,26.949791
-2.7639873,-3.5638204,-1.632553,-3.513157,-0.95594615,-0.7062307,-0.11327893,-0.37940115,bg_rep02_1529,0,xgboost,13.343333,29.917788,30.06,93.18088,0.0,0.0,0.0,0.0
-1.2601241,-2.263163,-1.5659652,-3.739482,-2.3330922,-1.843949,-0.9938728,-1.3702683,bg_rep03_1504,0,xgboost,12.457,24.712349,26.032,98.34983,23.745499,441.1413,0.57584566,32.936085
-0.2788643,-4.8257527,-1.6013405,-0.4942429,-2.6586227,-1.6453059,-2.5334618,-1.4014072,bg_rep02_1841,0,xgboost,10.666,20.665737,26.852,78.58274,34.502483,60.71742,0.5254797,18.070168
-0.9919551,-5.209534,-1.8392916,-4.5099936,-2.3944411,-1.7159735,-0.62513417,-2.2861936,bg_rep03_9669,0,xgboost,11.753667,22.31144,26.704,108.716965,26.310781,198.69775,0.6325121,26.221592
-2.668219,-2.7754064,-1.3398902,-2.5102956,-2.9945533,-2.4203901,-1.7192515,-2.1750648,bg_rep01_3043,0,xgboost,8.036667,27.294752,27.192,62.207626,24.963472,1163.4539,0.21731721,29.469511
-0.768076,-2.4000483,-1.6090789,-4.8380613,-1.5138959,-1.2399064,-0.9378253,-0.31996718,bg_rep04_8717,0,xgboost,11.787001,23.383194,26.92,105.25886,22.942215,238.2434,0.56681895,32.469315
-1.1939634,-3.3699958,-2.534427,-2.4095087,-0.77247137,-2.2803223,-1.6229538,-2.665297,bg_rep03_4354,0,xgboost,11.723333,25.599033,21.056,59.498867,20.064768,365.84155,-0.019588804,42.204803
-1.9394953,-3.4945214,-2.0079882,-2.6057518,-1.1678461,-1.8912323,-2.3262873,-1.6221488,bg_rep03_1603,0,xgboost,14.0703335,30.934687,29.1,96.54138,15.824176,1322.0143,-0.13642673,58.253414
-0.95446306,-2.6320043,-1.5205458,-3.8688204,-1.7895888,-2.172823,-1.694741,-1.1866784,bg_rep04_9574,0,xgboost,11.605333,23.386534,26.6,99.11372,26.304674,151.48256,0.74105835,27.495804
-1.6266816,-2.1712267,-0.5942124,-0.53246754,-1.5856116,-2.0978887,-1.8132502,0.5675264,bg_rep01_5607,0,xgboost,12.012667,24.589918,25.768,78.65992,25.275385,105.29526,-0.6346049,31.051035
-1.9169433,-4.3953404,-2.113972,-1.1455692,-1.8285546,-1.8173591,0.29617617,-0.65366083,bg_rep01_1953,0,xgboost,11.838333,21.11123,25.328,75.17644,27.62565,44.388294,0.67839617,33.83887
-3.5854375,-3.5859609,-3.1335502,-2.3735538,-0.57181686,-0.26307273,0.09988819,0.035630595,bg_rep05_486,0,xgboost,7.909,26.697948,30.9,58.67929,0.0,0.0,0.0,0.0
-4.0325565,-3.3515272,-2.114267,0.22004175,-1.8936281,-1.5651901,-2.5791855,-1.9962853,bg_rep01_5455,0,xgboost,13.453667,25.258461,22.064,68.12526,19.66379,974.939,-0.30460945,42.1957
-1.6631039,-3.0576353,-0.71436536,-0.19917893,-1.6375895,-1.7862589,-1.2706938,-1.3517839,bg_rep05_1393,0,xgboost,14.143,25.66974,25.176,69.91017,20.862423,600.0841,-0.46418032,40.00201
-2.7084594,-3.979946,-0.42121774,-0.14616184,-1.2799017,-0.90018,-2.1904547,-2.351794,bg_rep03_2568,0,xgboost,11.978333,22.617699,24.876,73.417206,24.496862,257.9797,-0.25825348,39.556675
-1.9218173,-2.6159928,-0.4257765,-2.6717768,-1.6626332,-0.70675015,-1.7242781,-2.9550664,bg_rep02_8189,0,xgboost,7.009,20.595322,22.628,33.46339,24.998693,168.61969,0.10310806,40.739006
-1.5370083,-4.23797,-0.8849388,-2.7825441,-1.3917673,-1.0634903,-1.2468594,-1.767778,bg_rep04_1350,0,xgboost,8.041333,22.414242,23.148,34.442307,26.272596,297.28326,0.40580562,40.085323
-1.1711804,6.608539,-1.9756019,1.9108819,0.5312796,0.48759222,0.3505061,1.4743676,presence_223,1,xgboost,11.830667,48.47839,23.604,22.788134,0.0,0.0,0.0,0.0
-3.7272332,-4.2251706,-2.4255054,-2.384969,-0.7254225,-1.8500571,-2.867805,-1.410406,bg_rep02_4832,0,xgboost,13.921667,29.749695,30.552,102.67105,19.472437,1332.1696,-0.5568174,41.815983
-1.8708977,-5.0594,-2.124259,-2.370199,-2.1626236,-1.3522258,-2.072035,-0.5419142,bg_rep03_871,0,xgboost,12.214001,22.695852,26.512001,93.00244,29.429358,164.75424,-0.8175548,30.98164
-3.5876915,-3.4863024,-1.7411855,-2.1121557,-1.4279382,-2.1980224,-2.9411469,-1.9785961,bg_rep01_5879,0,xgboost,13.551666,31.958464,28.824,95.020065,16.329664,1504.0803,-0.26693803,38.097885
-2.0755188,-2.9610112,-1.3890705,-1.3885535,-2.968345,-2.8794992,-0.95894676,-2.206737,bg_rep05_7705,0,xgboost,8.466333,28.086298,26.696001,64.92605,25.32048,1288.9427,0.3728482,30.057869
-0.9378927,-2.2504413,-1.1317798,-4.4122887,-1.7972265,-1.2540439,-0.4011515,-1.2534117,bg_rep04_3070,0,xgboost,11.821667,24.4755,28.056,111.02048,27.110744,159.66188,0.39193708,34.242332
-0.7001737,-5.764863,-1.5347682,-2.8010693,-2.0136468,-1.6504644,-1.4230589,-0.35578397,bg_rep04_6355,0,xgboost,10.709333,20.045923,26.835999,88.66235,30.175665,57.24871,0.28829467,27.637926
0.7651732,-3.136226,-0.44497523,-5.7735543,-2.220086,-1.8400859,-1.9539149,-0.047432523,bg_rep04_7338,0,xgboost,10.291666,26.503056,24.72,105.270676,24.123678,573.0821,0.103932336,33.394585
-3.1364925,-3.6330676,-2.5216696,-2.9137375,-1.0258242,-1.6089128,0.8541975,-0.9759018,bg_rep01_7344,0,xgboost,14.427,31.805555,30.164,90.16063,17.527899,1408.595,0.9254668,47.455505
-0.24177863,-5.1119623,-2.2305388,-0.2157111,-1.4836835,-2.6297274,-1.072391,-1.085634,bg_rep04_6623,0,xgboost,10.491334,19.373861,26.528,80.840324,26.73681,36.439274,0.2859175,30.651648
-3.417332,-2.561407,-0.97757035,-3.2558527,-1.4114618,-2.9951472,-1.9406328,-0.5873837,bg_rep04_2626,0,xgboost,7.857,27.209446,24.908,60.327106,28.371614,1561.934,-0.11800126,27.04655
-1.4640177,-2.0883374,-1.0311145,-3.3489048,-1.2200812,-1.5396044,-2.9240134,-2.034172,bg_rep01_3370,0,xgboost,12.233,25.470558,22.416,105.32529,21.058126,1091.174,-0.1883107,35.05101
-1.3859613,-2.9819417,0.1016088,0.77207714,-1.3767723,-1.2069892,-1.0408722,-0.6311784,bg_rep01_9808,0,xgboost,9.259,25.699455,24.488,71.57013,25.273819,201.76735,-0.018308807,32.25466
-3.6157336,-2.8179786,-0.8955679,-0.4793692,-2.3799791,-2.0483584,-2.752527,-3.2078066,bg_rep04_3738,0,xgboost,13.972,25.030455,25.22,72.631744,17.976158,456.34647,-0.16589436,43.756123
-1.3972175,-4.466595,-0.6767538,-4.449064,-1.3006253,-1.6659827,-2.4569006,-0.98252165,bg_rep04_9950,0,xgboost,11.364,21.630882,27.456,117.69862,28.814432,147.91368,-0.26761028,40.5023
-0.95380753,-3.4493616,-1.8124888,-5.510539,-2.1332374,-1.5679849,-0.49889684,-1.0859468,bg_rep01_4932,0,xgboost,12.431,23.486622,26.388,107.22565,24.191477,201.13046,-0.024125189,24.555567
0.44628286,-5.4428225,-1.9331038,-1.6453861,-1.8071021,-1.9402038,-0.7664338,-2.3277268,bg_rep03_3726,0,xgboost,10.318,19.52244,25.736,83.48254,27.513264,62.75179,-0.0046214294,30.30047
-2.8944447,-2.7977788,-0.81317985,-4.7572494,-1.9406954,-1.7757268,-1.2568109,-2.2134361,bg_rep01_1201,0,xgboost,13.003667,24.98015,27.524,122.33454,25.15589,185.71614,-0.35330817,43.257908
-0.9072485,-5.191761,-1.3941668,-3.6817346,-2.5941248,-1.933021,-1.1457183,-1.6310652,bg_rep03_2939,0,xgboost,11.772,22.236494,27.676,116.741776,29.499353,143.18156,-0.39498425,29.891394
-1.0935541,-2.3600857,-1.6865702,-2.5427785,-1.8634365,-1.7537063,-3.296867,-2.656255,bg_rep03_1461,0,xgboost,12.403,27.073692,25.396,97.03974,19.469807,387.80377,-0.28720546,35.1825
-2.1529465,-2.6377344,-3.3884897,-2.0757036,-0.5069154,-1.5101643,0.49398148,-1.6514354,bg_rep02_8547,0,xgboost,8.616333,27.808977,30.452,48.249176,21.67838,18.296019,0.5890378,31.642942
-3.613395,-5.2990937,-2.9982138,-2.3993597,-0.64922154,-0.1814853,-0.2500937,-0.47709823,bg_rep05_9568,0,xgboost,7.59,24.383192,32.06,46.633846,0.0,0.0,0.0,0.0
-3.0158803,-3.4472427,-2.0946355,-2.845862,-1.8324679,-2.7382364,-0.51898164,-2.5051773,bg_rep02_948,0,xgboost,7.295333,25.608442,28.024,61.159855,28.56065,1103.1444,0.6248295,29.256956
-2.5271497,-3.2602437,-2.2134466,-4.254407,-1.0172161,-1.4397533,-1.5535644,-2.4632933,bg_rep01_2786,0,xgboost,12.789333,26.441725,29.807999,112.2233,21.0511,273.94907,-0.024296585,46.900333
-1.0283544,-4.896107,-0.94244003,-1.8304182,-1.809244,-1.3307655,-1.8662901,-1.6600767,bg_rep01_3038,0,xgboost,11.012333,21.056086,27.184,84.432076,30.17219,70.4862,0.3878282,24.709856
-2.8755002,-3.132267,-2.761339,-0.93916273,-2.8277967,-0.9006977,-2.1091478,-2.3131957,bg_rep01_4379,0,xgboost,8.748334,28.017977,28.992,64.2751,24.8724,690.23364,0.10110422,36.918118
0.51297516,7.3291044,-1.0997438,-2.169025,-0.19854982,0.14122471,0.46754497,0.8284875,presence_26,1,xgboost,10.4626665,48.754272,30.324,84.50557,0.0,0.0,0.0,0.0
-0.56176275,-2.9087737,-1.4119103,-2.8786147,-2.4516444,-1.7267369,-1.9754663,-1.4878983,bg_rep04_2917,0,xgboost,11.622334,25.089226,27.984,102.62856,32.47696,42.558945,0.13596965,28.93106
-1.7227278,-1.3681933,-0.28327805,-3.7335727,-1.3189516,-1.0267962,-1.9028125,-1.0104566,bg_rep05_3549,0,xgboost,11.986667,24.556803,23.86,100.6372,21.546198,779.7441,0.08867824,33.27737
-3.9622178,-1.4171072,-0.7638987,0.9726391,-0.19185768,-1.4120088,-0.20809092,-2.0251718,bg_rep05_5863,0,xgboost,13.844334,27.016497,22.58,68.584595,20.358425,813.3992,0.33203426,39.502842
-4.1412697,-3.1317327,-3.2178986,-0.4881695,-1.9273527,-2.3358045,-2.0314856,-2.508334,bg_rep05_4225,0,xgboost,7.919667,26.3813,32.08,68.38977,26.96649,440.10403,0.0224218,30.35083
-0.024153654,-3.6099563,-1.5925248,-3.3170018,-1.9692928,-2.0956085,-3.1373613,-1.6867532,bg_rep05_903,0,xgboost,10.782666,28.904854,26.716,98.060875,22.753124,10.544259,-0.6412751,32.2023
-4.1270323,-3.989492,-3.1624289,-2.5376372,-1.7893176,-2.1013803,-1.1336854,-1.3101077,bg_rep03_2865,0,xgboost,7.235334,25.046156,32.22,63.338696,26.430496,454.91565,0.11024579,25.757463
-2.3693182,-2.8949387,-2.695145,-2.0646815,-0.4610839,-0.9657862,-1.8463417,-0.2731883,bg_rep03_4923,0,xgboost,8.643421,27.825314,31.494738,49.460632,5.135808,5.3687735,0.27308595,5.427736
-2.4587507,-3.2213287,-1.4508734,-3.5144575,-0.40271372,-0.6699796,-0.33078295,-0.33249518,bg_rep05_5223,0,xgboost,13.282001,31.423298,29.592001,101.65999,0.0,0.0,0.0,0.0
-1.160709,-3.805078,-1.6976446,-2.1711142,-2.8617692,-1.788021,-2.130235,-2.0687516,bg_rep03_6946,0,xgboost,10.049,31.281908,26.448,56.599594,29.197563,979.24615,0.022612184,38.45615
-1.1099733,6.705989,-1.7211123,1.9131323,0.42055216,0.83549523,0.3973729,1.2895815,presence_166,1,xgboost,9.499666,46.603546,26.324,13.217358,0.0,0.0,0.0,0.0
-2.089785,-4.943017,-1.8393036,-0.6494958,-1.4597502,-2.1444697,-1.9019442,-0.67472416,bg_rep04_3849,0,xgboost,12.096666,21.460167,25.888,76.71031,28.664196,28.059605,0.07176223,31.85588
-2.6860023,-2.9979913,-1.3589573,-3.4290354,-0.40624735,-1.7319402,-1.7694964,-2.211801,bg_rep05_879,0,xgboost,12.793,24.371332,27.104,97.561584,21.031382,313.83884,0.27506435,38.230877
-2.8046825,-3.5415053,-3.5744417,-0.17747423,-0.46838316,-2.2843099,-0.39243966,-0.9246556,bg_rep05_232,0,xgboost,7.935,26.274836,29.64,19.468016,18.286139,110.55715,0.69573444,23.458942
-2.018125,-2.5962355,-1.8972915,-3.6900897,-0.749648,-1.2415287,-0.102973,-2.3380315,bg_rep03_6941,0,xgboost,12.730666,26.128124,29.924,118.86384,16.977133,234.9805,0.35640392,49.60176
-0.89389056,-2.3430135,-1.6674548,-3.7356186,-0.6168525,-1.4726768,-0.7217444,-2.025704,bg_rep02_1739,0,xgboost,12.238,25.453411,28.828,109.61222,20.31965,159.6616,0.29940754,53.78953
0.17880252,-3.8299444,0.20428623,-1.3760552,-1.1350029,-1.6780708,-0.2684031,-1.5680869,bg_rep01_649,0,xgboost,10.682,29.961853,28.46,84.0201,28.102026,286.37985,0.5931705,35.31726
-0.98370117,-4.6227064,-0.34769988,-4.0204,-1.1650846,-1.3105397,-1.5368432,-2.4579732,bg_rep03_8889,0,xgboost,11.501667,22.566446,28.404,122.209206,23.555193,126.72811,0.11558802,46.368404
-2.9667637,-3.0549567,-0.9812903,-0.7802944,-1.6412389,-1.7305182,-2.8574362,-2.1953967,bg_rep04_7910,0,xgboost,15.355333,28.996399,25.02,69.844986,21.547518,508.51532,-0.28769672,37.28617
-1.4932984,-4.9306345,-1.8441467,-0.17510778,-2.0568657,-1.9129014,-1.1542703,-2.0363772,bg_rep04_4596,0,xgboost,11.098667,20.993166,26.528,79.683716,28.92342,54.863857,0.12450963,29.274918
-2.1212668,-3.9766428,-3.6284974,0.048625108,-1.2248038,-0.6612204,-0.9163223,-1.2900976,bg_rep05_6704,0,xgboost,6.5916667,23.541668,30.8,19.864006,8.680645,16.40796,0.782201,11.0381
-1.4446573,-3.1514928,0.01333749,-0.24103631,0.77966607,-1.2595801,-1.931485,-2.1555142,bg_rep03_4626,0,xgboost,10.0043335,29.266129,28.352,81.90281,27.843607,239.5563,0.14835317,35.135876
-3.9171603,-2.8593607,-3.31442,-2.7552514,-1.4057012,-1.7456586,-1.6941521,-0.89463025,bg_rep03_1947,0,xgboost,7.950333,26.711239,30.652,63.655247,28.3733,779.16345,0.13526836,27.296976
-3.3790545,-2.5876396,-0.5562249,-2.7493577,-1.804433,-2.6458998,-1.1492875,-1.4418801,bg_rep01_2021,0,xgboost,8.246,27.268518,27.7,50.077812,29.257133,596.22906,0.010372106,38.16326
-2.3200324,-4.229931,-1.6391774,-2.8127234,-2.3964713,-2.9156477,-2.5397847,-1.4747926,bg_rep05_5324,0,xgboost,14.2699995,30.520147,31.244,86.76871,23.055822,1200.2101,-0.5867307,34.373127
-4.2913527,-2.9295163,-1.2533474,0.79153544,-1.7277801,-2.0887768,-1.8551998,-2.3805604,bg_rep03_180,0,xgboost,14.588,25.690336,25.676,71.29726,20.287846,577.99896,0.26441285,38.996265
-3.6298375,-3.5417278,-0.6665041,-4.7833724,-1.2771274,-1.0074189,-0.13938917,-0.94174665,bg_rep03_2375,0,xgboost,14.207,31.342659,28.632,89.06044,0.0,0.0,0.0,0.0
0.95418906,-3.2403424,-0.260346,0.4932158,0.42371938,-1.5763748,-2.5188584,-2.1207976,bg_rep03_6466,0,xgboost,10.463333,29.162022,27.616,81.51728,27.75555,455.7723,-0.34980917,34.35434
-1.0153607,-4.3552895,-0.836573,-2.6094568,-1.3840551,-2.2558875,-1.4409653,-3.4720397,bg_rep05_8090,0,xgboost,8.659667,22.6361,22.584,32.71153,14.7176285,369.78702,0.113302425,48.951847
0.3509752,-2.608334,-2.2821548,-4.820669,-1.8671745,-1.6664251,-2.4668844,0.16039348,bg_rep05_7013,0,xgboost,10.226666,20.497608,27.844,112.030045,22.0978,127.25394,-0.052189182,33.590694
-0.31632692,-2.9937153,-0.9188824,-3.2424514,-1.306129,-0.7886471,-0.92344046,-0.72190934,bg_rep04_4844,0,xgboost,9.816334,26.079525,24.352,88.53419,25.677708,233.17203,-0.41087008,33.82872
-1.5384929,-3.747298,-1.1021845,-3.1816661,-0.8088411,-1.6252625,-2.8355632,-2.629404,bg_rep02_2352,0,xgboost,12.417,24.056494,26.016,99.5397,21.210056,390.14444,-0.107698396,36.488953
-0.47840515,-3.5821486,-1.3565487,-0.6795192,-1.8859786,-3.1584144,-2.0155296,-2.0982087,bg_rep04_8638,0,xgboost,10.625667,29.401402,24.736,83.017586,25.749651,1757.288,0.26739797,23.611162
-3.1580532,-5.0026174,-3.3711476,-2.0984786,-0.7695493,-0.313307,-0.14521037,-0.24097666,bg_rep05_797,0,xgboost,7.14,25.233248,29.704,61.19606,0.0,0.0,0.0,0.0
-4.2310123,-3.505391,-1.1060344,-4.9914412,-1.127837,0.944772,-1.1671805,-2.009116,bg_rep03_930,0,xgboost,13.640333,28.555378,24.664,126.481125,27.246923,706.1205,-0.4087307,37.366642
-1.6801472,-2.3973837,-1.7982079,1.4737884,-0.5958024,-1.7552681,-1.5191816,-2.3575256,bg_rep04_2717,0,xgboost,11.901667,25.07303,22.556,68.37404,20.966093,496.23557,0.22805253,40.91552
-1.9471002,-2.0744941,-1.5418544,-0.04900638,-0.84953874,-1.4576348,-3.0088694,-0.84164995,bg_rep04_9419,0,xgboost,12.373667,23.32014,26.62,73.754265,26.096407,159.0375,-0.8672643,31.260702
-0.4038524,-2.6113732,-1.863124,-4.7624044,-2.0725498,-1.0136461,-0.953389,0.017774964,bg_rep04_2685,0,xgboost,11.805333,23.373196,26.335999,106.324524,23.652117,232.97337,-0.38061857,30.734697
-2.5187242,-1.7206018,-0.80131984,-3.5114927,-1.8550047,-1.5384612,-2.8845513,-1.33937,bg_rep02_7272,0,xgboost,13.004,25.325232,26.668001,98.58256,30.18939,348.11346,0.5388446,26.85043
-4.7942643,-1.0712951,-3.1586888,-4.3177056,-0.40922633,-1.0383502,-0.3987527,-0.21711749,bg_rep05_9389,0,xgboost,13.826333,35.049515,17.404,97.12707,0.0,0.0,0.0,0.0
-3.107832,-4.1121373,-1.4587039,-3.283156,-0.32412347,-0.7408731,-1.8285055,-2.0280643,bg_rep01_4197,0,xgboost,12.646,23.181551,23.54,92.99207,20.345898,753.7524,0.26190028,43.78358
-3.681202,-3.0385551,-2.6308398,-1.637297,-0.5924209,-0.29784417,-0.07960142,0.1905155,bg_rep02_5895,0,xgboost,7.3656664,26.115679,29.096,62.31809,0.0,0.0,0.0,0.0
-3.8343613,-2.4408724,-1.144756,-0.7931747,-2.0211487,-1.8580999,-1.6216431,-2.9916914,bg_rep05_6350,0,xgboost,13.433666,24.442625,25.408,73.40298,19.521124,435.24792,0.15044434,42.541306
-0.11862637,0.2729714,0.8236035,1.0443419,-0.35019362,-0.4925849,1.4237192,1.5325965,presence_105,1,xgboost,11.464666,24.461609,24.332,73.40162,22.394157,356.5278,-0.42945012,33.382664
-1.5414982,-3.207007,-3.1446478,-4.8353906,-0.49444833,-0.913829,-0.46532592,-0.26027355,bg_rep04_7464,0,xgboost,11.337,32.716724,17.476,97.4558,0.0,0.0,0.0,0.0
-0.7271974,-2.9845648,-0.5666194,0.20423964,-1.1665012,-2.2028341,-3.202413,-1.0969226,bg_rep04_7097,0,xgboost,12.248,23.852924,25.804,73.48035,22.837212,398.86105,-0.23495911,32.30745
-0.6674041,-4.460753,-1.5606644,-1.0752885,-0.9259213,-2.3169532,-1.5931334,-1.0426966,bg_rep05_4125,0,xgboost,11.799,31.151653,25.584,85.86943,20.830507,1774.4852,0.0882749,31.439703
-3.1083946,-3.1900055,-1.411198,-3.6296523,-1.0186799,-0.8398257,-0.21474145,-0.49617606,bg_rep04_4811,0,xgboost,12.917666,31.13291,28.088,94.7247,0.0,0.0,0.0,0.0
-3.5530496,-4.5561686,-3.6034842,-2.7540114,-0.8305747,-0.42080826,-0.22724612,-0.62158835,bg_rep01_2549,0,xgboost,7.4993334,24.756811,30.456,54.52678,0.0,0.0,0.0,0.0
-3.0198472,-4.9075427,-1.6095717,-0.66296893,-0.9391476,-2.0724535,-1.3218626,-1.3601182,bg_rep05_1240,0,xgboost,12.555666,22.900099,26.82,74.96136,28.749863,57.440926,-0.39219058,31.585993
-1.1819499,-1.6193655,-0.9596199,-3.6615293,-1.2536845,-1.5189475,-1.531838,-1.0590549,bg_rep05_7523,0,xgboost,12.504001,24.799683,24.968,101.774734,22.931507,443.20328,0.26605797,33.256256
-2.4969287,-3.9576519,-1.2089698,-3.0954459,-1.2147465,-1.9269562,-0.93877584,-2.110945,bg_rep01_5362,0,xgboost,12.895,31.655048,26.852,92.4424,17.634697,1549.7042,0.010488117,38.691086
-2.966248,-3.9763675,-1.57486,-2.6773512,-1.5212824,-2.1519945,-2.4302738,-2.0386596,bg_rep03_5396,0,xgboost,13.022333,32.195248,26.38,89.28954,19.658592,1771.7906,-0.5269931,35.125256
-3.331553,-4.468269,-2.828555,-2.7158258,-0.85483927,-0.24077064,-0.45776471,-0.38405356,bg_rep05_7858,0,xgboost,7.2276664,23.144827,32.28,47.975,0.0,0.0,0.0,0.0
-3.5105107,-3.0140643,-1.3177314,-2.4311912,-0.6590707,-0.40541577,0.006163705,0.12820831,bg_rep04_6786,0,xgboost,7.6949997,26.091822,29.4,58.215897,0.0,0.0,0.0,0.0
-2.8062942,-3.0684066,-1.9252449,-3.575747,-0.68596125,-1.5577958,-0.03682457,-2.0489652,bg_rep04_8829,0,xgboost,12.852333,25.989511,29.876,115.663506,18.481522,193.01088,0.44196224,48.133743
-2.584358,-2.694896,-1.594549,-1.5076874,-1.4365048,-2.053431,-1.665827,-1.5975391,bg_rep01_555,0,xgboost,8.358334,26.941507,27.96,44.928135,22.080654,146.1424,0.18342555,41.21902
-2.8539658,-3.2566526,-1.0381715,-0.19267178,-2.3470783,-1.0820973,-1.8452444,-2.2440114,bg_rep04_9914,0,xgboost,14.369,25.604063,25.064,70.017746,18.601368,644.78845,0.21420537,40.704468
-2.5329847,-5.14282,-1.2059864,-3.0488582,-1.5739961,-2.0790102,-2.411989,-2.6536403,bg_rep03_4639,0,xgboost,13.317,22.380009,25.86,90.93764,20.40847,421.10355,-0.13646021,40.741295
-2.5886104,-4.709143,-0.7194319,-0.9527026,-1.8248956,-1.1288261,-2.3831635,-2.079127,bg_rep04_9982,0,xgboost,12.405666,22.490332,24.98,86.062454,24.43787,269.24982,-0.28170654,38.5646
-0.0025989073,-3.5222847,-1.4819857,-2.3134208,-0.4739765,-1.8000731,-1.38276,-0.65751046,bg_rep02_2913,0,xgboost,5.515,18.005224,21.92,31.91787,12.375405,21.334997,0.57962364,26.63705
-0.29481655,-4.443679,-2.4992867,-1.453596,-1.8159236,-2.1316342,-0.6206616,-1.6192507,bg_rep04_506,0,xgboost,12.403,29.584488,28.996,96.55836,26.565193,1129.0421,0.4011729,29.38336
-0.7746395,-2.8445048,-1.498017,-2.704914,-2.4603474,-1.7315671,-2.2172413,-1.5212066,bg_rep05_9962,0,xgboost,11.4696665,27.150997,28.108,101.853645,22.433977,65.43441,-0.65832883,36.301872
-1.1110274,-3.8912337,-2.104768,-4.328684,-1.8861973,-2.1621637,-1.4173608,-1.9587911,bg_rep05_3825,0,xgboost,11.158334,21.34504,27.048,115.57186,26.688702,137.6228,-0.41357842,30.098516
-1.421983,-3.7210636,-1.8726755,-3.4288845,-1.1423621,-1.6666908,-2.755467,-2.0981636,bg_rep05_4284,0,xgboost,12.069334,24.038666,28.988,121.28567,18.376133,153.6493,-0.15482068,49.929447
-0.62820995,-5.2588487,-2.5832274,-1.684936,-1.8133318,-1.5034395,-1.3741404,-1.6875505,bg_rep03_274,0,xgboost,10.543667,20.90504,26.492,84.23684,29.616432,77.849434,-0.3298723,24.336264
-0.3114765,-4.8809257,-1.7084388,-2.3977096,-2.3099015,-1.0484661,-0.5429197,-1.3200241,bg_rep03_9426,0,xgboost,10.787666,21.112547,27.284,89.76323,28.964504,60.08542,0.7017908,27.195744
-3.5246437,-4.7289505,-2.6469572,-2.472277,-0.7824461,-0.34201247,-0.040814884,-0.29110754,bg_rep01_913,0,xgboost,7.7543335,25.088434,31.692,53.57358,0.0,0.0,0.0,0.0
-0.84919715,-4.945159,-1.189347,-4.7623506,-0.7746359,-1.2901694,-1.294934,-1.1144582,bg_rep02_1469,0,xgboost,11.715,22.832697,27.204,113.369965,30.050068,171.51137,-0.32481965,26.301933
-1.5023814,-3.6949627,-1.6085793,-2.4804957,-2.3889146,-3.123749,-1.7656803,-2.2012653,bg_rep04_5872,0,xgboost,9.301333,30.584417,26.184,50.318844,32.473038,1013.2863,-0.14685892,34.590645
-1.0682764,-3.013316,-1.7311254,-3.3213344,-0.7774483,-1.7025098,0.26667866,-2.4977822,bg_rep02_7780,0,xgboost,12.426,25.288994,29.096,116.7036,18.60945,157.11066,0.33805016,41.6197
-0.28657535,-2.4861,-0.9767967,-2.876538,-3.14105,-1.3609751,-1.2012845,-1.9514953,bg_rep03_5605,0,xgboost,9.6449995,26.66722,22.404,88.37674,25.325825,1060.6694,0.44459844,38.9842
-0.99426,-4.9745545,-1.3426363,-4.102453,-2.239833,-1.6278048,-0.30136898,-1.5770149,bg_rep05_844,0,xgboost,11.324333,22.367727,27.696001,118.06114,25.886793,179.4511,0.761039,43.004597
-3.7367246,-2.831142,-1.2326299,1.2724552,-1.4405819,-2.2695704,-1.536339,-3.036334,bg_rep02_9667,0,xgboost,13.534333,24.69769,27.504,67.21239,26.96148,145.05542,-0.15477826,28.682272
-3.3090336,-3.031165,-1.5294379,-2.4254453,-0.815474,-0.22502206,-0.03889603,-0.3072953,bg_rep02_2108,0,xgboost,7.5069995,26.384787,28.58,59.145348,0.0,0.0,0.0,0.0
-3.5731127,-4.7432857,-3.5475738,-2.7617285,-0.8451872,-0.3479438,-0.16111958,-0.38680202,bg_rep04_865,0,xgboost,7.313,25.013681,30.128,54.316463,0.0,0.0,0.0,0.0
0.27560586,-2.5039408,-0.43099397,-2.9778192,-2.797443,-0.29312274,-2.0242014,-2.0939538,bg_rep04_9767,0,xgboost,10.184334,26.666143,23.812,99.83189,24.772131,754.42065,0.17695451,37.97803
-3.809846,-4.5914817,-3.1550236,-3.1044126,-0.7398698,-0.362775,-0.080418415,-0.04122429,bg_rep01_1631,0,xgboost,7.5086665,25.577963,30.907999,60.122272,0.0,0.0,0.0,0.0
-2.6726058,-2.727701,-0.9230615,-5.0745115,-1.8448256,-1.1598331,-2.560885,-0.3335577,bg_rep04_8040,0,xgboost,13.152,26.266176,27.12,126.25228,22.536146,303.18295,-0.5787496,31.263668
-3.8479958,-1.7267828,-1.600838,-1.7906314,-1.5608095,-0.8741921,-2.0352843,-2.7142944,bg_rep02_1543,0,xgboost,13.759667,24.67128,26.2,75.105896,22.092318,271.2712,0.2465174,37.394512
-3.6484845,-6.0446005,-2.1730711,-2.0003564,-0.9503092,-2.1182184,-2.500433,-1.0300398,bg_rep02_2877,0,xgboost,13.050667,22.292065,26.2,84.34032,27.80327,69.746414,-0.78572154,30.850645
-3.056794,-3.2908525,-1.8840902,-0.68603563,-1.365002,-2.015603,-1.5512049,-1.2801762,bg_rep02_819,0,xgboost,13.234333,24.150244,26.944,74.879944,22.50457,157.4794,-0.3940147,32.325256
-1.4347581,-1.9397285,-0.7860919,-3.3773544,-0.80130774,-1.5738549,-1.933602,-1.5829121,bg_rep04_2277,0,xgboost,11.9956665,23.222214,28.752,121.93253,20.397953,135.47786,0.12639035,54.64197
-0.9627833,-3.388954,-1.1268104,-3.4063835,-1.4257419,-1.9019616,-1.8122005,-2.453492,bg_rep01_7914,0,xgboost,11.300667,28.226263,23.836,98.73003,21.063015,2114.319,-0.043521892,35.342102
-3.8371556,-3.6793602,-2.057743,-2.9094243,-1.3265492,-2.4106174,0.6230275,-0.8095209,bg_rep01_2146,0,xgboost,14.643,30.736774,31.024,89.367096,20.113583,1203.607,0.90406144,39.798817
-3.7229137,-4.5187645,-2.8983035,-2.1890588,-0.6205586,-0.28791744,-0.08001614,-0.00037187105,bg_rep02_5468,0,xgboost,7.3543334,25.642725,31.22,61.30168,0.0,0.0,0.0,0.0
-1.397967,-5.147675,-1.3843613,-2.5256844,-2.4149961,-1.3371829,-2.2078106,-0.58191663,bg_rep01_692,0,xgboost,11.230666,21.278261,27.212,95.31295,29.142836,59.398365,0.21860535,27.446619
-1.2144442,-5.38151,-1.8780413,-3.9137666,-1.4954879,-1.4259013,-2.052104,-1.4650975,bg_rep01_3498,0,xgboost,11.8689995,22.34375,26.223999,108.75443,26.044289,230.4115,0.22929189,29.572433
-3.1038928,-3.2578886,-0.4853755,-4.5628123,-1.2634432,-0.9380044,-0.14037445,-0.5244515,bg_rep01_1210,0,xgboost,12.867667,31.141497,27.416,91.52666,0.0,0.0,0.0,0.0
-2.3734238,-1.3018074,-0.20581141,-4.699311,-1.0842396,-1.6043334,-2.0874586,-2.303894,bg_rep03_7270,0,xgboost,12.801,25.756538,28.308,127.23169,28.550623,205.22836,0.014232533,42.965515
-1.5535059,-2.8218515,-0.4957061,-2.2966385,-1.705742,-0.6760891,0.52551484,-1.2267121,bg_rep01_6280,0,xgboost,11.974667,25.554132,23.84,99.39669,23.081724,682.4525,0.6314141,34.09589
-2.4612448,-3.7175698,-2.870382,-2.0797665,-2.4025848,-2.1433945,-2.026729,-2.3721046,bg_rep01_6667,0,xgboost,9.687333,29.024849,31.836,63.635277,31.114927,127.958435,0.07706471,30.320005
-3.1907794,-4.065928,-1.5245242,-3.9998765,-1.6978282,-1.9640025,-0.99212986,-1.129186,bg_rep03_1767,0,xgboost,14.428667,24.0831,26.236,91.497856,22.311033,392.91876,0.34857988,40.367035
-1.7108889,-3.1949348,-2.5312293,-1.1663524,-1.0731084,-1.5300133,-1.1854231,-0.82451916,bg_rep01_6461,0,xgboost,8.533334,26.855495,28.975,75.40511,11.658485,11.050354,0.38496354,16.763645
-3.0638084,-3.9165626,-1.48103,-4.861959,-1.3617164,-1.1628418,-2.4013407,-2.061918,bg_rep03_157,0,xgboost,12.931334,24.336294,27.096,103.00018,27.35645,260.05246,-0.57564837,25.465576
-1.3183368,-2.666624,-1.9821495,-3.4654045,-0.1942024,-2.0248754,-2.580214,-1.8648607,bg_rep02_8501,0,xgboost,12.347,24.468887,29.16,120.555115,19.907864,141.11288,0.067684375,54.49698
-0.18022946,-3.2640696,-0.117088936,-5.28358,-1.2332646,-1.3973422,-1.9573703,-1.934154,bg_rep04_4966,0,xgboost,10.515666,27.222912,27.584,105.14821,23.181911,158.52196,0.23223975,35.66783
-2.4460099,-3.07938,-2.0414512,-3.5548,-0.7910636,-1.840282,-1.9613942,-2.5138435,bg_rep02_16,0,xgboost,12.8,25.999352,29.928,122.27553,19.514198,199.16191,0.12767449,50.095486
-4.3080463,-3.8076813,-2.2579794,-2.4984052,-1.4686831,-1.9027724,-2.4017441,-1.8101897,bg_rep02_9721,0,xgboost,14.706,32.30384,30.576,92.22416,19.778122,1367.9656,-0.41151884,44.29939
-2.8285573,-2.598785,-1.6539544,-3.1780522,-1.0075718,-0.51812047,-0.068253525,-0.2757357,bg_rep03_4443,0,xgboost,15.131667,32.67614,29.892,83.20812,0.0,0.0,0.0,0.0
-1.538786,-5.505426,-1.5643554,0.053010825,-2.5489852,-1.5194181,-1.9672799,-1.1915178,bg_rep03_2956,0,xgboost,11.460667,22.039743,26.716,80.76402,29.447464,143.59721,0.18069232,26.691917
-0.7543919,-4.747168,-1.7893249,-1.4766426,-2.1848989,-0.85439926,-1.3558332,-2.2011325,bg_rep04_3799,0,xgboost,10.65,20.689253,26.74,83.94867,28.909657,89.62697,0.45083016,26.5636
-2.8642716,-1.2489719,-3.1663814,-4.487717,-0.20890024,-1.1115158,-0.45301765,0.16014647,bg_rep03_4069,0,xgboost,12.739667,34.89555,15.38,97.80917,0.0,0.0,0.0,0.0
-3.792392,-3.6393766,-1.625919,-2.3011081,-1.2798285,-2.3125079,0.5641973,-1.3344016,bg_rep03_956,0,xgboost,14.585667,30.583046,31.504,95.55089,20.968534,1251.0056,0.8077134,41.340935
-3.0024052,-3.3389285,-0.031096024,-2.7285256,-1.0219293,-1.0605146,-2.228084,-2.0090113,bg_rep04_3416,0,xgboost,8.859667,28.686914,27.472,48.477097,30.067122,686.44525,-0.26876622,36.88917
-2.2248428,-5.1167727,-1.3205252,-3.3399491,-2.1094034,-0.6996995,-2.563839,-2.546225,bg_rep02_6657,0,xgboost,11.965333,22.696005,23.48,91.87064,22.790106,739.638,-0.1254824,42.754856
-0.19024381,-2.2281475,-1.3401932,-2.621625,-1.6181849,-1.635757,-3.2221928,-2.4378486,bg_rep02_9732,0,xgboost,10.711,25.847008,27.628,102.46701,18.984985,85.14641,-0.22366574,41.12947
-0.76909304,-5.59926,-1.1235518,-4.1328974,-2.73578,-1.2854229,-2.1531396,-1.5741394,bg_rep05_1768,0,xgboost,11.806334,22.43015,27.964,110.724304,29.25229,174.18773,0.25995377,20.739935
-2.456647,-2.370364,-1.8914092,-2.9206426,-1.5208145,-2.1982305,-0.78440624,-1.9192322,bg_rep03_2522,0,xgboost,7.7906666,24.700909,23.052,47.06225,27.36328,1189.8127,0.715924,38.490543
-3.5630581,-4.7908163,-2.795858,-2.4611516,-0.76800984,-0.33679876,-0.09015208,-0.38328415,bg_rep05_3456,0,xgboost,7.727667,24.9763,31.92,50.6988,0.0,0.0,0.0,0.0
-2.375512,-3.6269157,-1.6802596,-2.7190769,-2.2548375,-2.8705719,-1.520662,-0.4687023,bg_rep02_6830,0,xgboost,13.158,31.09756,28.987999,94.87529,23.791916,1167.595,0.103063405,31.123226
-0.26451135,-1.794147,-1.6899339,-2.8466692,-2.6240935,-0.6987077,-1.8233427,-1.1626536,bg_rep03_9424,0,xgboost,12.460334,26.028437,25.484,95.45144,25.348192,704.4773,0.17626895,26.23569
-2.9636219,-4.0244775,-1.699651,-3.0080707,-1.1196365,-1.6702737,-0.85441595,-1.6451145,bg_rep04_5774,0,xgboost,14.307667,30.64265,31.144001,91.18717,18.965122,1252.5605,0.39460224,42.250175
-1.6924983,-2.9080281,-1.5363176,-2.4912257,-1.4620802,-2.8798065,-2.513589,-2.0479512,bg_rep02_9828,0,xgboost,8.366,28.111559,27.3,62.756435,27.262644,1174.3557,-0.6105332,26.572277
-2.4907901,-2.830679,-0.9149213,-0.12317232,-1.7389935,-2.0881891,-1.8540525,-1.3236405,bg_rep01_4669,0,xgboost,15.16,28.5973,25.067999,68.64354,21.448746,456.532,-0.32404882,39.76433
0.020411527,-2.6814594,-1.2248309,-0.25594515,-1.4944603,-0.40965268,-1.6603614,-1.6357415,bg_rep02_5733,0,xgboost,10.110333,26.809326,22.788,80.823784,23.11536,633.33417,-0.3326414,39.460262
-3.7064228,-3.5443735,-1.284154,-3.3975923,-1.1825249,-1.3929843,-2.0220025,-2.4273536,bg_rep01_9745,0,xgboost,12.960334,23.233067,24.396,94.89556,20.544731,616.8503,0.27589694,42.75191
-2.7684948,-2.1877348,-0.4092166,-3.662205,-0.9453596,-1.8920465,-0.30784798,-1.4910944,bg_rep05_9782,0,xgboost,13.115334,27.597284,28.392,124.713165,16.481955,386.96066,0.5231745,45.51664
-1.4275782,-2.3135688,-1.2427738,-3.704367,-0.8679351,-1.2838609,-1.6993448,-2.8057702,bg_rep03_9733,0,xgboost,12.194667,26.646854,24.396,97.25596,20.231445,540.11664,0.2536187,38.844017
-1.3863337,-2.404135,-2.0156863,-0.055626094,-1.1432602,-0.61176586,-3.2605014,-2.3421197,bg_rep02_5663,0,xgboost,12.282666,24.490881,21.132,70.00773,20.289158,975.91583,-0.14835548,41.322243
-1.2301676,-1.0819653,-1.0126802,-3.0389879,-1.510037,-1.0629963,-1.8309999,-2.541415,bg_rep04_953,0,xgboost,12.292334,25.51759,27.712,101.03914,20.976017,275.59402,-0.39282325,39.398647
-0.97174484,-1.7642503,-1.5636978,-0.8728946,-1.458769,-1.597019,-0.13567789,-1.4041154,bg_rep03_6710,0,xgboost,11.519667,24.769215,25.256,86.4371,26.3727,428.70486,-0.44227564,32.128883
-1.0177273,-2.5151036,-1.0928178,-0.93899035,-2.0766122,-1.5527481,-2.958456,-0.88023865,bg_rep03_8347,0,xgboost,11.315667,24.909014,24.3,85.50375,19.399954,539.43665,-0.17365275,34.840748
-3.9502234,-3.4232614,-1.0087558,-2.6906142,-1.1116422,-1.7260007,0.31957662,-0.62558025,bg_rep04_3305,0,xgboost,13.657666,31.79751,28.184,93.96292,13.889626,1535.9437,0.744338,57.96116
-0.7372308,-2.101422,-1.9603207,-2.6804504,-0.56981385,1.0051403,-1.3469216,-1.7301154,bg_rep03_5108,0,xgboost,11.229,26.06546,22.072,93.694664,18.959736,944.257,0.26620924,42.916077
-2.6788573,-3.8996782,-1.4188808,-2.9322433,-1.6243612,-1.8780024,-2.9453692,-2.3847835,bg_rep03_6669,0,xgboost,13.150666,32.03417,27.04,90.43012,18.629274,1642.7109,-0.2921145,37.64166
-1.180649,7.846983,-0.975738,-0.97433615,0.16641626,0.74334913,0.40031156,1.31362,presence_14,1,xgboost,4.956018,77.97932,26.816666,60.40885,0.0,0.0,0.0,0.0
-3.0479865,-2.4880238,-0.6564922,2.5651162,-1.7132714,-2.4811225,-1.7531588,-1.9312549,bg_rep02_5782,0,xgboost,14.5703335,26.266104,26.708,67.93993,21.581982,417.751,-0.05667464,37.612446
-3.5030537,-1.2913605,-3.1361616,-5.019358,-0.28789687,-1.2486105,-0.40488583,-0.324493,bg_rep01_7492,0,xgboost,14.041333,35.440014,16.512,97.88116,0.0,0.0,0.0,0.0
-1.4787017,-2.8026402,-1.6154749,-0.12868406,-0.8002775,-1.771239,-0.8830449,-1.3312147,bg_rep04_2407,0,xgboost,9.599334,28.340025,28.068,76.5807,28.233137,387.68326,-0.44970545,32.967648
-3.0116627,-3.391605,-1.3555526,-4.936762,-0.604317,-1.2615359,-2.3666282,-2.2961085,bg_rep04_4198,0,xgboost,13.671,28.689247,25.72,126.88209,26.104864,468.3071,-0.22650485,37.660378
-0.6479462,-3.1086273,-1.7658086,-2.1432178,-1.2619271,-0.97425026,-0.6690919,-2.0790772,bg_rep02_813,0,xgboost,7.625,21.41854,28.1,87.29979,8.20189,1.9475145,0.56097096,11.261456
-1.9822068,-3.3443038,-1.2067901,-4.1421084,-1.9737519,-1.4866575,-0.9572835,-0.7816333,bg_rep05_1433,0,xgboost,12.084666,24.082636,24.208,101.5744,23.877325,569.73926,-0.3951093,31.311543
-0.67753315,-5.436682,-2.629579,-0.3419354,-1.7325989,-1.1053984,-0.4337734,-0.71020216,bg_rep02_4730,0,xgboost,10.635667,20.95285,26.416,78.35084,29.737543,70.393616,-0.07426449,19.744009
-2.052653,-3.8144448,-3.6790245,-0.5863683,-1.4564637,-1.6147951,-1.9042327,-0.26734832,bg_rep01_8309,0,xgboost,9.751333,28.88086,29.74,71.44424,32.648117,24.267094,-0.14313817,28.110983
-0.34075868,7.5636125,0.11580947,-1.9358971,0.037442777,0.18513846,0.35874096,1.1638736,presence_25,1,xgboost,11.168,49.706245,31.384,83.88222,0.0,0.0,0.0,0.0
0.15039128,-2.966522,-1.7498295,-3.8740866,-0.57004744,-1.9775935,0.09729251,-1.6862743,bg_rep01_1101,0,xgboost,10.559,24.04801,27.94,105.539764,20.818249,95.465546,0.75757563,38.34731
-0.83720446,-2.8926225,-1.4462466,1.1089051,-1.6596761,-1.8905752,-3.3819406,-0.17783417,bg_rep05_3506,0,xgboost,12.3359995,24.071184,25.952,71.83244,27.236065,108.86316,-0.6356697,28.225464
-0.25439927,-3.1351254,-1.6974525,-4.103873,-1.1505728,-2.3374233,-3.0959191,-2.3226268,bg_rep01_1311,0,xgboost,10.760333,24.390999,26.384,105.47947,19.699358,410.152,-0.22809248,42.108875
-1.5676043,-2.516765,-0.64636594,-4.7889853,-1.5910636,-2.2256262,-2.9078438,-2.256248,bg_rep05_5190,0,xgboost,13.264334,27.553663,27.524,119.07094,20.523024,408.6101,-0.33731446,48.780552
-2.9664004,-3.6709654,-3.38876,-0.19482149,-1.334042,-1.6957122,-0.86249083,-0.13871205,bg_rep04_3346,0,xgboost,8.8289995,28.710327,28.904,67.48025,20.52782,771.1715,-0.024115965,31.057709
-0.9772438,-5.688893,-0.6038181,-4.2586536,-1.9048629,-1.650407,-1.3793296,-1.0694228,bg_rep03_6862,0,xgboost,11.870333,22.398544,27.348,109.77785,32.191757,143.27826,-0.17943038,23.115438
-1.3306129,-4.9236155,-1.8928206,-2.6822455,-2.133636,-2.0366514,-0.7211088,-1.7770427,bg_rep05_4904,0,xgboost,11.475667,22.355776,27.056,97.899666,26.595974,117.670654,0.6561965,28.7467
-2.4240005,-2.2887533,-0.9704086,-3.344929,-1.6290925,-0.4854466,-0.62985104,-0.53177196,bg_rep03_8832,0,xgboost,12.7803335,25.66538,26.036,98.610596,22.187578,691.4716,0.3295585,27.212526
-2.404955,-3.423165,-1.4395527,-3.7705653,-0.402967,-1.5013255,0.44873792,-1.4025136,bg_rep01_6346,0,xgboost,12.953,29.255127,28.072,103.00638,17.27309,1534.4274,0.24290603,44.915707
-3.6609654,-2.9493818,-0.61440563,-2.655003,-1.4471438,-1.5357356,-2.1746387,-1.5930669,bg_rep02_5617,0,xgboost,7.5003333,25.315018,27.472,49.143353,25.670227,47.76278,0.1792371,38.486298
-4.0536327,-3.9689064,-1.2287863,-2.4551778,-1.9577501,-0.72779864,-1.0025681,-0.9548131,bg_rep03_9406,0,xgboost,7.0193334,23.849325,28.132,35.517124,29.696142,237.89836,-0.1314546,30.767857
-2.7690015,-2.1951497,-1.1538539,-5.169496,-0.44072518,-1.8159474,-2.2656753,-1.9672115,bg_rep01_2122,0,xgboost,13.507,28.207752,26.268,128.3966,27.53931,442.16806,-0.088359706,42.44886
0.2596206,-4.1484776,-1.9468783,0.07711157,-3.1676273,-1.8753567,-1.2904987,0.2112119,bg_rep01_6861,0,xgboost,10.374666,20.989452,25.58,81.70884,29.659199,305.10718,0.09689439,28.470253
-4.2556987,-1.5327255,-3.2054946,-4.6960344,-0.35406187,-1.08864,-0.425775,-0.34671134,bg_rep03_5959,0,xgboost,14.479334,36.69742,20.18,97.86448,0.0,0.0,0.0,0.0
-0.64251924,-1.2220426,-1.5530212,-4.883264,-1.9421121,-1.596585,-3.3066428,-0.46654946,bg_rep04_4066,0,xgboost,11.465,25.782585,25.344,105.291595,22.154282,573.3007,-0.27681866,33.765327
-2.0571852,-4.0399466,-1.4311303,-2.4624162,-0.8774884,-1.9665291,-1.4985025,-3.5076513,bg_rep04_3244,0,xgboost,6.669,19.786968,21.228,31.741888,21.823204,369.31583,-0.016548831,44.329857
-1.1462547,-2.4009945,-2.357457,-3.1590164,-1.2620207,-2.3183105,-1.9644246,-2.2408104,bg_rep05_3698,0,xgboost,9.192,26.042612,21.636,44.581055,27.373451,1780.4719,-0.15704042,37.311234
-2.0773952,-4.543619,-2.4738595,-2.8722026,-0.5187464,-0.079834975,0.03865392,0.15428457,bg_rep03_9678,0,xgboost,7.6583333,25.726732,31.668,55.727524,0.0,0.0,0.0,0.0
-1.42965,-5.479637,-1.667494,-0.05586989,-1.4615873,-1.8410976,-2.5235565,-1.4950856,bg_rep03_294,0,xgboost,10.988999,20.642046,26.608,81.14014,28.275417,40.208687,0.18940128,26.791756
-1.4876798,-3.2606535,-1.3663962,-3.717531,-1.2949387,-1.9844655,-1.254393,-0.43515125,bg_rep04_9551,0,xgboost,11.856334,23.921259,26.592001,96.781555,27.579933,326.37653,0.4391107,32.523487
-3.5058172,-3.8021355,-2.9145153,-2.4157925,-0.49248448,-0.27417687,0.0331996,0.08057063,bg_rep02_8196,0,xgboost,8.01,26.390352,31.544,58.093548,0.0,0.0,0.0,0.0
-5.266108,-3.2281518,-1.4141142,-4.4977,-1.1801628,-0.81202066,-0.12847897,-0.4907908,bg_rep05_5512,0,xgboost,14.931334,32.824776,30.508,89.50393,0.0,0.0,0.0,0.0
-0.7846696,-5.425134,-2.4538975,-1.8189495,-1.7418411,-2.1211607,-1.5448798,-1.7051079,bg_rep04_5210,0,xgboost,10.611,19.999622,26.344,84.057846,26.728756,63.12119,-0.3171239,28.83137
-1.7076755,-3.6760414,-4.07348,0.24669369,-1.6135668,-1.0210991,-2.984655,-1.0386591,bg_rep03_5506,0,xgboost,9.401334,29.45649,29.548,66.277756,23.302883,733.9406,-0.2784112,33.82169
-2.912069,-2.5906029,-0.9047338,-2.326427,-1.7637904,-1.4518968,-1.4461815,-1.5442983,bg_rep04_1737,0,xgboost,12.814667,27.47099,22.564,99.70773,21.280972,1307.6849,0.12332332,33.877342
-1.7566943,-3.5549216,-1.7545422,-3.324635,-1.9933908,-2.4858196,-2.1011255,-1.6791255,bg_rep01_5102,0,xgboost,8.407001,25.662394,22.668001,55.39937,28.000895,1351.2065,0.14017744,36.35731
-0.41007054,-3.6623123,-1.2377785,-5.226037,-1.7342842,-1.6101629,-1.5297974,-1.4387512,bg_rep05_1547,0,xgboost,12.375,23.578615,25.892,106.828964,28.521542,192.81114,0.36386278,20.409517
-3.5739298,-2.9511755,-1.4052005,-1.6365427,-1.6054381,-1.2414519,-2.2666845,-2.1493657,bg_rep04_4505,0,xgboost,7.554,24.907677,27.188,43.991985,22.347696,207.12515,-0.12595177,41.40975
0.14407556,-3.6769457,-2.0417085,-4.4132147,-1.2333138,-1.5479488,-1.9947013,-2.3692553,bg_rep05_512,0,xgboost,10.776,21.01404,27.26,118.19585,22.76471,142.51714,0.17904496,47.034855
0.44887543,-1.788115,-1.9960191,-2.2452326,-0.9135942,-1.7645676,-1.1553057,-1.6511099,bg_rep03_1411,0,xgboost,10.661333,24.61065,20.452,58.077557,20.333912,576.4197,-0.36111158,41.569168
-1.0816839,-2.826457,-1.0903488,-2.1199718,-0.36538193,-1.3596321,-2.5674498,-2.5448267,bg_rep01_572,0,xgboost,11.879666,25.627031,23.184,101.312,20.088448,826.0479,-0.15611365,37.813175
-3.040075,-2.6386962,-1.4714383,-3.4299226,-1.7722199,-1.8664528,-0.30302832,-2.6962674,bg_rep05_9833,0,xgboost,12.654,23.353756,25.672,91.427315,23.8385,328.03656,-0.42626244,37.724396
-1.0196751,-4.102536,-0.766741,-2.7216985,-2.631335,-3.2740233,-2.4254205,-1.8359547,bg_rep04_834,0,xgboost,9.991667,28.95464,24.976,54.02721,29.77409,1282.5018,-0.27733058,36.747227
-1.5565548,-4.1942005,-1.9125531,-4.2280445,-0.91527873,-1.8849506,-2.5526366,-1.9317809,bg_rep01_464,0,xgboost,11.279667,21.557348,27.076,117.63583,27.551702,150.80197,-0.2872682,40.854027
-1.6042308,-4.5941973,-0.40650907,-4.405801,-0.6072373,-1.8524948,-1.3210793,-1.6346707,bg_rep03_753,0,xgboost,11.915334,22.666515,27.58,114.9,30.373592,150.88298,-0.16716574,29.65363
-1.2063402,-4.114521,-1.8039793,-4.3303266,-2.5159817,-1.5376109,-1.0189947,-2.1065948,bg_rep04_5626,0,xgboost,10.974667,21.35814,26.872,115.88096,28.522299,177.19933,0.44808477,29.664581
-1.6004251,-5.588038,-0.78605825,-4.457278,-1.7815595,-1.8176206,-1.157213,-1.6318713,bg_rep04_9535,0,xgboost,12.021334,22.552404,27.428,108.071976,31.455849,119.25851,-0.4403878,24.327295
-1.1872134,-4.702814,-1.7671701,-5.0317535,-1.9032595,-1.7515731,-1.7751713,-1.6165749,bg_rep01_8067,0,xgboost,11.566667,22.667294,26.7,113.89162,27.085459,152.77116,-0.07884136,24.819677
-0.23481956,7.2947664,-0.8877288,-0.6831205,0.008367198,0.091974765,0.43403178,1.5617318,presence_30,1,xgboost,11.717,50.23581,29.248,79.1034,0.0,0.0,0.0,0.0
-3.8544981,-2.8083093,-3.2350779,-2.9033196,-2.4772644,-1.2485187,-2.342146,-2.136464,bg_rep02_5665,0,xgboost,7.4587502,26.757849,29.795,45.45189,29.440695,79.170204,0.27552506,29.841787
-0.09650947,-2.7727363,-1.4286064,-0.3128676,-1.5659056,-1.2902164,-1.5469927,-2.7119355,bg_rep05_971,0,xgboost,9.291667,20.45001,19.732,68.342545,17.801842,795.68634,-0.37521306,43.079296
-0.72015244,-3.040217,-0.7756708,-4.9845686,-1.6079874,-1.6220157,-1.3619436,-2.370122,bg_rep01_9821,0,xgboost,11.587334,23.582167,27.496,115.64332,25.647747,206.23608,-0.038198296,42.818275
-0.06355802,-3.1510372,-0.08605547,-3.2460988,-0.7014017,-1.676124,-0.39612904,-1.702016,bg_rep03_2597,0,xgboost,11.697667,24.950232,28.212,103.18899,18.269287,156.43303,0.51889366,47.783543
-1.9374218,-3.8316293,-2.0986204,-2.3155966,-1.3094783,-2.1327796,-2.211972,-1.6914145,bg_rep04_3011,0,xgboost,14.064667,32.01463,30.096,96.89357,19.406713,1264.6791,-0.8029711,38.49763
-0.30186734,-4.5002885,-2.6568143,0.06388837,-1.4600335,-1.463817,-1.5088993,-0.48526356,bg_rep03_7826,0,xgboost,10.078,19.178656,25.98,80.540016,27.697344,76.51531,-0.06156038,31.88562
-1.9470065,-5.487982,-1.530035,-0.5594324,-1.9433818,-1.9260691,-1.812575,-1.5368111,bg_rep02_4880,0,xgboost,11.919,21.754763,26.640001,76.28386,29.53964,47.076202,-0.20902023,28.727951
0.2333971,-2.591508,-1.5662626,-3.3149145,-1.8708123,-0.27537805,-2.5217674,-1.7390778,bg_rep02_5898,0,xgboost,10.197667,27.354256,23.972,88.98202,25.713652,755.0135,0.047652353,39.348846
-0.29056874,-2.4078743,-1.3438169,-1.5470347,-2.276292,-1.6450835,-2.3674448,-2.0871897,bg_rep02_1435,0,xgboost,10.739333,27.68155,22.64,84.85133,22.642717,835.64685,-0.13878536,35.028267
-0.7861582,-2.9845583,-0.35545322,-4.51404,-2.2145684,-1.4169583,-1.5145149,-2.3048525,bg_rep02_4452,0,xgboost,11.622334,26.178785,28.204,109.12198,23.645784,58.443047,0.122429065,42.850662
-0.9362599,-3.5054526,-2.3443284,-2.3019876,-1.065307,-1.3912963,-0.28406575,-0.76865304,bg_rep01_9306,0,xgboost,9.714334,28.537994,21.82,85.56156,0.0,0.0,0.0,0.0
-0.18408369,-3.3416154,-1.1632676,-2.6920018,-0.50299764,-1.516291,-0.1104399,-1.4434857,bg_rep05_7317,0,xgboost,5.2916665,17.75727,21.033333,29.973843,15.027386,12.191729,0.63171846,30.486677
-2.8530145,-1.2823424,-0.067357905,-4.6938004,0.02463857,-1.34476,-2.480172,-2.1238763,bg_rep05_7768,0,xgboost,12.839666,25.778322,28.496,127.53374,27.795198,215.2117,-0.08113552,41.97934
-2.5093558,-3.6093674,-0.550193,-0.7880878,-2.2857633,-3.179086,-1.7675743,-0.20697966,bg_rep02_1432,0,xgboost,8.986667,28.873753,27.388,65.96902,30.2721,1124.2576,0.13761613,32.372368
-3.754278,-3.3351095,-3.8231664,-1.944148,-1.2961378,-1.6780759,-0.714508,-1.1790524,bg_rep04_1211,0,xgboost,6.884333,24.443735,30.244,64.293076,28.352596,787.9237,-0.041431006,30.741137
-0.8838815,-2.2360725,-1.2513727,0.40469506,-1.4751027,-1.5960159,-1.5225058,-0.7074429,bg_rep01_9324,0,xgboost,12.447666,23.392593,26.84,72.54668,26.376863,109.765785,0.13908105,26.918043
-1.5228369,-5.08962,-1.5416692,-2.7843852,-1.7632554,-1.0047287,-1.1223398,-0.6926057,bg_rep03_1840,0,xgboost,11.243333,21.282906,27.279999,96.30566,28.61312,65.45355,0.0015205655,28.062296
-1.0583547,-2.8474205,-2.1412401,-0.6732453,-1.6197304,-2.1494997,-2.2142124,-2.035608,bg_rep03_6438,0,xgboost,12.302667,25.416634,19.748,65.060616,19.370731,1179.3729,-0.31514996,41.791355
1.9468709,-0.12492201,0.039154768,-0.1582856,1.0847524,0.7152262,-0.44705907,0.26064378,presence_62,1,xgboost,8.257738,22.96094,27.735714,97.114586,27.32114,19.721565,-0.19032083,38.008205
-2.94752,-5.4754586,-3.6634448,-1.9543914,-0.7221792,-0.177924,-0.34036675,-0.52678144,bg_rep02_155,0,xgboost,6.6036663,24.171547,29.536,63.789577,0.0,0.0,0.0,0.0
-1.9242495,-2.845357,-1.2934892,-1.0692276,-1.5643973,-1.5324438,-1.696021,-3.048833,bg_rep02_9037,0,xgboost,14.226333,25.17935,26.188,73.70304,19.48152,368.15283,0.26228696,41.11111
-4.122842,-3.7286332,-1.8580223,-3.1461694,-1.8863984,-2.6412404,0.24134043,-1.1213412,bg_rep03_5490,0,xgboost,14.747334,30.715933,31.06,90.22772,20.641811,1167.6705,0.6205568,39.788475
-1.6757973,-2.318882,-2.569626,-2.340871,-0.84832674,-1.899167,-0.65600574,-2.0696616,bg_rep04_9971,0,xgboost,11.976666,24.460148,21.588,61.473343,20.415106,597.64575,0.2996094,41.552692
-1.3552673,-5.3424244,-1.7323638,0.035538148,-1.2404461,-2.4880946,-1.0017968,-0.52795553,bg_rep05_6701,0,xgboost,10.938667,20.455282,26.668001,81.30286,27.773834,39.345146,0.23963262,27.37019
-1.8492184,-2.791492,-1.919145,-2.5920935,-1.7824439,-1.4696105,-0.12671402,-1.7062755,bg_rep05_5700,0,xgboost,9.208667,28.19555,25.708,52.332912,28.454887,961.29663,0.7710416,38.061687
-0.33545002,-4.0129843,-1.3871137,-3.259895,-0.83499056,-1.0376062,-2.353346,-1.2362126,bg_rep01_6902,0,xgboost,10.936334,24.016895,28.776001,101.36477,20.0463,42.8349,-0.11182039,22.862885
-4.4935713,-3.0907314,-1.317316,-4.2671466,-0.68294805,-0.68975836,-0.20748593,-0.28799993,bg_rep02_1900,0,xgboost,13.718,31.940952,29.48,98.8364,0.0,0.0,0.0,0.0
-3.7263412,-3.315366,-3.4514403,-1.1492534,-1.8766336,-2.476912,-1.1511307,-0.74881554,bg_rep03_4031,0,xgboost,8.136333,26.94507,30.832,64.85929,25.753454,409.42194,0.29842383,31.172049
-0.37278202,7.931131,-1.1921147,0.43088016,0.24893586,0.41721553,0.45657605,1.3858129,presence_233,1,xgboost,11.742333,50.552494,27.88,29.833525,0.0,0.0,0.0,0.0
-0.50449526,6.576539,-1.586405,1.8412967,0.59976494,0.9825847,0.38182357,1.5549392,presence_185,1,xgboost,8.578334,49.654625,19.676,23.609156,0.0,0.0,0.0,0.0
-3.9002957,-3.6365662,-0.56213677,-3.0213954,-1.2074722,-1.5877622,-1.3925228,-1.1870654,bg_rep03_3533,0,xgboost,13.536,31.682426,28.156,93.375084,14.528878,1533.6993,0.21025677,57.427128
-3.1506443,-2.1205912,-0.8151417,-0.0963438,-1.2763379,-1.2422019,-2.0814643,-2.588789,bg_rep02_4877,0,xgboost,12.714334,24.550732,22.34,72.965126,20.02115,877.49194,-0.030401932,42.836872
-4.4254227,-2.7732873,-1.3772953,-1.0497347,-1.624042,-0.3458439,-2.78797,-2.633659,bg_rep03_817,0,xgboost,13.571667,25.261831,24.128,76.231316,20.570658,653.8549,-0.19609249,41.927124
-2.7347252,8.162015,-0.47927317,1.5365579,0.35196316,0.5113904,0.6220035,1.4307013,presence_102,1,xgboost,13.735666,53.596325,31.476,21.650635,0.0,0.0,0.0,0.0
-3.5653765,-1.9389905,-1.3463197,-3.8415573,-1.5824873,-0.13930058,-1.5386126,-1.7471782,bg_rep05_8734,0,xgboost,15.727333,26.57542,24.392,90.91747,22.592747,670.607,0.54296756,40.991817
-1.4066321,-3.5425172,-0.72493756,-3.0954018,-1.3059394,-1.2892575,-1.4236734,-2.7684462,bg_rep04_7957,0,xgboost,11.555333,21.763096,24.744,89.61018,21.898325,337.3577,-0.63734615,40.59413
-2.804479,-2.3474934,-1.8042858,-1.2131782,-2.508653,-1.6567993,-0.5616291,-2.821325,bg_rep01_6912,0,xgboost,7.827,27.14692,22.84,65.34839,28.041431,1871.8257,0.5770783,29.08947
-2.9616342,-2.5308485,-0.48018783,-2.865174,-0.5259926,-1.7640834,-1.6778784,-1.5492176,bg_rep04_6166,0,xgboost,8.297,26.586132,28.428,37.850876,28.21338,482.35654,-0.3171284,36.46706
-1.5098696,-3.455728,-0.9273025,-4.8155384,-1.0121088,-1.2825476,-1.7940348,-1.8303384,bg_rep03_1453,0,xgboost,12.481,24.00931,24.876,103.26067,21.559855,267.0197,0.27577868,34.224617
-5.350157,-3.1771386,-1.365584,-4.0088563,-1.0941681,-0.70336574,-0.16384313,-0.4402017,bg_rep03_4848,0,xgboost,14.780666,32.866375,30.068,93.120285,0.0,0.0,0.0,0.0
-0.53601927,-4.562075,-2.2161372,-0.557935,-1.2021369,-0.81514734,-1.2726418,-2.459121,bg_rep02_7298,0,xgboost,10.601,21.587114,26.152,86.26473,27.875027,244.02138,0.40480757,30.28392
-1.0430044,-2.6532247,-1.3591752,-3.0819304,-1.840266,-0.6895474,-2.8078117,-2.4632912,bg_rep03_2562,0,xgboost,11.583,24.883991,24.204,96.85628,19.518978,658.33594,-0.27733165,37.43597
-4.1311307,-2.4255152,-0.7082565,-2.5234933,-1.4000034,-1.4214301,-1.8866076,-1.7005283,bg_rep03_8861,0,xgboost,7.575333,27.07797,28.572,35.97457,32.768528,178.93051,-0.093995124,35.887474
-2.1697354,-2.689536,-1.84118,-3.2463949,-1.3249674,-1.4820714,-2.6133192,-2.559861,bg_rep03_5272,0,xgboost,12.553,25.614185,29.284,115.6228,19.256172,169.21742,-0.32911023,52.963753
-5.0245185,-3.3009534,-0.6988632,-4.5081058,-1.0744083,-0.693467,-0.14000314,-0.2755004,bg_rep02_9736,0,xgboost,15.067,32.82285,30.812,90.82653,0.0,0.0,0.0,0.0
-1.5672932,-3.8652892,-1.1345233,-2.6385722,-1.8312273,-1.088583,-2.406715,-2.5447524,bg_rep01_8679,0,xgboost,6.61875,19.819584,22.155,30.153852,25.009998,5.2116313,0.25463232,36.641945
-0.8296394,-2.998757,-1.4999342,-4.1084905,-0.7980777,-2.2127972,-1.9351064,-2.0913897,bg_rep03_3663,0,xgboost,11.574333,25.196651,28.004,104.4807,26.252575,36.693935,-0.38837656,43.66469
-0.94560796,-5.4994397,-1.522238,-4.302738,-2.3426266,-1.8542439,-1.1045625,-1.3446074,bg_rep01_5688,0,xgboost,11.722667,22.250904,27.148,110.1597,32.3653,152.51198,-0.46617782,20.588964
-5.2998466,-3.2115304,-1.4371005,-4.5650945,-1.169556,-0.8065076,-0.1692318,-0.46550244,bg_rep04_6378,0,xgboost,14.882,32.904396,30.34,91.01408,0.0,0.0,0.0,0.0
-0.27919897,-0.15518515,-0.020531382,2.4538414,0.3072953,1.2470919,-0.81410784,0.761742,presence_136,1,xgboost,13.383667,24.801102,26.684,70.80756,23.214998,251.61316,0.039045613,33.319862
-0.75260156,-3.9720051,-2.7470067,-1.1193593,-0.7155898,-1.75412,-1.8279085,-2.208128,bg_rep01_9958,0,xgboost,9.933333,28.956778,29.2,78.991875,27.241035,53.211605,-0.43316478,36.76081
-2.865884,-1.4935912,-0.01414848,-2.2521317,-1.0213643,-1.10999,-1.5942366,-1.798027,bg_rep04_3104,0,xgboost,7.9046664,23.161823,23.876,32.396294,24.693417,209.80145,-0.15878005,39.482777
-3.401583,-4.5025206,-2.8869672,-2.7800012,-1.0020846,-0.32069358,-0.17257698,-0.44445348,bg_rep02_1848,0,xgboost,7.0806665,24.85491,29.136,60.113583,0.0,0.0,0.0,0.0
-0.3870583,6.3198247,-1.9859717,2.4270496,0.49531153,0.51663613,0.3628738,1.4588864,presence_202,1,xgboost,10.846666,43.701317,22.884,16.05874,0.0,0.0,0.0,0.0
-0.08216694,-5.251254,-2.2021806,-2.5463607,-2.2988446,-2.0770214,-1.587375,-0.49015367,bg_rep05_2187,0,xgboost,10.197333,19.649555,26.456,86.51976,30.28794,44.211906,0.37633255,27.95699
-3.758567,-2.8219109,-2.2774925,-2.645474,-0.654955,-1.3137785,-2.2269273,-1.3800812,bg_rep02_8088,0,xgboost,7.943333,26.970436,29.148,38.755966,27.380478,42.86223,0.04011238,39.47243
-1.0256499,-5.0475283,-1.1765095,-1.0417931,-0.7351103,-1.6708679,-0.7624493,-3.4586933,bg_rep05_3819,0,xgboost,11.618,22.445904,24.284,75.48725,19.620226,354.55374,0.39433157,45.016514
-3.1958058,-4.9337277,-3.2192585,-0.89442486,-0.9105225,-0.26887447,-0.31283984,-0.64155525,bg_rep04_7348,0,xgboost,6.72,23.9214,32.464,65.07794,0.0,0.0,0.0,0.0
-1.1567621,-3.093783,-1.5582292,-2.425093,-1.3112363,-2.7165222,-2.5395908,-3.2714088,bg_rep01_1482,0,xgboost,8.523334,23.390047,22.04,33.570045,18.079908,441.38028,0.07424788,45.943188
-1.5350859,-3.4269836,-1.4249125,-3.1587656,-1.5408174,-2.3388407,-1.3178328,-0.72146314,bg_rep05_3826,0,xgboost,12.089,23.484732,26.288,98.16527,28.052786,370.13464,-0.18722868,29.869724
-3.231928,-1.6628481,-1.1905811,-2.2383568,-0.90582466,-1.341145,-2.1934686,-1.8923692,bg_rep05_6605,0,xgboost,7.6386666,23.206545,24.216,30.835472,26.37637,96.6826,0.038459785,39.065678
-3.4097707,-3.7701952,-0.58134,-2.8553176,-0.60296345,-0.98725057,-0.31069624,-1.5501921,bg_rep01_2375,0,xgboost,14.336667,25.136171,22.572,92.803604,20.124836,1063.5529,0.40492564,42.96695
-2.7587183,-3.2112944,-1.4365157,-4.4276476,-0.9723615,-0.96573347,-0.32959512,-0.7624356,bg_rep03_2259,0,xgboost,13.3133335,32.164024,27.804,97.81258,0.0,0.0,0.0,0.0
-0.09006089,-2.4989104,-1.747998,-4.620571,-1.7744899,-1.3774099,-1.8700793,-2.111535,bg_rep01_1468,0,xgboost,10.749001,24.710346,27.864,107.02379,21.938488,7.5165014,0.011848422,44.57079
-1.4943916,-3.3404312,-2.3804183,-0.8206202,-1.0152222,-2.039757,-2.3976946,-2.6138663,bg_rep04_7568,0,xgboost,12.233334,24.90094,20.984,64.29198,19.896688,823.3804,-0.32109204,40.847675
-3.1930315,-2.3859937,-0.74303263,0.31902286,-1.4795785,-1.279997,-1.3951108,-0.54280895,bg_rep01_8306,0,xgboost,13.739333,26.70113,25.516,68.87478,22.739538,469.64017,0.017069912,32.439445
-0.7454418,-3.304885,-1.5971179,-5.309961,-2.3644488,-1.3478643,-1.054848,-1.4731015,bg_rep04_4835,0,xgboost,10.134334,26.759436,27.816,104.82036,24.048033,113.65485,-0.009562882,32.99793
-1.4567429,-2.373332,-0.86479586,-3.087876,-0.9691084,-0.0628701,-3.5077343,-1.9009379,bg_rep01_8653,0,xgboost,12.302,26.039286,23.848,99.39143,20.870703,674.0989,-0.2328129,32.93875
-4.6344995,-2.1105497,-1.0774589,0.43254668,-1.9916911,-0.17036636,-2.316957,-0.73106354,bg_rep03_6288,0,xgboost,14.793333,26.339529,25.128,71.869965,19.295988,697.55884,0.051338334,40.56913
-0.9779601,-6.161539,-1.5209807,-1.8323891,-1.6743482,-1.4876343,-0.9504078,-1.6111282,bg_rep05_4041,0,xgboost,10.885667,20.303019,27.096,84.92964,28.513964,55.9307,0.31061596,26.91446
-1.2747114,-5.035435,-0.82480294,-1.6840223,-2.526898,-1.3845556,-0.84898996,-2.5365045,bg_rep01_1325,0,xgboost,11.151667,21.859156,27.6,89.8327,28.868576,66.51149,0.68002206,29.198315
-1.3412297,-4.7577424,-2.0209763,-0.81802535,-2.2839115,-2.2358394,-1.4549458,-2.0403895,bg_rep04_9581,0,xgboost,11.682667,21.726301,25.924,77.09053,27.046072,90.826904,-0.33690852,30.476406
-2.768637,-2.1445913,-1.0831945,-2.9900951,-1.5775365,-2.1415849,-1.428737,-2.4866865,bg_rep03_3366,0,xgboost,8.062,27.444172,25.8,60.371887,26.088623,1359.3895,0.49532676,29.184717
-2.0367527,-2.0918217,-0.84249383,0.0683894,-1.6317879,-1.3043199,-1.4844245,-2.8520079,bg_rep03_8150,0,xgboost,14.173333,24.958324,25.848,69.86511,20.492237,383.83066,-0.39708534,41.51073
-0.6658692,-3.0947382,-1.4002372,-0.0625731,-1.9979538,-2.0220265,-2.0008812,-2.2397163,bg_rep03_5520,0,xgboost,10.563667,29.330484,26.376,66.035286,28.397245,587.5908,0.040420976,29.995018
-1.212477,-5.0646234,-1.8539534,-0.070259206,-1.4714483,-1.7148547,-0.17253286,-1.1652567,bg_rep01_5792,0,xgboost,11.457666,21.344385,27.048,80.32207,26.414,43.97146,-0.005882543,27.000353
-2.3569632,-3.7524543,-2.961629,-1.9103208,-0.8633076,-0.693293,-1.4143474,0.18328027,bg_rep05_7128,0,xgboost,8.907666,28.597878,31.532,47.78768,20.057032,17.217,-0.06119061,18.524086
-1.7248231,-4.789315,-1.5625712,-2.975671,-1.5312355,-1.9234939,-1.5288538,-2.654473,bg_rep04_1699,0,xgboost,12.491333,22.635788,25.392,89.849464,21.4111,368.81326,-0.020707035,42.39716
-2.2975147,-2.7112362,-1.2092485,-0.90948766,-1.4358063,-1.9115014,-2.1271079,-3.2218256,bg_rep02_1292,0,xgboost,14.329667,25.294193,26.152,73.70864,19.890827,443.86453,0.06928035,41.148968
-0.54238844,-2.8018909,-0.67094815,-3.177837,-1.355699,-2.2207417,-2.518224,-2.552816,bg_rep03_5831,0,xgboost,11.652,25.6652,28.4,106.72209,19.014881,47.85531,-0.4553838,48.226967
-1.7295575,-3.896143,-1.6084076,-2.868366,-2.4854984,-2.2346344,-1.0993682,-2.5724165,bg_rep03_450,0,xgboost,11.696667,22.125957,25.168,92.16967,24.821304,399.5012,0.5810261,37.51027
-1.1830018,-3.9778268,-2.4345644,-4.568146,-2.536444,-2.1860824,-1.4793124,-2.0901756,bg_rep04_8527,0,xgboost,11.845,28.108685,21.868,104.22757,22.170008,1198.0739,-0.010994978,32.96595
-2.2028322,-2.6631818,-1.4328902,-1.125771,-0.9819425,-1.64678,-1.0870892,-2.456668,bg_rep04_8125,0,xgboost,13.263666,23.754686,26.556,73.46582,25.873238,126.21877,0.28106785,35.1368
-0.7424283,-2.3098865,-1.3449166,-3.1375213,-1.6727738,-1.5930445,-1.7097654,-1.892096,bg_rep04_3819,0,xgboost,9.792334,26.037899,28.028,100.38462,23.583498,46.207558,0.2532772,41.795883
-1.8870293,-4.358048,-0.030534387,-4.223083,-1.9614687,-1.4126091,-1.1689742,-1.9928391,bg_rep03_6696,0,xgboost,12.089,22.862925,28.38,117.87157,30.255325,141.8282,0.32537934,42.07603
-1.7112267,-4.2173243,-0.8306965,-4.3246074,-0.27454236,-1.463583,-0.5978892,0.036476426,bg_rep02_1564,0,xgboost,12.112333,24.107025,26.764,97.978264,27.91045,334.47635,-0.032355662,27.936605
-0.18875773,-4.1219506,-1.893453,-2.2545848,-1.0567721,-1.0313021,-2.0055764,-0.9831409,bg_rep02_75,0,xgboost,6.0607142,19.632114,27.042856,92.34785,8.236278,5.8730617,0.18155605,14.212104
-3.206271,-4.44659,-2.1039846,-2.7936492,-0.89879,-0.34474525,-0.29068336,-0.6861198,bg_rep01_909,0,xgboost,6.8243337,24.452965,29.36,60.677563,0.0,0.0,0.0,0.0
-0.68025744,-2.70015,-1.9003421,-3.7562475,-1.213326,-1.4447432,-1.8285329,-2.6810281,bg_rep03_937,0,xgboost,11.721666,25.655897,26.452,102.962204,16.855593,376.71414,-0.35801312,35.535225
-3.6503637,-3.8137026,-2.0198011,-2.111526,-1.2240607,-2.0899606,-2.5572438,-1.7215064,bg_rep02_5726,0,xgboost,13.712334,31.496538,30.2,97.01933,18.06048,1240.1803,-0.5194055,38.989117
-4.2394824,-3.6975746,-1.1204149,-3.9092135,-1.035969,-0.85442173,-0.08657815,-0.52432686,bg_rep04_5867,0,xgboost,13.946334,29.166668,30.852,87.93386,0.0,0.0,0.0,0.0
0.2167595,-1.9422886,-1.7668493,-4.425039,-1.8726262,-0.89428115,-3.1270387,-2.5570607,bg_rep01_6787,0,xgboost,10.779667,24.792242,26.916,104.957756,18.573637,241.8873,-0.26311412,40.74477
-2.8980463,-3.094249,-0.39449605,-2.9749074,-1.3193127,-1.4305362,-1.9023874,-1.6650281,bg_rep04_229,0,xgboost,8.486333,25.530485,27.496,29.856901,30.362242,627.3191,0.3593225,36.142284
-2.20672,-3.6290762,-1.7361381,0.34432983,-1.3532921,-2.041577,-0.92079157,-2.60823,bg_rep04_278,0,xgboost,13.283667,25.210026,21.832,72.05233,20.609072,1052.0784,0.41274482,41.462975
-3.6031663,-5.250995,-3.2354805,-2.5708644,-0.7280326,-0.20875466,-0.25439972,-0.48618224,bg_rep05_2688,0,xgboost,7.3686666,24.412493,31.564,52.272,0.0,0.0,0.0,0.0
-1.0246644,-2.4825766,-2.2963932,-5.026721,-1.9945426,-1.7884103,-0.2348568,-1.1697608,bg_rep03_8194,0,xgboost,11.637667,23.258587,26.38,114.332466,28.014141,204.4674,0.33509126,31.98526
-0.3197785,-3.3320177,-0.8601931,-3.5538611,-1.6384414,-1.5128294,-2.2849867,-1.889786,bg_rep02_6787,0,xgboost,9.855667,24.220158,27.596,103.48849,19.62171,47.88863,-0.17108154,48.060947
-1.0302798,-2.9342113,-0.5896769,1.3148015,-0.7805561,-1.7282999,-1.2107745,-1.9584116,bg_rep03_292,0,xgboost,11.779667,23.099197,22.728,71.08299,21.715027,782.7586,-0.40681568,42.365204
-4.0944204,-2.9321399,-3.874613,0.22107404,-2.0140955,-2.0417442,-2.3475745,-1.1967788,bg_rep05_5368,0,xgboost,7.453,25.360691,32.776,67.67774,24.136452,355.52118,-0.18273415,34.829144
-2.148749,-2.0363817,-1.1432704,0.35439858,-1.415276,-0.86040515,-1.7297556,-2.9274528,bg_rep04_4483,0,xgboost,12.8133335,26.855577,23.96,69.26945,22.663605,618.87213,0.25572196,37.961037
-1.6220073,-2.8838594,-1.6599351,-3.8002927,-1.4344907,-2.1153853,-1.2912236,-2.0005488,bg_rep02_8575,0,xgboost,12.359333,25.116512,28.9,117.372955,20.429346,130.90808,-0.04008044,38.307774
-3.1743126,-2.757126,-1.086181,1.2866852,-1.4565829,-0.7065483,-1.5552181,-1.3593297,bg_rep02_4399,0,xgboost,15.140667,28.24119,24.548,67.61239,20.666065,677.6049,0.31950012,40.24169
-1.0943075,-0.33428258,-0.31132117,1.9292253,0.29501638,1.7422955,0.72748095,0.44669017,presence_139,1,xgboost,14.129,27.371174,23.168,71.245026,20.349346,730.6967,0.24149768,40.495747
-1.7876638,-2.7543025,-1.4383286,-0.4618025,-1.7678846,-2.219499,-2.0698235,-1.0196072,bg_rep03_9724,0,xgboost,9.478,28.031467,27.724,77.75378,25.601866,404.84158,-0.05262692,33.78922
-1.4456322,-4.6507187,-1.4364663,-4.1219277,-2.0143697,-1.0302538,-1.8525683,-0.9977422,bg_rep05_2311,0,xgboost,11.893667,22.666693,27.628,114.21393,29.717216,162.24927,-0.6662163,27.821342
-2.7090774,-2.4365969,-0.54071903,-4.240232,-2.3412194,-0.9668004,-1.1699754,-2.0492895,bg_rep02_1816,0,xgboost,12.698333,25.201107,27.508,124.41868,22.302708,258.0464,-0.47992474,38.911682
-3.6145744,-3.7734258,-1.5358272,-1.1724356,-2.8037245,-2.8392334,-0.036264557,-0.8432007,bg_rep05_4022,0,xgboost,14.71,30.750898,31.74,82.27621,24.774794,1150.8564,0.7717001,33.729218
-3.1400187,-3.2518768,-1.3305008,-4.0255036,-1.2048135,-0.80440205,-0.15072395,-0.60983235,bg_rep02_3519,0,xgboost,12.990666,31.414845,28.1,93.47761,0.0,0.0,0.0,0.0
-3.3536026,-2.801342,-1.2951143,-2.4751487,-0.8628635,-3.0191226,-1.0619199,-1.66657,bg_rep02_6481,0,xgboost,7.6440005,26.431536,25.592001,50.476933,26.377697,420.37964,-0.010177181,39.429737
-1.2986972,-5.7374015,-1.3364023,-3.5522065,-1.9069047,-0.11015035,-0.5697276,-2.0801501,bg_rep05_4666,0,xgboost,12.302,22.76799,23.576,90.82178,22.793495,722.5483,0.401022,43.371666
-2.7532823,-3.9105363,-0.7900649,-2.6254272,-1.2662362,-1.7305762,-3.1824021,-1.5395253,bg_rep05_2076,0,xgboost,13.151999,29.806908,27.592001,98.85711,18.189386,1661.3601,-0.21089458,44.679688
-3.1648958,-2.5284128,-1.7637341,-1.2435597,-2.6900432,-1.8634747,-1.7129698,-2.2387598,bg_rep05_6478,0,xgboost,7.8413334,27.310299,21.964,65.270546,28.441587,2060.0034,0.14499229,29.47943
-3.0310225,-3.4196525,-2.3726087,-2.4783149,-0.68830645,-1.656626,0.67435557,-1.0363171,bg_rep03_3471,0,xgboost,14.205334,30.937654,29.736,100.33956,16.693474,1288.8618,0.88194484,49.35284
-1.2948427,-4.6448674,-0.42817613,-4.659326,-0.9708765,-1.6798365,-0.7876817,-1.7913635,bg_rep02_8671,0,xgboost,11.534,22.04342,27.492,116.589005,30.035393,146.20293,-0.013388183,39.693798
-1.180056,-4.584406,-1.5196124,-4.058413,-3.1250331,-1.2638999,-2.008958,-1.9056737,bg_rep04_1994,0,xgboost,11.561334,21.827015,27.168001,118.66611,33.51353,164.42384,0.15289602,30.067905
-0.40834492,6.499939,-1.132705,2.116828,0.6733285,1.0191549,0.38523427,1.6497513,presence_198,1,xgboost,8.247222,52.75409,20.533333,17.753729,0.0,0.0,0.0,0.0
-1.984167,8.006738,-1.0085441,-0.7914979,0.081972204,0.01965699,0.37665656,1.3139504,presence_33,1,xgboost,12.746667,50.81592,30.336,74.817566,0.0,0.0,0.0,0.0
-3.3394892,-4.0459566,-0.42660677,-2.8412848,-0.8829318,-0.7640409,-0.74609166,-1.7299906,bg_rep05_1905,0,xgboost,12.889999,24.324427,27.484,96.0036,20.994974,263.6727,0.28719842,34.678772
-0.5455636,-3.9092255,-0.7050572,-3.2484534,-0.9491946,-1.446866,-1.760622,-2.0801039,bg_rep04_7065,0,xgboost,11.801,24.10335,24.848,101.093124,20.441107,628.5042,-0.017045258,35.26797
-1.7095573,-4.965245,-0.5376364,-4.6863647,-1.9794476,-1.6514412,-2.061085,-1.3208075,bg_rep01_42,0,xgboost,12.042334,22.816092,27.376,108.9301,28.919981,138.4471,0.23204967,23.02443
-3.619346,-4.778446,-2.9908974,-2.5011888,-0.73567903,-0.34056503,-0.2207549,-0.58564836,bg_rep03_6286,0,xgboost,7.5123334,24.698624,31.876,48.88288,0.0,0.0,0.0,0.0
-2.0513175,-2.8693614,-1.7831732,-3.652149,-0.6448729,-1.7337036,-0.24984825,-2.1566617,bg_rep04_2570,0,xgboost,12.7369995,26.277023,29.304,120.05626,18.361055,210.00613,0.40019178,47.744892
-2.7955246,-2.2279427,-0.9930862,-5.3826165,-0.8169243,-1.4563812,-1.8804424,-1.9216325,bg_rep03_5789,0,xgboost,13.42,27.325296,26.996,127.77766,28.294498,331.447,-0.34049618,42.530495
-3.1255147,-3.8259785,-2.3520904,-3.1603806,-1.1476014,-0.5096869,-0.23719202,-0.33398926,bg_rep04_4021,0,xgboost,7.0533333,25.389969,27.956,60.35425,0.0,0.0,0.0,0.0
-2.7647195,-2.6404243,-0.9366156,-2.7873302,-1.0433793,-1.8889332,-0.91615593,0.2714344,bg_rep02_8664,0,xgboost,12.682333,23.511927,26.672,94.75043,28.408566,94.79204,-0.39797682,31.019213
-1.4736747,-3.6239455,-3.2250965,-4.14451,-0.57920414,-1.3711635,-0.34390277,-0.17628324,bg_rep01_4363,0,xgboost,12.328334,32.879063,21.344,93.90118,0.0,0.0,0.0,0.0
-0.78668386,-2.506725,-1.474808,-4.9528604,-1.7120609,-1.1703105,-0.8460818,-0.5689705,bg_rep03_4977,0,xgboost,11.791666,26.143284,25.992,104.60028,21.948996,484.19977,0.32677203,33.647804
-1.7739012,-1.9596447,-2.400751,-2.1356142,-1.6646333,-2.8317146,-1.5363045,-2.1026883,bg_rep03_6393,0,xgboost,11.9939995,24.63643,18.888,63.97944,21.269802,1273.2278,-0.4027865,40.720478
-2.6409116,-2.1574454,-1.3460501,0.100280054,-1.0872256,-0.951568,-1.1360416,-2.3626785,bg_rep01_4890,0,xgboost,14.166333,25.747606,23.708,64.36679,20.00942,667.16766,-0.45837474,43.219467
-5.0907626,-1.004766,-1.4142275,-4.3058424,-0.88380736,-0.58951694,-0.053299285,-0.081776865,bg_rep02_4160,0,xgboost,14.849667,33.241554,29.68,87.30877,0.0,0.0,0.0,0.0
-1.4195732,-4.1577034,0.22055505,-3.7596486,-1.3571409,-1.6512462,-2.454995,-1.6781862,bg_rep04_4741,0,xgboost,11.790667,22.732063,28.508,118.78044,27.082748,131.97365,0.07604684,41.803432
-3.1621046,-1.628951,-1.9862273,-4.795393,-0.9946128,-1.218115,-0.113668405,-0.32647905,bg_rep01_1881,0,xgboost,14.225,33.920734,25.728,89.99269,0.0,0.0,0.0,0.0
-2.9664063,-3.5880544,-1.9899262,-3.0684452,-1.261266,-1.7260568,-0.9686213,-1.2225935,bg_rep03_2988,0,xgboost,14.268667,30.879213,29.616,91.973885,19.05161,1475.9457,0.50044614,43.514885
-2.2142365,-2.858599,-1.5056752,-3.2708197,-0.76176244,-1.2829299,-0.6227511,-2.1534493,bg_rep04_9007,0,xgboost,12.651,25.702967,29.12,116.5266,18.940529,164.68524,0.3128142,60.542854
-2.742343,-2.6897738,-1.9313377,-3.7312639,-0.46896577,-1.5758528,-0.38502094,-2.2743144,bg_rep04_3905,0,xgboost,12.865666,26.149729,30.1,118.81977,17.3377,210.3673,0.32365778,51.221657
-1.1989568,-5.7955184,-1.3913388,-2.2464824,-1.7528883,-1.5059085,-1.907033,-1.5452828,bg_rep02_3701,0,xgboost,12.153,22.52892,26.907999,94.613205,30.185278,78.29609,0.15755597,29.44548
-0.7363329,-3.1319797,-1.240496,-3.5444179,-1.5518665,-0.6882173,-0.9740093,-0.19059068,bg_rep05_3146,0,xgboost,12.503667,25.160307,24.252,100.065125,21.667646,955.344,0.11074434,27.67008
-3.3507733,-3.458385,-2.8999796,-2.3480234,-1.4158655,-1.7044877,-1.265509,-2.1381855,bg_rep05_6309,0,xgboost,7.784,24.88491,31.4,51.190285,20.692518,34.96202,-0.033376217,42.751038
-1.5704212,-4.4493103,-1.9110429,-2.516407,-1.8227961,-1.9506353,-1.3831513,-1.521565,bg_rep05_368,0,xgboost,11.263667,22.078695,27.036,97.0038,27.073896,94.38519,0.46566302,31.5938
-0.9590334,-1.9018593,-1.3055148,-2.0824852,1.0780908,-1.1667063,-1.2999985,-1.3224515,bg_rep04_2453,0,xgboost,10.647667,28.144606,26.84,90.59533,30.595211,487.222,-0.1924562,29.524311
-3.3180869,-2.7020957,-0.9528444,-3.6992168,-2.064536,-1.5312392,-1.9281136,-1.1269695,bg_rep04_7311,0,xgboost,12.901,26.395367,24.544,98.04306,21.83616,845.42505,0.08554333,30.100515
-1.3411604,-3.7433987,-0.8897049,-4.0417476,-1.5181241,-1.6485788,-0.8915781,-1.611001,bg_rep05_4618,0,xgboost,11.172334,21.807335,27.776,119.500595,27.071728,127.22571,0.43500057,38.428394
-3.1214113,-3.316494,-3.754167,-0.70224035,-1.4623114,-2.4199233,-0.6485012,-0.4552363,bg_rep04_8018,0,xgboost,6.7693334,23.950373,32.244,66.17144,27.007559,423.0983,0.39282566,31.889877
-2.6027403,-3.0447934,-2.0950124,-3.6599586,-0.5800176,-1.666051,0.4536517,-2.199641,bg_rep03_1381,0,xgboost,12.931334,26.257582,29.576,116.573296,18.69843,189.60213,0.33514887,50.6078
-3.091083,-3.098107,-1.9073586,-3.4612484,-1.5970713,-2.348073,-0.8608765,-0.83628833,bg_rep04_9668,0,xgboost,7.0723333,25.265553,26.36,59.69558,26.578472,1299.0461,0.2952247,30.812473
0.006950016,-5.3025007,-2.441851,-1.60707,-2.6648161,-1.7194078,-1.8684304,-1.8916216,bg_rep01_7659,0,xgboost,10.166,20.340136,26.2,83.29959,31.056177,72.6663,0.5867755,22.242188
-1.1480702,-4.415758,-1.3568038,-3.7570279,-2.266421,-1.5079406,-2.5492942,-2.3204281,bg_rep05_990,0,xgboost,11.197,22.2817,27.652,122.90628,24.177896,133.21349,-0.07118217,46.873394
-2.0351748,-3.7459567,-3.31491,-3.3208327,-1.3756026,-2.041884,-2.0228753,-1.6119114,bg_rep02_7192,0,xgboost,8.571334,26.822298,31.636,55.195004,26.655916,55.729404,-0.4720636,33.096237
-4.084085,-3.0263786,-0.8153793,-0.7738079,-1.3709166,0.47098735,-1.6061426,-2.5627215,bg_rep05_9000,0,xgboost,15.457666,28.481844,24.592,68.92823,20.03755,708.27985,-0.4619745,40.762966
-2.0149722,-1.5937402,-1.5281332,-3.901222,-1.9223602,0.22955453,-2.0203128,-1.4764688,bg_rep03_7566,0,xgboost,12.196,25.366056,23.964,98.793076,22.252474,717.64166,-0.6883716,32.1658
-1.9951843,-3.8859158,-2.1319673,-2.9283054,-1.0414973,-1.9427893,-2.3991957,-1.604584,bg_rep03_4938,0,xgboost,14.085334,31.404026,28.9,97.285675,16.91039,1374.3861,-0.45365807,57.648098
-2.7830749,-3.0687492,-0.84055024,-4.302324,-1.0644712,-0.38309962,-0.18505189,-0.1117329,bg_rep04_8612,0,xgboost,15.111667,32.986263,30.811998,93.45101,0.0,0.0,0.0,0.0
-2.588383,-3.3025253,-0.50441796,-0.12313352,-1.8318444,-1.7235336,-2.606988,-3.255954,bg_rep03_7756,0,xgboost,12.691333,24.36892,23.844,72.601204,19.69182,568.3982,0.01999163,42.579838
-4.4695325,-2.7487123,-3.5280948,-1.383637,-1.1999723,-1.8258553,-0.99773693,-1.2835839,bg_rep04_925,0,xgboost,7.463667,25.417746,31.568,66.628555,27.607052,569.33887,0.3301302,30.664108
0.11192915,-4.568826,-1.8873142,-2.08516,-1.3255244,-0.9692448,-0.2809746,-2.055735,bg_rep05_7077,0,xgboost,10.728,23.673758,19.188,63.07977,17.889824,743.682,0.24235423,42.843845
-1.1421763,-2.4681609,-1.6678244,-4.32038,-1.7419364,-1.6754562,-2.7687156,-2.2611275,bg_rep03_855,0,xgboost,11.871333,23.094181,26.996,120.478165,22.667736,150.99147,-0.110906385,47.659492
-2.6129534,-3.8776557,-1.3100957,-1.7204447,-0.51192296,-1.9502233,-2.3883102,-2.737542,bg_rep04_7340,0,xgboost,8.969,28.527353,27.296,51.38032,23.1984,320.68652,0.06834193,36.6966
-2.1825435,-3.633223,-1.3001215,-0.55923665,-0.8608619,-3.6700273,-1.7189755,-0.1854091,bg_rep03_1523,0,xgboost,8.863,28.749838,28.368,65.59806,23.180708,1023.1984,0.08912338,31.895233
-3.8164473,-2.2457519,-1.2443491,-3.6217592,-1.4897791,-2.873482,-1.3819324,-0.16071011,bg_rep02_9803,0,xgboost,7.3326664,25.97289,26.66,59.844036,28.86599,1291.1394,-0.13206379,28.402767
-0.12279099,-2.3817608,-1.9161835,-3.8759246,-0.98458064,-2.2001472,-0.353669,-2.064398,bg_rep04_2309,0,xgboost,10.203,24.566599,27.2,104.08717,17.970081,152.23643,0.58126664,43.844677
-6.1237516,5.1069207,-4.2199326,-5.5341177,-0.06589452,-0.6206769,-0.31731313,-0.07116219,bg_rep01_4461,0,xgboost,15.077,36.809082,19.14,97.96043,0.0,0.0,0.0,0.0
-5.0356183,-2.0310972,-1.2401956,0.5310903,-2.011406,-1.973356,-1.8434563,-3.1634557,bg_rep04_578,0,xgboost,14.590667,25.914085,25.147999,70.77211,18.799646,501.00388,0.10438966,42.821228
-1.2252737,-2.9314024,-1.4780549,-3.4413774,-1.2465605,-1.0118841,-0.2009957,-0.46594068,bg_rep01_76,0,xgboost,12.103,28.075994,27.936,95.66318,0.0,0.0,0.0,0.0
-1.1771895,-3.3152275,-1.8431828,-4.2218776,-1.575118,-1.5620775,0.2430973,-1.9457611,bg_rep05_9064,0,xgboost,12.268666,24.346457,29.092001,118.45177,22.333225,139.93225,0.3496474,52.80722
-2.119826,-1.2027661,-3.4258206,-3.9206736,-0.34909555,-0.75985134,-0.28118804,0.2985144,bg_rep01_8092,0,xgboost,12.110666,33.874096,11.68,94.95976,0.0,0.0,0.0,0.0
-0.94348204,-3.1920478,-1.5841186,-3.446957,-1.4880352,-0.4202007,0.6322832,-2.544874,bg_rep05_2974,0,xgboost,11.427667,24.951237,24.084,91.097176,18.385838,641.62305,0.6521768,39.43511
-1.1815801,-4.323905,-2.1022582,-0.3831083,-1.5879766,-1.9831234,-2.694308,0.24997541,bg_rep05_1304,0,xgboost,11.012667,30.023626,27.892,71.84781,31.016882,315.87906,-0.27554166,28.446407
-1.6406604,-3.1147995,-1.6263157,-4.9435616,-1.9847589,-1.1357791,-2.1145144,-1.1387627,bg_rep02_1544,0,xgboost,11.932334,27.392868,25.568,104.70863,23.56765,541.5841,-0.560337,34.86098
-2.937079,-2.0572574,-2.7195244,-1.3300388,-1.4257628,-2.3213084,-2.0988007,-2.432548,bg_rep03_2306,0,xgboost,13.083333,26.969273,21.692,63.50427,19.31162,586.9836,-0.030630317,40.627487
-2.9780033,-2.758599,-1.6452379,-2.476347,-1.6154076,-2.6810317,-2.0491917,-2.0758896,bg_rep01_6809,0,xgboost,8.344,26.740162,26.456,48.63318,25.504425,599.0861,-0.088413715,38.576992
-2.3231788,-3.0161061,-0.21000047,-4.913579,-1.078485,-0.417541,-0.16203278,-0.13812459,bg_rep05_4427,0,xgboost,15.109334,32.66459,30.668001,88.845764,0.0,0.0,0.0,0.0
-2.0630918,-3.713417,-1.5641379,-2.5083199,-1.925149,-1.584791,-1.856186,-2.0938077,bg_rep04_6853,0,xgboost,12.538667,23.738483,25.844,96.05305,24.50801,314.70914,-0.52965885,34.512592
-3.4297314,-4.7906456,-2.7698245,-2.4886665,-0.7637512,-0.26573107,-0.09015208,-0.3851143,bg_rep05_8969,0,xgboost,7.8043327,24.924416,32.068,51.32687,0.0,0.0,0.0,0.0
-1.7109045,-2.9704986,-1.4405012,-4.8088493,-1.4372668,-1.873416,-1.0042435,-0.19705708,bg_rep03_7781,0,xgboost,12.035,23.076777,25.64,104.84699,25.784082,340.0061,-0.38492984,28.193628
-2.152837,-4.2567286,-2.9757,-2.4557257,-1.4371852,-1.8918083,-0.8101916,-1.5163623,bg_rep03_7674,0,xgboost,8.922667,28.646034,31.3,50.14908,27.090193,105.89331,0.4073753,34.561333
-1.0022643,-2.764372,-2.0737097,-3.9120543,-2.8243845,-2.0435927,0.23053631,-1.5932453,bg_rep04_893,0,xgboost,12.247334,24.484873,29.152,115.87656,24.889137,143.92122,0.59945387,48.92314
-4.602175,-2.6519494,-0.69780225,-0.5831346,-1.359649,-2.1074722,-3.307446,-1.7066487,bg_rep01_3583,0,xgboost,13.681666,25.50456,23.08,69.44613,20.048893,830.6616,-0.29243323,41.867466
-0.10885731,-2.2854478,-0.52292657,-0.5266526,-1.4586012,-1.8033398,-1.9346806,-0.4821806,bg_rep05_3645,0,xgboost,9.766,21.746683,24.192,77.636566,26.357124,111.51316,0.06965458,32.87898
-1.3090686,-3.9840038,-1.8982775,-4.3158994,-1.5621426,-2.1229942,-1.5637481,-1.5539949,bg_rep05_9930,0,xgboost,11.021333,21.107195,27.0,115.07663,26.225021,140.57773,-0.1342624,29.603987
-2.168343,-3.113404,-1.6854575,-1.0896153,-1.4369766,-1.1556735,-0.61959535,-2.6026828,bg_rep01_9361,0,xgboost,13.361,24.287428,26.136,75.149666,21.61936,301.91302,-0.42702276,36.622627
-0.75007915,-1.5012459,-1.6655778,-2.3841045,-0.30554032,-1.6701024,-1.8135774,-1.9835311,bg_rep01_5787,0,xgboost,11.6449995,25.304216,26.22,102.45848,17.431326,363.9741,0.14945313,34.656464
-3.8416696,-3.5966096,-1.3809913,-3.8668835,-1.0904342,-0.65825856,-2.7364902,-1.9612124,bg_rep03_3797,0,xgboost,13.571334,24.170645,26.024,97.07488,23.138287,292.90375,-0.25013342,34.090286
-1.5524361,-1.7597394,-1.6616403,-2.9809177,-0.62926996,-0.43903938,-2.2595656,-0.9086305,bg_rep01_6677,0,xgboost,12.001333,25.798223,24.092,100.91642,21.161871,649.2966,-0.034793563,34.885063
-0.029226668,-1.3246655,-1.5267066,-3.1629186,-2.4724364,-1.4419373,-1.9780251,-1.2089858,bg_rep05_7695,0,xgboost,10.54,25.493422,27.883999,100.33437,24.079243,8.278033,-0.055281833,31.572296
-3.3623176,-2.5853279,-2.7651503,-2.344813,-2.1301203,-2.2073214,-1.4852672,-2.1009305,bg_rep01_9851,0,xgboost,8.123667,27.093338,29.016,64.22173,25.844616,863.4129,0.14036177,29.10369
-1.693213,-3.3802648,-1.2985828,-3.6255872,-0.6689484,-2.0087543,-0.8396361,-1.7763045,bg_rep03_6515,0,xgboost,12.071667,23.104551,26.592001,100.61716,26.825525,188.93222,-0.021757498,30.061972
-3.5946438,-4.3306055,-2.7153635,-2.8360522,-0.7635461,-0.36563718,-0.08396522,0.022767005,bg_rep01_3463,0,xgboost,7.759667,25.308764,31.84,52.539024,0.0,0.0,0.0,0.0
0.9892265,-4.6615686,-2.1261125,0.5592042,-0.6694002,-2.4825695,-2.213504,-2.3190274,bg_rep02_7876,0,xgboost,10.409333,22.085491,18.596,67.83852,20.221684,1217.9141,0.18786757,41.336353
-1.7175252,-2.4746084,-1.4187169,-3.440168,-2.5730145,-0.6010559,-0.9311005,-1.3401566,bg_rep05_128,0,xgboost,12.608,25.655218,25.56,98.61955,25.128511,537.7826,0.36821446,31.620346
-1.5677818,-5.487868,-2.4386668,-2.0695455,0.39515716,-1.7474716,-1.2869192,-0.5321187,bg_rep01_8237,0,xgboost,11.236333,21.068651,26.48,89.91802,30.84504,58.412624,-0.17802939,27.381096
-2.6455226,-3.205895,-3.093638,-2.5010278,-1.7153617,-1.4838513,-2.5413926,-0.87130564,bg_rep05_5645,0,xgboost,9.003333,27.66511,31.508,61.240147,29.498625,81.36771,-0.29322717,26.102924
-3.042133,-3.4529448,-1.986753,-4.7763915,-1.1407948,-1.2525446,-0.31534195,-0.47972727,bg_rep01_7049,0,xgboost,12.789667,32.076813,25.572,91.9292,0.0,0.0,0.0,0.0
-3.6025586,-3.7755456,-2.8498037,-4.7591023,-0.8915767,-1.2642131,-0.4206232,-0.5967944,bg_rep04_2112,0,xgboost,13.066334,32.603886,23.456,92.4642,0.0,0.0,0.0,0.0
-0.86917,-6.0231247,-1.4219248,0.022280268,-1.3971518,-1.5662106,-2.0392182,-1.1318188,bg_rep05_1053,0,xgboost,11.729,22.471071,26.9,72.2966,30.394562,66.44025,0.40429384,21.272873
-1.148599,-4.483332,-1.2044529,-3.7587147,-2.280106,-1.3211184,-2.017681,-1.2278548,bg_rep01_6983,0,xgboost,11.547667,21.77162,27.24,118.23935,33.627625,164.23222,-0.25403354,29.890917
-3.564892,-5.7054744,-3.0485282,-2.4527853,-0.73102635,-0.20278919,-0.2950683,-0.47293746,bg_rep02_6854,0,xgboost,7.5589995,24.208942,31.907999,48.05314,0.0,0.0,0.0,0.0
-0.55124605,-2.4136055,-1.3238678,-3.5392878,-1.3479686,-2.1190364,-1.4880846,0.3369506,bg_rep01_731,0,xgboost,12.455,25.688887,25.004,100.09932,21.273417,813.4613,0.09721011,28.074392
-1.2065605,-4.317242,-1.129189,-3.9997177,-0.9298639,-1.8642709,-2.1234667,-1.8915186,bg_rep03_2662,0,xgboost,11.516,22.840143,27.636,116.522064,27.367908,175.33806,-0.6140835,40.68088
-2.2262492,-3.9201946,-1.6326172,-2.371427,-0.39025974,-3.029913,-2.1366096,-0.18580787,bg_rep04_3758,0,xgboost,14.302667,29.34964,32.152,93.10113,26.828049,1024.9032,0.04739653,33.491302
-4.243566,-3.545045,-1.8671125,-3.4510884,-1.6671441,-2.0646946,-0.1524704,-1.801622,bg_rep02_137,0,xgboost,13.909,22.984005,26.344,91.617226,22.195086,371.49448,0.58754873,41.07848
-2.466219,-3.9585917,-2.9383504,-2.4992747,-1.7643735,-1.7475849,-2.3564227,-2.095381,bg_rep05_1610,0,xgboost,8.049666,25.577232,31.32,52.115025,18.871939,49.701694,-0.30505717,51.307713
-2.596336,-3.02935,-0.9459262,-2.986053,-0.71209055,-0.9566843,-0.13759267,-0.42216504,bg_rep04_7834,0,xgboost,14.115334,29.409395,30.868,95.68352,0.0,0.0,0.0,0.0
-3.0858293,-3.9005291,-0.58371264,-2.570699,-1.4012051,-2.8050005,-0.045316014,-1.0368444,bg_rep02_8807,0,xgboost,12.887,30.680412,28.52,95.19489,26.462353,1136.609,0.6212066,32.600403
-0.68592924,-1.7506071,-1.1891453,-2.7811446,-0.55379385,-0.035140097,-1.52052,-1.6598418,bg_rep04_1154,0,xgboost,10.539333,27.923203,25.984,90.48917,27.697653,651.40894,-0.3378494,30.2826
-1.8084135,-4.2728415,-1.3840553,-3.2189286,-1.30557,-1.5697864,-1.2253897,-2.0592523,bg_rep03_4903,0,xgboost,11.809,21.94492,25.104,91.656456,22.642706,321.67563,-0.31951123,38.13006
-1.1079812,-4.324838,-2.0343826,-4.228711,-2.2479825,-1.6375674,-1.3038895,-1.3317997,bg_rep02_47,0,xgboost,11.295,22.801598,26.476,109.699844,24.978603,209.65991,0.11705948,29.658228
-3.0541723,-3.4399202,1.1205508,-4.4019217,-1.1376282,-0.6528832,-0.086707555,-0.06641397,bg_rep03_3863,0,xgboost,13.191,30.006824,29.412,91.74915,0.0,0.0,0.0,0.0
-0.7260829,6.932978,-0.8259976,1.7301041,0.5620993,0.94924456,0.37033665,1.5106231,presence_170,1,xgboost,8.026,40.033916,22.392,23.429485,0.0,0.0,0.0,0.0
-1.6368111,-1.763252,-1.0720043,-2.3017738,-1.0621237,-0.8688122,-2.8648589,-1.7764674,bg_rep05_5482,0,xgboost,12.008,25.801462,23.556,100.871925,19.51823,744.67554,-0.33477286,34.64962
-1.2458422,-2.7915125,-2.432406,-2.35345,-1.5405391,-2.3497837,-2.8396337,-2.7562447,bg_rep05_6895,0,xgboost,11.548333,25.448067,20.804,57.98173,19.489174,432.99847,-0.06336072,43.17225
0.42659205,-2.4329138,-0.8537693,-2.8695211,-1.8810458,-1.5069795,-2.000911,-1.3275607,bg_rep03_5584,0,xgboost,10.363,27.380575,27.9,96.90662,33.01237,207.67212,0.1713745,32.296825
-1.5533309,-2.7517865,-2.8979366,0.8093945,-1.7933501,-3.0277941,-1.5352107,-2.4749603,bg_rep01_6407,0,xgboost,12.481334,24.942713,19.888,66.57576,22.072008,1238.7792,-0.025485769,41.120945
-3.0275033,-3.499398,-2.1022036,-2.8409882,-1.9268436,-1.9345874,-1.6757677,-2.4037864,bg_rep05_6498,0,xgboost,12.857667,28.438616,21.252,101.15116,21.382902,1340.7128,0.1494697,35.205864
-2.4491167,-2.8272116,-1.1274664,-2.8857377,-1.7438624,-1.7240299,-2.2346861,-0.51098675,bg_rep03_4998,0,xgboost,12.830333,27.644432,26.668,95.03209,14.135792,190.81366,-0.16260567,18.565893
-1.0078443,-1.2719948,-1.379505,-2.798728,-1.6192342,-1.26153,-2.295531,-0.31867546,bg_rep05_3535,0,xgboost,12.253,25.79579,24.407999,95.18696,25.706598,604.9461,-0.27919188,30.87
-2.7080357,-3.4268527,-3.329713,-2.8992133,-0.3681406,-1.5308785,-2.2391903,-0.23106223,bg_rep01_9510,0,xgboost,8.798667,28.269716,31.54,48.582058,30.733204,14.979902,-0.34971067,27.310215
-2.9667103,-2.4271364,-0.05024088,-3.7397563,-0.69183964,-2.0063615,-0.5084917,-2.480898,bg_rep04_2468,0,xgboost,12.902667,26.148401,29.448,116.93269,19.169193,175.39531,0.3825589,51.3323
-1.4679036,-5.6056924,-2.0230815,-2.5350533,-1.6270279,-0.8258037,-1.9724267,-1.2375101,bg_rep05_544,0,xgboost,11.217667,22.207924,26.4,91.621185,26.619484,232.69992,-0.2945806,28.840729
-2.8920896,-3.1863132,-1.2447531,-3.6225545,-1.5225123,-1.8884768,-2.7325697,-1.980941,bg_rep02_9036,0,xgboost,12.690666,27.09134,23.108,101.27106,20.857912,1165.7084,-0.1325471,32.141983
-1.8177266,-3.252525,-2.5341833,-0.99421835,-0.6587077,-1.8479161,0.22537453,-1.609533,bg_rep01_124,0,xgboost,8.639999,25.435703,29.264,23.410221,21.206675,219.52827,0.9639339,46.23366
-3.205213,-3.6098273,-1.9727159,-2.6663632,-0.9304813,-1.686385,-2.4320753,-1.6523256,bg_rep04_6711,0,xgboost,14.540333,32.237347,30.5,97.81281,15.414933,1428.5553,-0.778847,49.409435
-2.607235,-5.738934,-3.0103612,-1.4761351,-0.71053755,-0.21998274,-0.31150356,-0.6520592,bg_rep01_7251,0,xgboost,6.2260003,22.732584,31.892,64.927734,0.0,0.0,0.0,0.0
-1.783712,-2.4973052,-0.74184793,-3.7814898,-1.2737719,-2.202085,-2.357995,-1.0055294,bg_rep01_8570,0,xgboost,11.916,23.264349,25.788,98.82752,25.43157,453.12775,0.21255167,31.696005
-5.2461896,-3.2153904,-1.3513546,-4.582965,-1.1530211,-0.80541587,-0.16606247,-0.43396062,bg_rep03_525,0,xgboost,14.842667,32.56685,30.488,91.53467,0.0,0.0,0.0,0.0
-0.5003774,-2.642372,-1.047008,-3.65999,-0.6919646,-0.33068827,-2.1234627,-0.5604112,bg_rep02_8315,0,xgboost,11.460667,25.130836,24.976,103.99722,20.390903,661.8253,0.26830468,34.85811
-0.533683,-3.5620325,-1.5022825,-3.0376854,-1.523006,-1.2837921,-2.1939356,0.1699873,bg_rep05_6582,0,xgboost,12.362666,23.19972,27.008,99.755775,28.807034,172.46594,0.20445281,28.057322
-0.6021936,-2.8590086,-1.0381874,-3.9818804,-1.0945728,-2.0745683,-0.98665947,-1.6609827,bg_rep03_8218,0,xgboost,9.474,23.263922,24.976,106.731804,19.028885,547.6905,0.31464654,40.4661
-0.6094208,-2.3454015,-1.8094317,-3.8373482,-0.29478282,-1.812542,-2.1449146,-2.378976,bg_rep01_216,0,xgboost,11.879,24.743792,27.044,104.15113,19.95014,387.9793,-0.645934,44.937923
-1.2915549,-2.8484366,-1.1216931,-3.8037202,-0.42255357,-1.4656631,-0.21779977,-1.6813565,bg_rep02_5291,0,xgboost,12.092,26.374105,28.676,110.012,19.912237,86.8162,0.3123865,49.272884
-2.018645,-1.9939932,-1.3455861,-1.2539165,-1.7224194,-1.1776623,-1.8203096,-1.508455,bg_rep01_9094,0,xgboost,8.387333,24.507168,26.552,26.41358,28.480635,694.87317,0.5421922,37.076366
-0.03967835,-3.7957067,-2.5220745,-0.800946,-1.4825406,-2.987394,-1.569987,-1.3208985,bg_rep05_8429,0,xgboost,10.799666,30.462786,22.972,82.967926,28.542099,2022.3185,-0.1473489,22.418077
-3.5629275,-4.7908163,-2.749681,-2.526745,-0.7637512,-0.33199117,-0.08913007,-0.3740868,bg_rep03_5806,0,xgboost,7.6853337,24.942663,32.132,52.37012,0.0,0.0,0.0,0.0
-1.5257941,-4.9130745,-1.939129,-0.102886416,-2.6246724,-1.9518981,-2.0525746,-2.0452425,bg_rep03_2344,0,xgboost,11.121333,20.70549,26.576,80.20957,29.693954,50.94442,0.17475319,29.496468
-0.9747231,-3.814632,-2.567822,-1.9712254,-1.5941112,-1.8634816,-0.71851885,-1.55727,bg_rep05_1796,0,xgboost,11.136,24.118513,18.92,61.763123,22.949947,926.0539,0.33305818,40.444138
-2.1603982,-3.0978153,-3.2264977,-0.20605348,-2.2929354,0.20843892,-0.33809644,-0.6700866,bg_rep02_8969,0,xgboost,8.794333,28.390797,29.324,66.69009,23.828772,725.2565,0.6739564,31.836342
-1.5344234,-5.307987,-1.3385956,-3.1074972,-1.7170745,-1.5670213,-2.266364,-1.5216044,bg_rep04_424,0,xgboost,11.544333,22.637724,26.792,96.66678,28.049637,180.98717,0.2264332,26.885067
-0.14041577,-2.6983492,-1.0564996,-2.5275273,-1.7248999,-2.3542473,-2.1625018,-2.3571231,bg_rep05_1382,0,xgboost,10.006333,24.646141,27.496,102.829124,17.6401,40.555546,-0.49116647,44.419624
-1.300146,-2.7817607,-1.2467043,-3.4469109,-1.3889105,-1.5434705,-2.181669,-2.068065,bg_rep03_3855,0,xgboost,12.081,25.638794,28.704,110.40492,14.849073,194.49585,-0.44663078,67.664696
-1.4549892,-5.7971926,-0.7015463,-4.7967687,-1.7882793,-1.7376376,-2.2068374,-0.7105999,bg_rep04_198,0,xgboost,12.131333,22.417276,27.48,107.11286,30.034052,110.72519,0.2703332,27.27201
-1.3398585,-5.1101136,-1.5662535,-1.9636544,-2.53137,-0.81858975,-1.836377,-1.2993149,bg_rep02_9104,0,xgboost,10.972,21.00628,26.935999,84.79454,29.67231,114.03211,0.13855988,26.68386
-0.54688,-2.2336183,-0.43041226,-2.2828622,-0.31154728,-1.6812432,0.08271059,-0.93118376,bg_rep05_3139,0,xgboost,12.224,25.626835,27.552,102.702934,18.830227,417.37897,0.33372715,30.085442
-1.8982517,-2.9202256,-0.45501113,-1.029817,-0.89032096,-1.4649305,-1.9847268,-2.9429088,bg_rep01_9429,0,xgboost,6.4383335,20.61454,23.756,27.28773,20.48345,199.49077,0.13878152,42.301228
-3.4488337,-5.499617,-3.6289275,-2.474617,-0.80902725,-0.24883309,-0.2959423,-0.51051044,bg_rep05_5950,0,xgboost,7.2673335,24.121527,29.676,49.28353,0.0,0.0,0.0,0.0
-2.5147545,-4.1169214,-1.2827507,-3.1278667,-0.8268219,-1.765504,-1.8559607,-0.87445766,bg_rep05_9455,0,xgboost,13.027,31.69278,26.832,96.424904,18.40981,1916.7217,0.184527,32.426647
-1.2019361,-1.1420938,0.016759416,-2.5552685,-1.5650291,-0.47280338,-1.8086646,-2.6385436,bg_rep03_5799,0,xgboost,12.177667,25.504034,27.416,100.97186,20.731213,281.82764,0.2548575,38.09947
-3.6964,-3.7395494,-0.8271076,-2.318523,-1.2447913,-1.8713803,-3.1214173,-1.3942717,bg_rep02_2946,0,xgboost,13.472,31.144812,28.484,95.02852,13.46576,1531.9568,-0.50563806,54.176308
-3.5568852,-3.0156076,-3.7422216,-1.1286174,-2.5446684,-1.8302968,-1.2128026,-2.4898386,bg_rep01_8454,0,xgboost,8.220333,27.033457,30.38,64.66594,25.247988,625.38367,0.11065823,30.176163
-2.2833607,-3.4155126,-0.59481186,-2.0821285,-1.7694423,-1.5980192,-1.8116376,-0.70899665,bg_rep03_3620,0,xgboost,9.13,28.888748,28.528,40.10103,25.655916,32.43756,0.15783124,40.144325
-3.1842086,-3.026904,-2.3680522,-2.363247,-1.1354043,-2.116403,-2.3829005,-1.5567908,bg_rep01_6539,0,xgboost,8.279667,27.350906,28.94,48.626972,31.059963,321.14304,-0.27508152,36.24678
-2.612681,7.8089194,-0.46805957,1.8258469,0.39467824,0.57799417,0.6246136,1.4638784,presence_163,1,xgboost,13.452666,48.23127,31.492,20.612383,0.0,0.0,0.0,0.0
-0.9451438,-6.114266,-1.7790812,-1.7943076,-1.4160196,-2.0319135,-1.549856,-1.6172773,bg_rep02_495,0,xgboost,10.887667,20.31281,27.06,84.56692,27.52662,54.862003,-0.3868783,26.582249
-0.42659125,-1.9767349,-1.157628,-3.980416,-1.4010887,-1.1990159,-2.6875458,-2.3756475,bg_rep04_927,0,xgboost,9.858,23.10613,28.0,109.10957,30.72573,4.0394897,0.5336038,17.844769
-1.1711246,-4.9827294,-1.4506812,-4.995244,-1.223351,-1.2838606,-1.4909434,-0.917804,bg_rep02_6325,0,xgboost,12.182333,22.887075,26.968,108.764244,28.648806,162.88628,-0.1837645,22.635115
-2.8985746,-4.4870043,-1.8527231,-2.6178205,-1.0701513,-0.47577584,-0.14263141,-0.47428,bg_rep04_1489,0,xgboost,6.853333,24.993921,27.164,60.01429,0.0,0.0,0.0,0.0
0.9943168,-3.7629123,-1.5049852,-0.1945634,-0.92842746,-1.9141628,-1.7427986,-2.6232073,bg_rep01_4081,0,xgboost,10.225,21.169773,21.248,70.32961,20.498173,827.1713,0.006002678,41.962128
-3.3347046,-3.8288686,-1.7764468,-2.355559,-1.2342664,-2.3622944,0.2493458,-1.4329509,bg_rep02_1874,0,xgboost,14.532667,30.533379,31.588001,94.941444,20.81333,1246.169,0.6436926,41.887062
-1.4650292,-3.847435,-1.1805397,-2.8077607,-0.22985035,-3.064002,-1.8312366,-2.0903876,bg_rep04_2183,0,xgboost,9.696,28.598396,25.144,49.531258,27.957968,1135.5066,-0.1235488,37.48232
-1.0394123,-3.2662408,-2.165984,-3.416257,-1.6373211,-0.8244214,-2.5400684,0.24395338,bg_rep01_8833,0,xgboost,10.888666,20.557066,25.388,89.70828,24.697136,220.31862,-0.267454,33.587048
-0.9440095,-2.779108,-1.9175613,-3.339101,-2.1133935,-0.64179397,-2.2474935,-1.6043726,bg_rep01_8298,0,xgboost,12.348666,24.850412,25.26,99.5157,23.685,682.93567,-0.13860619,30.444334
-3.351342,-3.7256134,-1.1038849,-3.208928,-1.7345335,-1.5708972,-2.649993,-2.5031598,bg_rep01_4679,0,xgboost,13.039,23.729708,25.828,94.735634,21.656248,358.0987,-0.20334078,37.312897
-3.8935592,-3.3843594,-0.2553464,-2.4750314,-0.8703806,-1.6872259,-0.62374926,-0.73798037,bg_rep03_7966,0,xgboost,13.668667,31.909298,28.464,95.94109,11.810585,1422.3823,0.54945934,57.761223
-0.71081096,7.557435,-1.2854363,1.5248792,0.16300762,0.40563458,0.49346972,1.3522584,presence_49,1,xgboost,12.174,55.386715,28.028,26.615568,0.0,0.0,0.0,0.0
-0.035335097,-3.5668104,-1.2129232,-2.3097026,-0.77947646,-1.3006263,-1.9711369,-1.7956429,bg_rep01_7889,0,xgboost,8.496875,21.821829,27.6,100.336655,11.312018,1.0395794,0.27483574,23.950594
-2.0856156,-3.746495,-3.399212,-2.013737,-0.9301619,-1.1374028,-2.7797208,-0.62073475,bg_rep05_8470,0,xgboost,8.975667,28.6616,30.368,48.118073,16.813211,73.9679,-0.72969925,14.657876
-5.2869678,-1.2142962,1.0196202,-3.8208601,-0.89774746,-0.5127534,-0.047636844,0.23916526,bg_rep03_5749,0,xgboost,14.799,33.45465,29.444,93.00843,0.0,0.0,0.0,0.0
-1.010883,-2.4283574,-1.6558635,-1.8276424,-0.9879317,-2.651335,-1.7190454,-2.377141,bg_rep03_6804,0,xgboost,9.769667,26.26537,26.02,96.12988,26.67483,403.87936,-0.16165587,37.251488
-2.9527075,-2.9315572,-0.42608237,-3.943486,-0.4547477,-0.92502713,-2.7696939,-2.0396185,bg_rep03_2881,0,xgboost,13.097333,27.19546,28.512,124.02224,20.020596,242.12907,0.07404244,51.49122
-0.6399233,7.4897556,-1.1226406,1.7603904,0.15492967,0.026337124,0.49564597,1.318859,presence_47,1,xgboost,12.268666,55.919174,27.688,28.447474,0.0,0.0,0.0,0.0
-2.745499,-3.3118517,-1.3990278,-4.521496,-0.9381252,-0.98092717,-0.2323646,-0.5356288,bg_rep04_440,0,xgboost,12.823333,31.41434,27.268,97.513794,0.0,0.0,0.0,0.0
-0.98910606,-1.9560796,-1.3142068,-3.7029777,-2.0245197,-1.372672,-1.4326948,-2.0116038,bg_rep04_4108,0,xgboost,11.774333,23.048965,28.9,112.83894,30.082779,131.52669,0.38185814,40.907505
-4.1280355,-2.966946,-3.809183,-1.8137503,-1.3337954,-0.89687186,-0.8759707,-2.6948528,bg_rep01_8918,0,xgboost,7.971667,26.550982,31.388,65.415504,27.496788,515.92773,-0.48431963,29.17738
-1.2833135,-3.1312957,-1.4490994,-4.4455605,-2.0004706,-1.8885275,-1.1186343,-2.1711557,bg_rep05_288,0,xgboost,12.038334,23.10266,27.252,108.62713,28.80935,183.84787,0.6332328,24.823538
-2.4222937,-2.4604104,-2.0169861,-3.4917862,-1.1622782,-1.5455465,-2.2006142,-2.7392995,bg_rep02_8450,0,xgboost,12.835667,25.803448,29.816,115.22894,19.752703,171.26361,-0.048714563,47.861404
-1.3033787,-3.1159894,-0.9276153,-5.540263,-1.8228849,-1.0762742,-1.642599,-1.6590239,bg_rep04_4585,0,xgboost,11.947333,26.831059,25.904,104.5305,22.893248,528.09924,0.14787261,33.214073
-2.665893,-3.830033,-1.540782,-3.00679,-1.4188412,-2.5772913,-0.47085473,-2.324823,bg_rep05_2979,0,xgboost,12.998,29.811926,27.992,100.73547,26.992693,1093.9542,0.40455317,21.964563
-3.9074824,-3.9466274,-0.8270651,-4.085381,-1.0026008,-0.7718806,-0.08953393,-0.3907714,bg_rep02_7174,0,xgboost,14.459333,29.941467,31.136,91.82116,0.0,0.0,0.0,0.0
-0.32161698,-5.437256,-2.877799,-0.06112761,-1.750608,-2.348102,-0.9293443,-0.4819883,bg_rep01_8516,0,xgboost,10.557667,19.494915,26.416,80.38914,28.557566,30.08019,0.3166094,32.42381
-0.11866337,-3.6014724,-0.99605966,-0.20464084,-1.0015004,-2.1378477,-0.7583118,-1.8947115,bg_rep02_2606,0,xgboost,10.681334,29.836126,28.044,85.14936,28.671112,318.40924,0.0036799095,34.6293
0.99993527,-0.95557445,-0.27847803,0.41319332,1.7756886,2.4718437,-0.04870343,-0.81046516,presence_88,1,xgboost,10.198999,27.911879,25.223999,76.57304,27.863834,705.67664,-0.37179044,35.674606
-3.5710394,-3.5955954,-2.9239292,-2.498889,-0.5218807,-0.2762896,0.047846112,0.043045808,bg_rep04_6943,0,xgboost,7.9176664,26.583624,31.644,59.083923,0.0,0.0,0.0,0.0
-3.540493,-4.1130176,-2.6087735,-2.8480263,-0.6453964,-0.3506766,-0.13249998,0.084022656,bg_rep04_4799,0,xgboost,7.837,25.47127,32.076,53.559486,0.0,0.0,0.0,0.0
-0.8690835,-5.4037905,-0.8471431,-2.4871786,-2.3865874,-1.311862,-1.3174881,-1.703821,bg_rep03_9475,0,xgboost,10.878333,21.106583,27.464,93.55677,33.391163,58.598896,0.11069186,24.77301
-2.7840176,-2.813295,-1.3190583,-2.537688,-0.7542111,-2.75693,-1.7631586,-1.1949955,bg_rep03_6809,0,xgboost,7.8066664,27.174417,22.539999,64.08045,30.629436,1919.4945,-0.3304278,25.59735
-4.3532934,-3.7647943,-1.0060463,-2.666742,-0.7748032,-1.714023,-0.7846993,-1.2790258,bg_rep02_416,0,xgboost,14.862667,30.463776,32.087997,98.41389,18.280117,1107.3413,0.31895292,43.155582
-2.5012534,-4.400398,-2.3863728,-2.7261183,-1.3176675,-2.521452,-3.5629249,-2.2483983,bg_rep04_4802,0,xgboost,13.378667,29.1703,21.876,98.7056,21.078077,1284.2979,-0.29031065,34.52713
-1.256433,-2.5080523,-1.7084078,-4.0964804,-2.4445558,-1.3769546,-2.7722886,-1.6397493,bg_rep03_3913,0,xgboost,11.851334,24.83515,28.108,104.16516,23.901785,70.97631,-0.75837225,38.564655
-3.4382977,-2.7719734,-3.9231648,-1.9962119,-0.8200629,-1.3920499,-1.9921777,-2.4510443,bg_rep03_8756,0,xgboost,8.058,27.0439,30.296,64.28404,27.52886,779.51917,-0.12975848,28.962797
-3.844277,-2.66799,-1.5566305,-2.4719052,-1.1875405,-2.430927,-1.8911014,-1.4558697,bg_rep03_1689,0,xgboost,8.171333,27.136469,28.76,48.54584,31.051554,338.89777,-0.16221067,36.294933
-1.1487247,-2.7674353,-2.0430915,-3.1260707,-2.2524803,-2.1773431,-1.6387782,-2.8725111,bg_rep04_6920,0,xgboost,11.212334,24.876493,24.028,89.9278,18.296818,587.13434,-0.04537579,39.121014
-4.7902627,-3.116595,0.2506938,-3.856977,-0.6583984,-0.5467563,-0.21046224,-0.23150645,bg_rep01_9441,0,xgboost,14.84,31.11111,32.04,97.46544,0.0,0.0,0.0,0.0
-1.0638607,-2.013442,-1.6745616,-0.17817973,-1.0645767,-2.66793,-1.484227,-2.536282,bg_rep04_6567,0,xgboost,14.174999,25.520308,27.74,64.527534,28.36547,153.94734,-0.34543642,30.109495
-0.65255207,-4.589754,-1.7587099,-1.9803245,-1.7579373,-2.5743508,-1.9590487,-1.4149163,bg_rep05_6932,0,xgboost,11.010667,30.172823,24.124,84.25455,22.80679,1989.1754,0.20312722,25.699362
-1.6620169,-3.7265089,-3.5507479,-2.4753015,-0.6973779,-1.5370289,-2.4838526,-0.6800592,bg_rep01_8333,0,xgboost,8.9383335,28.429813,30.204,49.316525,23.261217,10.7149935,-0.410733,39.9561
-0.85661596,-4.5076966,-1.5193039,-3.2491229,-0.9741685,-2.2145452,-1.1746535,-1.6960906,bg_rep04_8206,0,xgboost,12.324,31.279188,26.656,88.57396,19.93599,1712.283,0.52364194,33.90415
-3.4958127,-4.63635,-2.7980216,-2.533066,-0.73438877,-0.39792913,-0.15505949,-0.6117344,bg_rep01_7730,0,xgboost,7.699333,24.648909,32.396,49.183968,0.0,0.0,0.0,0.0
-1.430936,-4.8160005,-1.7024777,-4.6653647,-2.501076,-2.020778,-2.1412597,-0.23319456,bg_rep03_6188,0,xgboost,11.876667,22.708733,25.648,108.539604,27.211786,353.47232,0.17392038,30.866663
-1.907217,-4.257314,-0.7704737,-4.2855625,-1.2270333,-0.9684648,-1.767779,-1.270829,bg_rep03_7939,0,xgboost,12.1310005,22.902508,27.752,117.17078,29.119066,172.47021,-0.11528979,38.15429
-1.1503413,-2.7881107,-0.55103594,-3.5461624,-1.543692,-1.2561378,-2.93376,-1.9825408,bg_rep03_8793,0,xgboost,12.0060005,25.6714,28.248,108.86838,14.69662,114.07913,-0.14934778,62.666744
-1.7843264,-1.9510093,-1.4613922,-3.2856476,-2.2887418,-1.5621883,-1.2128353,-2.2755065,bg_rep03_2419,0,xgboost,11.994333,24.777584,25.524,93.02108,24.357113,501.72427,0.41121045,35.154446
-1.1053442,-5.452425,-1.8053572,-0.43168366,-2.507889,-1.3298161,-1.9713793,-0.83905256,bg_rep02_8091,0,xgboost,10.974667,21.306723,26.7,75.47899,32.267124,64.80875,0.054297812,19.178816
-3.3203132,-3.0981753,-3.917644,-0.80060524,-1.9408008,-1.4689456,-1.6287348,-2.352729,bg_rep05_2784,0,xgboost,8.466001,27.422907,31.6,65.34221,25.67797,468.64545,-0.34635633,30.093822
0.7859288,-1.7170465,-0.7167601,-4.492428,-0.5784189,-1.5095816,-0.7198408,-1.4856781,bg_rep01_1644,0,xgboost,10.338,23.361656,27.552,105.23125,20.14865,142.3621,0.33113298,39.868034
-2.1590657,-4.7641006,-0.74244654,-2.430128,-0.877136,-2.5280561,-1.60014,-2.3590899,bg_rep01_5937,0,xgboost,7.117,22.556414,24.736,30.86058,23.37675,38.500782,-0.3591529,42.534092
-3.5215826,-3.471668,-3.2850878,-1.944723,-0.48074725,-0.38754097,-0.09701009,0.14279075,bg_rep02_3366,0,xgboost,7.2756667,25.940056,30.004,62.670425,0.0,0.0,0.0,0.0
-0.6100726,-3.321738,-1.5112591,-4.2721868,-1.2848538,-1.036772,-0.48637158,-0.7611614,bg_rep05_4556,0,xgboost,11.688333,24.050068,27.852,111.65151,26.043194,158.66118,0.88494396,34.98135
-0.7707205,-4.71258,-1.7334911,-4.9183197,-1.8272141,-1.6064466,-1.4513555,-1.9003654,bg_rep02_7560,0,xgboost,12.225333,22.893883,27.06,107.1904,26.45379,174.24393,0.39775255,24.08042
-1.717887,-4.447878,-1.6282377,-0.62282145,-1.7503384,-1.6955777,-1.6686937,-3.0401335,bg_rep01_7047,0,xgboost,11.837667,22.875603,25.416,80.80162,19.879221,467.88065,-0.31682432,35.328686
-3.8206744,-3.1344857,-1.3322217,-3.6259537,-1.1953707,-2.9604576,-1.6542686,0.06916094,bg_rep02_6485,0,xgboost,7.379,25.725143,25.88,57.89745,28.81157,1319.118,-0.1563094,28.447575
-2.4639695,-3.8762867,-1.2051398,-3.4001446,-1.6615926,-2.7680235,-2.4891257,-0.61496097,bg_rep05_9190,0,xgboost,13.156,32.06278,27.828,90.95556,21.07192,1554.3875,-0.15168218,31.818848
-4.524807,-3.3975158,-1.755674,-2.4243956,-0.9723048,-0.96046,-0.02176009,-0.45097202,bg_rep03_624,0,xgboost,13.784667,29.953644,30.276,85.93657,0.0,0.0,0.0,0.0
0.6945261,-2.8461385,-2.065097,-5.045089,-2.4369688,-2.0622907,-0.4302189,-1.760379,bg_rep01_8048,0,xgboost,10.440001,26.40097,26.384,107.0172,25.369516,372.76447,0.35032094,34.09505
-1.9587365,-3.0959253,-1.7215724,0.9193699,-1.351482,-1.2507985,-2.6003215,-0.13861026,bg_rep05_5403,0,xgboost,12.743667,24.264408,26.372,71.32416,26.659382,84.964905,0.49307302,28.427921
-1.0432297,-4.1050677,-1.9505651,-4.4276934,-1.2569408,-1.5025955,-2.3832183,-1.8555219,bg_rep01_3189,0,xgboost,10.870333,20.9771,26.859999,115.93553,27.841824,159.66612,-0.28737444,30.416456
-0.05851196,-2.0349436,-1.0378523,-2.9128666,-1.5208273,-1.4583068,-0.7713486,-2.6685083,bg_rep05_5296,0,xgboost,9.9453335,25.477337,23.152,91.37824,20.874886,520.59894,-0.35404235,37.30979
2.489474,-1.4863044,1.0252413,0.8756114,-0.12587856,-0.010952972,0.031107983,0.8029994,presence_100,1,xgboost,10.456,22.632034,24.376,74.12582,25.438507,162.23625,-0.027401673,31.7996
-3.8300765,-4.2738433,-2.939954,-3.3359263,-0.71796936,-0.37079802,-0.20485777,0.016344687,bg_rep03_3389,0,xgboost,7.5829997,25.487362,31.644,60.159946,0.0,0.0,0.0,0.0
-3.3523917,-3.1768253,-0.9718327,-3.114284,-0.9090956,-1.7807221,-1.3144501,-0.8615595,bg_rep01_2055,0,xgboost,12.992333,23.443401,26.712,93.469284,29.05297,100.963264,-0.09834675,30.641098
-0.71864027,-3.0542161,-0.98751366,0.8961635,-1.8458561,0.07676759,-1.5353388,-1.9770175,bg_rep03_3755,0,xgboost,12.413,23.88953,26.788,70.54113,23.880173,250.60643,0.2503547,30.033184
-0.8232084,-2.8679438,-0.18899353,-4.240882,-0.30693087,-1.814831,-2.2396777,-0.76154804,bg_rep03_2746,0,xgboost,11.439333,24.954916,28.435999,103.09481,26.096027,40.49285,-0.49190804,40.480602
-2.2178466,-3.3883996,-1.7432034,-2.5208588,-0.8246578,-1.6804049,0.61661965,-0.9011933,bg_rep03_7134,0,xgboost,13.18,31.360046,27.952,93.77374,17.690649,1710.6926,0.8760046,42.211155
-2.1804407,-3.059041,-1.9029887,-3.8372874,-1.3452185,-1.8373722,-2.9266045,-2.3596702,bg_rep04_4450,0,xgboost,12.714,26.456635,28.855999,115.85281,16.906454,197.0449,-0.15920833,52.716076
-2.8574355,-4.0545745,-1.5743778,-2.589923,-1.2082214,-1.9135914,-0.63486767,-1.5118994,bg_rep01_9469,0,xgboost,14.364667,30.596973,31.248,93.91024,19.390839,1255.8495,0.306344,42.51906
-4.647527,-3.1223934,-0.89503473,-3.3426619,-0.8357658,-1.2785904,-0.4951206,-1.8251382,bg_rep03_4546,0,xgboost,13.560667,25.073343,22.536,89.68929,20.854109,902.29224,0.33360508,45.240993
-1.1197674,-5.0669074,-1.6840651,-4.1410184,-1.7359248,-1.2486073,-0.5830393,-1.2695265,bg_rep01_9114,0,xgboost,11.447333,22.571444,27.26,115.27916,28.194702,157.81966,0.7204292,35.236008
-1.4577793,-3.0588734,-2.2932565,-2.8921292,-2.2718923,-1.743549,-2.845907,-1.550806,bg_rep02_8457,0,xgboost,12.160666,28.11065,19.504,92.5349,21.58759,1649.5745,-0.15860488,42.16643
-0.62204766,-3.5994985,-0.75258225,-0.74970955,0.027910251,-1.5274149,-1.9563596,0.61502576,bg_rep03_5343,0,xgboost,4.5488095,15.35278,23.642857,24.61346,17.688944,47.357124,0.25507417,27.600124
1.1533376,-1.8550678,-1.5785842,-3.0472467,-0.6303239,-2.0308723,-1.1632866,-2.80336,bg_rep05_1799,0,xgboost,10.430333,25.459707,23.732,91.74023,20.073006,451.3175,0.3155375,37.062046
-1.5464907,-4.8644047,-2.0363314,-2.9854872,-2.0330403,-1.8239329,-1.1886443,-1.3519522,bg_rep05_292,0,xgboost,10.964,22.524448,25.696,92.84611,27.000774,375.15375,0.44122815,31.343433
-0.6108087,-2.689263,-1.4402903,-3.5855548,-0.56821555,-0.8692135,-2.0588772,-1.5376742,bg_rep01_5476,0,xgboost,11.494666,25.156847,25.208,104.27213,18.987577,625.508,0.25006723,34.506496
-2.784028,-2.5717735,-1.5548419,-3.3520079,-1.3313785,-2.2888525,-2.518475,-2.2914271,bg_rep01_9043,0,xgboost,7.6056666,26.943697,25.612,59.76137,27.338173,1502.3712,-0.7172707,28.742989
-0.7689917,-4.775912,-1.1462678,-0.9666941,-0.12878543,-2.2810962,0.14713052,-1.0218215,bg_rep01_9019,0,xgboost,11.868,30.941704,26.048,86.22812,21.088688,1647.9122,0.33381972,29.351858
-0.21720779,-1.7243268,-0.60624605,-2.2108674,-2.173524,-0.9440915,-2.8491123,-1.7647554,bg_rep05_1514,0,xgboost,9.324333,23.383322,27.56,101.26005,19.528885,10.067246,-0.22787738,36.97249
-2.1219668,-3.0453234,-0.600469,-5.4425592,-0.6397317,-2.0092127,-1.8815974,-1.6554106,bg_rep05_2752,0,xgboost,12.071333,23.660004,24.512,104.815765,23.16218,345.34857,0.100040674,34.41631
-1.7076755,-3.6760414,-4.07348,0.24669369,-1.6135668,-1.0210991,-2.984655,-1.0386591,bg_rep02_6438,0,xgboost,9.401334,29.45649,29.548,66.277756,23.302883,733.9406,-0.2784112,33.82169
-1.3576342,-5.752337,-2.2071097,-1.8616412,-2.1273494,-2.0433555,-1.0032426,-0.9278022,bg_rep02_7101,0,xgboost,11.120334,22.400156,26.508,84.647675,28.459904,157.1368,-0.49213332,30.882801
-4.1757956,-1.7186822,-3.0922318,-5.074857,-0.79404944,-1.2902569,-0.35768047,-0.43189502,bg_rep02_424,0,xgboost,14.548667,35.288315,23.624,91.75201,0.0,0.0,0.0,0.0
-1.1879181,-3.7452664,-1.6230005,-3.7104175,-1.5862957,-1.8072762,-2.981946,-2.4441187,bg_rep03_4288,0,xgboost,11.861,24.105764,25.264,100.97916,21.638144,559.67303,-0.12850575,35.404484
-3.6733453,-4.529149,-2.4731057,-2.1877415,-0.577462,-0.28130156,-0.07595896,0.0073191845,bg_rep01_8689,0,xgboost,7.3043337,25.593319,31.732,62.008076,0.0,0.0,0.0,0.0
-4.978295,-0.6523301,-0.6786051,-0.0796109,-1.3571708,0.011249756,-1.8012896,-0.81435037,bg_rep05_9528,0,xgboost,14.681666,27.848381,24.552,69.01544,20.78976,715.10474,0.013569014,40.483387
-3.0543847,-3.3202846,-1.9337726,-2.8108726,-0.8879641,-0.59611166,-0.08671217,-0.12850142,bg_rep05_2872,0,xgboost,7.180667,25.904282,27.228,60.4679,0.0,0.0,0.0,0.0
-0.6495948,-3.7662983,-3.2084694,-1.6702433,-1.4611105,-2.2368994,-2.5894165,-2.8959775,bg_rep03_784,0,xgboost,10.239333,29.238531,30.308,35.543865,19.419357,364.83112,-0.053532753,49.50006
-0.8366076,-3.0833724,-1.1393113,-2.8329425,-2.5001845,-2.0429797,-2.6362953,-1.6838125,bg_rep02_3570,0,xgboost,11.263666,27.15707,27.688,101.708855,24.026897,131.76602,0.026420183,34.488335
-2.9266267,-2.9854543,-1.7445672,-2.1854072,-0.7881937,-0.41932753,0.030125704,-0.028122086,bg_rep03_3105,0,xgboost,7.4896665,26.394371,27.3,59.021954,0.0,0.0,0.0,0.0
-1.0577322,7.752455,-1.5101299,0.1502613,0.36115128,0.67298967,0.34398276,1.2783326,presence_246,1,xgboost,9.118,47.116577,25.736,30.53781,0.0,0.0,0.0,0.0
-2.4034278,-3.1382732,-2.1126993,-3.3884547,-0.81660527,-1.4025939,-0.27233854,-1.8934776,bg_rep01_6926,0,xgboost,12.586333,26.112724,29.54,112.14515,19.838202,283.7157,0.7693596,48.10043
-1.1710464,-3.7192118,-2.7927651,-4.855145,-0.8907631,-1.0796359,-0.32276887,-0.513833,bg_rep02_3560,0,xgboost,11.292666,31.1711,22.444,87.38971,0.0,0.0,0.0,0.0
-2.8472195,-3.1906178,-1.0778003,-3.5651104,-1.2984425,-1.75719,-1.2721462,-2.3818984,bg_rep02_2692,0,xgboost,13.294667,23.343636,24.952,90.53917,20.987219,473.02142,-0.3527715,43.42829
-1.0030262,-6.0343227,-1.5767734,-1.7136222,-2.616209,-1.5463394,-0.8128746,-1.5166175,bg_rep04_5789,0,xgboost,10.831,20.229734,27.076,84.321205,29.374191,60.1643,0.34481367,25.860079
-1.085035,-2.5554645,-1.0622593,-3.7370546,-1.3711774,-0.8296255,-0.21945456,-1.3737448,bg_rep05_9337,0,xgboost,12.303333,25.580784,24.924,99.03487,22.445827,550.44696,0.6670115,33.22383
-0.13886788,-2.5931005,-2.7807631,-1.5800005,-2.623388,-0.5677314,-1.6293432,-2.0690892,bg_rep02_7195,0,xgboost,10.5963335,27.253942,21.84,85.00336,23.466848,941.3614,-0.046577543,38.377808
-1.2352443,-3.4814641,-2.9911933,-4.2197604,-0.78107876,-1.0594459,-0.39397883,-0.22089629,bg_rep01_9770,0,xgboost,11.578333,30.462885,23.524,95.63304,0.0,0.0,0.0,0.0
-5.1107535,-1.4394817,-2.1942792,-4.8342533,-1.0732666,-1.0950938,-0.26930237,-0.26498088,bg_rep01_6433,0,xgboost,14.643,34.366787,25.716,91.08098,0.0,0.0,0.0,0.0
-0.95446306,-2.6320043,-1.5205458,-3.8688204,-1.7895888,-2.172823,-1.694741,-1.1866784,bg_rep05_7818,0,xgboost,11.605333,23.386534,26.6,99.11372,26.304674,151.48256,0.74105835,27.495804
-3.420649,-3.7322395,-1.2189114,-2.289541,-0.91398114,-0.3815812,-0.24886748,-0.38459587,bg_rep01_6879,0,xgboost,7.0820003,25.49316,28.412,62.054913,0.0,0.0,0.0,0.0
-2.3783915,-3.037603,-2.0464032,-3.718829,-0.6923704,-1.8959484,-2.1262364,-2.0427034,bg_rep02_6954,0,xgboost,12.752334,25.557827,29.48,122.124405,21.117641,153.47884,0.13424174,54.009212
-3.3458924,-3.7723448,-1.5611877,-2.4530525,-1.7237549,-1.899413,-2.2671359,-2.1544473,bg_rep03_1269,0,xgboost,12.965,28.399632,22.18,99.35109,21.376282,1300.2899,0.08339649,34.263615
-4.601298,-3.1103723,-0.8562444,-3.089972,-1.0714136,-1.0883147,-0.10464924,-0.5381858,bg_rep02_6267,0,xgboost,13.526334,31.302261,27.596,94.29761,0.0,0.0,0.0,0.0
-0.6509478,-4.5719123,-2.2145913,-0.50850177,-1.834737,-1.3967081,-1.4357356,-2.1723351,bg_rep05_3505,0,xgboost,9.829333,19.40715,26.012,82.565056,27.392485,87.2214,-0.32243398,29.330124
-1.210319,-5.1000576,-0.6337254,-4.344332,-0.63641554,-1.5997534,-2.6307724,-0.61336863,bg_rep05_5476,0,xgboost,11.425667,22.385712,27.456,114.8416,26.046211,142.93791,-0.24521355,40.332848
-1.0552474,-3.6144114,-1.9779605,-1.9613374,-1.3025941,-1.7540826,-2.674853,-1.7160283,bg_rep01_1387,0,xgboost,11.140333,24.924677,20.108,63.42291,17.383703,852.87085,-0.14742362,42.327442
-2.3134596,-2.2757065,-1.5360198,2.260527,-1.3734927,-0.7164812,-2.3089702,-2.2138762,bg_rep05_1496,0,xgboost,11.993667,26.134548,23.116,67.070114,25.312677,264.56528,-0.2687915,39.54997
-1.3490994,-4.14474,-1.3204949,-4.2079105,-0.083471134,-1.6460116,-2.359861,-1.670349,bg_rep01_54,0,xgboost,11.383333,21.738853,27.736,118.67034,30.820255,147.94121,-0.20772018,35.323147
-2.705009,-3.7947898,-1.3664677,1.3109256,-1.2282159,-1.2885981,-2.2010763,-2.3587754,bg_rep05_978,0,xgboost,12.908667,24.054611,27.128,67.67886,30.046373,73.30861,0.43779796,25.200867
-3.7685487,-3.7624311,-2.7078912,-3.273549,-1.528392,-1.0038991,-1.6303649,-0.8851018,bg_rep02_2562,0,xgboost,7.8923335,25.36423,31.848,52.872936,28.592096,41.464756,0.09627632,26.332077
-2.2710032,-2.0986426,-1.735044,-3.1087518,-1.1629616,0.65534276,-1.591476,-1.2145823,bg_rep02_8516,0,xgboost,8.592667,27.632708,26.164,52.562122,28.827482,714.6687,-0.5533405,38.363182
0.3915879,-2.6776605,-0.791408,-3.2377324,-2.4087305,-1.0886695,-0.9888557,-2.0479553,bg_rep01_320,0,xgboost,10.008333,23.244923,22.336,87.080246,18.240082,639.87305,-0.37840113,39.10366
-1.276415,-2.6863482,-1.7522945,-3.8595324,-0.8044249,-1.9206805,-1.7310247,-1.8480535,bg_rep03_1547,0,xgboost,12.331667,24.623936,29.168001,119.4473,20.50141,145.37091,0.14980653,57.967434
-3.3301513,-3.3710818,-1.6290517,-4.682346,-1.0846763,-1.0601814,-0.049844816,-0.52553076,bg_rep05_1779,0,xgboost,14.033,30.93695,29.907999,89.6403,0.0,0.0,0.0,0.0
-3.274944,-1.2336917,-3.5207095,-4.4102035,-0.25396085,-0.93967044,-0.45287353,-0.24725743,bg_rep02_3281,0,xgboost,12.814667,35.11637,18.568,97.58863,0.0,0.0,0.0,0.0
-2.1231465,-3.4766998,-2.7743256,-0.6790457,-0.7343341,-1.7847295,-2.0071256,-0.01903908,bg_rep04_9071,0,xgboost,9.577667,28.967054,28.972,72.2328,27.597918,192.99321,0.18963528,32.38037
-3.7328832,-3.142925,-3.4413168,-2.9582005,-0.79384965,-0.42759782,-0.0880596,-0.059966605,bg_rep05_6486,0,xgboost,7.5133333,25.741173,30.584,55.645157,0.0,0.0,0.0,0.0
-2.5702982,-3.0202308,-1.6976199,-3.3700824,-2.4460294,-2.1536677,-2.1766443,-2.1655521,bg_rep05_9628,0,xgboost,12.828334,28.115047,23.024,90.474884,22.73184,1025.2961,0.089537844,38.449986
-2.6196504,-2.7327027,-2.0763962,-3.5864377,-0.7049577,-0.8787314,-1.7669666,-1.9769468,bg_rep02_2083,0,xgboost,12.952333,27.008787,29.872,124.09471,17.974583,288.22946,0.17765671,51.09283
-1.3588113,-2.7384236,-1.8804631,-4.2473555,-2.324534,-1.6101056,0.035168506,-2.0225198,bg_rep03_2056,0,xgboost,12.313001,24.479126,29.1,121.9941,25.150438,142.87862,0.33404407,49.267406
-1.3208628,-4.7908864,-1.7286869,-2.347723,-3.040923,-1.1492343,-0.53565526,-0.9340596,bg_rep02_8297,0,xgboost,11.000999,20.928772,27.296,95.746475,29.791409,58.14372,0.637485,27.34726
-3.9593132,-3.3255417,-0.95466065,-2.5445726,-0.9989676,-1.7758629,0.36905897,-0.69577,bg_rep02_209,0,xgboost,13.560333,31.81086,28.392,94.835365,11.991009,1438.0161,0.74391633,58.11892
-2.1779706,-4.021514,-1.7133833,-3.4614062,-0.8244105,-1.4627945,0.27581483,-1.7559863,bg_rep02_4653,0,xgboost,12.661,31.230883,25.98,97.67681,16.020512,2036.964,0.701352,32.063244
-3.3639722,-3.1873376,-0.57800835,-3.5652356,-1.0276564,-0.69194764,-0.24690093,-0.6168535,bg_rep02_3364,0,xgboost,12.953333,31.182796,28.244,95.85708,0.0,0.0,0.0,0.0
-1.5802106,-3.3947935,-1.4301759,1.7144006,-1.1575973,-1.2955837,-2.2391949,-2.4150343,bg_rep02_1985,0,xgboost,13.342667,28.52948,24.06,66.06974,22.819893,324.4865,-0.13412863,41.11732
-3.396768,-3.2240055,-1.8232162,-2.8764164,-1.0024179,-0.9623551,-0.008151742,-0.520584,bg_rep03_95,0,xgboost,14.177334,31.429754,30.064001,86.446884,0.0,0.0,0.0,0.0
-0.83524984,-2.7940917,-0.40919736,-4.380097,-2.219892,-1.4542478,-1.489302,-2.092559,bg_rep03_8117,0,xgboost,11.386333,24.95033,28.344,104.23996,24.05775,41.3997,0.114665054,41.94937
-1.6987631,-3.133371,-1.387633,-3.3058007,-1.7442362,-1.3947898,-1.3436451,-2.3515954,bg_rep01_7072,0,xgboost,6.8823333,20.586065,22.98,33.262695,27.501074,55.12647,0.41739374,36.7508
-1.4823662,-2.7297792,-0.7383893,-4.0675273,-0.97375953,-1.7148957,-1.941589,-2.5171957,bg_rep01_66,0,xgboost,12.534,25.606768,29.368,112.472115,21.185625,198.28748,0.13251898,45.324894
-0.82639015,-4.793774,-1.6403967,-2.1034055,-2.391879,-1.2217666,-1.4236993,-0.23691286,bg_rep04_3146,0,xgboost,10.744,20.791082,27.124,95.598076,28.905195,61.868835,0.3696814,28.599693
-0.5275765,-2.0034983,-1.5002046,-4.14038,-0.56477094,-2.025045,-2.0215743,-2.3451664,bg_rep05_4045,0,xgboost,11.587334,24.799532,27.948,103.40483,20.262512,136.28549,0.17399742,46.46979
-1.2880468,-2.189963,-0.39554247,-5.054808,-2.6099524,-1.6258059,-1.7579775,-2.0743434,bg_rep05_452,0,xgboost,13.321,27.898552,27.452,128.86183,25.330755,302.94952,0.2167076,44.40107
-0.13135342,8.375742,-1.0759438,-0.09128914,0.33396515,0.52971834,0.5729511,1.5999297,presence_152,1,xgboost,11.589666,48.41131,30.06,41.25638,0.0,0.0,0.0,0.0
0.70716834,-3.156575,-2.116291,-1.7504921,-1.1182534,-0.9599048,-1.9652448,-1.2256517,bg_rep02_3094,0,xgboost,5.357407,18.4809,26.41111,92.458275,14.488909,2.9002,-0.089209974,30.130058
-2.873268,-2.415309,-1.7498673,-3.1542766,-0.68538564,-1.5901278,-0.310239,-0.93146956,bg_rep01_7348,0,xgboost,12.972333,26.637234,29.032,123.49168,17.93636,199.94046,0.4284353,55.35464
-0.23606372,-3.020408,-1.2516212,-4.49196,-0.46303058,-0.67063737,-1.907824,-1.6274601,bg_rep02_6984,0,xgboost,10.534667,23.791027,27.807999,104.3629,27.255033,19.557419,-0.1753013,36.188404
-1.510318,-5.055601,-1.923996,-0.899828,-1.1458625,-0.04328251,-0.8403414,0.0738993,bg_rep01_4141,0,xgboost,11.843333,22.740656,26.256,78.48376,21.547064,247.95567,0.0066490704,32.398777
-2.1455772,-2.0209203,-0.51945645,-0.2030954,-2.3214233,-1.9222022,-3.0982456,-2.2051072,bg_rep05_8810,0,xgboost,14.312667,25.881857,25.816,70.419464,20.505262,564.2029,-0.25571164,39.697044
-0.98936456,-2.8689008,-1.5426708,-3.9126887,-0.9514732,-2.3684382,-1.9450623,-2.7345755,bg_rep02_4439,0,xgboost,11.212,25.224981,26.544,104.51455,17.12768,413.63443,0.1545251,38.367012
-1.8976985,-3.8690383,-0.5960745,-4.734271,-1.5026195,-1.406541,-1.9494345,0.6938273,bg_rep02_3780,0,xgboost,12.568334,24.168013,26.688,102.703514,25.61474,308.87006,0.0328054,28.317924
-1.1631418,-4.4007487,-1.5975796,-0.7518797,-1.5148202,-1.526541,-1.1659828,-2.079594,bg_rep01_344,0,xgboost,11.078334,21.35706,26.888,77.493774,26.307697,61.8645,0.09817153,30.130552
-3.4503582,-2.2562249,-1.8584337,-1.8882773,-1.0539364,-0.38972875,-0.015682828,0.26267162,bg_rep03_7587,0,xgboost,15.222334,33.04605,29.476,79.65383,0.0,0.0,0.0,0.0
-0.8481682,-3.390305,-1.2746314,-5.0007095,-1.8193456,-1.6349232,-1.9494262,-1.1704772,bg_rep05_2442,0,xgboost,12.154667,23.137644,27.296,107.76427,29.895887,188.23497,0.10674653,25.33743
-2.6526678,-2.8210979,-0.88323146,-2.9744933,-0.27595428,-0.9989842,0.28394628,-1.8795712,bg_rep01_2256,0,xgboost,12.698334,27.21927,22.192,101.37276,20.059563,1346.4269,0.36462894,32.820717
-4.3592615,-2.0338233,-0.8706599,0.25180268,-1.9289273,-1.4482031,-2.0093932,-1.5917559,bg_rep02_2438,0,xgboost,14.9366665,25.928112,25.904,72.0308,20.637106,463.1503,0.1914609,40.39378
-2.479522,-2.7686296,-1.6747794,-2.4893026,-2.2475927,-2.2288933,-1.1941855,-1.3101453,bg_rep05_4455,0,xgboost,8.539333,27.359135,26.316,50.473583,24.696749,496.38214,0.37501225,39.971443
-2.279244,-1.9574295,0.22992569,-4.9325633,-1.7053281,-2.0553534,-2.059481,-1.965103,bg_rep03_7604,0,xgboost,13.076,26.724983,27.396,127.74561,29.153503,321.99048,0.17678237,37.64878
-1.9332756,-3.295439,-0.84846646,-0.5970702,-1.2712,-0.9273875,-2.8775718,-2.406388,bg_rep03_5514,0,xgboost,14.125334,25.55419,24.508,68.900826,20.249134,664.5326,-0.2522657,40.865562
-1.3458221,-1.9379752,-0.5100914,-2.1355746,-1.2525479,-1.494985,-1.2014018,-2.879008,bg_rep04_1682,0,xgboost,8.454333,24.766619,23.16,38.16019,24.461496,144.40987,-0.037923068,49.055794
-0.89438754,-2.931877,-1.10668,-1.117884,-0.6597614,0.19132386,-2.8412278,-2.3811865,bg_rep01_8165,0,xgboost,11.892667,25.621912,22.628,101.63507,19.626514,967.79675,-0.31426546,36.433495
-2.420285,-2.1810668,-1.2151749,-4.1001773,-1.1679904,-1.262187,-1.7830967,-1.8826405,bg_rep02_3919,0,xgboost,12.9140005,27.11658,28.1,124.41749,19.791964,474.64154,0.15902014,51.924583
-4.0144486,-2.7175689,-1.713179,-3.6676092,-1.2003428,-1.7515427,-1.697425,-1.8385086,bg_rep03_5680,0,xgboost,13.790667,23.182268,26.199999,90.31727,23.086012,353.60004,0.52908117,42.048817
-2.997258,-3.7424858,-2.4609847,-2.6556711,-2.1513147,-0.9765735,-1.4792598,-1.2257186,bg_rep03_3467,0,xgboost,8.107333,28.996183,29.544,33.833145,30.962488,57.58578,0.51259243,35.507088
-1.8486786,-1.6053003,-3.3706534,-3.693707,-0.2325318,-1.2108314,-0.4580314,0.18878494,bg_rep03_9581,0,xgboost,12.4626665,33.173622,14.852,99.414734,0.0,0.0,0.0,0.0
-0.6639269,-2.9854996,-1.3200948,-4.298693,-2.4642613,-1.5531461,-1.1852366,-1.5454341,bg_rep05_5224,0,xgboost,11.667,24.006172,27.904,111.53366,25.057533,148.7016,0.5234005,36.297672
-2.9297838,-3.3371134,-3.4647012,-1.6379948,-1.1433647,-1.7515259,-2.1200013,-0.31185034,bg_rep04_1992,0,xgboost,8.957666,28.010216,29.868,64.28127,27.337402,532.06256,0.27728954,32.678253
-0.5326403,0.2875212,0.6678261,-0.36687177,-0.34674948,0.48343405,-0.037185684,3.2757497,presence_67,1,xgboost,12.740666,25.471146,26.604,96.14637,25.753714,513.24896,-0.31863147,28.573818
-0.96491873,-3.216921,-0.057732277,-3.6505334,-0.8466325,-1.8342404,-1.5592717,-2.2979097,bg_rep03_2177,0,xgboost,12.221,24.932674,28.476,117.876366,17.646639,149.15282,0.22838587,45.387394
0.08985367,-3.46008,-1.6949244,0.6140909,-1.3139504,-2.1058667,-0.5300711,-2.5825746,bg_rep01_9342,0,xgboost,9.695666,20.413649,20.812,68.37492,22.351063,805.0861,0.32149097,43.531376
-1.0844584,-4.438623,-1.5654787,-4.751851,-1.6324352,-1.4313383,-0.6194811,-1.5849634,bg_rep05_9604,0,xgboost,11.350667,22.752298,27.152,114.44968,28.222937,195.49928,0.45038143,36.69013
-0.45455936,-3.1170318,-0.8149436,-2.387536,-0.40830648,-2.8239472,-1.0999101,-1.818538,bg_rep01_9931,0,xgboost,12.4696665,29.140182,28.132,91.29467,27.5066,1109.6077,0.117098846,24.200676
-3.5923636,-5.7054744,-2.9708312,-2.5344431,-0.7247655,-0.19097665,-0.29379627,-0.46085012,bg_rep03_5075,0,xgboost,7.542,24.03748,32.4,47.809113,0.0,0.0,0.0,0.0
-3.228134,-3.8432627,-2.2913518,-2.8024583,-2.5487666,-1.5515438,-2.185284,-1.4507358,bg_rep02_5244,0,xgboost,7.884,25.022217,31.803999,49.990646,33.574677,28.337795,0.5305272,25.748232
-2.9805849,-3.7548175,-2.7231412,-0.57527477,-1.7015089,-1.5116895,-1.5776176,-1.0250849,bg_rep01_4756,0,xgboost,7.09625,24.091837,28.744999,24.936975,24.514006,28.723543,-0.31542367,30.83086
-2.6450388,-1.7419349,-1.7215801,1.5137594,-1.9911989,-0.7374674,-1.4302926,-0.59187657,bg_rep05_3164,0,xgboost,13.087333,24.544886,27.128,65.40864,25.114872,218.24857,0.42321008,32.821175
-2.5602856,-2.172245,-1.801864,-2.873775,-0.9330458,-1.1975278,-1.7545686,-1.9332755,bg_rep04_5919,0,xgboost,8.528,27.548779,25.94,53.271652,28.222189,766.32025,-0.3431323,37.74727
-1.1051679,-4.81599,-0.7986147,-4.9113135,-1.0331177,-1.6600435,-1.1597886,-1.0365232,bg_rep02_8568,0,xgboost,12.293333,22.809362,27.388,106.610085,26.794762,155.85521,0.36842746,27.37384
-1.1419623,-3.0191605,-1.3468454,-4.7113123,-1.6096201,-1.9513131,-1.7923943,-1.6628822,bg_rep02_3322,0,xgboost,12.476666,23.454145,26.935999,103.31877,26.443705,187.51509,-0.32458404,30.398155
-1.1756895,-5.066222,-0.81457424,-1.7814864,-1.2233858,-1.3203307,-0.72417974,-2.349761,bg_rep01_6025,0,xgboost,11.158,21.943832,27.54,92.229164,27.837008,72.73613,0.6159447,29.442076
-2.5024614,-2.1264484,-1.4778668,-4.33965,-1.202148,-1.1116221,-3.1778476,-2.011554,bg_rep04_6338,0,xgboost,13.098333,27.638279,26.492,127.48308,19.035273,621.8496,-0.09119225,48.964237
-4.7155643,-2.7785413,-1.2939706,-3.0670362,-1.6416911,-1.7605842,-2.9170473,-2.1208622,bg_rep02_1019,0,xgboost,13.970667,24.534044,23.432,94.085464,19.57312,875.1824,-0.092741825,43.07216
-1.6186653,-3.4779596,-0.7776428,-1.0529402,-0.5374615,-1.5878041,-2.8911977,-2.326783,bg_rep02_1665,0,xgboost,9.665333,28.824207,28.428,77.49957,26.074091,197.4028,-0.2709403,36.903233
-1.4127511,-4.4994693,-2.0704043,-0.15427521,-1.9106585,-2.290257,-2.746427,-2.2748842,bg_rep02_8620,0,xgboost,11.401667,21.496355,27.072,80.31896,26.944204,43.25679,-0.5464224,28.898531
-3.052904,-4.603088,-1.5465188,-2.6944678,-1.1867174,-0.53797305,-0.17796241,-0.7187804,bg_rep02_5769,0,xgboost,7.0476665,25.045013,27.472,59.255985,0.0,0.0,0.0,0.0
-1.8482692,-3.7892904,-1.4522351,-3.2929668,-1.4297273,-1.8702242,-1.5111884,-2.3852706,bg_rep04_1625,0,xgboost,12.566,31.446447,26.232,91.10501,19.486895,1613.1912,0.098676786,39.760094
-1.308704,-3.7058725,-1.9602444,-3.1134667,-1.370345,-1.368883,-1.3028374,-0.35789904,bg_rep02_693,0,xgboost,11.254667,23.199759,26.34,87.11359,28.461666,226.79987,-0.06046932,27.33883
-2.5588117,-3.367392,-1.169679,-3.4926124,-1.4133475,-2.0286384,-2.1511598,-2.8784463,bg_rep02_5075,0,xgboost,12.728333,23.581469,25.608,95.44102,22.762428,366.38705,0.08237246,37.38974
-2.269658,-2.9456716,-0.94556665,0.779391,-2.2463367,-1.7833686,-1.7589186,-2.8556747,bg_rep04_3413,0,xgboost,14.316,25.200676,25.644,71.41923,19.554655,475.87387,0.13190755,42.30428
-3.8326218,-3.9205542,-1.118628,-1.0446495,-2.1064677,-2.4721239,-0.8943097,-1.554222,bg_rep02_9900,0,xgboost,14.777333,30.704233,32.028,86.04,22.667263,1117.8989,0.42574838,36.446568
0.12680177,-3.518895,-2.689119,-4.7421293,-0.958895,-1.0419319,-0.17482059,-0.36042792,bg_rep04_6352,0,xgboost,10.305,31.660933,15.172,88.934044,0.0,0.0,0.0,0.0
-0.46359956,-3.796835,-1.4179965,-4.0327373,-1.8251292,-1.2190856,-2.0253794,-2.166112,bg_rep05_4034,0,xgboost,10.588,24.171309,27.7,105.4308,31.858723,9.825116,-0.27792373,29.650444
-2.0448904,-2.9027932,-1.8077916,-3.9657679,-0.6820948,-1.7090497,-1.944566,-2.343498,bg_rep04_1396,0,xgboost,12.701667,26.41338,29.1,114.87752,17.339275,218.1699,0.14402133,46.14351
-0.6876397,-2.4796953,-1.3511668,-4.284522,-1.3150841,-1.5157255,-1.5944841,-0.72317845,bg_rep04_6436,0,xgboost,11.759666,23.33082,25.924,108.06406,22.823004,220.40239,-0.3467067,29.395409
-0.5096889,-2.7731388,-1.1762657,-3.0055978,-1.8667276,-2.2133749,-1.2607644,-0.78524566,bg_rep02_1679,0,xgboost,9.757334,25.588308,24.744,91.06181,24.718523,93.97705,-0.33959064,31.286858
-2.0495872,-2.7059994,-0.9751061,-1.6513455,-1.0204718,-2.352196,-1.6954819,-1.7865486,bg_rep05_2299,0,xgboost,8.554861,26.877428,28.6125,74.39927,27.086134,106.01307,0.5482308,39.164658
-3.176394,-4.3072295,-3.0650785,-1.2919831,-0.9922076,-0.17284793,-0.55853003,-0.5907223,bg_rep01_3945,0,xgboost,6.5216665,23.388563,32.648,64.556526,0.0,0.0,0.0,0.0
-3.3114986,-3.36775,-3.5585394,-2.9119995,-1.8143526,-1.0407072,-2.541571,-1.487442,bg_rep02_876,0,xgboost,6.804,24.383602,29.528,55.965473,34.860485,167.4983,-0.25671995,34.193966
-2.9618647,-3.8160305,-0.9198766,-1.0537332,-2.0959811,-1.5334249,-2.121019,-2.847272,bg_rep03_4901,0,xgboost,12.591,22.9981,23.916,85.89144,19.428095,514.24945,-0.3259221,43.279762
-1.8141302,-4.6665797,-3.055161,-2.6525674,-0.31328794,-1.5524207,-2.3012667,-2.0080976,bg_rep04_4922,0,xgboost,9.051,30.057785,29.716,43.717533,30.631964,208.64554,-0.54806644,36.203346
-1.660169,-3.498127,-2.3865888,-1.3136582,-0.31750202,-1.2461827,-1.8432378,-1.6973186,bg_rep01_7457,0,xgboost,9.6623335,28.709095,29.2,74.8965,28.27425,77.677,0.018186793,35.62756
-3.2847557,-3.3480237,-3.6042883,-2.5569882,-0.64744717,-1.8454025,-1.8655108,-1.0919646,bg_rep04_4765,0,xgboost,7.2116666,25.300543,30.032,60.721504,30.086239,767.1825,-0.1482936,25.455103
-3.562251,-5.4602637,-3.0661945,-2.4699519,-0.76704645,-0.23869672,-0.2974666,-0.3872575,bg_rep04_7401,0,xgboost,7.452,23.952173,31.9,47.891872,0.0,0.0,0.0,0.0
-0.12140034,-3.2255037,-0.9805229,-3.7063613,-1.5254357,-1.8137678,-3.0995896,-2.297617,bg_rep02_4187,0,xgboost,10.015333,24.010675,27.504,104.294136,17.520155,109.57666,-0.28567514,53.067253
-3.0780814,-5.052029,-1.3703891,-3.0551956,-1.2906144,-1.2039948,0.013055216,-2.168523,bg_rep05_4741,0,xgboost,12.969,22.877857,25.16,93.35683,20.6634,518.6698,0.3432942,43.194347
-1.581545,8.066195,0.5330608,-2.059699,-0.010899631,-0.06476176,0.23459445,1.0608544,presence_22,1,xgboost,13.262334,51.47622,34.5,83.43218,0.0,0.0,0.0,0.0
-2.6551518,-4.419095,-2.5114307,-1.9616078,-0.9671116,-0.42168692,-0.35792938,-0.9191104,bg_rep02_5777,0,xgboost,6.738,24.59124,27.796,61.94144,0.0,0.0,0.0,0.0
-2.1215935,-2.7027626,-1.8002219,-2.58288,-0.5553503,-2.6883128,-1.1519725,-0.77952224,bg_rep05_9246,0,xgboost,8.410666,27.95356,26.14,64.14069,27.948471,1436.4451,0.47437087,28.128838
0.0834699,-2.888521,-1.9505761,-2.144214,-1.0479565,-0.6262706,-2.340069,-1.5289329,bg_rep01_1141,0,xgboost,10.725,24.68241,19.164,63.656197,18.656158,961.60614,0.03244736,42.469475
-3.135811,-2.3113937,-0.9890069,-2.903916,-2.1884584,-1.0706717,-2.7062333,-1.835693,bg_rep01_3381,0,xgboost,8.045667,26.031017,27.644,36.644745,31.772825,651.1076,0.07792838,35.38093
-0.6403824,-3.985991,-1.5537274,-5.296995,-1.5328314,-1.5376192,-1.6864306,-1.646109,bg_rep04_2529,0,xgboost,12.479334,23.788282,27.096,107.62382,28.69153,271.57077,0.4624126,25.689262
-5.30621,-3.19777,-1.4001908,-4.159426,-1.1234063,-0.74606526,-0.17544892,-0.44418824,bg_rep03_4587,0,xgboost,14.637667,32.896587,29.696001,92.29371,0.0,0.0,0.0,0.0
0.286374,-0.4956331,0.5454643,-0.55072016,0.7395283,0.40777445,0.7039831,1.7265007,presence_59,1,xgboost,11.889999,25.510641,27.368,101.73149,17.64665,289.3188,0.24113156,30.926497
-0.8552603,-2.5246034,-0.7956358,-3.149541,-1.408984,-0.73191905,-2.7640805,-2.1802206,bg_rep01_3830,0,xgboost,11.681666,25.10243,24.384,88.30859,19.97351,654.9616,-0.16227525,37.0461
-4.134857,-1.921613,-1.3399768,-0.06614482,-1.3900856,-2.2811995,-2.9478586,-0.46364167,bg_rep03_3792,0,xgboost,13.978666,27.065262,22.708,70.06608,20.53198,835.2115,-0.32720095,40.347622
-1.2958736,-4.712559,-0.67935836,-4.1810865,-2.3316786,-1.7756511,-1.7098471,-1.2700028,bg_rep02_6702,0,xgboost,11.592667,21.901054,27.452,119.02343,32.501816,153.37512,-0.18049291,31.591099
-2.3458776,-2.167599,-1.3436084,-3.2244527,-1.5946112,-0.6892762,-2.416322,-2.027829,bg_rep05_1201,0,xgboost,8.699,26.119986,25.184,42.254963,28.106049,946.1821,0.19098948,37.51441
-2.9201815,-3.7184496,-1.5170429,-4.0373263,-0.2822274,-1.6982886,-0.101317905,-1.4436445,bg_rep05_9451,0,xgboost,12.556,24.073933,25.28,103.046844,19.779696,211.77829,0.61847794,31.639584
-2.795666,-1.7275037,-0.49380863,-2.070348,-1.5515649,-1.471444,-1.2624916,-2.7353866,bg_rep04_4194,0,xgboost,12.833,25.88342,27.376,99.388725,20.995335,329.00302,-0.47444266,37.45366
-0.9171043,-2.2254107,-1.3281444,-0.8370181,-1.0195012,-0.8672636,-2.3684957,-0.18256736,bg_rep01_4173,0,xgboost,11.517,25.269878,24.928,86.01442,22.56132,465.0842,0.07480128,30.741749
-2.8730028,-3.9384136,-1.3503306,-2.1300566,-1.0389572,-0.51199794,-0.16904423,-0.3269067,bg_rep03_4468,0,xgboost,6.907,25.363543,27.5,62.695183,0.0,0.0,0.0,0.0
-1.2356331,-3.446617,-1.6890377,-3.0513258,-1.1172945,-1.5837591,-2.2851439,-2.0898292,bg_rep04_5759,0,xgboost,12.263666,24.120184,27.76,122.6144,18.5312,152.31717,-0.3971228,45.274296
-2.7898557,-3.6453555,-1.8202733,-3.017835,-0.90300906,-1.6783682,-0.43098086,-0.89238167,bg_rep03_6832,0,xgboost,14.058666,31.186039,28.88,98.6575,16.748922,1370.2335,0.45978603,57.771553
-0.9360425,-4.505966,-1.1978015,-2.895389,-1.1808907,-2.101295,-1.8395846,-2.4727485,bg_rep03_8463,0,xgboost,12.482333,31.875214,25.796,89.87084,20.10049,1884.2225,0.08794597,35.0246
-3.6707203,-2.2073026,-1.6983514,-3.7113914,-1.7903967,-2.8302455,-1.5986322,-0.15750077,bg_rep03_403,0,xgboost,7.319333,25.852407,27.136,59.957645,29.701536,1206.4664,-0.056181535,28.411856
-1.5958009,-3.3263853,-1.249777,-4.9993696,-1.7347511,-2.0505717,-2.1245549,-2.1547003,bg_rep05_1783,0,xgboost,12.198667,23.887106,25.956,103.42372,22.99097,371.52472,-0.14144485,38.32966
-1.5954707,-1.1790148,-0.9893184,-2.3014812,-0.9846993,-0.9159741,-2.51136,-1.4699392,bg_rep01_1542,0,xgboost,12.034667,25.7415,23.436,101.34457,19.488935,765.3388,-0.6316507,34.59156
-1.8397278,-3.587752,-2.1104023,-2.9994307,-1.94812,-1.0344396,-0.804839,-1.7148795,bg_rep01_1206,0,xgboost,11.663333,21.386484,25.344,89.65861,23.937555,223.1809,-0.03544402,36.35043
-0.69928813,-3.2067566,-2.961127,-4.3396964,-0.7866036,-0.9650398,-0.22871496,-0.21737562,bg_rep02_5505,0,xgboost,10.4696665,31.607496,13.384,95.56992,0.0,0.0,0.0,0.0
-2.1655688,-4.7177052,-1.1829827,-1.5649163,-0.8006116,-0.5274696,-0.3655711,-0.6264022,bg_rep02_5721,0,xgboost,6.421,24.066717,25.0,61.046764,0.0,0.0,0.0,0.0
-1.8779482,-2.490176,-1.6910889,-2.0975616,-1.2860794,-3.40581,-1.8070178,-0.67490596,bg_rep04_8058,0,xgboost,8.325666,27.711578,27.732,63.40604,23.154903,1004.92975,-0.44438824,31.564592
-1.0674998,-4.428596,0.45307577,-3.701756,-1.2413623,-1.6678593,-1.4195187,-1.7970766,bg_rep02_93,0,xgboost,11.507334,22.100586,28.516,114.87316,27.422789,131.9465,0.122450136,41.905025
-0.36665756,-1.0290909,-0.34045067,1.6274015,-0.01289551,0.55118495,2.2371938,0.84038836,presence_158,1,xgboost,8.043667,23.613394,25.376,28.120218,22.830198,64.84833,0.696146,40.328907
0.5027297,-3.7070835,-3.5736065,-0.38433123,-1.3629278,-1.0854124,-2.8000472,-0.09043828,bg_rep01_6439,0,xgboost,10.413,29.279608,29.892,77.5738,29.716965,82.1438,-0.2659642,28.036848
-3.4652314,-3.1167843,-1.9192743,-2.0766413,-0.71011776,-0.23254333,0.047323782,-0.19301023,bg_rep03_776,0,xgboost,7.955,27.153877,28.772,58.14704,0.0,0.0,0.0,0.0
-1.5874151,-3.4584837,-0.5551181,-3.9776416,-1.2272956,-1.6040828,-2.8743904,-1.9095011,bg_rep03_8914,0,xgboost,12.228333,24.005365,24.524,102.20245,21.37026,475.71667,-0.13630326,34.428074
-0.83894974,-2.8878,-1.6957172,-5.0081215,-1.6685381,-1.4330972,-2.4935043,-1.2760155,bg_rep03_9905,0,xgboost,11.66,27.41981,25.26,104.431885,23.222498,580.52527,-0.22648531,30.5456
-2.9826055,-4.9547763,-0.17522515,-1.7436419,-0.83310765,-0.073260285,-0.27322394,0.091879815,bg_rep02_4080,0,xgboost,6.5650005,23.834593,29.416,61.669884,0.0,0.0,0.0,0.0
-1.5529088,-5.980539,-1.2254682,-0.29992378,-1.3293741,-1.182437,-1.8984485,-0.826381,bg_rep02_3345,0,xgboost,12.008,22.03788,27.288,78.88712,29.78703,69.10769,-0.20668304,24.093376
-2.4600985,-4.0883136,-2.0520854,-2.3814838,-1.5867267,-1.8347359,-1.915474,-1.463779,bg_rep01_9585,0,xgboost,11.905666,21.20106,25.883999,86.54437,28.038727,97.64139,-0.7605234,31.68506
-1.043187,-4.5641465,-1.5274788,-2.8254085,-1.6100807,-1.851358,-1.3005648,-2.8257225,bg_rep05_1582,0,xgboost,12.339334,30.488567,26.448,97.041016,20.59623,1911.1272,0.011345301,37.44432
-1.3248063,-3.4150133,-1.1978439,-2.8476357,-0.37579206,-1.6414083,-1.1239336,-3.5633278,bg_rep03_4495,0,xgboost,5.3813334,17.6183,20.82,36.04285,17.295038,349.18307,-0.67463434,46.21853
-0.9002135,-5.3330836,-1.3456808,-3.1766906,-1.0795794,-1.035947,-0.8302578,-2.9327922,bg_rep04_1318,0,xgboost,8.086667,22.304354,20.56,34.117886,17.991936,746.7439,0.3707502,46.31758
-2.6747775,-2.2152605,-1.8223164,-1.0563823,-1.050409,-1.575931,-2.180921,-1.541478,bg_rep04_7505,0,xgboost,8.74881,27.748829,29.338095,69.75697,28.392035,37.765347,0.04007924,31.537636
-3.2982721,-2.6444504,-4.19728,-1.4646573,-1.8168589,-1.7899504,-1.8141706,-2.406576,bg_rep05_3054,0,xgboost,8.4296665,27.602053,30.384,64.48094,26.362057,544.5102,-0.32706568,29.610407
-1.2610006,-4.636969,-1.974286,-4.0870776,-1.9892212,-2.0578492,-1.6787411,-1.5824805,bg_rep01_5537,0,xgboost,11.749333,22.676859,26.376,110.22923,27.313923,155.42787,0.1652709,29.456848
-1.23083,-2.9430609,-1.9309988,-3.7193897,-1.1491114,-2.1009002,-1.8318624,-1.8078029,bg_rep05_1658,0,xgboost,12.148666,26.014277,28.828,109.71032,16.858444,123.53253,-0.6536161,53.781994
-4.131267,-2.4279811,-3.78798,0.6504113,-1.893973,-1.3302307,-2.1524322,-0.66636413,bg_rep01_2954,0,xgboost,7.243,25.006907,32.668,68.08415,25.05586,334.85596,0.05547998,32.84347
-2.095822,-1.9649767,-1.4295254,-2.870676,-1.7141246,-1.0534741,-1.4778118,-2.1579542,bg_rep05_7786,0,xgboost,12.784667,26.027414,25.156,99.88547,25.783419,475.8524,0.5704457,26.37691
-1.2134379,-2.3641703,-1.3379138,-5.216592,-1.7064706,-0.79923904,-0.01515349,0.08113043,bg_rep01_319,0,xgboost,11.851,23.371065,27.0,103.21295,23.839952,255.12401,0.30048758,32.5424
-2.3109055,-2.6821373,0.005331152,-3.977572,-2.1338034,-1.6834036,-1.4992121,-2.0675063,bg_rep01_6600,0,xgboost,12.669333,25.532715,28.604,122.40134,24.32149,152.19911,0.2457712,51.014095
-1.3984804,-3.3908825,-1.7388232,-2.9385831,-2.0435083,-2.4097223,-1.6265343,-1.2548248,bg_rep03_2026,0,xgboost,11.518,23.071068,26.028,98.18905,27.250051,345.99985,0.010977447,29.803839
-2.0655296,-2.2343678,-1.1829438,-3.1930668,-2.639454,-0.06288255,-1.264264,-1.4464979,bg_rep04_992,0,xgboost,12.761333,26.221199,24.836,98.56204,24.588478,524.8311,0.47769162,29.282337
-1.1844927,-2.6305108,-1.9239453,-1.0664686,-0.9518861,-0.8557771,-1.6581674,-0.8454203,bg_rep03_3095,0,xgboost,12.328,23.494434,26.376,78.44972,21.259426,255.7712,0.26197276,33.110348
-2.770515,-3.1473262,-0.7207331,-4.886226,-1.1489424,-0.48676425,-0.18705788,-0.1370337,bg_rep01_5264,0,xgboost,15.099333,32.038986,31.212,90.538086,0.0,0.0,0.0,0.0
-0.3514358,-3.3035686,-1.2330213,-1.8953354,-1.115863,-0.96742004,-0.664782,-1.9952842,bg_rep02_120,0,xgboost,7.1611114,21.397743,27.5,97.78823,5.372844,8.379238,0.5610244,8.122768
-1.9822541,-4.931319,-2.9083958,-2.4674878,-0.5998306,-0.12529413,-0.13764879,-0.51711756,bg_rep03_4762,0,xgboost,7.6673336,24.533897,31.8,49.45558,0.0,0.0,0.0,0.0
-1.3328377,-4.705834,-1.4333578,-1.0155255,-2.8430557,-2.5794654,-2.001695,-2.022494,bg_rep05_3619,0,xgboost,11.612666,20.51998,25.796,77.11162,31.47374,17.077637,0.4594969,29.85746
1.1919935,-4.0338035,-1.2781874,-0.2270129,-0.69972795,-1.9662874,-1.7325315,-2.6618736,bg_rep04_9848,0,xgboost,10.2543335,21.104662,21.344,70.165115,19.9688,831.0193,0.09286624,42.182945
-3.226192,-2.7297843,-0.91697806,-1.4017457,-1.1159753,-0.8339235,-2.1811051,-2.546763,bg_rep05_4820,0,xgboost,8.013667,23.58348,24.076,30.486908,22.031406,253.08324,-0.121850416,40.78346
-3.4291503,-2.796833,-0.74916583,-3.0143201,-1.6063063,-2.751415,-1.9770124,-0.5826985,bg_rep03_2019,0,xgboost,7.8276668,27.190727,24.58,58.145603,29.072084,1588.0579,-0.15144293,27.456116
-1.2801255,-5.7920604,-1.566533,-1.2426739,-1.5113115,-1.6141034,-1.1536472,-2.2514517,bg_rep04_9693,0,xgboost,10.914667,20.307112,27.048,85.728386,28.193048,54.294315,0.57008755,26.967628
-1.2226961,-5.5878925,-1.7828159,-0.4201592,-1.2006029,-1.8028573,-1.1846883,-0.57252485,bg_rep01_8778,0,xgboost,11.391334,22.124249,26.52,76.88621,27.952192,144.19373,-0.39136302,27.227278
-3.6216874,-5.4862905,-3.0066557,-2.425711,-0.7859056,-0.1655783,-0.28535187,-0.34934157,bg_rep05_2680,0,xgboost,7.5123334,23.882038,32.635998,47.556236,0.0,0.0,0.0,0.0
-3.1966736,-3.712249,-3.0420363,-4.4135733,-0.68889004,-1.0793674,-0.43640557,-0.6569258,bg_rep02_8821,0,xgboost,13.154667,32.985622,21.676,93.70974,0.0,0.0,0.0,0.0
-2.2606807,-2.5425828,-2.0806813,-4.2793117,-1.7563602,-1.4861455,-1.7272377,-2.6861057,bg_rep04_6468,0,xgboost,12.627334,25.852373,29.752,110.3088,21.436049,214.56956,-0.03530462,46.00769
-2.059736,-3.3429272,-0.54981834,-2.858297,-1.1586571,-2.7516973,-2.0214124,-2.1390016,bg_rep02_8965,0,xgboost,8.493,25.159971,24.368,36.833576,26.12128,1283.768,0.13106583,36.776558
-3.1161382,-2.762423,-0.69937015,-5.037901,-1.5169601,-0.92881083,-1.602238,-1.3909403,bg_rep01_6682,0,xgboost,13.486667,27.221596,26.668,126.629074,26.6791,374.94785,-0.36524695,26.749918
-2.0183444,-4.117425,-1.2206553,-5.292873,-1.7974229,-1.4487654,-0.9757298,-0.311061,bg_rep02_3265,0,xgboost,12.672667,23.86746,26.86,105.087166,27.245983,308.32846,-0.35305345,27.301054
-1.2028946,-3.4852302,-1.6638168,-3.540052,-0.77487594,-2.380878,-0.70680404,-1.2745084,bg_rep03_6032,0,xgboost,11.586667,23.619265,25.935999,97.30461,26.87166,410.13773,-0.0070531666,31.751492
-1.8087549,-3.0301337,-1.3568357,-1.1214089,-0.87361526,-2.2780342,-1.0297647,-1.2521111,bg_rep02_527,0,xgboost,8.335764,26.638926,28.479166,72.77348,26.697884,120.203575,-0.6615833,38.07168
-0.9683013,-4.904079,-1.3530188,-4.2329717,-3.060543,-1.4433147,-1.7054021,-1.0685246,bg_rep02_5105,0,xgboost,11.559334,22.120586,27.632,111.93226,34.213043,121.87218,0.54725444,27.278944
-0.8432834,-5.3316445,-0.65853447,-2.4621627,-2.583052,-1.3937966,-2.4193845,-1.8021525,bg_rep03_5222,0,xgboost,10.904667,21.080782,27.364,93.08224,31.912409,58.42494,0.24754752,24.828375
-2.7346587,-2.4499156,-1.2962954,-4.8476577,-0.9411921,-2.0203018,-2.107809,-0.91813976,bg_rep03_568,0,xgboost,13.574333,28.263374,26.484,127.63409,27.278471,404.41498,0.18678458,40.05296
-2.0118358,-3.7373316,-0.9123603,0.09053393,-1.538101,-2.1805165,-1.6677153,-0.26606435,bg_rep05_5301,0,xgboost,9.879001,28.936731,28.308,71.25568,28.458048,122.73665,0.1538913,33.420647
-1.6803555,-4.605011,-0.85572696,-2.627534,-1.2281672,-2.1460845,-0.740755,-1.2042092,bg_rep03_4361,0,xgboost,6.9004626,22.571022,24.644444,31.249895,16.409407,28.754343,0.8854337,31.668877
-1.3824513,7.2117343,-1.5337235,1.502894,0.4689031,0.81737417,0.3021875,1.3500487,presence_232,1,xgboost,6.933,43.625725,24.248,23.070997,0.0,0.0,0.0,0.0
-2.6671042,-6.072716,-3.0153189,-2.6778867,-0.46615005,-0.27785483,-0.26995614,-0.32834518,bg_rep01_3036,0,xgboost,6.756,22.174086,32.44,46.483337,0.0,0.0,0.0,0.0
-3.381812,-3.237365,-3.208154,-2.2685242,-0.6580574,-0.92368245,-1.2000449,0.16564456,bg_rep02_885,0,xgboost,7.2666664,26.068758,29.9,42.330673,6.549054,10.137046,0.10096631,5.606427
-1.6789182,-3.2529364,-1.1259127,-2.927879,-0.8044249,-0.35201174,-0.8008515,-2.6506886,bg_rep04_621,0,xgboost,12.088333,25.245037,24.516,97.184784,19.972237,643.1627,0.35152125,38.777145
-1.4178796,-4.961379,-2.4735572,-0.68780583,-2.1313984,-1.6493579,-2.189699,-2.3433812,bg_rep05_3623,0,xgboost,11.021,20.711493,26.196001,79.45837,28.57599,66.71481,0.23196512,30.131525
-0.91699034,-2.2224905,-0.8121119,-3.8433435,-0.9905,-1.3740578,-3.5068698,-2.3321419,bg_rep01_8263,0,xgboost,11.875667,24.755413,28.216,102.99677,21.029022,80.91546,-0.2919369,41.372963
-0.6936146,-3.5091534,-1.3632156,-5.515907,-1.9346364,-1.5534451,-1.3891121,-1.8633622,bg_rep03_8437,0,xgboost,12.424334,23.575584,25.66,105.03499,26.66917,212.41539,0.44175214,21.94647
-2.5727735,8.708959,0.06928292,0.17199779,0.34861368,0.45356703,0.621537,1.436017,presence_51,1,xgboost,13.553667,46.35317,33.476,33.135895,0.0,0.0,0.0,0.0
-0.7682602,-2.4971364,-2.2721117,-2.6243827,-1.9179909,-0.97759116,-1.4947237,-2.4104013,bg_rep03_7944,0,xgboost,11.776667,26.462042,19.848,94.83355,21.650372,1530.2938,0.27700946,35.178047
0.9729828,-1.3873558,-0.3147772,3.3659816,-0.37027854,0.15839848,0.2389,0.8799665,presence_121,1,xgboost,14.111,26.26964,26.984,67.59395,21.370272,333.70248,-0.35577807,30.709785
-2.6478167,-3.115309,-1.2540032,-3.2885087,-1.5145493,-1.9162841,-0.92565536,-2.3660488,bg_rep04_8204,0,xgboost,12.569667,23.46663,25.364,95.32097,22.264254,440.3786,-0.35308912,36.647007
-0.9832646,-4.917017,-1.6094346,-2.1056855,-1.8024225,-1.5706141,-0.43008107,-1.5371368,bg_rep02_7442,0,xgboost,11.008667,20.46525,27.212,84.779106,25.491312,53.107697,-0.011180536,25.36609
-2.9377615,-2.663228,-1.7535902,-2.6401622,-2.2563825,-2.6185348,-1.1974466,-1.4559519,bg_rep05_4193,0,xgboost,7.6956663,26.889122,22.768,63.928654,28.35146,1984.4562,0.0074725943,26.840794
-2.048378,-2.4329114,-2.0488434,-3.1369584,-0.43315002,-1.6482227,0.33228087,-2.4870021,bg_rep05_4526,0,xgboost,12.701667,25.879517,29.816,114.9783,18.91034,198.11436,0.3501705,46.983135
-2.7122476,-3.1931596,-1.6405653,-2.8750544,-2.5721896,-2.1267343,-2.8327425,-2.2555478,bg_rep04_4075,0,xgboost,12.6293335,26.873209,23.3,89.503525,22.523453,991.0793,-0.14631915,34.6455
0.793411,-5.0272193,-2.7421682,0.15307045,-0.62649626,-1.9391785,-1.1025836,-0.8439076,bg_rep01_2206,0,xgboost,10.270333,19.435192,26.148,80.1543,27.875975,64.99054,0.10513363,32.876072
-2.730233,-3.7180362,-2.1788387,-2.802832,-0.9048244,-1.9219983,0.54468995,-0.6744578,bg_rep03_8940,0,xgboost,14.032333,30.8105,29.244,97.571526,16.799221,1372.7704,0.68635654,61.88444
-1.1899756,-4.9547596,-2.1672606,-4.4660907,-2.1664126,-1.004722,-1.628365,-2.2147284,bg_rep03_4406,0,xgboost,11.874666,22.825361,26.464,108.10759,26.615105,288.78665,0.43577242,24.210125
-3.5959513,-4.3132763,-2.9825184,-2.8345263,-0.8083277,-0.36509782,-0.078310646,0.01476964,bg_rep01_7016,0,xgboost,7.701667,25.341099,31.084,51.494915,0.0,0.0,0.0,0.0
-3.3223336,-2.7044845,-0.3123062,-1.5513325,-0.7644963,-1.3541793,-1.8535191,-2.4386594,bg_rep04_6611,0,xgboost,7.901,25.938936,24.572,43.2903,22.491385,193.25412,0.10470205,40.704185
-3.6531658,-4.024887,-0.5213917,-3.3734055,-0.557509,-1.7864623,-2.5720417,-1.756225,bg_rep05_6286,0,xgboost,13.744667,30.30931,29.444,104.87568,17.47445,1246.598,-0.8111599,44.88438
-1.5436261,-2.1439755,-2.3193212,-1.0900278,-0.36261165,-0.77245474,-0.6331577,0.2822367,bg_rep02_5413,0,xgboost,9.033334,30.06101,30.650002,40.492233,7.5960546,1.064811,0.33930972,6.707216
-1.467957,-3.2541473,-3.126307,-4.777045,-0.48593777,-0.91648316,-0.4636078,-0.22941737,bg_rep05_7150,0,xgboost,11.624001,32.274544,16.572,97.54532,0.0,0.0,0.0,0.0
-1.3577414,-3.7885292,-1.2159512,-2.906912,-1.4927285,-1.9216917,-2.691637,-2.9390655,bg_rep03_5524,0,xgboost,6.8236666,21.563856,21.712,38.866905,16.152763,47.523712,-0.26628345,42.441536
-2.282299,-1.7273715,-1.2015305,1.7323825,-1.840963,-1.7812817,-1.406323,-1.7045023,bg_rep05_8708,0,xgboost,15.278,27.352478,26.888,67.22592,22.114576,368.10095,0.46605456,35.777405
-1.287948,-3.0045269,-1.5261912,-2.7834306,-2.7114,-2.5373902,-1.9451053,0.028297767,bg_rep05_3779,0,xgboost,11.238999,23.203815,25.688,89.031296,29.084234,378.93573,-0.26954088,30.96621
-1.0862774,-5.1768265,-1.1809559,-2.6479971,-2.62863,-1.4182707,-2.3094096,-1.835729,bg_rep05_9959,0,xgboost,11.158667,21.335882,27.62,90.369194,31.606014,55.53391,0.25281838,25.15127
-0.9889673,-2.4021304,-1.5948541,-3.8052044,-1.8613132,-1.8356743,-1.5274749,-1.2491353,bg_rep01_4654,0,xgboost,11.6293335,23.391531,26.636,98.24801,26.249317,139.70558,0.86010903,27.267216
-0.22015442,7.322446,-0.87239695,-0.76526713,0.023324143,0.15006983,0.3910532,1.5552768,presence_29,1,xgboost,11.467999,49.8522,29.036,78.87324,0.0,0.0,0.0,0.0
-0.7369945,-1.8344808,-0.83936894,-2.9832058,-1.3526585,-1.666943,-1.2055311,-2.7260725,bg_rep05_7154,0,xgboost,11.3463335,24.78231,24.408,89.907845,19.748722,578.21124,0.40934414,37.271225
-2.4251628,-3.211018,-3.2086227,-0.91524893,-2.365391,-1.531318,-2.4982262,-0.5892584,bg_rep04_4984,0,xgboost,8.393333,26.288315,30.2,21.415585,30.962025,24.476778,0.253696,25.836615
-2.1008396,-2.8190107,-1.273319,-0.9236133,-0.97032934,-2.1485884,-2.6642766,-2.106112,bg_rep05_3757,0,xgboost,9.595333,28.122314,28.46,77.81026,26.184195,303.11926,-0.09750829,34.0026
-1.2374706,-4.0411067,-0.043474536,-3.8049848,-1.7061751,-1.7033554,-2.1588154,-1.6865878,bg_rep05_8808,0,xgboost,11.254,21.717484,28.552,108.565186,29.762054,128.63243,-0.0991702,36.581413
-3.6642203,-4.872402,-3.2378085,-2.8044925,-0.8548343,-0.3103573,-0.114279844,-0.27555028,bg_rep04_9171,0,xgboost,7.6253333,25.106459,31.036,54.710964,0.0,0.0,0.0,0.0
-1.0963937,-5.519719,-0.88377833,-4.38703,-3.354713,-1.5678335,-0.17554818,-0.6274257,bg_rep02_4300,0,xgboost,11.813666,22.552052,27.604,113.18378,32.14656,134.23601,0.33453992,28.184637
-0.19267952,-1.9832536,-1.7273198,-3.9156597,-1.4924257,-1.5015581,-0.26682088,-2.455489,bg_rep05_2367,0,xgboost,9.013333,23.321604,26.744,103.84556,16.802986,92.87307,0.3413843,53.08078
-2.7356071,-2.962276,-2.111262,-3.878882,-1.1506357,-1.950648,-3.5866544,-2.2092817,bg_rep05_5491,0,xgboost,12.9296665,27.234112,29.12,122.50686,17.533686,329.82977,-0.1989141,48.513638
-1.3142543,-3.216785,-0.24519792,-3.4040532,-0.28843495,-1.3600812,-0.19815272,-1.2334127,bg_rep01_4246,0,xgboost,12.007667,23.74934,28.383999,122.97011,21.141085,135.60924,0.30385283,57.39644
-3.4240966,-2.3005822,-1.1058306,-0.21623887,-1.0716211,-1.1598704,-1.3637422,-2.1841927,bg_rep01_4007,0,xgboost,14.192,26.147837,23.032,70.73157,21.02819,964.49774,0.149841,40.907753
-0.20090131,-2.9087646,-1.9850805,-4.232134,-1.7717905,-1.5488431,-1.980317,-2.2586024,bg_rep04_4682,0,xgboost,10.475333,21.004438,28.08,122.28965,23.664852,127.613045,0.08007217,45.666298
-1.4477806,-2.6423378,-0.4245995,-2.70223,-1.1110712,-2.086656,-0.8755731,-1.0180435,bg_rep05_1232,0,xgboost,8.253333,25.043493,24.868,40.387955,27.059841,989.81573,0.48604897,36.36362
-1.5070632,-4.4360495,-1.6753349,-2.0263648,-3.2629263,-0.9878874,-0.03308913,-1.9937671,bg_rep04_5330,0,xgboost,11.2786665,20.464993,26.904,87.89372,29.20643,49.200737,0.6037706,28.837822
-0.17446716,-3.4444737,-1.5556159,-5.067076,-2.4292552,-2.124526,-1.1185707,-0.05931696,bg_rep04_3794,0,xgboost,10.606333,27.460472,27.656,104.33512,24.578913,144.21506,-0.4168795,33.593792
-3.0274744,-2.7219036,-3.8669617,-2.3879461,-1.6712805,-0.22376838,-1.7841232,-2.2947764,bg_rep04_9039,0,xgboost,8.364333,27.507015,30.28,64.15458,26.243954,714.39374,-0.12467389,29.638973
-3.616055,-5.169683,-3.235011,-2.5521858,-0.7285163,-0.22370794,-0.2601212,-0.466229,bg_rep03_1826,0,xgboost,7.410333,24.331276,31.584,51.427376,0.0,0.0,0.0,0.0
-1.5693152,-4.8214903,-1.715632,-2.428173,-1.7744175,-1.769271,-1.196388,-0.23984335,bg_rep01_5120,0,xgboost,11.388667,21.492918,26.883999,92.61637,27.157578,52.548214,0.117992,28.44427
-3.616342,-5.3969235,-2.9597027,-2.356033,-0.7859056,-0.1655783,-0.28028578,-0.31456205,bg_rep03_276,0,xgboost,7.418,23.6785,32.8,46.834812,0.0,0.0,0.0,0.0
-1.7738093,-1.7986435,-1.1331077,-1.3470129,-0.91091716,-1.3671046,-1.2405475,-3.044173,bg_rep02_5695,0,xgboost,14.2213335,25.301262,26.864,72.259346,20.980019,320.39108,0.35810727,37.26225
-1.1251624,-3.416166,-2.1295447,-4.6873746,-1.7671909,-1.3088578,-2.3025498,-1.5814484,bg_rep04_6885,0,xgboost,11.821667,23.04598,26.316,111.24072,25.575607,173.2839,0.1997195,25.37166
-2.258497,-3.7515314,-1.6728675,-0.5572036,-1.0340809,-1.7538289,-1.6739142,-0.639865,bg_rep04_4683,0,xgboost,9.654667,28.570864,28.596,70.424866,30.762905,108.1702,0.32666972,28.489933
-3.8252506,-3.0820806,-3.649897,-1.3826246,-1.762395,-2.5413861,-2.102283,-2.8375976,bg_rep04_3386,0,xgboost,6.9456663,24.446243,32.424,65.438354,28.748108,399.79797,-0.22903426,29.25473
-3.7227607,-4.515243,-2.9012258,-2.1881876,-0.6234937,-0.2876112,-0.07996579,0.0005832487,bg_rep04_8389,0,xgboost,7.6056666,25.73307,31.152,60.95766,0.0,0.0,0.0,0.0
-4.0235224,-3.419153,-2.298855,-2.4346771,-0.95651495,-1.7738335,0.4612751,-0.9459276,bg_rep04_483,0,xgboost,13.693334,31.132534,30.02,97.48274,19.494015,1180.7887,0.7104513,43.929623
-1.5586177,-6.3833475,-0.7168378,-0.41903076,-1.556686,-1.6091486,-2.1473718,-0.961557,bg_rep05_8293,0,xgboost,11.976334,22.145586,27.368,76.87697,31.3644,55.575916,0.045545675,24.677929
-3.194765,-2.8890033,-1.0080338,-1.5973815,-1.1124082,-1.4881276,-1.6042619,-2.7859106,bg_rep03_6409,0,xgboost,7.7823334,24.411335,25.596,30.450422,20.692442,185.0178,0.016214566,43.663822
-2.8176155,-3.26405,-2.2325797,-4.062071,-1.3720698,-1.6455998,-2.3735182,-2.3237462,bg_rep01_7828,0,xgboost,12.852,26.273611,29.616001,123.50547,21.318577,202.47342,0.07910321,49.343323
-3.417332,-2.561407,-0.97757035,-3.2558527,-1.4114618,-2.9951472,-1.9406328,-0.5873837,bg_rep05_7645,0,xgboost,7.857,27.209446,24.908,60.327106,28.371614,1561.934,-0.11800126,27.04655
0.22551706,-2.7827246,-1.6262739,-4.5048957,-1.6557621,-1.810704,-2.2655845,-2.3830905,bg_rep02_236,0,xgboost,10.271667,26.72686,26.928,102.5442,23.345325,206.78693,0.087235086,37.089073
-3.3671448,-3.514527,-1.310349,-3.4440665,-1.567629,-1.1165949,-0.56451666,-2.4649081,bg_rep02_608,0,xgboost,12.973333,23.739815,25.872,97.202,21.917812,352.37314,-0.4380817,37.017124
-1.9266552,-2.5454054,-1.9650126,-2.6125374,-1.2943263,-2.1713605,-0.7738397,-1.7726516,bg_rep01_9559,0,xgboost,8.287,24.924807,26.276001,31.695501,26.71282,876.1143,0.36098668,35.81494
-0.4006748,-2.2719018,-1.6128614,-2.382686,-2.405675,-0.93311083,-0.82066584,-1.6523409,bg_rep01_9768,0,xgboost,8.225,23.623251,27.904348,98.81661,25.099083,34.353127,-0.027579132,37.35356
-0.063628554,-3.3132935,-2.4055033,-0.96097594,0.08018256,-1.7776297,-2.037594,-2.1214085,bg_rep01_3666,0,xgboost,10.558666,28.466156,29.108,84.597855,27.83025,85.16504,-0.4552255,40.991104
-3.6875212,-3.4230192,-1.6180481,-1.5462316,-1.381782,-1.5324988,-2.146986,-2.6064196,bg_rep01_1509,0,xgboost,12.869667,23.326447,23.544,85.06213,21.376146,481.4937,0.14029297,45.50891
-1.3250754,-2.6241565,-1.6496731,-2.766783,-0.93153614,-1.3832387,-3.3879895,-0.83918554,bg_rep02_6721,0,xgboost,12.229667,26.291311,22.756,94.63113,19.718668,1034.8201,-0.2642396,31.194466
-3.7800903,-3.315469,-3.16303,-2.9932234,-0.7887954,-0.3770887,-0.09177645,-0.031470694,bg_rep04_2922,0,xgboost,7.589,25.74637,31.32,55.083744,0.0,0.0,0.0,0.0
-3.8388658,-3.9190505,-2.9893303,-2.570565,-1.7884356,-2.1099038,-1.9327439,-1.3923,bg_rep03_2896,0,xgboost,7.1956663,24.957224,32.184,63.03152,26.52774,456.4603,0.21476957,26.038658
-2.982291,-4.5183706,-2.699024,-2.5288177,-0.84730816,-0.04701269,-0.4386584,-0.29225618,bg_rep01_7920,0,xgboost,7.108667,22.957842,32.920002,46.09499,0.0,0.0,0.0,0.0
-4.28133,-3.8438916,-1.2606874,-3.5481563,-0.854609,-1.5292163,-1.8260826,-2.5599046,bg_rep01_7856,0,xgboost,13.555333,23.484638,24.4,92.51458,19.991964,663.1022,-0.0010972691,43.62663
-1.4924444,-4.3869786,-0.7042995,-2.995142,-1.2533422,-2.339139,-2.1729832,-2.2375576,bg_rep05_2287,0,xgboost,9.523666,29.278364,24.912,57.862263,27.730679,1232.2242,0.22538182,37.03293
-3.8430362,-2.896794,-0.86417973,-0.55215675,-1.4739558,-2.0965664,-2.3077605,-2.0938363,bg_rep02_5114,0,xgboost,14.452333,28.32236,23.24,69.28802,20.385662,887.799,-0.31726873,42.557476
-5.1112576,-1.182408,-1.1053377,-4.3242154,-1.1152899,-0.67698413,-0.10026191,-0.38068154,bg_rep02_4635,0,xgboost,14.9366665,33.44529,28.66,87.43251,0.0,0.0,0.0,0.0
-3.0407622,-4.091821,-3.899389,-1.1716856,-1.4125639,-1.7629942,-1.1775732,-2.6187599,bg_rep01_7981,0,xgboost,8.960667,28.67964,30.16,66.91153,27.567656,507.60135,0.31234455,29.35892
-3.0169911,-3.016341,-1.2444918,-0.93430734,-1.5112802,-2.0978427,-2.0557296,-3.00775,bg_rep05_5864,0,xgboost,12.552333,23.238176,22.932,78.45158,19.933487,574.54065,-0.3422335,44.6121
-1.7890849,-4.2775946,-1.3731499,-2.8893127,-1.494961,-2.8643968,-1.1576266,-1.8128631,bg_rep05_9950,0,xgboost,8.913,28.807367,26.816,63.37529,27.053846,1121.1074,0.3148202,35.064953
-3.3042943,-2.9996572,-1.469967,-1.0492263,-1.8825796,-1.2190497,-1.102679,-3.0809667,bg_rep05_3692,0,xgboost,14.39,25.568586,25.328,73.730034,18.90972,540.7532,0.35848522,41.292
-1.2134767,-2.9595358,-1.8321791,-3.2753196,-1.8010337,0.34799653,-1.4381341,-1.7783465,bg_rep05_9537,0,xgboost,11.527667,26.798557,23.476,92.44144,21.631372,638.3086,-0.68508273,38.694115
0.34138653,-3.2432692,-1.7905792,-4.6465693,-0.51311195,-1.7817996,-2.8194985,-2.3108952,bg_rep04_1649,0,xgboost,10.306,24.149405,26.464,106.13623,20.066975,364.35327,-0.2874646,39.53268
-1.1427693,-3.7333739,-1.0792611,-4.268319,-2.4809303,-1.5868825,-1.0370519,-2.5262063,bg_rep05_3687,0,xgboost,11.035,21.347597,27.472,120.80755,24.89751,142.72133,-0.007915907,43.891983
-2.1707687,-3.0420809,-3.2767706,-2.0939035,-0.33962715,-1.555784,-0.62772024,-1.275273,bg_rep01_5233,0,xgboost,8.549666,26.634476,30.976,62.03382,26.895006,178.96526,0.39178222,31.666475
-2.3334532,-2.3299217,-1.8398776,-1.0176444,-1.9143167,-2.8353088,-1.7932167,-0.52808166,bg_rep03_5496,0,xgboost,8.096,27.901848,21.368,65.05688,27.67475,2082.3193,-0.07107073,28.111088
-0.36152166,-2.1466997,-1.4952528,-4.155713,-0.78627765,-0.97005105,-1.617763,-2.891697,bg_rep01_2072,0,xgboost,10.841333,25.353914,26.596,104.75812,19.030975,264.69513,0.25114092,41.09563
-3.66578,-3.477724,-2.0315995,-2.1501474,-1.1579306,-1.6774575,-3.1102242,-1.501795,bg_rep04_1472,0,xgboost,13.882334,31.749916,29.964,96.86156,15.4003935,1458.0272,-0.20606245,55.22905
-1.0934614,7.624314,-1.2475972,0.5456544,0.29560718,0.37638104,0.5146046,1.4442054,presence_42,1,xgboost,11.930666,58.392063,27.052,36.836292,0.0,0.0,0.0,0.0
-1.092725,-4.1677656,-1.5317173,-1.1533026,-2.4818313,-2.858234,-2.2246966,-1.4936934,bg_rep05_8551,0,xgboost,11.771,31.127037,24.628,85.103165,23.63337,1970.8579,-0.21541771,26.698444
-1.8376789,-3.3562825,-0.54819596,-2.8798969,-1.321462,-2.2179174,-1.492093,-3.4817147,bg_rep04_4825,0,xgboost,6.5293336,20.809961,22.552,29.126205,18.445604,476.04834,-0.020915346,48.89781
-1.9951046,-2.4176693,-1.6745116,-3.262175,-0.9995957,-1.503088,-1.6076006,-2.6795866,bg_rep03_8554,0,xgboost,12.141666,25.347946,23.432,105.22868,19.719593,853.4856,-0.015172718,35.825253
-2.1389973,-2.7859375,-0.8282663,-3.6218877,-1.2468916,-0.3802562,-3.2010877,-0.32244205,bg_rep04_8301,0,xgboost,12.814667,27.060282,26.764,101.00949,21.205605,539.26794,-0.5268159,28.050436
-0.80253345,-4.5441256,-0.09048607,-3.7455297,-2.1362574,-1.5834023,-1.2613081,-2.05255,bg_rep05_260,0,xgboost,11.617666,22.49045,28.548,121.159546,25.204994,128.20671,-0.033587143,41.86797
-1.3614677,-3.714661,-2.4867477,-4.2846904,-0.82994777,-1.4539478,-0.29243442,-0.05606456,bg_rep02_7778,0,xgboost,12.194333,31.101646,24.46,95.61852,0.0,0.0,0.0,0.0
0.38310638,-5.1033154,-2.8746789,-0.5755032,-1.3697456,-2.775862,-2.0512755,-0.64546806,bg_rep03_8813,0,xgboost,10.218333,19.167042,26.38,79.176094,27.539452,30.221468,0.17289393,31.852686
-1.0651897,-3.5722167,-0.98055565,-2.599637,-1.504751,-1.3635342,-1.250044,-2.691798,bg_rep03_1996,0,xgboost,8.024,22.674353,22.688,34.0521,25.075047,97.43186,0.37464905,42.761597
-0.91166496,-5.081726,-2.6154165,-1.4173224,-0.8503231,-1.6528292,-0.86649716,-1.6894199,bg_rep05_7480,0,xgboost,10.638667,21.185812,26.46,83.23858,30.092934,78.64351,-0.35531428,25.969357
-0.5816452,-1.7198824,-1.5962063,-3.8778303,-0.940032,-0.8619349,-1.0289977,-2.7055757,bg_rep03_7506,0,xgboost,11.387333,25.377369,26.792,103.60211,17.73225,252.07492,0.38203943,36.93339
-3.4823554,-3.517466,-2.011136,-2.6224854,-1.3786716,-1.8046502,-2.6461635,-1.9412596,bg_rep04_1578,0,xgboost,13.900667,31.336039,28.992,92.871635,15.542522,1541.127,-0.10048237,47.726376
-0.5494981,-2.6790013,-1.5339284,-3.6986322,-1.1564115,-1.3824751,-3.2705357,-1.7737582,bg_rep02_6957,0,xgboost,11.732667,25.563593,25.144001,103.09838,18.078249,622.0079,-0.117987774,34.522564
-1.3373436,-4.189471,-2.3739314,-1.7767262,-1.9128762,-2.8595383,-0.6446536,-1.1812241,bg_rep03_367,0,xgboost,11.077666,30.829529,23.264,83.48839,29.07332,2006.6051,-0.001417719,21.91783
-2.1359634,-1.6318809,-1.338514,-3.5151958,-1.3596451,-1.7149861,-2.6744406,-1.3566276,bg_rep01_4392,0,xgboost,8.665334,25.759016,25.152,41.405773,28.108625,926.58624,0.06423779,38.071754
-0.7700301,-2.5375803,-0.9610872,-1.7283988,-1.229636,-0.8323333,-1.963138,-1.2237756,bg_rep02_3174,0,xgboost,9.726,25.328125,23.788,64.2464,24.605143,276.37427,-0.22821814,39.801636
-0.5073598,-2.767399,-1.4769368,-4.780677,-2.0178514,0.0905869,-2.576401,-0.33383104,bg_rep01_6858,0,xgboost,12.337334,26.989267,25.5,104.20796,22.554428,648.3587,-0.17362002,29.91591
-0.7260829,6.932978,-0.8259976,1.7301041,0.5620993,0.94924456,0.37033665,1.5106231,presence_169,1,xgboost,8.026,40.033916,22.392,23.429485,0.0,0.0,0.0,0.0
-3.996932,-2.5414145,-3.838854,-1.3763617,-1.3647859,-1.8252964,-0.8779071,-0.8188071,bg_rep02_9215,0,xgboost,7.63,25.952381,29.896,65.60349,27.025543,863.44073,-0.034138285,30.776283
-2.696386,-3.1626744,-2.0551643,-3.5637403,-0.5866743,-1.5189438,-0.27010983,-1.8816034,bg_rep05_2762,0,xgboost,12.903999,26.3218,30.0,121.39377,17.960516,215.12154,0.3950654,48.377144
-0.5761473,-1.7152915,-2.1955585,-2.9011312,-2.5437648,-1.64474,0.9082286,-0.8662261,bg_rep02_9731,0,xgboost,12.441,27.822254,18.912,86.9106,23.204258,1719.9066,0.6810406,44.16935
-4.919984,-3.34354,-0.40106508,-4.0409446,-1.0330482,-0.60869175,-0.14229041,-0.2575691,bg_rep02_1449,0,xgboost,14.731667,31.40277,31.184,92.47061,0.0,0.0,0.0,0.0
-2.3145435,-4.4653506,-1.7673624,-0.14865586,-1.4381661,-2.5797899,-1.1051309,-1.5300844,bg_rep03_1653,0,xgboost,12.331333,20.955975,26.6,79.97066,28.505945,22.202005,-0.43109283,31.508417
-0.8716537,-4.907999,-1.3739843,-2.7174795,-0.986832,-1.9694872,-1.7864377,-2.9331508,bg_rep01_8413,0,xgboost,8.526,22.736,20.432,35.48379,19.045877,875.3065,0.15396158,45.349377
-0.034501288,-3.3356924,-1.4307724,-2.7456841,-1.301548,-1.2518384,-1.9848645,-1.9845692,bg_rep04_8055,0,xgboost,10.741333,29.245625,25.928,96.16497,25.814814,193.24377,-0.11072488,32.912346
-3.5725825,-5.485966,-3.0821462,-2.4512339,-0.8263162,-0.21181539,-0.2874627,-0.36142886,bg_rep04_9231,0,xgboost,7.4236665,23.84271,32.004,47.940407,0.0,0.0,0.0,0.0
-0.26915613,-3.3969524,-0.7191639,-2.776396,-1.0748954,-1.8889928,-1.246366,-1.115269,bg_rep04_4364,0,xgboost,5.6833334,20.666666,23.1,38.606903,8.163967,32.82282,0.9509358,13.721614
-2.4894083,-3.1458619,-1.3388803,-2.1151643,-1.3879504,-2.0691457,-2.8711994,-2.440647,bg_rep03_4767,0,xgboost,7.913158,24.90888,22.836842,41.158844,20.710402,54.798733,-0.2866995,43.120758
-1.7529608,-2.7762182,-1.4700838,-4.933928,-1.6066182,-1.5383158,-2.1194415,-1.3982619,bg_rep03_844,0,xgboost,13.38,28.026812,24.42,126.09015,26.751984,584.656,-0.053115923,30.52411
-3.442825,-3.5746121,-1.5564972,-4.6940246,-1.0667201,-0.92264754,-0.07249968,-0.4413376,bg_rep04_5202,0,xgboost,14.163333,30.744408,30.268,91.01482,0.0,0.0,0.0,0.0
-2.215272,-4.31761,-2.3695793,-2.6167538,-1.5153116,-1.8085749,-2.4973233,-1.3046641,bg_rep04_9091,0,xgboost,11.86,21.862556,26.16,87.760994,26.410038,152.54527,-0.87667954,33.92831
-2.992488,-1.9027253,-1.009704,-5.6759043,-0.43232307,-0.7597183,-1.7215357,-0.7463446,bg_rep03_0,0,xgboost,13.538333,27.85436,25.824,127.24597,27.762245,473.71445,-0.3225524,31.087301
-4.3634443,-3.133433,-1.3684599,-4.1195054,-0.4473095,-0.6282076,-0.26808757,-0.28843036,bg_rep05_686,0,xgboost,13.407333,31.695824,29.488,100.77065,0.0,0.0,0.0,0.0
-3.5659182,-5.7054744,-3.022434,-2.4802814,-0.72676766,-0.20278919,-0.2950683,-0.4747678,bg_rep02_7411,0,xgboost,7.4803333,24.071095,32.012,47.701153,0.0,0.0,0.0,0.0
-1.3006837,-5.0638595,-1.0776528,-4.2911882,-0.800756,-1.7644666,-1.4059489,-2.0452373,bg_rep02_1784,0,xgboost,11.827667,22.33827,27.288,118.54336,28.797888,153.79092,-0.12507984,37.57828
-3.361684,-4.4721828,-0.5164813,-0.8810966,-1.3432195,-1.6426888,-2.9815423,-3.0644505,bg_rep01_7604,0,xgboost,12.660666,22.844942,23.856,79.21227,22.116312,372.5871,-0.28927195,42.874245
-1.5895894,-3.587485,-1.2363613,-2.3107376,-1.1076442,1.0180532,-1.4283764,-1.8500429,bg_rep01_3586,0,xgboost,9.546333,28.966906,27.16,42.290318,26.590536,728.5538,0.3818061,38.040405
-0.9693868,-3.6299238,-0.323534,-3.9892802,-2.3855104,-1.3417624,0.052286945,-2.129422,bg_rep05_3052,0,xgboost,11.018667,21.46382,28.384,121.20636,24.899263,126.74791,0.33465564,42.764843
-1.3231167,-3.0995934,-1.6947873,-3.7274823,-2.4996355,-1.9238882,-2.8380563,-1.9529643,bg_rep02_2375,0,xgboost,12.405,24.390484,27.96,123.665665,24.84492,149.57053,-0.5377549,48.926327
-1.4348655,-5.055111,-1.063222,-2.111708,-1.8286489,-1.1649991,-2.0067866,-0.6169318,bg_rep02_9339,0,xgboost,11.144667,21.648537,27.708,94.71786,28.684818,67.36848,0.26957205,28.337898
-2.5596488,-4.3197975,-2.9776583,-2.4905424,-1.6208754,-1.3962526,-2.3743129,-2.58444,bg_rep03_9723,0,xgboost,9.049666,28.916368,30.912,51.07356,27.1535,215.58673,0.25199455,37.79223
-2.5675921,-1.7728482,-0.923878,-5.5622315,-1.0688721,-1.6972817,-0.8195915,-1.8289104,bg_rep02_971,0,xgboost,13.510333,27.569857,26.568,127.92347,28.861603,382.42953,-0.0026703174,36.147995
-3.476828,-2.184085,-1.2668098,-0.8615342,-1.0332859,-0.6842643,-2.1481707,-1.3008083,bg_rep04_4181,0,xgboost,13.133667,23.384493,26.652,74.64125,28.038855,113.1058,0.5197757,32.0546
-1.7820925,-3.1744199,-1.6948869,-4.2242584,-1.6471167,-1.902639,-2.9519222,-2.1049383,bg_rep05_3008,0,xgboost,12.413667,23.109812,26.736,103.681854,26.6784,164.60924,-0.69426167,30.35518
-1.287487,-4.0662704,-1.7603298,0.024928344,-1.4182383,-1.9297007,-1.8084184,-2.755738,bg_rep01_2074,0,xgboost,12.369333,24.003208,21.824,69.86317,19.665134,887.5083,0.17055553,41.421764
-3.3417287,-4.5822716,-1.6992207,-1.7452285,-1.4873004,-1.1745905,-2.0260134,-0.6079015,bg_rep01_8328,0,xgboost,12.812667,22.543224,25.576,83.81177,25.243647,173.71812,-0.62461144,33.32877
-0.21478197,-4.0968375,-1.3373291,-3.1620293,-1.1109307,-1.5229346,-2.2274606,-2.518563,bg_rep03_1423,0,xgboost,9.274667,22.404741,27.648,107.78501,18.277534,55.26818,0.13713735,48.8778
-1.651672,-5.6033177,-1.652869,-2.7407238,-1.6940421,-1.3840514,-1.0423558,-1.6866784,bg_rep03_6162,0,xgboost,11.211666,22.064997,26.724,94.920715,27.712244,192.6904,0.006234836,25.921328
-3.655535,-4.755239,-3.1039593,-3.1044357,-0.8717411,-0.306009,-0.12708996,-0.11342477,bg_rep05_5840,0,xgboost,7.536667,25.294222,31.2,59.435543,0.0,0.0,0.0,0.0
-0.76141226,-3.6447685,-1.7612084,-3.1615796,-0.41834038,-1.744462,-1.9452835,-1.8564261,bg_rep02_9874,0,xgboost,11.632667,23.994774,26.276001,100.41948,19.237125,384.67648,0.1451012,34.009
-1.1351092,-4.7854495,-1.4442254,-2.4265623,-3.1039102,-3.053103,-1.66207,-2.0876374,bg_rep03_6789,0,xgboost,9.380333,29.733528,23.48,62.136208,29.754951,1449.7843,0.095325306,35.733284
-1.6724681,8.514005,-1.1832691,0.60334444,0.23636231,0.45133668,0.51202214,1.2931235,presence_235,1,xgboost,13.240666,52.51732,28.972,33.14359,0.0,0.0,0.0,0.0
-1.0193707,-2.2605188,-1.3418353,-3.2881744,-0.44749218,-0.06646947,-0.34320623,-2.081397,bg_rep01_597,0,xgboost,11.359333,26.525623,23.06,93.72362,20.129084,750.6483,0.44837973,36.59591
-3.731769,-1.9993101,-1.1813569,-3.4295363,-1.2138461,-1.3402073,-1.0935429,-2.3242939,bg_rep02_6581,0,xgboost,13.790334,24.615046,25.74,97.108795,20.40915,360.34744,0.39216793,37.823288
-1.3354928,-4.0077133,-1.465262,-1.591744,-1.7691067,-1.715311,-2.5785666,-2.0361447,bg_rep01_3170,0,xgboost,9.535666,29.67285,28.46,47.35821,23.764742,159.64209,-0.36007825,40.887085
0.7088882,-3.505764,-0.896647,-1.8159895,-2.3312688,-2.071453,-2.8830333,-2.7168887,bg_rep01_6742,0,xgboost,10.228333,23.851166,22.924,84.374306,18.152086,566.08514,-0.29346547,37.359753
-4.076061,-3.9646072,-2.095225,-3.464878,-0.2070137,-1.7814713,-0.6283919,-1.1634691,bg_rep05_3938,0,xgboost,13.798333,30.272781,28.944,108.36446,20.074636,1345.2074,0.42629057,47.329296
-1.4135817,-3.358138,-3.1340735,-4.7555757,-0.7765143,-0.9952662,-0.3333397,-0.29311433,bg_rep05_1912,0,xgboost,11.121667,32.93552,17.984,89.63739,0.0,0.0,0.0,0.0
-0.09537773,-3.3746638,-0.8518505,0.29102376,-0.8113612,-1.7232345,-2.4461458,-1.2451838,bg_rep02_8931,0,xgboost,10.514333,29.287836,28.336,80.14756,27.305897,337.2798,-0.36382148,33.1337
-2.355737,-2.1531463,-1.7508576,-2.9570627,-1.5693653,-2.1521919,-1.4964888,-1.8990239,bg_rep01_3686,0,xgboost,13.999667,25.429895,20.304,89.17067,20.793074,1553.883,-0.35332114,43.83624
-3.6512754,-4.7177954,-3.5009391,-2.533553,-0.8448244,-0.3163363,-0.15536407,-0.38680202,bg_rep05_9764,0,xgboost,7.4086666,24.867973,30.288,51.9803,0.0,0.0,0.0,0.0
-3.764189,-3.7368395,-2.5280395,-4.3101735,-0.67006564,-1.2292161,-0.39227802,-0.61678517,bg_rep03_6145,0,xgboost,13.051,32.804646,23.088,94.08388,0.0,0.0,0.0,0.0
-2.7329583,-4.1326537,-3.5587344,-1.4026397,-0.9517207,-0.2871089,-0.50050145,-0.71978486,bg_rep04_6326,0,xgboost,6.357333,23.100775,30.532,64.91546,0.0,0.0,0.0,0.0
-3.6118033,-5.485966,-3.0054567,-2.5833154,-0.8536193,-0.20000294,-0.28619075,-0.36014795,bg_rep04_5436,0,xgboost,7.4476666,23.846268,32.492,49.70896,0.0,0.0,0.0,0.0
-0.91427654,-2.1497297,-0.93629616,-3.686851,-1.3002636,-1.7056848,-2.3039968,-1.378808,bg_rep04_5513,0,xgboost,11.647,22.96333,28.868,113.56018,28.210436,132.47342,0.24494626,38.08549
-2.6090114,-0.6396436,-0.99036103,-1.6817884,-1.6024772,-1.0541908,-1.2104535,-0.7097811,bg_rep05_1992,0,xgboost,13.066,25.43607,27.216,99.64,25.820276,382.76474,-0.37109065,28.924067
-3.2382658,-2.2296472,-1.0596608,-2.7019646,-2.4322107,-2.5033143,-1.5840682,0.044773996,bg_rep03_2973,0,xgboost,7.4379997,25.912764,27.428,60.908333,24.424498,1209.1409,0.22380626,32.599083
-3.2173357,-3.6177852,-2.1040819,-2.8557117,-1.2656872,-1.8791772,-0.2804872,-1.2271872,bg_rep01_6878,0,xgboost,14.314,31.101166,29.748,92.56964,19.112244,1466.1436,0.5630119,43.46346
-1.1508278,-5.8465896,-1.2898415,-0.64875257,-2.9393528,-1.7029926,-1.6042101,-1.0042404,bg_rep05_2532,0,xgboost,11.714334,22.107521,26.8,74.55811,32.095287,53.390648,0.36082125,23.087734
-2.4897044,-3.8797035,-0.52362084,-3.9152427,-0.9808339,-1.3745037,-1.7226089,-2.0871933,bg_rep04_907,0,xgboost,14.073334,23.978281,25.784,91.78583,21.235382,467.99698,0.50069773,42.860615
-2.1334465,-1.5358387,-0.641614,-2.2849956,-1.1446091,-1.0016029,-1.0348331,0.14302284,bg_rep03_6645,0,xgboost,9.597667,27.729303,28.352,39.00733,26.297277,635.54456,0.3552499,40.29182
-1.3882115,-2.2728162,-1.0190278,-4.5414987,-2.4659462,-1.5142784,-2.3970118,-1.4038651,bg_rep05_8982,0,xgboost,12.259,25.259623,28.468,112.69531,25.00519,112.45398,-0.36143252,32.258404
-1.6357467,-3.328755,-0.43287614,-2.7811363,-1.4394784,-2.427125,-2.01133,-2.6052713,bg_rep03_6223,0,xgboost,6.3650794,21.407217,23.919048,32.281013,17.533417,32.57006,-0.32183534,36.586308
-0.94818884,-3.784769,-2.7049131,-1.2910815,-2.0255976,-1.9373518,-2.1864045,-2.2286723,bg_rep05_5233,0,xgboost,10.062333,30.558592,29.284,41.263718,25.227627,343.79263,-0.7299064,41.312157
-1.2837145,-6.1304216,-1.6722019,-0.567892,-1.8214167,-1.6829644,-0.2549263,-1.225979,bg_rep05_1770,0,xgboost,11.473,22.148647,26.572,76.14937,27.603888,125.94245,-0.0056034178,26.712875
-0.8578359,-2.4605772,-1.0561763,-2.0962975,-2.494279,-1.1924756,-2.3678288,-1.7779315,bg_rep03_911,0,xgboost,11.114667,27.011438,28.064001,99.854324,23.884754,54.649128,0.19568785,35.49418
-0.030838763,-2.3120313,-1.7795836,-4.582431,-1.190278,-1.5085555,-2.5005412,-1.9764084,bg_rep01_8586,0,xgboost,10.662666,24.780764,27.292,105.23095,19.24188,194.47424,0.049282845,39.886604
0.44817913,-2.7974129,-1.7856382,-5.6747794,-1.7472098,-1.8042779,-2.0589812,-0.3744872,bg_rep05_7224,0,xgboost,10.422667,26.351807,26.104,109.09239,25.653254,374.59494,0.17459615,33.652485
-2.6972272,-2.558624,-3.1011982,-2.7701104,-2.2645566,-1.2449638,-1.9266601,-0.4274279,bg_rep01_6177,0,xgboost,8.267334,27.869923,30.744,54.445595,36.828175,41.44843,0.040297855,24.190231
-3.3755496,-3.2454998,-0.27924597,-3.5092247,-0.7563476,-0.6826764,-0.10825843,-0.17661247,bg_rep03_6611,0,xgboost,14.410334,30.373352,31.336,96.487366,0.0,0.0,0.0,0.0
-2.042739,-3.7612684,-3.0965495,-2.1171005,-1.6464379,-1.3338041,-2.5476096,-2.881899,bg_rep03_4264,0,xgboost,8.962334,28.430191,29.696001,47.921387,17.055578,19.228477,-0.10635038,46.920334
-3.9243658,-2.8282003,-0.7301557,-0.22848839,-2.5297241,-2.104085,-3.2668562,-2.724876,bg_rep04_5544,0,xgboost,13.784667,24.997583,24.476,69.42582,17.533337,572.2379,-0.2292847,42.053997
-1.0783712,-3.3645718,-3.3293834,-4.829208,-0.8760524,-1.012108,-0.30367836,-0.4540235,bg_rep02_8923,0,xgboost,10.992667,32.468887,18.54,87.93937,0.0,0.0,0.0,0.0
-3.9384675,-3.5500991,-1.874837,-2.4992394,-0.80717814,-1.5798578,-0.35644913,-1.0671854,bg_rep04_7046,0,xgboost,13.783,31.310768,30.24,93.94949,17.979391,1200.6296,0.48886517,43.923634
-1.8536935,-2.5026956,-2.0205803,-3.5062184,-0.45500466,-2.0222924,-0.07031453,-1.8838336,bg_rep02_6351,0,xgboost,12.741,26.902449,29.156,126.45694,17.098145,353.65555,0.35893974,48.153725
-2.1271644,-2.5369184,-1.2752118,-0.3960424,-2.111408,-2.177675,-2.1926448,-2.0631955,bg_rep02_701,0,xgboost,14.345667,25.5025,25.316,69.16757,19.903833,554.1357,0.09259144,39.58614
0.0920566,-3.0080712,-1.045573,-4.919049,-0.62755316,-0.6660147,-1.612001,-1.5277494,bg_rep03_6748,0,xgboost,10.181,23.771832,27.66,106.10446,26.10392,63.681614,-0.13428098,36.052002
-1.2164378,-5.3371844,-1.3832834,-2.8172152,-1.0282341,-0.8797645,-0.56575644,-1.7157042,bg_rep04_4081,0,xgboost,11.539667,22.401901,27.108,97.71926,26.84771,114.09539,0.3290841,29.269136
-1.0924431,-4.0464287,-0.25874147,-3.9221983,-2.2556686,-1.5706801,-1.6723185,-1.9876375,bg_rep02_8266,0,xgboost,11.264,22.063778,28.359999,116.89468,24.636314,131.69905,0.2259655,43.51711
-1.7380786,-5.545454,-2.2807703,-0.5144546,-2.120479,-1.1822271,-1.6427075,-0.15823343,bg_rep01_1348,0,xgboost,11.071667,21.84795,26.088,78.21577,28.83075,200.18567,-0.30001658,28.09366
-3.849638,-1.8250349,-1.2924948,-0.16953915,-2.32835,-1.2018919,-2.7236967,-2.2270389,bg_rep02_1747,0,xgboost,14.667666,25.390644,26.268,71.652504,19.596567,352.6326,-0.23151779,39.7095
-0.9743315,-5.008858,-0.5617492,-3.751998,-1.6893636,-1.738719,-1.9981806,-0.04062668,bg_rep03_6915,0,xgboost,11.196334,22.317678,28.572,111.21232,28.820135,126.13684,-0.60624707,33.51153
-1.1606548,-4.6542478,-1.7361813,-4.86592,-1.9562286,-1.6964502,-2.2917044,-0.911891,bg_rep01_1455,0,xgboost,11.344334,21.737436,27.3,114.32089,27.570383,130.48679,0.048142508,27.697392
-4.033916,-3.517199,-0.465778,-2.673782,-0.7733217,-0.7012057,-0.13179834,-0.18068142,bg_rep05_6820,0,xgboost,13.973333,29.250048,30.684,94.584404,0.0,0.0,0.0,0.0
-1.0752969,-5.094865,-1.9192523,-2.627207,-0.74442077,-1.3465512,-1.638195,-1.1926769,bg_rep05_7925,0,xgboost,10.893,21.015974,26.952,91.2583,30.078466,68.10724,-0.22670585,26.881796
-3.9013622,-2.8915117,-1.6328164,-1.9815744,-2.1289642,-2.0234873,-2.156407,-1.3532926,bg_rep05_8196,0,xgboost,7.774333,25.17921,27.92,26.431782,31.661781,556.78253,-0.1620923,32.997158
-3.0428307,-3.7422247,-2.133028,-1.3604388,-0.82680255,-0.34612828,-0.26341438,-0.1632852,bg_rep04_1420,0,xgboost,7.0476665,25.51284,27.828,60.72977,0.0,0.0,0.0,0.0
-1.6466346,-3.6834283,-0.4101264,-1.9048995,-1.1692485,-2.0065546,-1.138575,-2.5537903,bg_rep01_7333,0,xgboost,7.105,21.821253,23.736,25.526823,22.250677,785.3253,0.119855724,39.681984
-2.078096,-2.0708036,-0.54147637,-4.252585,-2.21298,-1.3090936,-2.8571951,0.3468224,bg_rep03_8845,0,xgboost,12.099,24.903261,24.368,102.228004,24.867336,521.9109,-0.23574169,33.55253
-0.666001,-2.5029085,-1.3871344,-3.4997952,-1.3799802,-0.9256522,-0.6733852,-2.0194485,bg_rep04_464,0,xgboost,12.379666,25.02763,26.0,98.674126,21.850618,483.60712,0.38564208,34.42051
-0.99905586,-5.152062,-1.1630942,-4.2439384,-3.1767802,-1.4442828,-0.69936436,-1.714875,bg_rep01_4906,0,xgboost,11.701,22.137505,27.632,113.2003,35.83648,119.53231,0.30271122,25.214954
-1.9800593,-4.3703256,-3.2001429,-2.8248253,-0.5537143,-0.13767211,0.03741277,0.12151064,bg_rep03_831,0,xgboost,7.645,25.657806,30.156,57.351738,0.0,0.0,0.0,0.0
-1.6391609,-1.8241209,-0.72927606,-3.3853314,-1.7110974,-0.08929252,-1.2921466,-1.2209961,bg_rep04_7569,0,xgboost,12.739333,25.260416,25.84,99.97245,26.041004,490.719,-0.38425332,30.198397
-1.0297806,-2.090996,-1.5886607,-4.0445886,-2.654489,-2.1621795,-0.5191946,-1.7438996,bg_rep03_5137,0,xgboost,11.837334,24.626225,27.9,109.45212,24.122166,137.44597,0.7588686,38.574192
-3.468903,-4.6456084,-2.8712766,-2.450638,-0.74064964,-0.4091801,-0.15640458,-0.6197029,bg_rep01_517,0,xgboost,7.7599998,24.710228,31.828,50.236656,0.0,0.0,0.0,0.0
-1.6563677,-4.677676,-0.9952114,-4.2932086,-2.7833076,-1.1744754,-2.0129812,-1.2566137,bg_rep02_8205,0,xgboost,11.91,22.704742,27.692,116.78847,31.902197,171.25941,0.16291755,31.508808
-1.76571,-3.1629105,-0.5430549,-1.53614,-1.8734231,-1.957399,-1.9370775,-1.9296842,bg_rep04_31,0,xgboost,14.022,24.973286,25.816,74.518265,19.66134,433.3086,0.1729432,40.400105
-1.4332803,-2.4026008,-2.023706,-2.340669,-0.25705355,-0.22654821,-1.500251,-1.2158326,bg_rep02_3453,0,xgboost,12.113667,25.872847,20.124,61.90985,20.183893,770.2781,0.26605684,42.1175
-0.9883727,-2.097071,-1.6413815,-3.5902345,-0.3582583,-2.2536461,-2.1418266,-2.5292406,bg_rep05_7144,0,xgboost,10.8289995,27.840908,26.028,99.23317,26.816233,430.93524,0.23654287,35.103836
-1.414585,-5.0842814,-0.17017467,-4.3094134,-1.34785,-1.8497207,-1.8928872,-1.7793088,bg_rep02_1260,0,xgboost,11.859333,22.384548,27.488,117.82857,27.209896,154.21542,0.1548203,39.57013
-0.8979658,-3.4563918,-1.2695166,-1.3846678,-1.5359,-1.7952558,-1.0451252,-1.8059587,bg_rep01_8181,0,xgboost,8.683333,26.554535,26.6,85.3838,3.1979802,1.3382579,0.80038035,4.0441055
-3.6447356,-3.781101,-1.232815,-2.8323433,-2.7086806,-2.1560855,-2.119678,-1.5861506,bg_rep05_28,0,xgboost,6.5726666,23.79332,28.34,56.950096,32.440937,360.04303,0.13907091,34.516033
-1.6558625,-2.7655537,-2.725289,-1.8135651,-1.267791,-2.1296754,-3.0533578,-2.1523185,bg_rep05_4043,0,xgboost,11.870334,26.23626,21.284,55.5093,21.395048,370.03113,-0.2357892,43.211887
-0.70015156,-3.5279524,-2.1978958,-3.2151077,-1.8689609,-1.581722,-0.39328423,-0.88421065,bg_rep02_509,0,xgboost,10.549666,21.449387,25.592001,95.04845,27.147257,389.5653,0.3024314,32.18218
-1.6304384,-5.0356154,-1.5199715,-0.2651684,-1.5654825,-1.6837395,-2.219479,-0.22003809,bg_rep05_3059,0,xgboost,11.375333,22.919353,26.524,81.741104,28.878962,132.64696,-0.21768695,28.167793
-0.41419297,-2.853818,-1.7185112,-4.3472524,-1.1506034,-1.5572793,-2.5424278,-2.6978164,bg_rep01_9713,0,xgboost,10.862333,25.621128,26.808,104.04244,19.093773,230.55807,0.057042368,41.05937
-2.1858146,-4.416948,-2.175949,-0.82708335,-0.57872295,-2.6380165,-2.1282732,-1.2880635,bg_rep04_4230,0,xgboost,11.987667,20.684082,26.524,79.333244,27.890337,20.788557,0.5367527,32.02989
1.1470565,-2.0608623,-0.077973105,-3.0424037,-1.5524402,-0.31621858,-1.5382447,-1.6693997,bg_rep03_5489,0,xgboost,10.302667,27.35996,24.828,89.73378,25.722692,750.36176,-0.18868676,37.237164
-1.2966295,-3.8703709,-0.670562,-3.8782978,-1.9021057,-1.5968366,-2.8659515,-1.5060978,bg_rep01_7374,0,xgboost,11.330667,21.933153,28.364,121.0584,23.746504,141.96637,-0.17281193,53.799667
-3.2967153,-1.6354015,-1.2976024,-3.011457,-1.8207934,-1.6659197,-2.9563763,-1.7405978,bg_rep03_231,0,xgboost,14.172,25.77477,22.972,89.54372,19.234556,824.9026,-0.22247577,42.48983
-2.173061,-1.2809285,-1.695123,-2.3926206,-2.5433109,-0.79597247,-1.96942,-1.6753552,bg_rep01_4204,0,xgboost,12.819667,25.89204,25.46,96.14371,25.178358,710.43695,0.17796715,23.77635
-0.8577731,-3.7061772,-1.1736422,-3.311401,-2.4572759,-1.924893,-1.9574811,-1.4486725,bg_rep02_5191,0,xgboost,12.360333,24.312222,25.74,100.72264,25.216839,402.69363,0.5597331,29.682293
-1.1058418,-3.2106705,-1.609112,-5.2805653,-0.8781584,-0.97068805,-0.28679645,-0.67187005,bg_rep01_7529,0,xgboost,12.008,28.04297,27.86,103.38029,0.0,0.0,0.0,0.0
-1.6776874,-4.7393436,-2.0422773,-2.3640738,-0.753942,-1.6273544,-1.4251965,-1.5065447,bg_rep04_843,0,xgboost,11.085333,21.703604,26.32,97.05446,27.86568,197.22517,-0.09878644,29.653248
-1.5970308,-4.2750163,-0.8258655,-1.9265139,-0.7421555,-2.2085936,-0.953308,-3.2872095,bg_rep04_8699,0,xgboost,6.104,19.010838,22.268,25.26604,18.431213,538.4177,0.32181162,46.042522
-1.3625139,-3.6806293,-2.1911805,-4.513471,-1.5406643,-1.857473,-3.0122817,-1.4345168,bg_rep05_561,0,xgboost,12.398666,28.163425,22.14,103.56342,20.741386,1229.3053,-0.172457,32.467907
-0.44538623,-3.6716757,-2.0514219,-2.9117422,-1.0181926,-1.1659772,-0.079247124,-0.62957925,bg_rep04_8956,0,xgboost,10.618,29.755632,23.344,84.604935,0.0,0.0,0.0,0.0
-0.41721198,-3.837597,-1.1440237,-1.2092509,-1.4864625,-0.74797845,-0.84004956,-0.5375917,bg_rep02_2659,0,xgboost,6.5614586,20.345608,27.6,92.756386,12.28495,1.9597131,-0.021834772,30.614853
-0.7722013,-3.9719205,-1.3386719,-0.7392457,-0.33349738,-1.6180396,0.08050297,-2.2120748,bg_rep02_5504,0,xgboost,11.031333,30.57804,29.18,82.71353,26.89332,112.19724,0.6064618,38.08064
-0.15680614,-2.60822,-1.8089808,-4.066742,-1.0526923,-2.0776489,-3.0615613,-1.8171872,bg_rep02_5731,0,xgboost,10.032666,23.471521,26.312,107.70161,19.831827,349.1821,-0.2307632,41.590252
-3.1149187,-3.7004137,-1.8128415,-3.0664046,-1.9371127,-2.6686008,-0.40640327,-1.8007704,bg_rep04_8321,0,xgboost,14.533,31.72036,30.632,87.81562,21.46333,1281.8375,0.5780207,39.31189
-2.6434603,-3.651459,-3.1659484,-2.2448711,-0.7205252,-2.1834922,-1.9077044,-2.4365795,bg_rep03_5346,0,xgboost,8.544666,26.846382,31.132,62.113293,26.895811,125.83295,-0.16434714,30.232885
-5.2114058,-2.9167473,-1.6325517,-3.1113198,-1.0568932,-0.7110629,-0.020620273,-0.41575748,bg_rep03_3323,0,xgboost,14.796667,32.84353,29.568,84.631004,0.0,0.0,0.0,0.0
-3.088111,-3.558767,-0.9461526,-3.6499186,-1.5870761,-1.1539946,-3.1593819,-2.2241375,bg_rep05_1354,0,xgboost,12.5703335,23.499464,23.852,91.60672,21.636015,622.6655,-0.28033698,42.24864
-1.4370456,-6.1461625,-0.54817736,-0.3383262,-1.28739,-1.22725,-0.878637,-0.27085644,bg_rep02_807,0,xgboost,11.821667,22.137953,27.18,77.11641,29.384762,50.01828,-0.116701245,25.22975
-3.925587,-3.8579488,-1.7138282,-3.1149678,-0.8827214,-0.37342888,-0.2083329,-0.03846893,bg_rep03_5705,0,xgboost,7.347,25.492712,29.392,60.29454,0.0,0.0,0.0,0.0
-4.9452806,-3.3577228,-0.47620544,-4.466461,-1.0720234,-0.66526544,-0.13736847,-0.27565807,bg_rep04_3265,0,xgboost,14.7543335,31.558722,31.012,90.76039,0.0,0.0,0.0,0.0
-2.5925663,-3.6473892,-1.0140873,-5.5484614,-1.5651389,-0.17486994,-2.5522342,-0.88585144,bg_rep01_9572,0,xgboost,14.157,28.872982,24.996,121.63008,26.560446,651.55176,-0.5153564,32.510033
-1.3715041,-3.2957277,-1.4930223,-2.9588666,-1.1844752,-2.4982648,-2.4617867,-1.3071572,bg_rep02_3320,0,xgboost,11.427667,23.054525,25.88,97.471535,26.880058,364.8935,0.026808184,29.398035
-2.7615905,-2.8024607,-1.8352898,-4.760213,-2.2625604,-0.78340745,-2.749086,-2.1960142,bg_rep03_2674,0,xgboost,13.172667,27.81156,23.716,124.39978,25.314653,667.09265,-0.18059427,34.557014
-0.6982403,-4.6025796,-1.5037814,-3.0905774,-1.3101796,-1.0265108,-1.4235361,-1.0688995,bg_rep03_7278,0,xgboost,11.176333,30.337496,23.652,86.57902,20.663086,2031.6163,0.2595591,43.20963
-0.9890125,-3.053386,-1.3559419,-3.545069,-0.96627384,-1.5314823,-1.7390162,-1.9179894,bg_rep05_710,0,xgboost,12.241667,26.885853,25.524,96.464836,21.09855,315.26013,-0.3786841,33.9174
-1.9240637,-3.1400251,-1.0123615,-1.0462894,-1.4663122,-2.0762143,-0.9416633,-1.3043573,bg_rep02_4001,0,xgboost,8.649509,27.049608,28.4,76.58912,22.896408,107.33343,0.46280035,31.130442
-0.20007846,-2.2575605,-0.8966414,-4.2588797,-0.8112872,-0.6635416,-2.1083913,-1.8420416,bg_rep01_5316,0,xgboost,10.223333,26.97734,27.276001,100.19093,28.431,281.805,-0.11934714,34.210926
-0.95193344,-2.2080772,-2.661751,-0.60611326,-0.5894167,-1.8847373,-2.399145,-2.697022,bg_rep04_774,0,xgboost,11.019333,24.470007,21.844,64.81859,20.316109,526.7375,0.19969256,41.45764
-1.0946326,-3.535409,-2.8276887,-4.202424,-0.8257115,-0.9360396,-0.3745844,-0.23706579,bg_rep04_7531,0,xgboost,10.136,30.482376,13.34,94.409424,0.0,0.0,0.0,0.0
-0.58186424,-2.4373593,-0.56613535,-2.976834,-1.1083667,-1.7037992,-2.9747307,-2.3285239,bg_rep04_4976,0,xgboost,11.832334,25.879993,28.564001,108.43588,19.042356,80.03899,-0.6364477,49.460567
-3.8259485,-5.4793086,-1.4413784,-0.15079066,-0.79944795,-1.8446194,-2.6000748,-0.8795463,bg_rep05_8579,0,xgboost,12.897,22.079367,25.564001,79.62029,27.960693,90.920166,-0.5039448,27.46706
-1.7722723,-2.413499,-1.2038742,-4.016483,-1.0184033,-1.4763112,-2.9078443,-1.6315248,bg_rep01_4738,0,xgboost,12.106999,22.959494,27.788,117.302605,26.778599,162.37575,-0.7113877,45.64258
-1.5969534,-2.433787,-0.54766285,-4.993683,-1.9039502,-1.6713644,-2.6744204,-2.2657175,bg_rep02_4766,0,xgboost,13.333334,27.896338,27.548,128.97316,23.552036,338.97748,-0.517239,44.6934
-2.709985,-1.643383,-1.1989975,-2.8065135,0.20993684,0.6951277,-1.2448943,-0.11834227,bg_rep03_5290,0,xgboost,12.604333,25.926308,24.188,100.936905,18.916601,965.71606,0.2581063,30.830019
-0.50125885,-2.2566464,-0.9839009,-1.2829609,-1.5469055,-0.45269433,-2.9596934,-2.2656834,bg_rep04_7534,0,xgboost,9.636666,25.439985,22.588,83.158295,22.55841,656.8654,0.037977997,41.869843
-1.3691121,-6.2445636,-2.30229,-0.69888455,-0.58273077,-2.1467721,-1.1494465,-1.6000726,bg_rep03_4991,0,xgboost,10.905001,20.233414,26.452,85.19217,30.696058,44.404625,-0.18273269,28.753845
-0.53667897,-5.484935,-2.1840658,-0.8888471,-1.5426644,-2.098214,-0.33194363,-0.74303216,bg_rep04_9149,0,xgboost,10.7196665,19.93096,25.855999,85.56253,27.188393,61.41857,-0.025866374,31.858177
-1.610736,-2.461592,-2.294027,-2.546433,-1.5733268,-2.8410692,-2.5049016,-1.9636018,bg_rep05_7481,0,xgboost,9.537666,27.950026,20.48,52.606422,26.12414,1978.2988,0.07605212,38.557003
-0.84897184,-3.7944841,-1.8351074,-5.3565636,-2.0106432,-1.4322982,-1.758953,-1.9914788,bg_rep02_6398,0,xgboost,12.359,23.705309,25.412,106.151215,26.726595,228.2037,0.46797758,23.177488
-1.523048,-3.5946677,-1.8964026,-0.879399,-2.0143263,-2.4902196,-1.0379989,-0.7045159,bg_rep05_7412,0,xgboost,11.237,20.823141,26.892,78.078255,24.833033,35.93277,0.27951944,33.301025
-3.9045413,-2.8360696,-1.0568676,-0.9931709,-2.006392,-2.0626557,-2.8233924,-1.7112882,bg_rep02_7759,0,xgboost,13.878,24.828253,25.148,73.9948,20.39152,572.4199,-0.0702448,40.30975
-3.286603,-3.1498525,-1.102262,1.191821,-0.8711237,-2.0107608,-1.8466518,-1.475497,bg_rep04_7645,0,xgboost,13.984333,28.99389,24.108,65.05777,20.893295,427.37738,-0.30561107,40.175133
-3.8041117,-4.12127,-3.1157935,-3.2135384,-0.82470345,-0.3849196,-0.20524326,-0.0044147605,bg_rep04_1176,0,xgboost,7.5673337,25.400555,31.264,57.057278,0.0,0.0,0.0,0.0
-3.2603967,-4.2910957,-3.5670326,-2.9796145,-0.89576,-0.42409384,-0.19613327,-0.6790171,bg_rep04_1474,0,xgboost,7.039,24.816668,29.488,60.631573,0.0,0.0,0.0,0.0
-1.9582592,-3.8347204,-0.13248579,-2.1037674,-1.4236859,-0.31254202,-1.7632215,-2.1195395,bg_rep01_1925,0,xgboost,9.29,30.68437,27.492,51.687355,30.265623,717.22546,-0.11707624,35.09415
-2.4204857,-2.202298,-1.1598529,1.2361144,-1.2950047,-1.3675919,-1.1517215,-0.80849355,bg_rep03_6624,0,xgboost,12.674666,23.254562,26.892,72.07241,29.450037,83.01165,0.0024862234,24.170807
0.58671075,-2.3120458,0.7481731,-1.6635791,-1.0423926,-1.8580382,-1.102518,-1.6648114,bg_rep01_6040,0,xgboost,10.825999,28.765013,28.512,88.00375,28.658281,259.90396,0.653871,39.245342
-2.155039,-4.195178,-0.2872388,-4.5447874,-0.62728804,-1.6309505,-2.607537,-1.3393475,bg_rep03_6158,0,xgboost,11.992,22.859322,28.140001,118.734314,30.491459,137.00224,0.031084288,38.06628
-4.011952,-4.0306067,-3.1841114,-2.79829,-1.6626469,-2.1632721,-2.014896,-1.0760455,bg_rep02_1161,0,xgboost,7.234333,25.140162,31.608,63.45068,29.23452,573.0373,-0.1823952,25.75802
-1.742645,-1.7109826,-1.8853036,-3.2772434,-2.3038945,-1.2486272,0.15195079,-0.9670674,bg_rep05_3594,0,xgboost,12.579667,27.679253,20.924,91.41865,22.238047,1424.0244,0.35782552,43.677784
-0.78950584,-2.7775307,-0.798289,-3.8984656,-2.2980058,-2.198139,-2.8219304,-2.183672,bg_rep01_3915,0,xgboost,11.521,25.287533,28.232,104.250656,24.005611,38.982433,-0.6103393,46.021538
-1.7215537,-4.6544333,-1.4535253,-4.0565453,-2.1825225,-2.004338,-0.032007024,-1.3595144,bg_rep01_4205,0,xgboost,11.9383335,22.729292,25.831999,108.24616,27.358906,309.4668,0.33502555,29.456213
-1.2761325,-2.9764862,-1.0946313,-2.1273243,-1.0306721,-1.3840013,-2.4604578,-3.2493255,bg_rep02_9977,0,xgboost,8.857667,23.929293,22.7,38.30887,20.145596,216.6967,-0.0681187,46.167244
-0.6856525,-4.0898967,-1.925007,0.17943999,-2.0751708,-1.5828577,-1.9449667,-2.6205988,bg_rep05_3489,0,xgboost,10.605333,21.452654,25.584,80.16025,28.297417,311.35013,-0.5154139,30.013403
-2.660417,-3.3416557,-3.8290455,-0.7781433,-1.9991031,-1.3546314,-2.2981606,-1.580611,bg_rep02_7034,0,xgboost,8.253,27.226841,30.3,64.70001,24.217388,627.42303,-0.18446112,32.86624
-1.0031074,-2.520696,-1.8669053,-1.9983414,-0.93948334,-1.0492878,-1.8443888,-2.388876,bg_rep02_5241,0,xgboost,9.576333,23.503666,21.56,58.884724,22.582872,295.76855,-0.33534297,42.512516
-4.058551,-3.2326765,-2.3051875,-2.1571114,-0.8579541,-1.66214,0.7287238,-1.0488238,bg_rep05_1530,0,xgboost,14.720333,32.475143,30.428,94.43035,18.166246,1422.532,0.75000775,45.36791
0.18646684,-3.8941805,-0.9769136,-1.4998108,0.98139894,-2.155571,-0.45222518,-2.3742154,bg_rep02_8050,0,xgboost,10.745334,29.80179,28.016,85.00022,27.881989,330.3815,-0.017820243,36.01603
-1.4374126,-2.8036957,-1.7285581,-4.2759953,-1.8985064,-1.5906549,-1.7883303,-1.5303985,bg_rep03_7843,0,xgboost,11.998,23.577267,28.988,117.39079,22.235477,133.38438,-0.043983087,55.148346
-3.0933514,-3.851217,-1.9002323,-3.0381982,-1.2694149,-1.8986027,-1.5945472,-1.6323204,bg_rep02_3005,0,xgboost,12.952666,28.454891,21.312,100.30585,20.553995,1454.0123,0.14666061,33.927643
-3.6090777,-3.931533,-2.6968927,-2.200963,-0.8878361,-0.32774097,-0.16413622,-0.06539974,bg_rep05_2962,0,xgboost,7.305,25.364584,29.288,61.05134,0.0,0.0,0.0,0.0
-1.2242433,-2.3466809,-0.13381104,-3.752433,-1.8000975,-1.5152853,-2.6619985,-1.871821,bg_rep05_3250,0,xgboost,11.834,22.97507,28.552,122.421364,22.091976,139.17079,0.07746184,53.155148
-1.1115954,-3.1654725,-1.1485302,-5.2546673,-1.6561172,-1.9584371,-2.270268,-1.214631,bg_rep05_6396,0,xgboost,12.275333,23.292852,26.6,109.60887,26.569294,194.82884,-0.25332105,25.776386
-3.7946944,-2.2167165,-1.1137506,-0.6478605,-1.6443383,-1.2601506,-2.6789372,-2.1134439,bg_rep05_1947,0,xgboost,14.482333,28.184519,22.960001,69.34611,20.45267,957.08844,-0.3401867,42.719387
-3.0594828,-2.3675416,-0.60684013,-5.4467273,0.2008397,-0.9822204,-0.8241895,-1.1259639,bg_rep01_5582,0,xgboost,13.473001,27.143606,26.672,126.1771,27.844088,345.3359,-0.3158708,26.18206
-0.8391689,-3.8282182,-1.7238799,-5.2232814,-1.7627664,-2.114959,-1.6924472,-0.5648294,bg_rep05_4431,0,xgboost,12.349334,23.699497,26.508,107.27573,27.729305,369.56277,0.5766314,27.64511
-0.7808821,-3.3360724,-1.480953,-5.1342397,-0.7667537,-0.9540581,-2.2235315,-0.71914256,bg_rep03_6383,0,xgboost,11.656667,24.060162,27.779999,107.979805,26.121378,163.749,0.024283567,33.324524
-4.991446,-3.1627758,-0.9441692,-2.7863066,-1.0616121,-0.7431352,-0.040092412,-0.39098442,bg_rep04_8870,0,xgboost,14.581333,31.690283,30.907999,85.7737,0.0,0.0,0.0,0.0
-3.2259727,-3.0729442,-3.3741097,-2.5309517,-0.5673345,-1.1661386,-2.1500862,-1.549797,bg_rep01_8370,0,xgboost,7.2506666,23.531958,31.303999,50.762455,23.096964,32.09698,0.04189329,39.381256
-1.2836294,-4.39914,-0.9035817,-3.8682413,-2.3249867,-1.5087358,-2.3586082,-1.9871436,bg_rep03_7006,0,xgboost,11.407001,21.931477,27.728,118.615486,29.107483,145.88377,0.021667868,41.19973
-1.545335,-2.0207665,-0.8051587,0.31866288,-1.3879989,-1.2914358,-1.2019182,-2.2803242,bg_rep03_5604,0,xgboost,12.242667,23.095886,25.104,72.95114,24.747225,218.36668,-0.3474433,38.15617
-1.1079812,-4.324838,-2.0343826,-4.228711,-2.2479825,-1.6375674,-1.3038895,-1.3317997,bg_rep05_9276,0,xgboost,11.295,22.801598,26.476,109.699844,24.978603,209.65991,0.11705948,29.658228
-1.3285508,-2.8471642,-0.114909574,-1.5737327,-0.99380577,-0.9900856,-1.5810359,-2.300387,bg_rep05_1068,0,xgboost,5.344565,17.919096,23.63913,25.647926,22.38988,285.6226,-0.73450696,35.456738
-4.009566,-3.4331555,-1.8672514,-4.9281473,-1.4842453,0.6152837,-1.7338576,-0.35208204,bg_rep01_4767,0,xgboost,13.893333,28.52372,23.816,124.08987,27.309124,704.1265,0.018540135,30.702839
-2.819152,-2.9244733,-3.529288,-1.8217052,-1.2357383,-1.8217068,-2.9699006,-0.9955421,bg_rep01_505,0,xgboost,8.221,27.605774,30.1,39.958035,14.797289,26.65334,-0.28513363,31.355148
-1.2930254,7.9450784,-1.1597571,-0.71637714,0.4009153,0.61340386,0.24501568,1.3124292,presence_148,1,xgboost,7.2079997,44.373306,23.508,54.63974,0.0,0.0,0.0,0.0
-0.031287845,-1.0557697,0.17880265,2.8352466,0.45979577,0.9253352,0.26236692,1.6816643,presence_9,1,xgboost,6.819444,29.898914,17.508333,23.468271,0.0,0.0,0.0,0.0
-3.9109142,-2.2676427,-0.91236943,-2.9370716,-2.0601022,-3.1129165,-1.3067639,0.25443414,bg_rep02_8542,0,xgboost,7.944333,27.135992,25.796,62.358456,29.334723,1414.6656,-0.13287115,28.567125
-3.0921478,-1.9812185,-2.9213672,-4.6748533,-0.7476593,-1.0776184,-0.35793367,-0.4223012,bg_rep03_6361,0,xgboost,13.195666,33.379707,22.644001,89.87077,0.0,0.0,0.0,0.0
-2.2460961,-2.6855283,-3.8835309,-2.507774,-1.7797849,-0.5041758,-2.644889,-1.5177591,bg_rep03_1373,0,xgboost,8.442333,27.789116,30.624,63.93947,26.622753,733.6954,-0.6852401,28.01057
-1.0323285,-3.6590827,-1.8790833,-2.9739234,-2.277427,-1.3798062,-2.1043017,-1.4613513,bg_rep05_832,0,xgboost,11.685333,22.953825,26.096,100.15883,27.224216,231.72351,0.17628466,29.215506
-3.7659855,-3.0676403,-4.066063,-0.45806828,-1.7511576,-1.6674331,-0.80020887,-0.798596,bg_rep05_5589,0,xgboost,8.103333,26.67325,31.852,68.256355,26.741936,530.6173,0.2907622,28.434336
-1.6918364,-1.889798,-1.6398487,-2.0503724,-2.1875908,-0.7527712,-1.270762,-2.342983,bg_rep01_4482,0,xgboost,7.623,23.229523,27.26,94.741646,18.263744,74.67995,0.296469,49.047504
-1.0671115,-2.359658,-1.0173346,-4.7330165,-0.51371044,-1.4935005,-2.032298,-1.4482712,bg_rep01_7478,0,xgboost,11.493333,25.077093,27.976,103.66091,28.607225,33.547512,0.09926627,38.98463
-0.7204398,-2.181648,-0.26947004,-1.053761,-0.78374094,-2.7226822,-0.9193977,-1.862686,bg_rep02_3162,0,xgboost,9.197667,24.907026,24.792,78.19144,27.437805,107.08297,-0.3762775,37.123978
-2.1415823,-2.1195073,-0.73210716,-3.8308966,-2.470572,-1.3710488,-2.539138,0.48807296,bg_rep05_7219,0,xgboost,12.141,24.96915,24.488,101.750496,24.852978,486.34433,0.07287336,33.442963
-3.6359804,-1.2864718,-1.4947962,-1.7086576,-1.1709226,-1.2538928,-2.2512162,-2.3578582,bg_rep04_6450,0,xgboost,13.829667,24.78968,26.368,75.20004,20.270239,326.16217,0.1915323,36.35133
-0.69162834,-1.6786052,-1.6503528,-2.4585333,-0.71970767,-1.560984,-2.8750324,-1.9729074,bg_rep01_3253,0,xgboost,11.781333,25.358013,26.464,102.16062,18.62627,377.83963,-0.070429526,34.421307
-3.3776438,-2.6593611,-1.3974168,-4.3316064,-1.5451082,-1.393661,-2.8602843,-2.4311056,bg_rep05_5939,0,xgboost,13.854,28.188328,26.916,123.76153,19.06524,532.6102,-0.1899161,49.279236
-2.1420662,-3.2391376,-0.8027908,-1.491407,-2.0166767,-2.8915737,-2.1384525,-1.6192616,bg_rep05_355,0,xgboost,8.34,28.271185,24.36,64.602806,28.509981,1735.2617,-0.27362648,28.764261
-2.3168657,-3.223328,0.17068234,-0.07032996,-1.2461226,-0.8050073,-1.9979383,-2.8925283,bg_rep04_2689,0,xgboost,7.4066668,22.488058,23.368,68.89325,24.494137,277.2563,0.15837067,37.306026
0.68827474,-2.6334567,1.4514109,2.6943939,0.39376402,0.5021981,-0.016517075,1.130588,presence_11,1,xgboost,-3.4e+38,-3.4e+38,-3.4e+38,-3.4e+38,0.0,0.0,0.0,0.0
0.5453903,-2.6159532,-1.5633574,-5.0148773,-2.3323045,-1.4439878,-2.0460029,-2.0332816,bg_rep05_9193,0,xgboost,10.445667,26.584717,25.888,108.87043,25.092966,467.35294,0.26668566,34.21051
-1.3822848,-5.1511455,-2.1009846,-3.7044551,-1.2917244,-1.0874395,-2.3112378,-0.84466976,bg_rep01_4758,0,xgboost,11.222667,22.354128,26.056,100.211914,26.173033,168.81418,0.20400648,31.88249
-1.6481924,-3.1326735,-1.7217486,-3.111738,-1.9797647,-1.7916677,-0.3675897,-1.0996827,bg_rep04_3200,0,xgboost,12.537,26.908052,23.324,94.52565,22.843878,1000.69653,0.3261979,31.273026
-1.1703544,-3.263542,-1.1917082,-1.8962467,-1.4666785,-1.4569918,1.2931819,-1.6212653,bg_rep03_9941,0,xgboost,8.029167,24.173315,25.465,29.636057,18.811022,27.581234,0.6788291,41.82649
-3.6422877,-4.351647,-3.2199483,-2.1391342,-0.6256874,-0.33826658,-0.07773972,-0.027047584,bg_rep05_4324,0,xgboost,7.376333,25.637194,29.928,60.937122,0.0,0.0,0.0,0.0
-3.390045,-3.376262,-1.8017753,-2.2889242,-1.5703562,-0.74574107,-1.8232921,-2.2781458,bg_rep03_6211,0,xgboost,7.2227273,24.5747,28.6,62.972187,25.816732,21.477676,-0.16246936,24.115326
-1.6591793,-3.627185,-2.958194,-4.093277,-0.6947358,-1.4765824,-0.53508615,-0.17288996,bg_rep02_5097,0,xgboost,12.284333,31.818104,22.764,96.08463,0.0,0.0,0.0,0.0
-0.9091811,7.610415,-1.5211111,0.052231647,0.3618112,0.69444364,0.3464356,1.2730983,presence_245,1,xgboost,9.051333,46.9955,25.708,31.322388,0.0,0.0,0.0,0.0
-4.9959807,-3.313028,-0.41867492,-4.5401626,-1.0539306,-0.648346,-0.112623006,-0.27825674,bg_rep03_8911,0,xgboost,14.967,32.779236,30.66,89.40329,0.0,0.0,0.0,0.0
-3.5703957,-3.7414312,-2.9081268,-2.5456002,-0.5116999,-0.27066934,0.037730657,0.18232878,bg_rep02_1062,0,xgboost,7.791667,26.167606,31.628,57.075283,0.0,0.0,0.0,0.0
-2.1673565,6.527131,-1.8072809,2.5208406,0.58701515,0.32564354,0.27726334,1.2550391,presence_224,1,xgboost,12.746667,49.05583,23.924,21.307339,0.0,0.0,0.0,0.0
-3.0620065,-3.0909169,-1.0786507,-2.6167576,-0.9326104,-0.7906721,0.07073823,-0.36165503,bg_rep04_9082,0,xgboost,14.276,30.460016,30.776,85.11356,0.0,0.0,0.0,0.0
-0.2866818,-3.37013,-0.7288786,-5.5432277,-2.3647308,-1.67543,-0.900593,-0.7895808,bg_rep01_228,0,xgboost,10.135333,26.186785,24.412,105.239815,24.525288,595.3113,0.32215017,33.83274
-0.8229311,-3.6007102,-1.7545367,-4.0021653,-1.1779083,-2.1433544,-1.7190292,-2.820495,bg_rep04_7289,0,xgboost,9.796,23.781317,26.248,105.98458,18.680267,358.24866,-0.010806898,43.72026
-1.1477351,-5.345372,-0.9712158,-2.097917,-1.6174273,-0.9827392,-1.3866841,-2.362089,bg_rep03_700,0,xgboost,11.384,22.065437,27.376,95.15727,27.731825,72.39065,0.81112814,26.714296
-3.70388,-2.658874,-0.7835621,-3.5662823,-0.5954302,-1.3498342,-1.9282275,-2.003486,bg_rep01_9644,0,xgboost,12.977667,24.482468,22.512,90.25945,21.067791,826.8203,0.1418233,44.530014
1.3277401,-0.7028908,1.0102638,0.37930933,0.36907458,-0.35709885,0.4175368,1.6108301,presence_91,1,xgboost,9.281667,22.135044,23.352,82.51253,21.734459,299.46887,0.3351558,33.39412
-0.98268265,-3.392562,-1.6219188,-5.7418814,-1.6090391,-0.47508305,-1.8185754,0.55330265,bg_rep04_361,0,xgboost,12.345,23.343544,26.252,105.05062,25.88051,248.36632,-0.087047204,28.156122
-1.0906047,-2.4397838,-1.9486736,-3.7761867,-1.210761,-1.436002,-2.7966745,-2.580584,bg_rep05_5449,0,xgboost,12.505667,26.036114,29.108,107.63662,19.391298,269.7004,-0.1494366,48.460144
-2.2876399,-5.127112,-1.323423,-3.0506139,-0.99741167,-1.9660269,-1.6790998,-3.089075,bg_rep01_2398,0,xgboost,12.009334,22.422205,24.364,93.10677,20.225348,578.5114,-6.951946e-05,39.597717
0.31850404,-2.42538,-1.4348544,-3.1833146,-1.8542213,-1.578483,-2.0778325,-1.6317525,bg_rep04_6291,0,xgboost,10.213,25.981987,28.088001,98.689285,23.546764,30.980726,-0.07307845,34.620327
-1.3168607,-4.289647,-0.8574573,-4.4422317,-0.94013816,-1.5694084,-2.3391435,-1.7888674,bg_rep04_6804,0,xgboost,11.4523325,21.78575,27.672,120.314255,30.77009,148.99773,0.21778376,39.569767
-2.0864305,-3.5824769,-1.2748569,-2.6432035,-0.6916978,-1.0876044,-2.064456,-2.1948586,bg_rep02_1501,0,xgboost,8.220667,22.658949,23.408,34.86415,26.09802,254.11407,0.17059478,39.558643
-0.6410445,-4.651162,-1.236691,-3.0897663,-0.20636739,-1.4616362,-0.34509528,-1.9378566,bg_rep04_9741,0,xgboost,11.554,22.16127,28.768,109.09807,13.358472,124.0246,0.6557428,10.026745
-0.78164685,-2.799192,-1.3903692,-3.288987,-2.361012,-1.9024497,-3.125574,-1.9432416,bg_rep02_7620,0,xgboost,10.988,26.745205,28.084,100.474266,24.34479,38.998882,-0.23180005,32.988323
-1.5469662,-4.755191,-0.842675,-4.325741,-1.785644,-1.1001117,-2.628681,-0.93865746,bg_rep05_9407,0,xgboost,11.849334,22.69118,27.396,115.275246,31.395815,163.3869,-0.5758578,28.232767
-3.616342,-5.4862905,-2.9597027,-2.421878,-0.7859056,-0.1655783,-0.28535187,-0.32440275,bg_rep05_8679,0,xgboost,7.458,23.854914,32.756,46.781418,0.0,0.0,0.0,0.0
-2.8849392,-4.6438675,-1.4670482,-0.6426264,-1.3487494,-1.7473326,-1.1236117,-1.4055885,bg_rep01_563,0,xgboost,12.577,22.872263,26.8,74.18041,28.156994,79.22653,0.7687905,32.843987
-1.4520688,-3.0490963,-0.38945186,-4.345766,-2.2217844,-1.8522035,-3.1085467,-1.8630221,bg_rep02_58,0,xgboost,11.903334,26.374489,28.411999,106.6675,22.578207,42.16028,-0.74822,45.150967
0.044094577,-1.1527747,0.31362686,1.6315382,0.18050674,-0.4147217,1.6566317,1.2492698,presence_115,1,xgboost,13.390333,25.940205,25.772,69.50265,20.911776,384.16568,0.33823803,32.55881
-2.9644186,-3.0265326,-2.8837154,-3.035131,-2.3843307,-1.0401192,-2.309001,-1.6931623,bg_rep04_1122,0,xgboost,7.870333,26.189049,28.908,56.827255,24.144508,753.8856,-0.8189772,34.65084
-0.6686216,-4.9648557,-1.5454093,-2.736083,-2.448529,-1.4170465,-2.340536,-1.7430512,bg_rep05_6866,0,xgboost,10.655,20.361948,26.9,88.82002,29.891975,55.366768,0.19831115,26.149864
-3.3040943,-2.9528613,-1.2309602,-3.553194,-1.9071876,-1.4000485,0.5742898,-1.4242855,bg_rep02_8885,0,xgboost,15.3220005,26.319225,25.012001,90.3181,22.220638,522.6643,0.6757,43.017742
-1.6774007,-3.8263495,-1.3847616,-0.6269345,-1.753281,-0.67307615,-0.8294611,-1.6948899,bg_rep03_6720,0,xgboost,9.864333,28.802656,25.532,64.72187,25.940765,691.69855,-0.024538096,38.416332
-3.7522492,-4.119843,-2.8532104,-2.3916335,-0.58169454,-0.33681393,-0.21157378,0.030043216,bg_rep03_90,0,xgboost,7.4506664,25.512486,31.428,61.47712,0.0,0.0,0.0,0.0
-2.9377904,-2.620739,-0.6165037,-4.4442377,-1.3257751,-1.3932637,-2.817073,-2.1244044,bg_rep04_5304,0,xgboost,12.929,24.957533,27.435999,122.84735,26.041628,173.69235,-0.20144682,42.125057
0.3507135,-3.0912504,-1.2867475,-3.6093597,-1.6670606,-1.0820749,-2.112152,-1.4435099,bg_rep01_7708,0,xgboost,10.367333,27.337132,27.74,101.26409,26.011595,89.29673,0.22490431,34.601162
-3.1571329,-2.5400894,-1.4031143,-0.41571102,-1.7606105,-3.544472,-0.8460192,-1.6411831,bg_rep03_124,0,xgboost,8.207334,27.15502,28.444,66.30528,26.329384,1049.3126,-0.028279316,27.612856
-1.4149046,-2.0163043,-3.054821,-1.0372084,-0.7630409,-1.7073764,-3.2746482,-0.6451801,bg_rep05_8536,0,xgboost,9.612,31.346205,30.316,44.220665,23.2373,144.78346,-0.89786965,25.282988
-1.2269212,-3.1858354,-0.6464356,-4.3342624,-1.8558944,-1.5262802,-0.7254608,-2.552534,bg_rep05_9940,0,xgboost,12.502,24.376074,27.512,124.60677,22.412424,183.84082,0.31565908,41.433937
-1.002964,-1.8686478,-0.77877164,-3.7930632,-1.5805296,-1.813162,-2.0898416,-2.0173929,bg_rep03_9072,0,xgboost,11.834,23.3892,28.592001,117.08777,21.633776,136.6279,-0.44771278,52.90038
-1.1135352,-5.0607257,-1.001447,-2.5541608,-1.9249146,-1.0256648,-0.8239968,-2.657356,bg_rep03_8512,0,xgboost,10.931666,21.438004,27.528,91.93748,28.480774,62.48162,0.6061242,26.828556
-1.1149306,-4.58528,-0.3159029,-1.5693836,-0.5090088,-0.79756826,-2.0604799,-2.800564,bg_rep03_9154,0,xgboost,9.956,29.543026,29.436,74.91785,28.155293,41.291138,0.0821573,36.78734
-1.8319777,-2.9822178,-2.9626627,-2.5567307,-0.66046375,-0.10323134,-1.242973,-2.6504622,bg_rep01_5100,0,xgboost,12.090667,24.761747,21.304,60.677956,21.040405,729.73096,-0.007818705,40.839687
-2.524833,-3.6858807,-1.9020357,-0.15272379,-0.84753823,-2.6273303,-2.3305717,-1.7691813,bg_rep03_9721,0,xgboost,13.312,25.179693,21.832,70.17779,20.072214,1012.09595,0.043163747,41.83442
-0.34130615,-3.1353164,-1.0276451,-1.2506036,-2.5423708,-0.76537347,-2.620923,-2.4237263,bg_rep05_6489,0,xgboost,7.114855,21.73196,27.52174,92.62396,15.879368,13.72252,-0.26686528,43.80636
-1.341912,-5.980325,-1.2729976,-0.5824646,-1.2139268,-1.8259995,-2.5925486,-0.8083338,bg_rep04_5993,0,xgboost,11.785666,22.101994,26.8,74.57275,30.652319,50.82877,0.21920836,22.326508
-3.563082,-4.7012396,-3.5226116,-2.905123,-0.8937343,-0.3662542,-0.11167402,-0.35088843,bg_rep05_6330,0,xgboost,7.2676663,25.105936,30.372,59.759125,0.0,0.0,0.0,0.0
-1.0261755,-5.8837304,-1.5729184,0.22763528,-2.5131073,-2.057384,-1.7507402,-1.3643721,bg_rep02_7403,0,xgboost,11.5703335,22.545465,26.596,72.55895,31.091057,99.473564,0.64661634,25.125862
-2.1676383,-3.5209105,-1.2554916,-2.1190698,-1.2396929,-2.0241401,-2.7549124,-1.741496,bg_rep03_7032,0,xgboost,13.294666,30.9668,29.368,96.77866,16.18533,1516.631,-0.15646474,47.80554
-1.3032206,-4.361357,-1.6595185,-4.0642476,-2.6563895,-1.2260336,-0.45712167,-1.3667487,bg_rep05_8605,0,xgboost,11.252666,21.347448,27.16,118.5597,32.420246,164.79028,-0.04116482,29.913242
-1.3511443,-2.6735926,-0.87980133,-4.189572,-1.2654519,-1.7687662,-3.8115113,-1.942778,bg_rep02_8384,0,xgboost,12.13,26.565922,28.464,112.60303,20.220388,161.1344,-0.27935874,52.791996
-1.4832163,-3.6471705,-2.2312772,-2.4463701,-1.8314354,-1.768288,-2.9820397,-1.2327086,bg_rep05_6440,0,xgboost,9.5703335,30.133291,32.18,49.761406,25.619387,44.26501,-0.5243415,34.835735
-1.3115473,-1.6955974,-0.64612895,-4.7782097,-1.3645564,0.05322595,-0.2804842,-1.9800133,bg_rep03_2942,0,xgboost,12.272333,24.444933,24.744,103.21998,21.947756,685.78876,0.44330204,35.46046
-3.2434244,-3.0390522,-1.4265119,-3.1940348,-1.0370446,-1.4431341,-2.0313761,-1.152224,bg_rep03_1645,0,xgboost,7.0283337,25.613459,27.62,56.73624,28.366886,327.6559,-0.8200756,32.27565
0.4693335,7.4526963,-0.3621423,-2.0756595,-0.14612092,0.24588981,0.49124375,0.9947512,presence_27,1,xgboost,10.465,48.565994,31.056,84.10928,0.0,0.0,0.0,0.0
-2.596803,-2.1792896,-1.0747476,-2.2036378,-1.5009522,-0.7441229,-0.39793104,-2.4466445,bg_rep01_926,0,xgboost,12.8810005,26.110842,26.656,99.830925,21.59875,542.2277,0.3677199,35.825893
-2.7690797,-2.0040078,0.18150762,-4.504949,-0.9953583,-1.3540539,-0.4379655,-1.3383679,bg_rep02_1095,0,xgboost,13.057333,26.57819,28.388,126.4643,27.49159,223.21764,0.47860903,49.237686
-2.5039213,-2.9909935,-0.5413693,-3.9313438,-0.70384294,-1.2339661,-1.786677,-2.2959251,bg_rep05_9749,0,xgboost,12.684334,26.478653,28.368,123.067665,20.010918,294.6143,-0.012904864,49.0671
-2.3935962,-3.958885,-2.275824,-2.5206947,-1.0173893,-1.9418328,-2.8519535,-1.4922832,bg_rep05_2616,0,xgboost,13.223333,30.717648,29.724,97.29739,16.07317,1159.8422,-0.3655795,47.50832
-1.6579702,-3.262569,-0.42442295,-3.4696202,-1.389053,-1.9836304,-3.1189914,-2.4841564,bg_rep01_4574,0,xgboost,12.041667,25.172813,28.512,110.41855,19.302696,91.10657,-0.0964987,42.869385
-2.8553421,-2.380693,-3.3402326,-1.9253693,-1.776621,-2.5547056,-0.7714078,-2.3544104,bg_rep04_4476,0,xgboost,8.041333,25.773504,30.196,60.892918,23.69715,339.77872,0.34575212,38.207825
-2.1975243,-3.2961164,-1.1249486,-4.074395,-1.1349041,-1.2414504,-0.120062,-0.0774455,bg_rep02_9158,0,xgboost,12.574,31.191704,27.16,93.1975,0.0,0.0,0.0,0.0
-5.305213,-3.1973472,-1.4077643,-4.1563993,-1.1294892,-0.7504994,-0.17448318,-0.44741338,bg_rep01_7777,0,xgboost,14.770333,33.12031,29.796,92.47726,0.0,0.0,0.0,0.0
-2.4658601,-3.097754,-1.9156668,-3.1721933,-0.6675326,-1.446993,-2.7226124,-2.1811845,bg_rep03_4244,0,xgboost,12.76,25.72788,29.596,120.09347,17.322218,166.67601,0.062866524,60.14345
-0.49196422,6.8441563,-1.16296,1.6342924,0.5161749,0.94336754,0.36425346,1.4961697,presence_181,1,xgboost,8.645666,42.970512,22.688,23.897964,0.0,0.0,0.0,0.0
0.30222914,-4.5945654,-1.7386562,-1.9747492,-2.4531999,-3.0990677,-1.293697,-2.8141842,bg_rep01_2941,0,xgboost,10.46,30.714117,24.16,58.884907,29.008377,1457.827,0.36127713,37.154762
-2.631988,-3.4745493,-1.6379783,-4.4572964,-1.3996437,-0.77546537,-1.245857,-2.0723748,bg_rep04_1344,0,xgboost,14.270333,28.752283,25.54,121.7865,20.630037,752.17865,-0.47658527,46.599815
0.1110383,-2.9747455,-0.014897883,-1.31703,-0.90625226,-1.4374584,-0.7149413,-1.4669981,bg_rep01_1847,0,xgboost,10.723001,30.400887,28.244,51.559322,27.137886,797.7475,0.40855074,33.08761
-2.266913,-4.853588,-0.5581068,-0.64596915,-0.35900998,-0.8187959,-2.1900444,-2.313929,bg_rep01_180,0,xgboost,11.865333,22.499493,24.644,73.817215,23.09,277.52783,-0.17634992,40.190926
-4.6616054,-1.4268506,-3.0206597,-4.64839,-0.35999063,-1.1030138,-0.44387057,-0.24281383,bg_rep01_575,0,xgboost,13.611667,35.03827,22.76,97.90424,0.0,0.0,0.0,0.0
0.045539737,-4.346149,-0.6236654,-0.34085327,-1.3699673,-1.8445457,-2.1645021,-2.1034384,bg_rep02_7453,0,xgboost,10.715,29.59945,28.42,80.75885,26.740246,345.8478,-0.3896554,34.01973
-0.95593786,-3.2631724,-2.0094893,-0.98989964,-1.6120001,-2.0761368,-1.5450298,-2.2436788,bg_rep05_206,0,xgboost,12.374,24.369781,26.376,74.69878,28.08772,79.76554,0.8276159,28.77608
-1.7595947,-4.9970098,-1.4723908,-4.8734446,-2.160923,-1.7143378,-2.2208905,-1.2148066,bg_rep03_298,0,xgboost,11.980666,22.711304,26.96,110.28809,31.165545,148.12198,0.23218976,26.171625
-1.393872,-5.0039787,-1.3985908,-2.2802022,-1.5725465,-1.5151974,-2.1876228,-0.81303895,bg_rep05_1160,0,xgboost,11.486333,21.802319,27.128,94.6218,27.456131,62.162655,0.21029103,30.815884
-1.2670932,-3.3254516,-1.1679208,-4.5936127,-1.7656165,-1.8269497,0.123617105,-1.6337861,bg_rep04_8221,0,xgboost,12.511333,24.367664,27.352,122.05625,22.975853,185.57191,0.7418265,43.329407
-1.7021328,-1.2084303,-3.4165802,-3.7284038,-0.31939197,-1.2993987,-0.39669615,0.33382055,bg_rep05_5753,0,xgboost,12.494667,34.488976,13.944,94.98361,0.0,0.0,0.0,0.0
-0.5864206,-2.7435594,-1.3759879,-4.3621826,-1.6919186,-1.5439072,-1.0619687,-1.1488929,bg_rep03_7738,0,xgboost,11.572667,23.563828,27.824,113.09026,26.460262,152.19933,0.534024,34.4992
-2.7358534,-3.966843,-1.1867436,-3.896773,-1.3513919,-1.4560156,-0.75785565,-2.4803617,bg_rep03_6047,0,xgboost,14.234333,24.170233,25.66,91.48137,21.595665,496.78714,0.35189977,43.784546
-2.5463755,-3.0732977,-2.0630686,-1.61735,-1.6173335,-1.9408377,-1.743933,-1.8682964,bg_rep01_8611,0,xgboost,8.557333,27.235308,27.772,47.66114,22.826237,357.95486,-0.32034764,40.813408
-2.0049999,-4.863255,-1.5108148,0.5124567,-1.9503531,-1.799647,-0.7619536,-0.71314996,bg_rep04_7879,0,xgboost,12.32,21.896772,25.492,72.48464,28.870771,74.9143,-0.44186047,31.891485
-3.4034274,-3.0040934,-2.3448837,-2.542978,-2.6802638,-2.396935,-2.7105052,-2.3484054,bg_rep02_2890,0,xgboost,13.127333,26.891457,21.232,95.76333,22.993034,1435.4796,-0.3082691,36.19682
-3.1569188,-3.2287955,-1.4488583,-4.3205466,-0.6846799,-0.7924653,-0.3225447,-0.61121315,bg_rep01_9832,0,xgboost,12.948667,31.26187,28.076,100.32893,0.0,0.0,0.0,0.0
-1.4994649,-2.8860538,-1.505236,-3.471246,-1.0719304,-2.1159277,0.58388513,-2.018068,bg_rep05_4355,0,xgboost,12.404667,24.374493,26.768,98.32516,21.25028,364.56592,0.58913374,35.11081
-3.1780467,-2.9204721,-1.1093674,-0.52628404,-2.5183785,-2.2965086,-1.7431529,-2.482537,bg_rep05_82,0,xgboost,14.476,25.666666,25.188,72.34883,19.24489,583.3585,0.096555725,39.59955
-2.8109486,-3.1953247,-1.6991607,-3.4238648,-2.6459696,-1.8914578,-3.0210404,-1.8171088,bg_rep05_2517,0,xgboost,12.650333,27.310736,22.764,100.93032,21.834946,1196.4067,-0.16062658,33.907578
-0.58030194,-3.0920477,-1.0759872,-3.5773053,-0.5605142,-1.4068333,-1.9275085,-1.1817791,bg_rep01_6105,0,xgboost,12.346,24.595585,26.572,99.328445,27.856256,346.99304,0.040610287,25.812267
-1.4578125,-3.192227,-1.792087,-3.6164126,-0.91114306,-1.6972404,-1.8563174,-1.8563579,bg_rep04_5619,0,xgboost,12.130667,23.941475,28.916,120.86748,18.882103,140.15674,-0.03685766,59.27788
-2.3510325,-2.8418438,-1.8769583,-3.4277203,-0.44411546,-1.7058314,-0.8211269,-1.7098783,bg_rep03_7164,0,xgboost,12.773,26.04396,29.624,118.25765,17.614288,183.59772,0.41025266,56.417076
-1.4976466,-5.9705935,-1.8224583,-2.4675007,-1.9146063,-0.55061877,-0.89394915,-1.4324076,bg_rep03_6633,0,xgboost,11.062,22.439955,26.068,90.849495,28.160944,251.46599,-0.34419113,29.29559
-3.2082486,-3.2539585,-3.017343,-2.0362651,-0.672643,-0.55751544,-1.3711067,-0.85817707,bg_rep02_4644,0,xgboost,7.9895835,27.152365,30.625,47.559658,9.632302,-0.102619186,0.48299935,6.495072
-4.812521,-1.0801729,-3.078711,-4.653451,-0.26570046,-1.0469505,-0.44866523,-0.1976377,bg_rep01_6271,0,xgboost,13.800667,35.45906,16.54,97.831696,0.0,0.0,0.0,0.0
-0.7209502,-3.2383695,-1.9736797,-4.534042,-1.4975803,-1.1046003,-2.6340084,-1.4635409,bg_rep04_7586,0,xgboost,11.798667,23.80107,27.9,112.4542,25.68722,159.78024,-0.78575146,34.21977
-1.0520202,-3.500831,-1.0249339,-3.7248504,-1.0425991,-2.0523443,-2.3806233,-2.650017,bg_rep04_1860,0,xgboost,11.217333,23.667257,24.624,90.77511,21.323343,598.4025,0.13527213,37.69109
-2.8717568,-4.445564,-1.8040364,-2.5574465,-1.0539297,-0.43254635,-0.13337791,-0.50526255,bg_rep04_5678,0,xgboost,6.877333,24.874615,27.076,59.702522,0.0,0.0,0.0,0.0
-2.9815402,-1.0136818,-3.5085135,-4.313123,-0.5569061,-0.98754144,-0.47813013,-0.22834782,bg_rep02_2710,0,xgboost,15.356334,34.234737,24.336,97.70953,0.0,0.0,0.0,0.0
-3.6882505,-1.2395496,-3.2219632,-4.479645,-0.24967328,-0.8613316,-0.4172595,-0.11925469,bg_rep05_9023,0,xgboost,12.895,35.151566,16.416,97.27273,0.0,0.0,0.0,0.0
-3.2983294,-3.1371222,-0.43576822,-1.5868871,-1.3611698,-2.843941,-2.576188,-1.3947403,bg_rep05_4272,0,xgboost,8.184999,25.128944,28.532,21.97338,28.131922,336.5368,0.25585908,36.41204
-0.6152636,-2.2937644,-2.2096956,-3.6849127,-1.5319753,-2.0767918,-2.3076608,-2.707903,bg_rep01_3002,0,xgboost,9.251667,23.25708,26.384,105.437996,18.01627,217.98058,-0.6494666,45.1201
-2.1329,-2.9914997,-1.6956662,0.94184786,-0.68666655,-2.6674383,-2.5932343,-2.4837573,bg_rep03_3983,0,xgboost,12.206333,27.248713,24.036,65.62914,26.287685,118.05028,-0.21110466,37.093163
-1.1368388,-4.8157616,-0.7595083,-3.8116531,-1.9327137,-1.978599,-1.393354,-2.36032,bg_rep02_4867,0,xgboost,11.609333,21.964079,27.56,115.68966,28.310575,156.24565,-0.49618465,30.015821
-1.2316471,-2.426083,-1.9012057,-2.3479004,-0.88082254,-2.511977,-2.5985014,-2.5145485,bg_rep02_3677,0,xgboost,9.719,26.712292,26.384,95.21628,27.461655,354.75296,0.04131564,37.204216
-1.1150649,-6.0180826,-1.6444875,-0.39500472,-1.8164749,-1.094279,-0.77893794,-0.2224956,bg_rep03_1203,0,xgboost,11.458333,22.137428,26.916,75.40044,32.136692,68.064125,-0.059319302,18.980022
-2.2309272,-3.3907661,-1.8239105,-2.5947201,-0.5947782,-0.6890399,-0.94846904,-2.0508695,bg_rep03_3538,0,xgboost,12.746666,28.280676,19.132,98.66215,19.368628,1852.6565,0.5271819,36.30825
-2.4011009,-3.6371374,-0.9997596,-4.9473133,-0.9855198,-1.5579854,-2.0330083,-1.9299049,bg_rep01_9880,0,xgboost,12.548667,23.762814,27.34,120.341156,29.162064,156.46385,-0.08091471,35.344563
-1.239115,-4.313004,-1.1813276,-3.9772482,-2.173975,-1.5865113,-2.2506013,-1.7585955,bg_rep04_5061,0,xgboost,11.445666,21.970337,28.068,119.75234,29.940844,145.2456,0.08199065,36.65272
-0.9504252,-2.8072472,-1.2782516,-3.517132,-1.2692262,-1.3278255,-0.22289973,0.0065373634,bg_rep05_9516,0,xgboost,12.163333,28.179348,27.132,96.03999,0.0,0.0,0.0,0.0
-2.3864908,-2.6307092,-2.5306296,-1.1052444,-1.454316,-1.7596266,-1.8455536,-0.40736344,bg_rep01_1221,0,xgboost,9.014,28.16523,29.376,68.52177,31.91206,71.345825,-0.14518827,28.346169
-2.9043384,-4.558475,-1.2385039,-4.0858693,-1.8047965,-1.3810502,-2.3114893,-1.7321547,bg_rep02_5066,0,xgboost,13.033667,24.303846,27.62,102.04484,29.598465,194.09682,0.05968156,26.702192
-0.9917375,-3.6440759,-2.4643588,-4.4772215,-1.1758884,-1.1740236,-0.25736028,-0.45894226,bg_rep05_74,0,xgboost,11.0460005,29.63937,25.032,90.52063,0.0,0.0,0.0,0.0
-2.5271842,-2.1077356,-1.3276149,-3.1367383,-0.9210982,-2.1600835,-0.96842456,-1.7616857,bg_rep05_2137,0,xgboost,8.5390005,26.62115,25.172,47.70139,28.281929,883.2579,-0.01444534,37.185665
-1.1896794,-3.729607,-1.6418808,-0.7796213,-1.8217937,-1.3283489,-1.3035182,-2.3496678,bg_rep04_7131,0,xgboost,11.813,24.082605,26.364,82.67792,29.283524,163.44939,-0.09370938,30.021063
-1.4528767,-3.8203623,-1.1592737,-2.3613884,-1.2276489,-1.4482778,-1.7615675,-2.8834364,bg_rep05_2515,0,xgboost,6.379333,19.489592,21.855999,31.077757,24.422106,91.541046,-0.1740817,41.334263
-1.5002744,-5.4786696,-1.5316637,-0.3075905,-2.8241,-2.261169,-1.397733,-2.4463365,bg_rep01_2604,0,xgboost,11.263333,20.292831,26.752,79.65095,29.705235,28.289415,0.4462806,30.243338
-1.4833403,-4.75273,-3.7788165,-0.14064106,-1.6687218,-1.2600104,-2.702239,-2.0985537,bg_rep05_2982,0,xgboost,9.701,29.695726,29.86,65.58079,22.88899,657.5634,-0.22707355,35.920834
-0.98117846,-2.9436948,-1.7544159,-3.0554256,-1.4043673,-0.18562895,-1.796394,-2.8014002,bg_rep04_8959,0,xgboost,11.539667,25.319613,23.4,93.168015,17.571367,715.43036,0.52632654,40.806244
-2.2769969,-2.3230875,-0.1046954,-4.0209937,-1.8446721,-1.7802463,-0.8311947,-2.092435,bg_rep01_2202,0,xgboost,12.623333,25.376595,28.4,123.55682,25.846664,145.90549,0.3681722,50.63193
-0.85606235,-2.4204397,-1.6130627,-2.6194537,-1.9356977,-0.57470155,-2.7535675,-2.3167434,bg_rep02_8013,0,xgboost,11.622001,25.373331,23.78,93.72977,17.963114,672.57385,-0.17523791,42.52067
-4.2728596,-3.1194098,-1.6493587,-0.68368083,-1.3308159,-0.5531801,-2.6171257,-2.8141646,bg_rep02_9467,0,xgboost,13.946667,25.49292,24.184,72.17711,19.902372,682.43445,0.1924528,41.482662
-3.4262383,-3.5762413,-2.4918664,-4.3567395,-0.8834319,-1.3827857,-0.34017134,-0.641968,bg_rep04_1962,0,xgboost,12.918333,32.31199,24.924,96.60034,0.0,0.0,0.0,0.0
-3.383515,-2.7083697,-1.1057925,-2.8872383,-1.7224702,-2.3377504,-1.3048105,-1.9607041,bg_rep02_4906,0,xgboost,6.9663196,26.454378,27.654167,39.61901,34.476536,402.64005,-0.40054202,35.15325
-1.708386,-4.3243856,-1.430723,-2.9022195,-1.0833492,-0.98781073,-0.7551882,-3.596315,bg_rep04_7838,0,xgboost,6.3896666,19.760225,22.108,34.364254,16.399708,159.94182,0.30439007,44.13338
-3.5454435,-2.158748,-2.1960588,-2.8820398,-0.47504234,-1.2251182,-2.4905083,-1.6450301,bg_rep04_552,0,xgboost,7.537667,26.150661,29.052,37.1593,30.182734,49.480675,-0.26321438,36.119816
-2.3396626,-1.1138457,-0.27233335,1.8087457,-1.0632019,-1.6431165,-1.2011555,-2.142867,bg_rep05_2,0,xgboost,12.814334,27.871788,24.564,66.45268,22.653236,332.38263,0.3780926,42.431343
-0.045911614,-4.623275,-2.802259,-0.36960623,-1.320084,-2.24532,-0.9429392,-1.2797894,bg_rep03_578,0,xgboost,10.538334,19.946875,26.42,78.62551,25.652187,47.851273,-0.49835655,34.282043
-1.0289516,-2.667266,-1.1627218,-2.6698234,-1.4581274,-1.6106462,-0.98963124,-3.0439465,bg_rep04_7565,0,xgboost,8.84,23.453253,22.884,34.79754,19.294746,277.24155,0.32932797,48.138966
-2.925404,-2.934989,-2.6670995,-2.4704905,-1.5983187,-1.2261068,-2.5121684,-0.41783428,bg_rep05_9514,0,xgboost,8.341,26.088451,29.096,36.747345,28.681759,210.35687,0.0690698,33.613964
-3.3362606,-4.6456084,-2.8444064,-2.4781344,-0.73639095,-0.3381124,-0.15640458,-0.6215331,bg_rep03_8346,0,xgboost,7.7739997,24.691908,32.1,49.899418,0.0,0.0,0.0,0.0
-2.2871542,-3.820745,-0.6599754,-3.728363,-1.9624227,-2.8727288,-1.4811355,-1.1978142,bg_rep03_2949,0,xgboost,13.269,31.911976,28.36,91.71169,20.38146,1532.0662,0.095288746,31.977242
-5.1855884,-2.3047788,-1.1094214,-0.35706827,-2.2197492,-1.8139889,-0.94489276,-1.8703368,bg_rep02_8438,0,xgboost,14.597333,25.999811,25.084,69.29818,18.80375,565.94385,0.39363894,40.27913
-2.115572,-2.0539153,-1.341309,-3.3757367,-1.6784126,-0.40182492,-1.8935583,-1.0305848,bg_rep01_907,0,xgboost,12.748667,26.182262,24.848,98.1059,25.908274,531.32074,0.21183313,29.584492
-0.943364,-5.6705174,-1.1185685,-4.202118,-2.9159353,-1.4522352,-2.0498052,-1.3988563,bg_rep04_5565,0,xgboost,11.812667,22.328495,27.688002,113.05611,33.441174,119.76457,0.24716209,23.014948
-1.3274872,-3.8593826,-0.50691724,-1.8268371,-1.297067,-0.9396976,-3.279796,-2.2957416,bg_rep05_5376,0,xgboost,11.876,23.807232,23.332,99.63124,20.613403,948.1447,-0.26820436,36.857143
-1.8604058,-3.5174215,-3.1824095,-2.649116,-0.42018464,-0.050177492,0.09684956,0.3076673,bg_rep02_2514,0,xgboost,7.6536665,26.214779,30.772,59.185623,0.0,0.0,0.0,0.0
-3.6312318,-3.4723837,-0.48159337,-4.3207955,-1.2711328,-0.920359,-0.1231854,-0.9417488,bg_rep04_5324,0,xgboost,14.236,33.030163,28.552,93.16698,0.0,0.0,0.0,0.0
-0.5796812,-5.8090496,-1.5459791,-2.3083172,-1.7939892,-1.6896093,-2.0839255,-2.2193563,bg_rep03_8180,0,xgboost,10.668667,20.156942,26.612,89.632805,30.026585,55.756695,0.1452351,29.982317
-2.662327,-2.03322,-1.9592384,-3.187115,-1.6681005,-1.882499,-2.3897696,-2.1062255,bg_rep01_6977,0,xgboost,7.991,24.536354,21.62,44.455006,27.666727,1490.6637,0.19680426,37.48667
-2.235622,-3.2431998,-3.5611134,-2.0042796,-2.0590398,-1.1805667,-2.1218407,-1.8055501,bg_rep05_9863,0,xgboost,8.5373335,27.650387,30.004,46.686493,25.169815,4.7413244,-0.1245902,41.712543
-2.8360887,-3.4265306,-1.9737959,-2.5342124,-0.89606285,-1.0135813,-2.288628,-1.9585999,bg_rep04_3530,0,xgboost,12.932,28.907368,18.236,97.25389,19.771086,1967.9596,-0.4430636,40.97465
-3.7043831,-4.41406,-3.2921805,-3.0615847,-0.7432824,-0.37923604,-0.07667243,-0.06587115,bg_rep03_2571,0,xgboost,7.295,25.564198,30.516,60.638634,0.0,0.0,0.0,0.0
-3.7442324,-3.0826023,-0.9737895,-1.1066475,-0.8548464,-1.5152259,-2.606309,-2.9921227,bg_rep03_8251,0,xgboost,13.498,24.436962,25.932,73.60314,21.139328,343.21628,-0.16763864,40.754215
-3.9936054,-3.6535819,-2.707192,-3.4261909,-2.5162463,-1.2216941,-2.1331258,-2.4185886,bg_rep05_6520,0,xgboost,7.875667,25.60027,31.6,54.514584,29.523968,43.17875,0.21621278,30.342093
-4.4516826,-1.6748115,-1.4981458,1.1998763,-1.7952077,-1.7139701,-0.23190098,-1.5475677,bg_rep04_3677,0,xgboost,14.972333,27.064955,25.332,71.11769,20.405996,516.5917,0.30192316,40.15516
-0.51119554,-2.6698873,-1.26549,-1.5803499,-1.3637074,-1.0252787,-2.423718,-2.807293,bg_rep03_3563,0,xgboost,9.747,25.623028,22.604,84.248436,21.549469,624.9007,0.17860006,37.12273
-4.869516,-3.0724006,-0.38421047,-3.1387808,-0.78324753,-0.60076785,-0.15430209,-0.047974937,bg_rep01_8703,0,xgboost,14.738,32.56297,30.992,94.79307,0.0,0.0,0.0,0.0
-3.623389,-3.9715357,-3.204215,-2.7958856,-0.6812883,-0.46553177,-0.13733776,0.057145987,bg_rep04_4086,0,xgboost,7.678,25.49137,29.772,50.888115,0.0,0.0,0.0,0.0
-1.0510613,-2.0535245,-1.6441873,-3.9554408,-2.453331,-0.6401601,-1.1843963,-1.5833712,bg_rep03_9919,0,xgboost,12.433667,24.6641,25.396,101.40828,23.926725,554.6184,0.5360637,33.093044
-2.8555894,-2.982822,-1.627937,-3.6340284,-2.3020878,-1.7475156,-1.4084215,-2.2455542,bg_rep02_2586,0,xgboost,12.755333,24.563498,26.988,99.20388,24.533432,324.42545,0.70302886,22.563574
-0.8543989,-5.3448033,-1.9608048,-5.0462337,-0.8365856,-2.0017223,-1.8235728,-0.4194705,bg_rep05_4821,0,xgboost,10.481999,20.176315,26.7,114.92092,27.921951,152.94353,-0.1565991,27.806421
-0.5839995,-4.515293,-2.6233306,-1.9102135,-2.39947,-3.0318873,-1.8638071,-1.5857286,bg_rep02_4695,0,xgboost,10.598333,30.694895,21.144,83.142815,25.95617,2282.0364,0.03723411,24.71412
-1.3718954,-4.862396,-1.7438557,-0.6589271,-1.453024,-1.7609323,-1.7887012,-1.5849569,bg_rep03_7394,0,xgboost,11.093333,20.80364,27.024,82.470406,26.407478,47.16063,0.17379297,26.236698
-2.023223,-3.1808136,-3.573539,-1.2526006,-1.7282895,-1.9766377,-1.7415371,-2.2845569,bg_rep02_6347,0,xgboost,8.885666,27.89673,31.303999,64.45164,24.305399,184.34517,-0.48203042,47.18391
1.16879,-0.9370918,0.16193835,3.3569927,-0.26567847,0.24996047,-0.29890814,0.70341784,presence_106,1,xgboost,10.516,24.017906,24.692,68.297424,26.509365,114.83264,0.2777103,32.51011
-1.4371458,-4.5844064,-1.8889928,-3.0613978,-1.3952092,-1.8624102,-1.6498388,-1.0066612,bg_rep01_7586,0,xgboost,11.757667,22.628304,26.556,100.44395,28.970385,108.92822,-0.59507054,34.94437
-3.3703618,-2.9879735,-2.1212244,-2.481417,-0.7653045,-0.2378337,-0.034037672,-0.008309368,bg_rep04_276,0,xgboost,7.46,26.157084,28.72,59.308987,0.0,0.0,0.0,0.0
-0.9259875,-2.4432507,-1.185306,-0.8196236,-0.70260656,-1.7770156,-1.6192466,-2.4761803,bg_rep03_6930,0,xgboost,12.200334,24.547955,25.708,75.557465,26.902178,162.86777,-0.05664085,30.259508
-3.7533157,-4.469244,-2.690114,-3.310757,-0.8282939,-0.32763484,-0.14619754,-0.04618375,bg_rep03_9495,0,xgboost,7.455667,25.34217,31.732,60.035088,0.0,0.0,0.0,0.0
-4.4872847,-3.8430603,-1.8256658,-4.07093,-0.9931838,-0.8855368,-0.11172394,-0.43755463,bg_rep03_2595,0,xgboost,13.584,29.784248,30.028,88.849396,0.0,0.0,0.0,0.0
-3.8124847,-2.82852,-1.4007322,-2.5116293,-1.1423088,-2.0252035,-0.90692776,-0.7517608,bg_rep03_3847,0,xgboost,12.925667,23.22421,26.7,93.16123,28.723125,94.109695,-0.46583775,31.153843
-3.3202357,-3.3136792,-1.7676358,-2.6575658,-1.0250498,-0.87488705,0.054474372,-0.5447794,bg_rep02_3024,0,xgboost,14.264,30.805113,30.424,85.370476,0.0,0.0,0.0,0.0
-0.44003546,-4.861261,-1.645157,-2.5736449,-0.4895388,-1.4596747,-1.7621591,-0.6865456,bg_rep04_3465,0,xgboost,10.629666,20.371151,27.236,90.276726,30.56036,53.519722,0.11930688,27.653225
-2.3974442,-2.6615496,-2.589653,-0.90376556,-0.85553765,-2.65138,-1.7647833,-2.302291,bg_rep04_1270,0,xgboost,8.801333,26.036366,28.972,24.220743,21.399677,302.37845,0.22363916,46.74767
-3.2887993,-3.4285927,-1.3751031,-5.254579,-1.5922952,-0.6589148,-1.2666835,-1.268051,bg_rep02_8163,0,xgboost,13.796333,28.696924,25.596,125.833466,25.730255,622.3996,-0.4038841,41.57051
-0.6081872,-4.348126,-2.7278461,-0.56362253,-0.7442139,-1.1821501,-2.3005795,-1.7412732,bg_rep04_6360,0,xgboost,10.245334,29.532265,29.024,82.73778,28.810822,84.34086,-0.19547477,28.803259
-0.88237435,-2.969673,-1.410383,-2.9423933,-1.7097946,-0.22955933,-1.4860569,-2.7953131,bg_rep02_3429,0,xgboost,11.597667,25.2937,23.568,95.01423,17.836359,731.3987,-0.38589495,40.93377
-2.7540088,-2.4471247,-1.4800327,-3.9975963,-1.2441123,-1.3496135,-1.2705253,-1.5645585,bg_rep05_401,0,xgboost,12.801,27.446398,23.7,98.21478,20.44801,994.8551,0.24898008,32.304955
-1.6843382,-3.8716197,-1.458485,-1.9975713,-1.6906359,-2.082669,-0.751232,-2.4783566,bg_rep01_3121,0,xgboost,8.648334,28.66724,25.128,64.4611,27.225101,1513.6896,0.36916396,30.211353
-3.928351,-2.3734276,-1.4766979,0.56955177,-1.4443493,-1.8096216,-1.9860051,-1.6747746,bg_rep04_9407,0,xgboost,13.471,26.55326,22.62,65.14179,19.68816,607.3562,-0.5185191,40.260456
-4.740934,-3.1638684,-0.64317966,-4.098885,-1.2385252,-0.8912067,-0.23556171,-0.7949622,bg_rep02_2271,0,xgboost,13.538333,32.36049,28.368,92.93894,0.0,0.0,0.0,0.0
-0.6235973,-3.189745,-1.764518,-3.1367958,-1.8481911,-1.5816741,-1.7005357,-1.015028,bg_rep03_1104,0,xgboost,10.557667,21.512892,25.803999,94.58579,26.468145,376.32086,0.46731263,32.036324
-0.7072542,-2.8576841,-0.90277344,-3.5554256,-1.5432479,-0.5934675,-0.467852,-2.461447,bg_rep05_2251,0,xgboost,11.686334,25.015697,24.568,90.72444,19.15371,638.46173,0.3395602,36.528954
-2.422755,-3.8699796,-1.0283918,-3.1407561,-0.25031495,-1.9334068,0.975421,-0.9315256,bg_rep01_6184,0,xgboost,13.181,29.593624,28.608,103.25288,17.09781,1457.9255,0.64607245,48.923515
-1.4639771,-2.3050504,-0.69006306,-3.7834377,-1.1865987,-1.4150417,-3.6335247,-2.452701,bg_rep04_6164,0,xgboost,12.072333,25.321615,28.311998,108.6123,20.950363,84.04997,-0.24834819,46.468124
-0.8787864,-3.9336529,-0.68556154,-3.5807095,-0.94401664,-1.4334408,-2.626338,-2.1659222,bg_rep02_705,0,xgboost,11.613,23.769855,24.56,98.5457,19.893925,667.3321,-0.13884757,37.012524
-1.404205,-2.6000874,-1.789863,-3.0049322,-0.7260666,-1.1720384,0.32937717,-2.3820145,bg_rep04_6895,0,xgboost,12.183667,26.176664,23.472,98.89574,18.182188,884.54114,0.9163509,37.76378
-2.0363917,-2.748688,-1.7193173,-1.3737277,-0.7119518,-1.3742507,-1.5769095,-1.4842197,bg_rep05_1425,0,xgboost,6.849359,23.133715,27.7,26.95062,17.597696,118.25481,0.54797065,23.763336
-0.7471262,-4.032674,-1.651632,-1.1768241,-2.3040988,-1.4856005,-1.9664888,-2.4956698,bg_rep04_2714,0,xgboost,10.113,29.930744,27.792,58.644127,24.77233,186.91272,-0.09343739,37.12032
-2.290716,-3.879826,-0.6568728,-2.2625432,-0.8493645,-0.8703243,-0.2364739,-0.6400902,bg_rep04_5331,0,xgboost,6.780333,24.72048,24.556,59.18122,0.0,0.0,0.0,0.0
-0.7528183,-4.2811623,-1.4013562,-2.101044,-0.88562316,-2.4406204,-0.89620745,-1.2427231,bg_rep02_2626,0,xgboost,11.728001,30.954391,24.728,84.390594,21.18189,1981.895,0.11301265,26.045376
-2.2687383,-4.545226,-0.5404873,-4.3491735,-0.70044756,-1.8483069,-2.0503333,-1.2759082,bg_rep04_9522,0,xgboost,12.042,22.90573,27.456,116.87873,28.083586,189.68,-0.5460348,38.731144
-0.9483951,-3.0748498,-1.0497367,-2.9451015,-1.4647424,-0.8996618,-1.1358038,-1.7873762,bg_rep03_9576,0,xgboost,11.632667,23.34939,26.644001,92.48074,26.371967,287.8258,-0.050259955,30.394958
-2.5800428,-0.669087,-1.4756254,-4.6549344,-0.9234451,-0.42326662,-0.10449445,0.042181816,bg_rep04_1648,0,xgboost,15.096667,33.270157,30.212,86.715,0.0,0.0,0.0,0.0
-3.4998865,-3.8570175,-2.6029677,-2.730741,-0.52922875,-0.35142824,-0.04605426,0.14714144,bg_rep04_5163,0,xgboost,7.9596667,25.964466,32.104,56.540993,0.0,0.0,0.0,0.0
-2.282407,-4.0365863,-1.4528484,-3.7490122,0.336479,-0.83269763,-1.6752108,-1.2143606,bg_rep05_2106,0,xgboost,13.1553335,23.842493,26.348,93.02265,27.88893,235.44002,-0.11112761,32.91061
-3.253639,-1.7015122,-0.7023309,-2.7766168,-0.42038545,-2.3921194,-0.9047241,-0.65755606,bg_rep02_5243,0,xgboost,8.708667,27.769983,28.392,49.035538,30.442123,511.0964,-0.04316844,40.532642
-0.25428462,-4.245763,-1.8791864,-2.0528698,-1.9701791,-3.4081025,-2.127214,-1.4939835,bg_rep03_9348,0,xgboost,12.387,29.92029,28.112,96.60333,25.83978,1119.2054,-0.46360186,19.681118
-0.9810128,-2.366223,-1.3565367,-3.5020778,-1.0040239,-1.5176927,-0.7182597,-1.2023767,bg_rep03_1154,0,xgboost,11.725,24.748817,25.752,89.35331,22.598524,437.59882,0.3757297,32.26583
-0.44541857,-4.2027655,-1.2691604,-2.9894567,-2.6424787,-1.0368283,-1.4419932,0.24079153,bg_rep03_7921,0,xgboost,12.227666,24.163439,27.22,96.688576,31.745613,274.2769,0.3557847,28.121761
-3.1413066,-3.5073917,-0.7496263,0.85484695,-2.023396,-0.44719598,-1.5014806,-2.2069774,bg_rep03_5332,0,xgboost,14.277667,25.695894,24.616,71.23542,19.023441,693.11383,0.3640561,39.912994
-0.99681103,-6.1000485,-1.5483072,-0.34233883,-2.7322645,-1.4015231,-2.3843057,-0.78196627,bg_rep02_7685,0,xgboost,11.501667,22.145847,26.976,74.11626,32.596977,70.17958,0.26294506,21.30838
-1.4603974,-2.8227365,-2.1471736,-2.9519238,-2.1379251,-2.2087636,-2.4796796,-1.164418,bg_rep01_3265,0,xgboost,11.313,23.006996,26.296,93.557236,24.017368,337.8668,-0.25247598,33.797325
-1.7529969,-3.2959297,-3.0028136,-0.35828847,-2.1652184,-1.6396551,-1.8193982,-1.623244,bg_rep02_9814,0,xgboost,9.072333,27.575481,29.144,71.263306,24.708363,65.16964,-0.054314394,38.96639
-0.8684848,-5.8453484,-1.150915,-4.5071344,-2.4950933,-1.5974566,-2.0262291,-1.0517404,bg_rep02_4000,0,xgboost,11.740666,22.23611,27.208,110.2754,31.954624,149.91336,0.1336045,20.987331
-0.34253335,-4.790267,-1.7438992,-1.0663784,-2.6333976,-1.5235007,-2.2239487,-2.1621518,bg_rep02_8317,0,xgboost,10.552,20.602936,26.784,85.31147,32.013767,74.66934,0.4963792,25.600853
-1.4363693,-5.139708,-1.0423546,-3.2050054,-2.1575553,-2.0306158,-0.656927,-1.0779164,bg_rep01_1139,0,xgboost,12.045,31.571085,24.56,87.75917,22.10638,2049.1724,0.31932014,28.799337
-4.960801,-0.64984083,-1.169736,-2.9465446,-0.62227774,-0.46363527,-0.05790137,0.14064832,bg_rep03_6877,0,xgboost,14.840333,33.31313,30.004,94.66381,0.0,0.0,0.0,0.0
-0.9595923,-3.6110117,-1.1306938,-5.33476,-1.6691203,-0.589001,-2.9030373,-1.8543158,bg_rep01_9921,0,xgboost,12.489,28.299194,25.828,104.014404,22.512724,551.3076,-0.5894373,32.328636
-1.8082287,-2.918892,-0.9023353,-5.156042,-2.303228,-1.3579011,-1.6740134,-1.222188,bg_rep03_197,0,xgboost,12.123667,26.607996,24.48,104.89349,22.286062,841.91077,0.013644892,31.569204
-2.7667975,-3.8843992,-1.3274482,-2.5993516,-1.7233523,-1.9860939,-2.9150262,-2.4022555,bg_rep02_4420,0,xgboost,13.135333,31.764687,26.956,93.321175,19.174904,1584.2734,-0.23016489,37.736115
0.21450305,-3.1352718,-0.15763696,-4.3712206,-1.0500441,-1.2009002,-0.46831563,-1.0066341,bg_rep03_4496,0,xgboost,10.553333,23.982668,28.22,104.86715,27.507719,67.33464,0.584589,31.86989
-4.5009546,-3.1218438,-3.4658642,-1.0455335,-1.8712192,-2.126839,-2.3214757,-0.88311046,bg_rep05_3225,0,xgboost,7.9959993,26.593056,32.996,64.50455,26.358667,374.01437,-0.17600045,27.457483
0.547235,-4.927967,-2.7190087,-0.18970262,-2.9569135,-1.76288,-1.6106467,-1.5206673,bg_rep05_1589,0,xgboost,10.407,20.512062,26.5,79.98811,36.908714,63.463993,0.31964788,21.043098
-1.2720848,-4.5653987,-1.8764393,-2.474305,-1.8488556,-1.0961595,-0.9016113,-1.2248735,bg_rep04_2030,0,xgboost,10.915667,21.472317,27.044,87.76752,27.326248,68.07438,0.7102442,27.590633
-2.5720801,-1.3329133,-3.3486502,-3.6713376,-0.3411048,-1.1738019,-0.39580137,0.17851892,bg_rep05_6058,0,xgboost,12.741,34.22424,19.184,95.83142,0.0,0.0,0.0,0.0
-5.3973613,-3.056073,-1.6171844,-2.7887068,-1.2923375,-0.8841825,-0.14074412,-0.7280336,bg_rep04_8117,0,xgboost,14.564,32.941284,29.028,86.42195,0.0,0.0,0.0,0.0
-4.951938,-0.55608094,-1.1436412,-2.926582,-0.61575884,-0.46472698,-0.055918235,0.16556464,bg_rep04_4530,0,xgboost,14.890667,33.35125,29.848,95.416466,0.0,0.0,0.0,0.0
0.15313835,-2.801286,-2.0842881,-1.8184078,-2.3101888,-1.4037732,-2.5410876,-0.2464949,bg_rep02_8837,0,xgboost,8.896759,24.389532,28.005556,99.3979,22.401905,6.97641,-0.3156679,33.424896
-1.5561742,7.987069,-0.024757363,-1.4951922,-0.20213585,0.6328819,0.23595434,1.0536851,presence_161,1,xgboost,8.009,60.236156,32.192,93.98937,0.0,0.0,0.0,0.0
-2.653779,-3.638262,-1.02526,-3.8645363,-1.8662566,-2.2724047,-0.70856297,-1.4880195,bg_rep03_9321,0,xgboost,13.376333,24.329454,23.1,91.24714,22.315798,893.3438,0.2877309,42.52478
-1.1806021,-5.48692,-2.588279,-0.25879943,-2.074669,-1.2727307,-0.9241064,-1.1639283,bg_rep05_8266,0,xgboost,11.027333,21.762182,26.5,77.85345,29.555632,73.854774,-0.40507576,20.455532
0.37064373,7.1700425,-1.5770891,-2.4564183,0.023462083,0.36733234,-0.04537479,0.710799,presence_1,1,xgboost,7.179167,56.97751,20.325,93.6989,0.0,0.0,0.0,0.0
-0.892655,-1.9667386,-1.366209,-2.5968964,-1.496015,-1.4954513,0.8818238,-2.0097218,bg_rep02_8769,0,xgboost,8.095312,23.490208,22.40625,36.94219,17.55657,26.903645,0.68311137,36.099762
-0.8963748,-3.7720444,-1.6156667,-2.412555,-1.6251786,-2.4989107,-2.7036078,-2.9137378,bg_rep05_9040,0,xgboost,9.032667,23.850513,22.028,36.237347,19.641428,555.33514,-0.14162555,45.90134
-3.74064,-3.955226,-1.7354118,-2.1311064,-2.4211662,-2.6252785,0.19141556,-1.6697363,bg_rep03_81,0,xgboost,14.717333,29.930313,32.772,100.1152,25.599134,1026.5127,0.6598322,29.844223
-4.2017035,-3.7144117,-1.6299169,-2.9843447,-1.7244309,-2.0619462,-2.2748077,-1.6355536,bg_rep02_837,0,xgboost,14.883667,32.593876,30.692,89.52366,20.613073,1339.9818,0.06545107,42.770527
-3.4951901,-1.9634862,-1.8018348,-1.0652949,-2.1004746,-3.005668,-2.1915152,-1.9044106,bg_rep05_8741,0,xgboost,7.436333,23.235638,28.06,21.125982,25.11904,369.29218,0.21160641,34.941578
-4.8267155,-3.050722,-1.0622009,-0.2797211,-1.6718209,-0.24035233,-1.9392588,-1.3522679,bg_rep03_3375,0,xgboost,15.067667,28.650112,24.304,70.67905,21.476112,646.41156,-0.5363348,39.781788
-2.649525,-3.0838857,-0.3663611,-2.5501943,-2.2024622,-1.7926924,-2.2366912,-1.6575488,bg_rep02_7440,0,xgboost,9.382334,28.769573,28.152,49.205784,32.290634,615.3732,0.14056517,39.100895
-0.53127795,-3.5216253,-1.7944132,-3.8064446,-2.355194,-0.6644487,-1.8921072,-0.42488307,bg_rep05_2448,0,xgboost,10.865666,28.02741,23.772,91.32092,24.612932,649.8381,-0.1344666,33.54048
-1.3245873,-4.3496094,-1.9368789,-2.0230196,-1.8801452,-1.4168662,-0.74859214,-1.8187971,bg_rep04_3536,0,xgboost,10.947667,20.945257,27.04,96.54725,27.047289,62.85718,0.40331674,28.97491
-0.5556301,-2.6003497,-1.4962256,-2.4160032,-1.773618,-1.8613654,-0.930586,-0.86253834,bg_rep03_7471,0,xgboost,12.417,24.568659,26.156,101.49518,26.093348,397.87265,0.38838813,29.85017
-2.9678705,-5.1254096,-3.610095,-2.0692804,-0.6782605,-0.21486667,-0.29818273,-0.5291121,bg_rep05_3048,0,xgboost,6.7293334,24.395786,29.612,61.794018,0.0,0.0,0.0,0.0
-5.0241194,-3.2952864,-0.64154863,-4.309677,-1.0628139,-0.65076125,-0.13210276,-0.27008462,bg_rep01_7459,0,xgboost,15.076667,32.653267,30.972,91.87673,0.0,0.0,0.0,0.0
-3.1004593,-3.7542238,-0.7118411,-4.459849,-0.9507411,-0.81720626,-0.0072025927,-0.30945763,bg_rep02_657,0,xgboost,14.160333,30.35311,31.1,88.03287,0.0,0.0,0.0,0.0
-2.5818622,-3.6353657,-1.5821441,-2.6986868,-0.54937005,-1.7070266,-2.2418723,-1.9153258,bg_rep04_2852,0,xgboost,14.197333,31.727303,31.112,100.958405,16.636475,1292.9436,0.02053263,46.178665
-2.0872998,-3.5525856,-2.9262784,-2.346683,-2.1233804,-1.5195302,0.5768596,-2.1045659,bg_rep03_6395,0,xgboost,8.451,26.548756,31.456,55.86702,24.531036,78.44704,0.7038122,37.39567
-0.8876708,7.427623,-0.3684164,1.46563,0.41086262,0.8088733,0.6390947,1.7893777,presence_178,1,xgboost,12.142334,42.670555,33.316,20.05367,0.0,0.0,0.0,0.0
-1.4233502,8.642834,-0.09859899,-0.07847853,0.24979943,0.5623431,0.56286865,1.4403126,presence_52,1,xgboost,13.194,43.0445,36.356,42.808014,0.0,0.0,0.0,0.0
-4.1185904,-2.8397555,-1.4251306,-0.83982545,-1.1689591,-1.9133446,-2.2565634,-3.1358223,bg_rep04_4558,0,xgboost,13.600333,25.037434,24.208,74.17882,20.261108,575.86194,0.089099966,44.282864
-3.5862339,-4.3292084,-3.2522068,-2.7699275,-0.6687745,-0.44912583,-0.013565665,-0.0007135677,bg_rep05_1498,0,xgboost,7.667667,25.654667,29.492,54.951424,0.0,0.0,0.0,0.0
-0.93470955,-4.6859403,-1.5724064,-4.084279,-2.186884,-1.9804068,-0.496577,-1.7907044,bg_rep05_5651,0,xgboost,11.468666,21.796919,27.296,113.48286,29.159208,129.95508,-0.4760675,25.864782
-2.313458,-2.4974082,-1.7128636,-2.695511,-1.6760492,-2.9733682,-2.5505974,-1.8644753,bg_rep05_7537,0,xgboost,8.054333,27.541832,25.38,63.769665,28.596308,1408.4922,-0.54186976,25.09427
-1.4319255,-1.3401433,-1.5136757,-1.9592947,-1.3739405,-1.9508255,-2.184347,-2.9781651,bg_rep02_8280,0,xgboost,12.066667,25.469997,26.384,101.67645,18.519955,443.41653,-0.30715185,41.92059
-2.9655929,-3.051681,-2.8073776,-1.1991605,-1.962588,-1.5094573,-1.676821,-0.82616293,bg_rep01_5249,0,xgboost,8.144048,26.246931,29.0,69.33817,25.701517,17.599295,0.14139251,26.933353
-1.1086668,-2.9169545,-1.9593027,-3.2259579,-1.6835861,-2.1987169,-1.4028664,0.1197232,bg_rep04_1454,0,xgboost,11.575667,23.545006,26.088,93.59482,25.081501,405.81628,-0.30436552,33.52082
-2.5348737,-2.252019,-1.1052086,-0.6013625,-2.575163,-1.9915218,-1.6242495,-3.0440638,bg_rep05_3106,0,xgboost,14.293,25.466824,25.12,70.54091,19.119394,552.0042,-0.033046976,40.774246
-2.2094908,-2.1383007,-1.4670521,-3.9180846,-1.4424266,-1.3888446,-1.7000697,-1.9657842,bg_rep03_9361,0,xgboost,12.587999,25.521046,29.012,122.40001,21.44604,160.95149,0.25889063,57.210373
-0.5546202,-2.7770977,-0.22399794,-3.6964827,-2.0253472,-1.1334767,-1.9229674,-2.2311304,bg_rep04_4235,0,xgboost,11.809334,23.5979,28.62,123.11031,22.683268,158.24109,-0.038636632,42.680817
-5.328385,-3.1574945,-1.2380018,-3.6783926,-0.96339774,-0.70223945,-0.13371626,-0.37381977,bg_rep05_5814,0,xgboost,14.984667,32.846703,30.62,93.70826,0.0,0.0,0.0,0.0
-3.415808,-3.3958788,-0.7871391,1.6560309,-1.1710433,-1.7883505,-1.4134955,-2.3965285,bg_rep01_7996,0,xgboost,13.675333,28.655045,24.48,66.156685,21.303356,433.6839,-0.4080064,42.65961
-3.6963453,-2.9570057,-1.2011279,-5.2093053,-1.8347663,-2.3708205,-1.0112448,-0.71494246,bg_rep04_8845,0,xgboost,13.737667,28.14173,24.292,121.27704,25.422455,889.40063,-0.41621885,40.55043
-2.8293767,-3.6741037,-3.3141446,-2.1756477,-0.5616833,-0.26701185,0.058766358,-0.062587075,bg_rep02_4959,0,xgboost,8.090667,27.296446,29.98,58.694794,0.0,0.0,0.0,0.0
-0.8301841,-2.2236266,-1.8075042,-4.1866174,-1.8244007,-1.5586686,-2.6510563,-2.400752,bg_rep02_6103,0,xgboost,12.386666,25.440903,29.228,112.087906,22.25815,165.86823,0.06697412,42.93649
-3.9342198,-1.6252046,-1.7427516,-4.2889085,-0.95647556,-1.1057016,-0.121637575,-0.23607321,bg_rep03_9200,0,xgboost,14.518,33.5785,25.992,92.113235,0.0,0.0,0.0,0.0
-1.8562825,-2.7381687,-1.379448,-3.253808,-2.1777537,-1.6073896,-2.3202844,-0.26622975,bg_rep01_6214,0,xgboost,12.119333,26.332638,23.796,89.47493,22.566067,829.4659,0.021083578,30.599783
-0.66918314,-2.6701858,-1.2771384,-0.61763597,-1.4540238,-1.8218728,-0.74412006,1.050767,bg_rep01_3652,0,xgboost,12.328667,23.228327,26.664,75.92662,27.45314,175.29976,0.32553473,28.33814
-0.78932697,-4.14709,-1.23608,-2.9899898,-1.3126882,-2.0941815,-1.692912,-2.5773547,bg_rep01_3016,0,xgboost,12.312,30.786158,27.708,88.87172,18.947506,1366.7006,0.097862974,35.72585
-2.2451854,-3.8402104,-2.5397189,-1.1770768,-1.2953106,-2.173829,-2.177042,-1.5485162,bg_rep05_6256,0,xgboost,14.260667,30.797915,30.316,85.88618,18.00955,1381.515,-0.96493447,39.36203
1.5656412,-0.42548847,0.46034428,3.2998354,-0.1400939,-0.086669594,0.04275825,-0.47319108,presence_111,1,xgboost,10.294,24.958782,24.272,67.10841,25.695925,297.20175,-0.6624921,36.413635
-4.629105,-3.466571,-1.4031293,-4.448533,-1.055604,-0.8428105,-0.11481441,-0.33754563,bg_rep03_3745,0,xgboost,13.891,30.732302,29.608,91.6276,0.0,0.0,0.0,0.0
-0.080375895,-3.2339637,-1.2868929,-4.5409904,-1.0259308,-1.0801188,-1.6711112,-1.216066,bg_rep05_9309,0,xgboost,10.748334,24.388124,27.779999,104.67491,27.042578,12.773983,0.12628075,41.590477
-0.0047078673,-2.563453,-1.5413404,-2.8687851,-1.6503669,-1.6189042,-2.7220669,-2.1998382,bg_rep05_1591,0,xgboost,10.658334,25.988329,27.756,102.103195,19.381624,70.16009,-0.11917527,42.279293
-4.022924,-2.9219882,-3.101836,-1.002993,-1.5988703,-1.5095502,-0.9412886,-0.7937487,bg_rep05_7637,0,xgboost,7.3846664,24.326876,29.036,19.679918,28.077356,186.80414,0.28564188,32.739254
-3.5210385,-3.3115623,-3.414475,-0.6787985,-0.5007964,-1.091647,-1.6976794,-0.69822514,bg_rep04_7924,0,xgboost,7.9464283,25.956602,29.457142,65.02426,20.15297,3.4403656,0.21829952,19.319864
-2.8451798,-2.5260482,-2.2309542,-3.2821212,-1.116435,-1.7466317,-3.442903,-2.7006028,bg_rep05_9433,0,xgboost,12.875667,25.900522,29.8,116.744545,18.055355,178.3999,-0.19799325,48.401665
-1.0057858,-2.1363542,-1.2480216,-0.15122005,-1.6230829,-1.5250653,-3.4624891,-2.3610134,bg_rep05_5337,0,xgboost,11.5043335,25.29092,23.668,72.30028,21.51637,508.28476,-0.25420174,34.990887
-2.1297762,-1.9827075,-2.1053686,-3.1411324,-0.71973366,-1.4222473,-0.48910296,-2.37941,bg_rep01_670,0,xgboost,12.689333,25.778751,29.524,115.50027,19.749441,171.83533,0.36717427,52.39283
-2.6154757,-2.9904013,-3.585662,-2.087908,-1.6656715,-2.122775,-1.9616485,-1.4889357,bg_rep04_4739,0,xgboost,8.444,27.008701,30.404,63.22548,25.898716,339.79895,-0.7112082,42.210182
-4.629105,-3.466571,-1.4111656,-4.448533,-1.0593882,-0.8465764,-0.11513115,-0.33754563,bg_rep02_3318,0,xgboost,13.865334,30.776289,29.948,91.35406,0.0,0.0,0.0,0.0
-2.4389145,-2.4719403,-0.031410158,-4.4863834,-1.7948499,-1.1945401,-2.4632072,-2.4882903,bg_rep03_8523,0,xgboost,12.575666,25.654154,28.576,122.25461,23.391562,162.75343,-0.07162316,52.562576
-1.0923456,-5.3762145,-1.2552221,-4.543828,-1.2020807,-1.9060391,-1.1033831,-0.63175124,bg_rep03_732,0,xgboost,11.761,22.242605,27.608,116.04131,30.476759,150.71007,-0.41254687,28.497421
-1.5297489,-3.263555,-1.4633355,-4.9210234,-2.141927,-1.7491179,-1.5564705,-1.7723676,bg_rep04_507,0,xgboost,12.106667,22.964087,27.0,109.93272,31.22998,154.49248,0.44717255,25.751585
-3.3428686,-2.389428,-1.8797469,-2.8002236,-1.2049696,-3.1012292,-1.8799758,-0.8284589,bg_rep02_2043,0,xgboost,7.9040003,27.13913,26.492,63.09134,28.051817,1349.3805,-0.3756948,27.084389
-2.0254943,-3.2240915,-1.6410677,-3.171053,-0.254916,-2.5591092,-2.0681226,-1.132395,bg_rep03_7750,0,xgboost,8.396667,25.236435,25.648,37.195454,27.296005,833.58276,-0.06299014,38.31796
-0.9920653,6.2790227,-1.7405354,2.2198353,0.60169095,0.10657257,0.31756046,1.5788629,presence_215,1,xgboost,12.374666,47.485287,23.2,14.304899,0.0,0.0,0.0,0.0
-1.2199363,-2.4076338,-3.0765545,1.6102859,-1.107656,-1.7547576,-2.081199,-2.8477397,bg_rep05_2769,0,xgboost,11.454667,24.862534,21.972,66.989914,21.420168,487.98047,0.08723323,41.24471
-4.9411244,-3.3234603,-0.40062436,-4.042242,-1.0354373,-0.6056202,-0.14121297,-0.2574114,bg_rep03_2020,0,xgboost,14.934,31.815083,31.140001,92.50229,0.0,0.0,0.0,0.0
-2.0711539,-3.317446,-0.940321,-3.1989582,-0.31693494,-1.5858165,0.4450493,-2.707745,bg_rep04_9200,0,xgboost,6.6566668,21.51476,23.568,29.880362,21.147242,234.27823,0.59936774,42.967175
-0.18050462,-4.2066703,-0.34568533,-0.24954131,-1.1099713,-2.0255468,-1.8630174,-1.7127173,bg_rep04_832,0,xgboost,10.505667,29.754353,27.444,73.02163,27.431923,362.70047,-0.14395817,29.892681
-1.7454175,-3.3335958,-0.67025894,-3.0240197,-0.75896925,-1.3971379,-1.7089932,-2.875392,bg_rep02_2509,0,xgboost,7.0846667,21.022749,22.228,37.237694,17.451586,143.96465,0.2080662,42.37884
-0.83739555,-2.1360135,-1.208892,-3.589662,-1.2526704,-1.4503394,-2.897763,-2.0854616,bg_rep03_919,0,xgboost,12.244667,25.83263,28.728,109.92975,15.2336855,217.73135,-0.88083804,63.071003
-4.3625703,-2.6801264,-1.4795247,-3.2288172,-1.6086768,-2.4601269,-2.6745162,-1.6900483,bg_rep01_7019,0,xgboost,7.8223333,25.446758,28.64,31.501606,30.494366,428.38464,0.21031363,33.961006
-1.400167,-5.108568,-1.9423003,-0.8684526,-2.4540668,-1.894406,-1.2274865,-1.0449183,bg_rep04_8293,0,xgboost,10.8446665,22.011583,25.884,85.52876,28.46333,304.3083,0.12564857,32.03933
-2.9289165,-1.9217756,-0.63393044,0.78420794,-1.4491991,-2.4926777,-1.1157435,-0.30054116,bg_rep03_5470,0,xgboost,14.466666,25.358763,27.516,70.954926,26.028923,121.115746,0.3970318,33.115135
-0.5706146,-4.4823112,-1.6844388,-2.8724754,-1.057447,-1.1883625,-1.3365732,-2.8677247,bg_rep01_5610,0,xgboost,12.49,31.713385,25.44,86.93085,18.772308,1878.8002,0.14844508,36.97424
-5.046245,-3.3319383,-0.72522765,-4.517113,-1.0617266,-0.6998225,-0.12624691,-0.32699558,bg_rep01_1023,0,xgboost,15.0043335,32.586945,30.896,88.96801,0.0,0.0,0.0,0.0
0.5175551,-4.2551723,-2.2059915,0.25730824,-2.3034046,-1.1520864,-2.4431038,-0.2265632,bg_rep03_1835,0,xgboost,10.454667,21.14788,25.976,80.316986,29.244474,186.85396,-0.2789205,27.91269
-0.6004549,-3.9558735,-0.92047143,-2.6349282,-1.0812266,-1.0438268,-3.1664207,-2.4242933,bg_rep04_4686,0,xgboost,11.79,23.743355,24.1,100.250755,19.01986,766.90344,-0.09385387,36.59573
-0.69191104,-3.6887772,-1.8329371,-4.4432898,-1.3903866,-1.3342199,-0.52664506,-2.0327508,bg_rep03_2385,0,xgboost,10.903,21.612354,27.307999,118.99095,23.41844,134.88112,0.46149972,41.064068
-0.99994874,-4.2932153,-1.2415804,-2.9426823,-1.3215836,-2.2074006,-2.4564893,-1.6771249,bg_rep05_1268,0,xgboost,12.447666,29.793362,27.184,98.24013,18.360973,1773.6615,-0.3905975,40.079582
-1.4270316,-2.8436782,-0.07726035,-5.1017923,-0.110291585,-1.8975484,-2.0479608,-2.2741282,bg_rep02_8439,0,xgboost,12.066667,24.836708,27.544,121.951454,30.442228,147.12494,-0.1064348,45.05529
0.41730314,-4.3864594,-2.2311575,0.2759631,-2.00254,-1.1821076,-1.7440957,-0.44585386,bg_rep02_8112,0,xgboost,10.378333,21.025797,25.936,80.964966,29.49348,177.51984,-0.17610037,27.579422
-3.3192658,-3.336931,-0.37208977,-4.0345917,-0.9513129,-0.66995174,-0.06323705,-0.20264143,bg_rep02_5316,0,xgboost,14.347334,30.373726,30.692001,93.13919,0.0,0.0,0.0,0.0
-2.9473398,-3.9219286,-2.8072019,-2.2831805,-0.50322425,-1.0289555,-1.6593097,-1.2414366,bg_rep04_647,0,xgboost,6.5678573,24.480831,29.142857,44.58228,20.203915,12.302399,0.22505051,16.58715
-3.14753,-3.374493,-1.0334702,-5.1647305,-0.9148825,-1.0338829,-1.9158874,-1.4001509,bg_rep02_4305,0,xgboost,13.463,28.566881,25.136,127.381905,26.65231,610.31604,-0.3283356,40.92934
-1.431204,-2.7291408,-1.4126221,-2.0352838,-0.6884192,-1.5571047,-0.7891238,-1.1360328,bg_rep04_3490,0,xgboost,12.127,25.012375,26.012,99.850235,18.340044,434.0204,0.47288322,33.88183
-5.227471,-2.4512436,-1.7035167,-1.2678218,-0.95264655,-0.5959078,-0.0012710106,0.14145197,bg_rep01_5494,0,xgboost,14.681334,32.12827,29.068,77.12899,0.0,0.0,0.0,0.0
-1.8070568,-1.9647301,-1.2906281,-2.8867342,-1.706424,-1.2028903,-3.0235846,-2.7149856,bg_rep02_1136,0,xgboost,12.015666,25.484997,24.48,86.66252,20.29153,614.8348,-0.115966104,37.9654
0.5030659,-0.3775089,-0.25037333,-0.68059087,0.7762853,1.9117986,-0.16792634,1.4875195,presence_61,1,xgboost,12.377334,25.913519,24.12,101.61845,19.030685,937.43066,0.12452068,28.998903
-1.8764428,-4.244868,-1.6103787,-3.1859996,-1.8327248,-2.0271099,-1.7264423,-2.7596211,bg_rep03_4415,0,xgboost,12.547334,31.34639,26.44,89.20817,20.59735,1770.8994,0.26863965,36.079967
-3.4275172,-2.2348268,-1.7605973,0.7680277,-1.5418872,-1.5545464,-2.9833112,-1.0568056,bg_rep03_2198,0,xgboost,13.066667,26.414381,22.552,65.42903,20.692644,620.83136,-0.07385999,40.43162
1.0947676,-0.90969473,0.063406825,0.6253107,0.9728498,0.29109886,-0.8257679,2.1248946,presence_87,1,xgboost,10.382667,28.207636,26.596,76.15169,30.819715,492.14236,0.094414,28.321825
-4.1070395,-3.5250926,-1.7035931,-2.0250077,-1.0362266,-1.741988,-2.7592232,-1.8048316,bg_rep04_3434,0,xgboost,14.858666,32.708168,30.904,95.76482,18.36354,1362.963,-0.6105614,45.834984
0.38877583,-3.2792995,-0.46321672,-5.4126425,-2.0836213,-1.5331346,-1.9660549,-2.1233158,bg_rep01_2186,0,xgboost,10.430667,27.276848,27.372,103.21925,23.064997,158.40044,0.16706443,38.018147
-1.7221274,-3.3088338,-1.9926593,-2.4959426,-1.7132863,-3.0374951,-1.5902753,0.027395098,bg_rep03_2437,0,xgboost,8.281333,28.38406,20.12,62.57815,31.019472,2308.1172,-0.30863035,27.61389
-2.4147625,-3.2752695,-1.8582536,-3.318571,-0.9565199,-1.7352885,0.03770208,-1.0799519,bg_rep03_1140,0,xgboost,12.607,26.295261,29.303999,113.8105,15.716263,291.3175,0.9317934,55.659252
-3.8125696,-3.4222536,-1.8148009,-2.4342396,-0.8018406,-1.6007432,-0.44238192,-1.1698775,bg_rep04_2919,0,xgboost,13.749333,31.480295,29.244,94.45593,13.770135,1406.8859,0.38700533,57.65894
-1.7719007,-3.4060724,-0.844959,-1.991023,-0.8664402,-1.7112675,-1.3397363,-3.0540328,bg_rep03_2793,0,xgboost,8.342667,24.873783,23.324,40.414516,20.135632,66.565384,0.008278517,46.033077
-4.5696425,-2.490152,-1.5045921,0.83680665,-0.89732647,-1.9283929,-0.8920833,-1.3074034,bg_rep02_5636,0,xgboost,14.814,26.169447,26.284,71.35328,20.947151,410.43668,0.42752153,40.414425
-1.0535992,-2.0340855,-0.6065975,-2.8513975,-1.5875567,-2.1183946,-1.8723245,-2.3475115,bg_rep01_2101,0,xgboost,11.196334,23.190416,24.54,94.107574,20.74246,599.1577,-0.3463472,37.109272
-3.01499,-3.7337887,-2.1021845,-2.7043164,-0.8708039,-1.5113488,-0.18806376,-1.1539592,bg_rep01_1151,0,xgboost,14.324333,31.110098,29.544,97.87219,15.172926,1360.9686,0.4030867,62.680855
-1.9590344,-3.2677214,-1.417749,-2.7825935,-2.3968697,-2.6071467,-1.2130914,-1.7362435,bg_rep02_2074,0,xgboost,8.173,24.046722,25.74,28.84512,28.888193,873.7449,0.36513823,36.951668
-2.9372585,-4.0709844,-2.1254897,-2.5675838,-1.2415488,-2.228733,0.72829336,-0.9439141,bg_rep03_7629,0,xgboost,14.366,29.790146,30.928,98.77621,20.891514,1356.6726,0.8697961,43.692917
-3.722092,-3.7726097,-1.3293889,-3.2177866,-1.6917704,-2.2307627,-2.8211255,-0.96415734,bg_rep01_4936,0,xgboost,13.652667,32.475418,27.964,91.42739,19.855137,1562.6493,-0.2041943,31.410746
-0.8005127,-4.0206966,-2.5302715,-3.0318394,-0.84799063,-0.88753074,-1.3087616,-0.92996323,bg_rep01_6218,0,xgboost,5.4333334,21.646748,29.25,51.68874,8.15099,6.30705,0.4789305,7.817995
-1.6792636,-3.7663822,-1.739226,-3.4223778,-1.1525731,-0.5782082,-1.8635668,-2.3862028,bg_rep04_757,0,xgboost,11.605666,21.52067,25.188,90.998985,23.008026,282.83286,0.14667389,36.68097
-3.561765,-3.3413925,-1.356045,-2.265281,-1.2932254,-2.1345086,-2.85274,-1.8164855,bg_rep01_3589,0,xgboost,15.046667,32.92199,31.416,95.066345,18.844555,1284.1964,-0.27896336,39.44383
-2.1851945,-3.9724693,-0.50399953,-3.00614,-1.1072443,-2.137327,-1.6355789,-1.9547979,bg_rep02_1805,0,xgboost,13.181,31.865873,27.464,92.32959,18.648813,1679.2621,0.27721995,34.36226
-1.2927692,-1.5707638,-1.5555761,-3.1494544,-2.2191162,-1.8624089,-1.950447,-2.176442,bg_rep02_7845,0,xgboost,9.447333,25.470003,27.328,101.15152,24.431372,189.26787,-0.09978582,37.91326
-1.7291559,-5.0711308,-2.3046067,-0.2625126,-2.9813936,-1.4025933,-1.121004,-1.5367892,bg_rep02_7404,0,xgboost,11.079333,21.613995,26.12,80.16193,29.617332,202.731,0.30445567,26.619232
-0.47185877,-3.2359138,-1.2166725,-3.6321387,-0.9069229,-1.8044645,-0.70851666,-2.2390628,bg_rep01_4098,0,xgboost,11.581667,24.997122,28.108,107.89252,18.65862,136.77852,0.4089961,45.15013
0.5584872,-2.0433125,-2.1071563,-0.893192,-1.9008344,-1.9043349,-2.2543325,-0.47710037,bg_rep03_2253,0,xgboost,10.192,26.658297,21.892,82.96303,23.141785,896.94196,-0.18823837,40.555416
-1.0869986,-2.508937,-1.9746639,-2.9581797,-1.9534075,-0.15984847,-2.8071127,-2.6559691,bg_rep05_4704,0,xgboost,11.598666,25.34452,23.472,97.508484,17.732813,718.0979,-0.069415376,37.743713
-1.3801576,-3.6757903,-3.2267904,-4.7205935,-0.7375571,-1.4345001,-0.3725391,-0.23713598,bg_rep03_8126,0,xgboost,12.315667,32.334766,22.024,91.899536,0.0,0.0,0.0,0.0
-0.41522288,-4.9706883,-2.124098,-0.1547841,-0.8899114,-1.869447,-1.955416,-1.0726213,bg_rep03_7528,0,xgboost,10.095667,19.441664,26.012,81.408615,26.864935,67.080124,-0.20726597,30.637798
-4.746514,-2.3003867,-0.49960145,-0.6913833,-1.6137071,-0.3260821,-2.6119452,-2.479275,bg_rep03_7255,0,xgboost,13.730667,24.723904,24.608,73.634865,20.002432,696.99506,-0.11622259,38.819195
-2.3991132,-4.0266833,-0.5086745,-3.4582765,-1.065827,-2.2729867,0.50204563,-1.014813,bg_rep04_4621,0,xgboost,13.1796665,31.663624,28.26,92.377075,17.383377,1623.8114,0.33606562,32.16448
-4.267197,-3.8206398,-0.9265221,-3.6906953,-1.0485364,-1.2106035,-0.7142374,-2.545548,bg_rep05_5917,0,xgboost,13.962,24.120655,24.748,90.68576,20.958485,560.6267,-0.43259692,42.640476
-0.031535596,7.34635,-0.38639614,-0.5049378,-0.061588135,0.35394958,0.5684847,1.5088623,presence_7,1,xgboost,10.492666,70.83897,35.836,72.76742,0.0,0.0,0.0,0.0
-0.49649906,-5.4506598,-0.828806,-2.047214,-2.358102,-1.2288126,-2.1977246,-1.7885681,bg_rep04_8838,0,xgboost,10.823999,20.975119,27.359999,94.38937,34.002033,58.192142,0.04571267,24.510149
-2.1439881,-2.5578651,-2.097314,-3.281059,-0.8545137,-1.4816148,-2.5218554,-2.1990454,bg_rep05_5663,0,xgboost,12.708334,25.512594,29.592001,120.67496,18.27146,160.74841,0.08998976,58.404015
-3.950065,-3.5201979,-1.8946658,-2.754762,-0.64182,-1.5368335,-0.46943814,-1.1915112,bg_rep05_4683,0,xgboost,13.648334,31.257635,30.032,98.48858,18.601374,1300.4221,0.47848287,42.684963
-1.2948496,-5.623564,-0.8025363,-4.2049212,-2.1644306,-1.7826856,-1.7494466,-1.8079649,bg_rep04_7757,0,xgboost,11.879,22.46237,27.432,113.906235,31.978085,148.7579,-0.6713459,26.018793
-1.3185936,-3.4972115,-3.2285793,-4.3693023,-0.5573111,-0.96461266,-0.4016662,-0.2262589,bg_rep01_5562,0,xgboost,11.783333,32.815342,19.348,96.92419,0.0,0.0,0.0,0.0
-0.2541452,-5.6904244,-2.5138252,-0.09667817,-0.94320655,-1.6803328,-2.4360602,-1.1785188,bg_rep04_9126,0,xgboost,10.203,20.35227,26.359999,81.55345,30.823507,71.03792,0.18214494,21.406301
-3.1536071,-4.7331576,-1.661984,-2.851681,-1.1643157,-0.35599175,-0.22991844,-0.6270766,bg_rep05_7759,0,xgboost,7.099,25.130983,28.292,60.301693,0.0,0.0,0.0,0.0
-4.0274277,-2.926619,-1.5264169,-3.206103,-2.4751492,-2.3200095,-1.6793475,-1.7044175,bg_rep04_8819,0,xgboost,13.407001,27.69126,23.0,99.83548,22.06708,1205.7504,0.14132029,32.95828
-3.3490071,-4.0665,-3.2724895,-2.3760529,-0.6371039,-0.38503027,-0.2061778,0.0007732671,bg_rep01_4627,0,xgboost,7.121667,25.445429,30.12,62.27477,0.0,0.0,0.0,0.0
-3.8201187,-2.5756347,-3.744412,-2.3077254,-1.7657255,-1.444187,-2.6532152,-0.6992721,bg_rep04_5422,0,xgboost,8.014706,27.72126,29.988235,39.457256,26.747396,28.48599,-0.20068659,27.485067
-1.3276101,-4.5807977,-1.6219449,-4.753536,-1.8201228,-1.3839178,-1.6354212,-0.3570541,bg_rep05_5644,0,xgboost,11.176001,21.700972,26.828,115.96809,28.822788,213.34265,-0.11503413,30.701672
-0.694944,-2.4113333,-1.5503844,-4.538757,-1.2868494,-1.7744671,-2.8079157,-1.3217436,bg_rep03_5277,0,xgboost,11.560667,23.45153,27.9,112.04305,26.645554,153.17633,-0.20877115,33.856133
-1.0252329,-2.7724574,-2.5364769,-1.8778316,-0.3861253,-1.8020483,-1.9505908,-2.2576447,bg_rep04_6433,0,xgboost,11.846,24.782427,21.676,63.874077,20.086466,531.0168,0.17119062,42.98328
-2.6364915,-3.3509223,-0.5215713,-1.7901269,-1.5322338,-1.8556646,-1.8686403,-2.8158321,bg_rep04_7181,0,xgboost,9.035666,28.42835,27.504,52.381214,22.810177,356.69086,0.14597903,37.72201
-3.3150105,-3.117198,-1.4474561,-3.4387207,-0.69520235,-0.57474786,-0.1835147,-0.39335313,bg_rep04_1260,0,xgboost,13.001667,30.91219,29.072,99.73252,0.0,0.0,0.0,0.0
-1.921991,-3.2138283,-1.815876,-2.3712406,-0.7094791,-2.719857,-0.39401206,-1.3203783,bg_rep05_4789,0,xgboost,8.837,28.218801,27.728,63.964016,26.855362,1029.7325,0.75803316,33.057648
-0.40695524,-2.6664946,-1.0461131,0.5391895,-0.93964785,-1.9211522,-1.7278501,-1.324916,bg_rep04_5617,0,xgboost,10.572917,28.007727,23.8,65.34142,6.7373013,8.79295,0.37156513,12.770364
-1.035328,-1.855693,-1.5758451,-4.4257975,-1.650467,-2.2285233,-2.6018374,-2.029839,bg_rep03_7898,0,xgboost,11.868667,24.564672,27.896,110.40994,25.713953,134.7078,-0.23614271,37.129917
-0.3037323,-2.6505458,-1.3469454,-2.9079225,-0.9977348,-1.6007435,-1.1317195,-0.3879457,bg_rep02_2044,0,xgboost,9.64079,24.982952,27.757895,98.391,23.19101,8.94949,0.4222618,32.55943
-0.9530218,-2.0978932,-1.9839956,-5.001177,-1.8527352,-1.5915917,-2.5534246,-0.50665426,bg_rep05_6768,0,xgboost,11.588667,23.326624,26.12,113.191925,24.540995,210.86859,-0.25801304,32.547256
-2.9957774,-3.0791483,-0.28147185,-4.528733,-1.3446959,-1.543014,-2.6814759,-2.2567952,bg_rep01_5554,0,xgboost,12.995334,26.447683,28.624,123.75392,23.176939,186.44707,-0.05204743,52.62119
-5.0020394,-3.5992954,-0.97525907,-0.48377752,-1.6867841,-1.8244197,-1.6999495,-2.5740921,bg_rep04_2289,0,xgboost,15.029,29.282597,24.628,70.12925,20.759838,580.1792,-0.37552932,41.440456
-1.3801035,-2.5234406,-2.0428712,-3.0622783,-1.4276434,-2.6065073,-2.5346043,-1.212418,bg_rep02_6628,0,xgboost,11.474999,23.219343,25.496,94.56973,26.770926,450.71982,-0.27723652,32.032654
-1.2723405,-2.8496263,-1.8893597,-3.7881963,-0.7039506,-2.0264542,-3.050145,-1.8523058,bg_rep03_4101,0,xgboost,12.434667,24.967205,28.816,120.913086,20.921663,147.5364,-0.15573226,56.999012
-2.799584,-3.1302645,-0.94241476,-4.920353,-1.1260859,-0.52439296,-0.17696995,-0.18686344,bg_rep05_9585,0,xgboost,15.126666,32.775757,30.907999,87.21734,0.0,0.0,0.0,0.0
-0.36761644,6.437194,-1.2405412,2.124123,0.61006534,0.99614275,0.37741372,1.6080328,presence_190,1,xgboost,8.899305,50.528347,21.079166,14.70375,0.0,0.0,0.0,0.0
-3.6078138,-3.1271544,-1.5097647,-2.6519063,-0.8583119,-0.38997194,-0.14515406,-0.24733862,bg_rep01_4801,0,xgboost,7.358333,26.078585,28.372,59.369556,0.0,0.0,0.0,0.0
-2.9177728,-4.3054748,-0.35184592,-4.308091,-0.8469463,-1.1021591,-1.5112407,-1.5783988,bg_rep05_5661,0,xgboost,13.012,24.432928,27.52,102.68731,28.226719,223.7949,-0.07993773,26.508247
0.20179185,-4.1834903,-2.3353565,-1.116359,-0.47589144,-2.3009293,-3.3127768,-2.318835,bg_rep02_5654,0,xgboost,10.673,30.173584,29.012,77.73055,26.915525,133.33022,-0.2485683,34.27618
-0.8064458,8.476419,-1.1609343,0.011755749,0.27779445,0.5423986,0.5904609,1.5966256,presence_155,1,xgboost,11.926666,49.048637,30.328,39.52771,0.0,0.0,0.0,0.0
-5.046245,-3.3319383,-0.7727366,-4.517113,-1.0617266,-0.6998225,-0.12624691,-0.32699558,bg_rep03_1582,0,xgboost,15.010333,32.585823,30.828,87.963524,0.0,0.0,0.0,0.0
-1.0332087,-3.4422784,-1.6122395,-3.1062224,-0.49456075,-1.39018,-0.40234265,-1.5453062,bg_rep01_6014,0,xgboost,12.112667,28.43616,25.908,102.48728,20.339098,1870.9861,0.469411,41.11299
-1.1067959,-2.135679,-0.7933072,-3.1659167,-1.1063834,-2.1300898,-2.8378546,-1.7325412,bg_rep04_7468,0,xgboost,11.357667,23.175127,24.676,96.98252,22.60989,607.6508,-0.13774137,34.46324
-1.8687131,-2.876072,-1.8005651,-3.5530005,-2.078768,-1.6336802,-2.5860748,-1.1089381,bg_rep04_9972,0,xgboost,11.964334,24.35339,25.48,95.79327,25.280027,541.6934,0.063370965,33.137947
-0.45613778,-3.4488587,-1.6437399,-4.0962653,-1.3610702,-1.84171,-1.7342627,-2.9096527,bg_rep05_9742,0,xgboost,10.1293335,23.917013,25.664,105.62785,18.800074,489.49927,-0.023494016,48.74537
-4.325291,-3.4162192,-1.1231196,0.36803883,-1.6081985,0.16322212,-1.9661528,-0.53474134,bg_rep04_4237,0,xgboost,13.403,25.705791,22.916,68.40593,20.431145,729.27234,-0.6184304,40.34294
-3.7822177,-4.1222596,-1.5301595,-2.9502487,-1.0105865,-0.3294945,-0.11120536,-0.44262418,bg_rep04_9361,0,xgboost,7.4813337,25.687864,28.472,59.50737,0.0,0.0,0.0,0.0
-0.42615873,-5.668604,-1.5871415,-0.95935285,-2.929684,-1.5821936,-1.0585239,-2.1528037,bg_rep01_6203,0,xgboost,10.601334,20.295073,26.8,85.23305,32.4208,56.107258,0.79338294,24.27378
-0.942361,-2.7368042,-0.76849663,-1.6609021,-0.70092076,-1.2309998,-2.513162,-2.45357,bg_rep04_3134,0,xgboost,8.635,23.74079,24.756,30.26671,22.000282,15.543956,0.19111615,43.797832
-1.1615969,-4.167727,-1.6712466,-0.6431953,-1.6384555,-2.0356636,-1.722512,-1.2024423,bg_rep01_1620,0,xgboost,11.017,30.071514,27.86,69.251526,31.46414,309.5343,-0.1444738,28.927187
-2.2391562,-1.9514172,-0.82005614,-2.589887,-0.5315421,-2.1165955,-0.18912353,-2.254312,bg_rep04_7709,0,xgboost,12.745,25.858221,27.376,102.02674,19.95047,384.50922,0.6914471,38.7837
-3.7249699,-2.052511,-0.578,0.85614675,-0.81999165,-0.10945014,-1.5501101,-0.53157,bg_rep05_4511,0,xgboost,15.217667,28.170431,24.776001,68.25201,21.179035,649.79913,-0.39950046,40.465458
0.23035057,-2.730544,-0.896872,-2.3009868,-2.7142866,-0.652267,-1.4940743,-1.3890214,bg_rep01_274,0,xgboost,8.891334,24.33848,27.616,97.94168,24.912321,60.661636,-0.1883073,37.911118
-2.7051663,-2.948143,-1.8630724,-3.6145654,-0.53337,-1.5663033,0.06415298,-2.0151238,bg_rep02_2387,0,xgboost,12.849667,26.064232,30.0,119.78288,17.100246,202.73894,0.45359406,51.078808
-3.3124366,-2.7863503,-1.039513,-2.8254929,-1.1667373,0.060517278,-1.4404956,-1.2474661,bg_rep03_8695,0,xgboost,13.089666,26.913536,23.807999,96.89087,21.010654,955.7124,0.21257891,30.371273
-1.607103,-3.5845668,-3.2097778,-4.0498657,-0.55978435,-1.5213584,-0.436801,-0.14639515,bg_rep02_9796,0,xgboost,12.417,32.97833,21.008,95.78331,0.0,0.0,0.0,0.0
-1.5307469,-5.601832,-2.3260183,-0.392708,-1.4469345,-1.9894356,-1.1534177,0.21563187,bg_rep04_6993,0,xgboost,11.075333,20.726353,26.24,76.82023,28.552164,37.125378,-0.112023495,28.313507
-2.0582078,-3.6206455,-3.850687,0.22672532,-1.4293333,-2.4249964,-2.9362016,-1.6422352,bg_rep05_6570,0,xgboost,9.477333,29.458328,30.164,66.24191,23.422369,603.62506,-0.26600033,34.733803
-3.0068445,-4.420814,-0.7835447,0.035887018,-1.4783508,-1.0289782,-2.4315472,-2.0790691,bg_rep03_8684,0,xgboost,12.5546665,24.07507,22.48,69.46556,19.034325,763.47626,0.026230097,42.532696
-4.2534256,-4.030612,-3.0586822,-2.5550966,-1.8909998,-2.0739796,-1.0462149,-1.2385623,bg_rep03_6004,0,xgboost,7.2460003,25.044933,32.54,62.50423,26.494993,446.253,0.0018411295,26.796627
-1.595675,7.8910317,0.4833968,-0.9899756,-0.098486,0.011871815,0.29765767,1.3093339,presence_23,1,xgboost,13.281667,51.233093,34.196,81.91966,0.0,0.0,0.0,0.0
-0.62842125,6.1982713,-1.9244281,2.4218535,0.50996417,0.49903876,0.36506423,1.3362637,presence_207,1,xgboost,10.93,44.037067,23.388,16.207617,0.0,0.0,0.0,0.0
-3.6033921,-3.1127794,-3.3112054,-1.299925,-0.61687595,-0.24043263,-0.055935312,0.05085353,bg_rep04_3978,0,xgboost,7.5643334,25.767588,30.624,60.703762,0.0,0.0,0.0,0.0
-0.41980657,-2.7026703,-1.0363322,-3.87006,-1.3225662,-1.8280914,-0.35956213,-2.0109346,bg_rep04_8025,0,xgboost,9.384334,23.22395,24.632,107.494934,18.808819,619.68164,0.33718008,40.169907
-2.585911,-0.669087,-1.4716423,-4.6540112,-0.9234451,-0.42269143,-0.10416508,0.042239305,bg_rep02_800,0,xgboost,15.136333,33.290077,30.36,87.96744,0.0,0.0,0.0,0.0
-0.19355747,-2.6756756,-1.9557848,-2.089409,-1.4489074,-1.2345643,-2.026566,-2.426745,bg_rep02_7418,0,xgboost,8.082,21.614248,27.168001,100.50577,17.922503,10.231224,-0.41550118,47.176952
-3.581173,-4.7908163,-2.737176,-2.526745,-0.7637512,-0.32810125,-0.088938974,-0.37242728,bg_rep03_8728,0,xgboost,7.707333,24.965448,32.232,51.898582,0.0,0.0,0.0,0.0
-2.1201332,-3.3729668,-1.3967813,0.77585703,-1.772516,-1.2633127,-1.6456261,-2.4153666,bg_rep03_5762,0,xgboost,12.622666,24.188768,26.988,70.71395,24.261267,208.92365,0.27227908,29.975344
-1.0565869,-4.807509,-0.83996373,-2.728737,-2.819589,-3.440768,-1.0006717,-1.7744886,bg_rep05_5414,0,xgboost,9.512667,29.542442,24.764,52.712997,29.614584,1342.1759,-0.4298386,38.373947
-1.9140648,-5.7154818,-1.5079228,-1.8934551,-2.2384276,-1.9589273,-1.3773811,-1.8640398,bg_rep01_184,0,xgboost,11.929334,22.173483,26.632,89.93528,29.335035,59.329594,-0.46029893,28.935482
-1.6918356,-2.502108,-1.6532525,-5.587903,-1.0759722,-1.0465839,-0.8437172,-0.60238063,bg_rep05_2414,0,xgboost,13.367333,27.224712,25.064,126.474815,28.12597,471.54776,-0.016901089,27.309189
-2.235622,-3.2431998,-3.5611134,-2.0042796,-2.0590398,-1.1805667,-2.1218407,-1.8055501,bg_rep02_725,0,xgboost,8.5373335,27.650387,30.004,46.686493,25.169815,4.7413244,-0.1245902,41.712543
-3.8114922,-3.3874364,0.4517854,-3.2652905,-0.60371053,-0.5446039,-0.18051818,-0.15263306,bg_rep04_4244,0,xgboost,14.552,30.04377,32.26,99.361595,0.0,0.0,0.0,0.0
-0.72942823,6.9619164,-1.3678792,1.4242582,0.48081613,0.8217935,0.30806944,1.2933818,presence_172,1,xgboost,8.814667,41.555096,23.66,26.252136,0.0,0.0,0.0,0.0
-4.717361,-3.023159,-1.4636893,-4.2561383,-0.5882657,-0.7769017,-0.29316974,-0.4785894,bg_rep01_9194,0,xgboost,13.689,32.085598,28.956,100.34869,0.0,0.0,0.0,0.0
-1.9712086,-2.2439494,-1.5582794,-3.548304,-0.7122281,-0.09112164,-2.624185,-2.71312,bg_rep04_6302,0,xgboost,12.1779995,27.46752,23.312,95.19654,20.347769,744.51447,0.022268955,35.44466
-3.3451025,-3.801992,-2.4740977,-1.8166617,-1.5643802,-2.0946817,0.6465256,-1.0757048,bg_rep01_5193,0,xgboost,14.516334,30.300438,30.608,94.37293,20.437931,1394.4768,0.89541143,42.85558
-4.990689,-3.2859037,-0.34508017,-4.5577893,-1.0667812,-0.64199054,-0.1264231,-0.22676152,bg_rep02_2945,0,xgboost,15.047667,32.92418,30.704,90.2938,0.0,0.0,0.0,0.0
-2.598353,-4.2579207,-1.27328,-1.1868769,-1.7637821,-0.3942659,-1.5445545,-1.6449982,bg_rep01_551,0,xgboost,7.3556666,22.727928,26.964,22.994137,28.88446,6.944717,0.32810718,35.80279
-0.06205391,-2.1588218,0.0033350168,0.2738204,-1.5266105,-1.8479651,-1.9708872,-0.4153954,bg_rep01_6052,0,xgboost,8.092982,20.957703,23.847368,81.05296,21.96134,34.323803,-0.095157385,27.108591
-1.7835214,-3.8623753,-1.4323256,-3.8719578,-2.0224814,-1.4529132,-1.178581,-2.3609858,bg_rep03_6304,0,xgboost,14.049667,23.700518,26.412,94.14622,24.791367,353.13266,-0.32918075,41.907555
0.750917,-0.9332001,0.51130456,0.26513427,0.36175072,1.772324,0.96142334,0.06818829,presence_149,1,xgboost,10.890333,30.878796,28.324,53.846424,27.407845,730.9485,0.5626596,32.25523
-2.9711242,-2.349217,-1.8926102,1.704662,-1.2401788,-1.4189185,-2.9965835,-2.4403205,bg_rep03_561,0,xgboost,12.646334,25.920992,23.04,67.50989,21.147997,494.94592,-0.22366644,39.37967
-2.0203192,-3.565159,-1.686869,-1.6028397,-2.8315113,-2.755575,-0.3816223,-2.4277744,bg_rep01_2959,0,xgboost,8.683333,28.756569,25.024,64.72931,28.906122,1474.7987,0.6222574,28.72012
-1.8607984,-2.7287064,-3.277746,-0.67175066,-0.8101658,-1.43065,-1.325235,-0.98536664,bg_rep02_6596,0,xgboost,9.141666,27.899288,29.933332,68.7126,16.248608,3.4251535,0.43925318,17.825336
-1.8969818,-5.295023,-1.2509592,-2.4692082,-1.3628868,-2.5409188,-2.6809857,-0.6498912,bg_rep04_9766,0,xgboost,12.33,22.752436,26.6,90.46821,31.154987,58.063404,-0.53276193,28.142094
-4.176062,-2.8576329,-1.5920991,-2.5208774,-1.7521634,-2.0683105,-2.1324959,-1.8435892,bg_rep02_9301,0,xgboost,7.478667,26.233574,28.72,36.22303,31.206266,128.66136,0.15252419,35.22299
-1.9827149,-3.260159,-3.350475,-0.77188873,-1.2324085,-1.2694948,-1.5845531,-1.4719617,bg_rep05_5361,0,xgboost,8.646667,26.690536,30.52,22.287529,30.621382,25.727743,0.9286697,25.292953
-3.6534145,-3.488657,-0.21067356,-3.9689295,-0.69888335,-0.6422619,-0.16264129,-0.21782835,bg_rep04_7260,0,xgboost,14.509666,30.673235,31.308,97.31733,0.0,0.0,0.0,0.0
-0.012945344,-3.6327076,-1.1231617,-3.2530668,-2.0455344,-2.039521,-2.8374896,-2.5806777,bg_rep04_8271,0,xgboost,10.477333,23.909935,22.684,86.92996,17.91851,620.3343,0.06580367,38.845757
-1.9450008,-4.1946163,-0.46957627,-4.031074,-1.4005085,-1.6893085,-2.6051455,-2.041703,bg_rep02_610,0,xgboost,12.068666,22.91809,28.18,118.49052,28.97085,141.57516,-0.28110442,42.644104
-1.1740551,-5.02777,-1.5893761,-2.6933212,-1.8052822,-2.0137725,-1.067684,-1.9989775,bg_rep03_1258,0,xgboost,11.542334,22.407076,27.136,97.27142,26.530224,99.28365,0.451816,29.739407
-2.9044628,-3.661155,-2.8770342,-2.3994992,-0.5244646,-0.22740941,0.062658034,-0.05247775,bg_rep03_6120,0,xgboost,8.09,26.995462,31.576,59.77497,0.0,0.0,0.0,0.0
-2.2451854,-3.8402104,-2.5397189,-1.1770768,-1.2953106,-2.173829,-2.177042,-1.5485162,bg_rep03_1055,0,xgboost,14.260667,30.797915,30.316,85.88618,18.00955,1381.515,-0.96493447,39.36203
-3.4729214,-3.3988438,-0.7360856,-4.4112344,-1.2566624,-1.1243925,-0.215819,-0.9859592,bg_rep01_7386,0,xgboost,14.094334,32.93992,28.36,93.03631,0.0,0.0,0.0,0.0
-1.1330174,-3.1385138,-1.2665825,-3.7575154,-1.8705788,-1.421226,-2.8013637,-2.8113701,bg_rep03_201,0,xgboost,11.335667,25.021336,23.896,91.647514,16.974686,616.81647,0.06143526,40.866436
-0.787457,0.26560834,-0.4308388,0.6130473,0.257537,0.7527702,2.480354,0.21166284,presence_132,1,xgboost,15.1883335,27.711891,25.6,69.5996,21.134123,637.1612,0.65660584,39.913876
-1.3583348,-2.979814,-1.0684384,-3.3626122,-1.5819824,-1.0313586,-2.32799,0.17076893,bg_rep02_2955,0,xgboost,12.119667,25.175877,26.844,98.33382,20.79956,548.61865,-0.18674561,27.616827
-3.5426285,-3.4867682,-2.7971237,-2.618063,-0.5282271,-0.31829605,-0.006242484,0.21776098,bg_rep04_4971,0,xgboost,7.9376664,26.08329,31.508,57.09068,0.0,0.0,0.0,0.0
-2.0800803,-2.5923188,-0.9170396,1.3171673,-1.3009408,-1.4305797,-1.7407862,-2.8066213,bg_rep02_5155,0,xgboost,12.711333,23.866568,26.792,68.040794,26.561796,68.3609,0.47731367,29.917343
-4.557229,-1.0216515,-0.9484198,0.7765635,-1.4427785,-0.51519245,-0.9880535,-2.4125094,bg_rep05_1925,0,xgboost,14.876667,27.676489,24.464,71.5356,19.539331,667.2538,0.2965355,41.173145
-4.085349,-1.2925134,-1.9511776,-3.8186834,-0.7054217,-1.0091932,-0.12645644,-0.031835366,bg_rep01_5880,0,xgboost,13.403,33.251465,26.512,96.328514,0.0,0.0,0.0,0.0
-0.8394388,-2.6060843,-0.18830375,-4.3639417,-1.1876645,-1.6827437,-0.3870999,-1.9437187,bg_rep01_1545,0,xgboost,12.251333,24.485037,28.42,121.68932,22.860043,141.22069,0.36560076,52.939045
-0.26215214,-3.153013,-1.2640712,-4.2092147,-1.6131893,-1.0291753,-2.2745237,-2.5710318,bg_rep02_8571,0,xgboost,9.918333,23.948072,26.604,105.71583,17.892282,281.34482,-0.18497461,46.03159
-1.5265746,-3.3667066,-3.1729887,-4.515019,-0.4823147,-1.0239568,-0.41055807,-0.116816334,bg_rep01_9739,0,xgboost,11.791,31.788527,13.316,96.364426,0.0,0.0,0.0,0.0
-0.36263132,-3.209526,-1.7338189,-3.4843328,-0.66242874,-1.5786393,-0.67642945,-2.412517,bg_rep02_6072,0,xgboost,9.091666,22.60484,26.84,105.82171,17.128948,124.046585,0.54176265,50.355152
-4.671651,-3.3167331,-1.689144,-0.029530598,-1.4336665,0.0064085396,-3.1668196,-1.6120553,bg_rep03_7392,0,xgboost,13.955,25.677116,23.752,69.69161,21.130522,721.3315,-0.26452634,40.078304
-1.8118303,-4.305929,-1.5469654,-3.9098315,-2.135613,-1.650119,-1.0154414,-2.1862726,bg_rep05_323,0,xgboost,12.142333,22.774277,26.8,107.82264,27.232325,163.65639,0.7405208,29.658121
-3.7313304,-2.626842,-3.2070684,-2.8519287,-2.161312,-1.1147515,-1.4806988,-1.4207153,bg_rep03_7986,0,xgboost,6.9350004,24.5053,29.58,57.024998,34.239006,167.2334,0.11930801,35.248493
-2.6684291,-3.8758104,-2.1564527,-2.8459282,-0.9938487,-1.9029404,-2.3625238,-1.4306995,bg_rep04_1540,0,xgboost,14.169001,30.629053,29.688,97.89357,19.523472,1504.0917,-0.8554205,41.78513
-1.4217787,-3.2606144,-2.6221523,-1.7191076,-1.3557504,-1.8496768,-2.741686,-2.701061,bg_rep05_413,0,xgboost,11.654333,25.125763,21.768,63.115124,20.532972,540.5616,-0.15035346,41.091526
-4.6819654,-3.479797,-1.4087255,-3.9442108,-1.1636772,-0.88480645,-0.15382859,-0.53633034,bg_rep04_8970,0,xgboost,13.909,30.265907,29.32,92.20974,0.0,0.0,0.0,0.0
0.19847277,-3.7424095,0.3659138,-1.3318081,-1.484403,-1.8915304,-0.4483968,-2.190506,bg_rep02_8801,0,xgboost,10.6553335,29.535793,28.444,84.09249,26.564615,261.4154,0.66495717,36.553932
-5.0245185,-3.3009534,-0.65135425,-4.5081058,-1.0744083,-0.693467,-0.14000314,-0.2755004,bg_rep02_1702,0,xgboost,14.995,32.791725,30.872,91.085724,0.0,0.0,0.0,0.0
0.6968769,-1.1135072,0.2266327,3.0319905,-0.30991414,0.28354552,0.5206456,-0.07764085,presence_116,1,xgboost,11.011666,25.511229,23.272,67.94239,21.973162,612.76886,-0.39307892,42.49296
-2.0555394,-3.4679444,-0.238846,-2.5427442,-1.7940545,-2.1289885,-1.930773,-1.8095717,bg_rep02_438,0,xgboost,7.598611,23.85125,23.083334,42.490185,18.752266,29.064058,-0.71707225,40.04475
-1.2819808,-1.9979572,-0.22897078,-1.5087333,-0.65612066,-1.3723909,-2.5449224,-2.8638155,bg_rep02_4462,0,xgboost,9.382334,24.53539,24.648,38.8391,22.500132,207.92912,0.046253163,43.754578
-0.32991067,-4.8381634,-2.444421,-0.702379,-1.5989143,-2.364576,-0.6044453,-1.1604148,bg_rep04_2604,0,xgboost,10.162,18.960371,26.112,82.92872,26.377008,36.224022,-0.020702424,30.824167
-1.2572145,-3.7991457,-1.9934813,-3.3828778,-1.3451959,-1.6487567,-2.6525147,-1.9295205,bg_rep05_1613,0,xgboost,11.851666,22.647074,28.8,117.079895,26.511234,130.96104,-0.22807948,44.04062
-0.903264,-2.9872024,-0.3168782,-4.558841,-1.5414581,-1.0119402,-1.8535464,-2.5157177,bg_rep01_3581,0,xgboost,11.8203335,23.445599,27.536,103.52063,22.87003,234.82663,0.25298795,35.542255
-3.621474,-3.3358243,-3.1981616,-2.6243615,-0.59246826,-0.46770436,-0.010283539,0.15987411,bg_rep04_9325,0,xgboost,7.763667,26.07007,30.156,58.750496,0.0,0.0,0.0,0.0
-4.5101314,-2.550115,-0.8403773,-1.0731349,-1.3799194,-1.2657392,-1.1939485,-2.8308716,bg_rep05_8216,0,xgboost,13.398666,24.473345,24.82,74.11528,19.890455,555.7281,0.36315656,40.828636
-3.6501288,-2.8399134,-0.8745428,0.93957853,-2.179247,-2.1969917,-1.6936963,-2.8241177,bg_rep03_8264,0,xgboost,13.888666,24.93656,24.956,71.334984,19.046148,593.2366,0.01868299,42.176548
-3.928351,-2.3734276,-1.4766979,0.56955177,-1.4443493,-1.8096216,-1.9860051,-1.6747746,bg_rep02_7590,0,xgboost,13.471,26.55326,22.62,65.14179,19.68816,607.3562,-0.5185191,40.260456
-2.7588418,-3.57989,-1.7675518,-0.71980286,-2.2309773,-1.9598215,-2.2589955,-2.381333,bg_rep04_3213,0,xgboost,8.803,28.820717,28.252,67.168884,25.744516,951.4219,-0.07937882,30.541058
-0.024766108,-4.6900287,-1.6426636,-5.3531966,-1.7225496,-1.7653135,-1.869249,-0.3253279,bg_rep01_2352,0,xgboost,10.354667,19.983532,26.684,113.38934,26.227547,147.72243,-0.11386858,28.218006
-5.2525764,-3.1960325,-1.3175945,-4.1794705,-1.1164352,-0.74983484,-0.17094052,-0.41571385,bg_rep02_1603,0,xgboost,14.950666,32.838398,30.476,92.55254,0.0,0.0,0.0,0.0
-1.2151563,-3.2208352,-1.3360685,-4.002613,-0.76819104,-1.4996644,-1.9642898,-1.227275,bg_rep01_156,0,xgboost,11.830667,23.009699,25.86,103.138016,26.832766,263.3018,-0.274266,29.510187
-3.9450958,-1.7919123,-1.6947808,-0.68854314,-1.5935162,-1.0642012,-2.0086765,-0.99915886,bg_rep04_419,0,xgboost,13.779333,24.445312,26.444,74.17994,24.34965,225.96786,-0.16109125,33.067093
-1.2831496,-3.5637217,-1.8633107,-4.3641334,-1.6772586,-1.2206206,-2.4727147,-2.0540237,bg_rep04_1471,0,xgboost,12.152666,24.25682,28.788,118.780464,21.926592,161.35843,0.024687925,45.424263
-1.3353231,-2.805197,-1.0128813,-0.78003865,-1.7935628,-1.6159831,-2.026855,-1.724235,bg_rep02_8556,0,xgboost,8.4348955,24.946087,28.48125,80.3441,24.162228,22.468119,0.24873562,35.51346
-2.4724433,-2.3180041,-0.64112484,-0.09245219,-2.0030842,-1.3710041,-0.068891555,-2.2061582,bg_rep03_137,0,xgboost,14.065333,25.864902,24.64,70.055405,19.75119,624.65656,0.67648405,38.184814
-5.3177867,-3.2386549,-1.5069205,-4.5780067,-1.1519984,-0.8096627,-0.15544441,-0.51699775,bg_rep01_5901,0,xgboost,14.732334,33.026215,29.74,87.30877,0.0,0.0,0.0,0.0
-0.81924564,-4.262139,-2.1351707,-1.5251127,-1.7314838,-3.0656688,-0.95978284,-1.1910994,bg_rep01_3347,0,xgboost,10.649,30.304497,22.424,83.58365,28.853502,2085.4731,-0.065366924,22.381365
-1.7413872,-3.9785416,-3.5006483,-2.1663408,-1.0952934,-1.8850908,-2.2828104,-2.052709,bg_rep03_4653,0,xgboost,9.288667,28.93305,30.108,49.536076,21.820625,16.554178,-0.37879032,43.023685
-2.5001512,-2.9901047,-1.9355104,-3.3511941,-0.61976296,-2.0846128,0.6472207,-1.9134289,bg_rep01_6316,0,xgboost,12.829333,26.139635,29.564001,117.59227,18.409773,187.99316,0.6119201,53.253754
0.45636654,-3.4980717,0.06355322,-1.6188612,0.4950421,-0.92158496,-0.8209233,-0.84455824,bg_rep03_5572,0,xgboost,8.89375,24.135008,28.324999,91.19289,27.625393,24.196928,-0.03829635,39.75695
-1.693125,-5.3565407,-1.8182199,-0.44055352,-1.8122184,-1.8652798,-0.73262876,-1.7820126,bg_rep03_8431,0,xgboost,11.316,20.16681,26.831999,79.941666,28.22854,25.598143,0.8383211,31.645145
-2.3149817,-3.414085,-1.4919271,-3.2737274,-0.77149534,-1.6856723,-1.2795475,-0.4445185,bg_rep03_9173,0,xgboost,12.55,23.386255,27.048,99.6585,26.883274,183.11261,0.12192512,27.11562
-1.0582141,-2.8738925,-1.4568062,-3.4320822,-2.4639125,-0.83393097,-2.777629,-1.6529818,bg_rep03_4967,0,xgboost,11.507,26.592255,23.188,89.76938,23.06055,780.47504,-0.09451982,33.89112
-4.4792438,-3.4710562,-1.6704224,-3.3986428,-1.0537218,-0.8667526,-0.13119957,-0.536128,bg_rep01_7161,0,xgboost,13.715667,29.207127,29.968,93.39845,0.0,0.0,0.0,0.0
0.8150614,-2.8322093,-0.7351598,-5.25733,-2.7267914,0.19859424,-1.2899004,-1.601776,bg_rep02_7260,0,xgboost,10.390333,26.156311,24.388,109.32574,23.793173,711.7456,0.2808622,34.95856
-3.3870332,-3.0312366,-1.2720902,-1.5197873,-1.0984906,-0.8949786,0.06672208,-0.20400049,bg_rep02_9960,0,xgboost,14.031,31.386452,28.752,81.772255,0.0,0.0,0.0,0.0
-1.5850914,-5.5041194,-1.6486474,-0.18118873,-1.7765107,-1.9838543,-1.1082221,-1.4485004,bg_rep05_6021,0,xgboost,11.5703335,20.32022,26.896,80.53837,28.779625,23.77471,0.32695088,31.633446
-2.8348303,-3.3877454,-0.565894,-2.5251775,-1.0626687,-0.876478,-0.21252261,-0.7860568,bg_rep05_5931,0,xgboost,13.333667,29.685783,28.316,94.32551,0.0,0.0,0.0,0.0
-1.1191021,-3.1218302,-3.0197642,1.5285015,-0.43712628,-0.67791194,-2.3042328,-2.4630466,bg_rep05_491,0,xgboost,12.502666,25.158295,22.044,67.96663,21.153475,664.3239,0.19093807,40.964325
-1.9533522,-3.8598003,-2.009539,-0.3877624,-2.6271355,-3.130008,-2.357245,-2.2849832,bg_rep05_403,0,xgboost,8.408,28.482384,26.416,66.5392,24.241226,1237.5399,-0.67637867,29.975191
-1.7981226,7.228111,-0.8443613,1.3002783,0.12786052,0.06632416,0.58767766,0.9695803,presence_213,1,xgboost,14.333333,50.109543,26.76,29.340681,0.0,0.0,0.0,0.0
-2.1139553,-4.2152185,-1.0607436,-0.9181256,-1.9027151,-2.8820398,-0.72160155,-1.3528229,bg_rep02_4290,0,xgboost,9.571334,30.023003,28.524,66.115845,28.50037,877.627,-0.02811569,31.338308
-1.2506531,-3.4618783,0.057709683,-3.3244698,-0.5324188,-1.8691136,0.36171237,-1.9948404,bg_rep04_4407,0,xgboost,6.2843747,21.80182,23.849998,34.988655,17.816332,22.77971,0.60417914,30.201826
-4.331735,-3.7104053,-1.8508389,-3.0435998,-1.6932753,-2.039316,-1.8530947,-1.5927827,bg_rep01_5152,0,xgboost,14.916667,32.614716,30.752,89.19879,20.41545,1341.9908,0.093231305,42.66638
-3.3584206,-3.8429604,-2.2446408,-3.5051713,-1.1597589,-2.08339,-3.5765953,-0.88340986,bg_rep02_8300,0,xgboost,12.998667,28.745394,21.46,98.7957,20.023088,1399.323,-0.2506631,32.5766
-2.349476,-2.840079,-1.0416784,-2.47173,-0.3601728,0.19055045,-1.814164,0.52116567,bg_rep04_409,0,xgboost,12.588333,25.66115,24.336,100.032745,19.524931,972.72534,0.49814835,28.359394
-1.6756512,-3.8149292,-0.88594526,-2.86495,-1.3541838,-0.77909714,-1.4244559,-2.7030725,bg_rep05_4398,0,xgboost,8.106667,22.379269,22.548,34.96422,25.435118,297.85526,0.32896072,38.96256
-1.9039946,-2.3130157,-1.5194738,-2.9004848,-2.2791772,-2.156998,-1.5187128,-1.6632923,bg_rep02_6922,0,xgboost,8.893,26.673666,27.028,38.713833,29.749846,811.6258,-0.37760618,33.89649
-2.641468,-2.1310284,-3.431752,-2.6643143,-1.3454742,-1.4732289,-2.063102,-0.75079614,bg_rep05_3765,0,xgboost,7.2083335,23.373323,31.308,50.395596,23.858042,28.678406,-0.33606392,40.195374
-4.9976187,-3.3929386,-0.747564,-4.479373,-1.0593417,-0.70172256,-0.12960342,-0.3271533,bg_rep01_3241,0,xgboost,14.562334,31.37893,30.872,88.220924,0.0,0.0,0.0,0.0
-3.15676,-3.2465954,-2.7774253,1.3521142,-1.7942965,-2.728318,-1.8695321,-2.1255488,bg_rep03_7540,0,xgboost,12.795,25.224747,21.64,67.48092,21.55382,808.53534,-0.037814546,40.136795
-3.6316395,-4.739563,-3.4247415,-2.5714848,-0.8123353,-0.37247574,-0.23023008,-0.5965453,bg_rep03_3173,0,xgboost,7.4900002,24.742336,30.86,53.851948,0.0,0.0,0.0,0.0
-2.2208552,-2.9491174,-1.1372385,-3.525546,-1.8730534,-3.1990683,-1.044058,-1.7223269,bg_rep05_2309,0,xgboost,8.486667,25.436598,24.644,43.16548,28.919067,999.2464,-0.03647216,37.646267
-3.337628,-3.734706,-0.5016316,0.48607528,-1.5180628,-0.13790935,-1.1573374,-1.4255229,bg_rep02_4052,0,xgboost,13.609,28.940542,24.512,64.67681,24.164751,242.98683,-0.42669666,39.385414
-3.5310934,-2.5762734,-1.4178197,-4.337633,-1.5008799,-0.37506318,-3.046597,-2.1407082,bg_rep01_1753,0,xgboost,13.680333,28.097958,26.972,124.66116,19.229427,664.92926,-0.20632584,52.453415
-3.1981418,-1.6697752,-1.712239,-4.2975793,-0.864297,-1.1541299,-0.04824504,-0.20168354,bg_rep01_7383,0,xgboost,14.222333,33.64799,25.928,93.07323,0.0,0.0,0.0,0.0
-0.5532614,-3.6500628,-1.0897808,-5.542217,-1.7135953,-1.7340256,-1.17563,-1.2429976,bg_rep01_5938,0,xgboost,12.405,23.569311,26.6,110.03148,25.531408,194.48239,0.127323,24.949568
-2.025146,-4.369935,-1.3779758,-3.0319643,-1.115381,-1.8540968,-1.0159305,-1.2615055,bg_rep04_7349,0,xgboost,12.66,31.841045,25.52,88.75641,19.082327,1977.4584,-0.010237626,30.305244
-1.183664,-5.7966437,-1.6888014,-2.1923344,-1.6821449,-1.3124056,-1.1998154,-1.1668972,bg_rep01_5909,0,xgboost,11.475333,22.313396,27.328,95.11004,27.668856,75.34988,0.885697,27.156616
-2.584812,-3.278267,-2.897672,-3.5649621,-0.8733704,-2.52154,-3.0344734,-0.5162253,bg_rep02_4689,0,xgboost,8.0616665,25.408682,31.716,51.721153,26.194286,34.841137,-0.59246296,32.56022
-1.0006863,-2.1525452,-0.9929852,-4.201848,-0.84670144,-1.1770464,-1.4029685,-1.4627074,bg_rep04_2230,0,xgboost,12.137,27.740446,27.608,108.33936,17.31878,1515.0878,-0.024920786,46.67311
-3.3198738,-4.1599994,-1.765109,-1.1911702,-2.6727245,-1.4803851,-1.004969,-1.9019935,bg_rep03_2107,0,xgboost,7.337667,24.24553,28.6,21.873676,29.954224,191.25673,0.34468982,26.387459
-1.6074877,-2.1485074,-1.5589492,-5.0330353,-2.467964,-1.6270123,-0.6539453,-0.97254914,bg_rep04_2245,0,xgboost,12.422333,23.226261,26.8,105.774605,24.951479,192.47083,0.3896142,32.25029
-1.3478928,-5.6406336,-1.2167081,-2.1313653,-1.638486,-1.5037886,-1.2892594,-0.9337681,bg_rep05_7629,0,xgboost,11.460333,22.239256,27.38,96.18095,27.594645,77.57636,0.7876944,28.388767
0.13042988,-3.4468017,-0.44435346,-2.0118828,-1.6893446,-1.7563177,-0.5207087,-2.482032,bg_rep04_3471,0,xgboost,10.006,25.585558,23.844,40.16543,11.4734,152.33847,0.3045296,54.213493
-5.014289,-3.0734594,-1.8771619,-3.2821665,-1.2749361,-1.6700631,0.5868655,-1.3559821,bg_rep02_1991,0,xgboost,15.023001,25.971579,23.436,90.85398,20.86635,824.11005,0.68621844,41.805904
-2.401243,-2.5793023,-0.43273976,-4.59185,-0.7169888,-1.9263262,-2.7690177,-2.2464368,bg_rep03_4985,0,xgboost,12.8046665,26.273527,27.6,127.14839,28.311357,192.96709,-0.847956,43.854454
-2.8114264,-3.4368484,-1.7366844,-2.1222174,-1.2417094,-1.8878002,-2.7759292,-2.8034117,bg_rep04_6099,0,xgboost,7.82,24.273653,22.0,38.68423,22.104023,327.83282,-0.24978259,44.165386
-0.5040504,-3.4254074,-1.1969618,-5.376618,-1.8036551,-1.3355265,-0.709847,-1.1704011,bg_rep04_2301,0,xgboost,12.443,23.634327,25.904,106.46503,25.596992,210.47357,0.3233124,21.068796
-0.26684427,-4.2675657,-1.6375932,-0.6683227,-0.9371913,-2.3206067,-1.6894215,-2.6235862,bg_rep04_2675,0,xgboost,10.091667,18.960745,25.532,85.32817,27.873938,109.71413,-0.55156857,30.450891
-2.0036705,-2.4974284,-1.3015018,-0.54725856,-1.3713531,-1.8478677,-0.6278659,-1.1290929,bg_rep02_3585,0,xgboost,13.284,24.789131,27.168001,64.96557,28.266968,153.06306,0.34837776,27.890675
-3.42096,-4.79097,-2.6724677,-2.341635,-0.6940354,-0.1860677,-0.08804121,-0.3354516,bg_rep03_2415,0,xgboost,7.806667,24.849335,32.724,47.036938,0.0,0.0,0.0,0.0
-3.228134,-3.8432627,-2.2913518,-2.8024583,-2.5487666,-1.5515438,-2.185284,-1.4507358,bg_rep03_3061,0,xgboost,7.884,25.022217,31.803999,49.990646,33.574677,28.337795,0.5305272,25.748232
-1.8002672,-4.6733365,-2.4299557,-0.93149745,-0.20188825,-2.1416092,-1.5507139,-1.3581301,bg_rep01_1786,0,xgboost,11.264334,20.513428,26.252,85.77411,27.850344,46.937656,-0.117371194,32.0478
-0.99421513,-4.72059,-1.6282164,-4.1577005,-1.4882154,-1.3521687,-2.5877013,-1.8843381,bg_rep01_8684,0,xgboost,11.596,22.44329,27.292,119.9331,23.067259,144.09108,0.18523562,54.16634
-1.4041879,-3.203254,-1.4813883,-3.1979766,0.007274856,-1.4417903,-0.5462009,-1.0854158,bg_rep02_5064,0,xgboost,12.1536665,25.221355,21.34,103.27277,19.951603,1319.8384,0.3331218,33.941967
-2.5661237,-2.9737308,-2.1184516,-3.4850094,-1.1979074,-1.7923702,-3.5520241,-2.1517391,bg_rep03_4581,0,xgboost,12.793667,26.075466,29.6,119.96366,16.634203,189.34918,-0.22298251,58.324043
-3.29075,-3.6847627,-0.50164366,-4.4890623,-1.0307115,-0.7641864,-0.038636036,-0.33705464,bg_rep05_3817,0,xgboost,14.374333,30.50839,31.612,89.556915,0.0,0.0,0.0,0.0
-3.98815,-3.2744718,-1.4947957,-4.8138566,-0.9128373,-1.0500846,-1.0227039,-1.5684297,bg_rep04_5321,0,xgboost,13.526333,28.44535,24.38,125.32618,26.322376,787.3854,-0.044636704,38.847027
-1.1881064,-2.068916,-1.9821583,-3.24,-2.0511363,-2.0328398,-2.420433,0.05831649,bg_rep02_5839,0,xgboost,11.597667,23.425844,26.352,93.25284,24.943844,330.50104,-0.2633856,33.502117
-1.3365875,-2.2959917,-1.2837578,-4.617066,-1.1277838,-1.2691505,-1.6952627,-0.9198752,bg_rep02_7344,0,xgboost,11.967999,23.371347,25.716,104.80899,25.410725,262.28778,-0.15740895,29.126276
-0.95310223,7.0166087,-1.3993663,1.3815643,0.39250532,0.6948693,0.3362235,1.2505295,presence_241,1,xgboost,8.403667,46.275696,24.7,25.378592,0.0,0.0,0.0,0.0
-3.2718065,-3.1299,-0.6086534,-3.1713831,-1.1827294,-0.9363993,-0.26345143,-0.91133875,bg_rep05_1531,0,xgboost,13.098333,29.001713,28.4,95.542076,0.0,0.0,0.0,0.0
-1.0915949,6.097613,-1.3383206,2.292077,0.69895697,1.0339599,0.3786927,1.7662257,presence_186,1,xgboost,7.785,47.972637,17.628,21.204218,0.0,0.0,0.0,0.0
-2.1492338,-3.741655,-1.1770033,-1.724052,-1.1372415,-1.5101043,-1.5619248,-0.52283704,bg_rep03_6972,0,xgboost,7.8857145,24.522436,21.12857,40.21367,10.354998,11.166462,-0.05081326,14.5562525
-2.4511213,-3.4898763,-1.2931765,-1.3691761,-2.0057557,-3.0917053,-1.7982106,-0.41701013,bg_rep05_3127,0,xgboost,8.992666,29.038578,26.788,64.539024,28.067385,1269.2975,0.1343482,31.796432
-0.8713551,-3.4699068,-1.3612735,-5.7119107,-1.5117888,-1.8961364,-1.583918,-1.4468628,bg_rep02_8157,0,xgboost,12.217667,23.43782,26.552,111.47016,27.55003,204.3651,0.09492228,24.114706
-2.5636358,-2.2106102,-1.8353535,-0.9528658,-0.83913827,-2.46086,-2.2027287,-0.03181176,bg_rep04_2147,0,xgboost,7.6473336,23.061922,28.048,20.441124,26.283176,329.67026,-0.11902029,33.58644
-0.52469367,-3.657014,-1.9963409,-1.9263055,-1.8805126,-1.09794,-2.1873553,-1.6468008,bg_rep03_5174,0,xgboost,8.889999,24.490356,27.92,99.7777,10.052335,2.3082695,-0.10069881,16.319286
-0.33593202,-1.632797,-1.6984665,-5.019136,-1.7496766,-2.0010352,-1.366541,-2.3780918,bg_rep01_8714,0,xgboost,10.764334,25.42836,26.372,104.7954,23.278246,374.09555,-0.050450575,35.76309
-3.7834098,-3.3962872,-3.4199822,-2.2883294,-1.6176493,-0.7753094,-2.6231835,-1.3199226,bg_rep04_7837,0,xgboost,7.0653334,24.587046,33.048,61.976597,26.612526,264.17984,-0.26529628,27.39445
-3.96926,-3.8745275,-1.6938266,-2.8628423,-1.6050442,-2.1064525,-2.0011868,-2.018621,bg_rep01_679,0,xgboost,14.833333,31.243856,31.164,91.55163,19.233952,1329.3275,-0.5007375,37.22322
-4.3227367,-2.7407885,-1.8270049,-1.8728856,-1.3194759,-1.2697489,-0.28636935,-1.8856605,bg_rep04_106,0,xgboost,13.569,24.43104,26.252,75.7036,21.400925,299.63663,0.6912271,36.287163
1.723336,-1.7524695,-0.7709349,1.0994266,0.5590215,-0.25639278,1.4228122,1.0679492,presence_55,1,xgboost,5.7425003,18.772476,26.89,82.08883,17.081152,9.8013735,0.63855773,27.053051
0.5352044,-0.030993003,0.46912038,0.33734977,0.87065476,2.4416764,0.90145946,-1.420873,presence_85,1,xgboost,11.799666,25.754467,22.556,99.72401,19.900671,972.3835,0.40553764,37.10957
-0.88304764,-3.7730598,-1.8276734,-2.6027887,-0.6232039,-0.93632287,-1.1042984,-2.4648657,bg_rep04_3263,0,xgboost,8.640333,23.659182,21.284,35.607872,20.852142,702.7192,0.42134026,42.63249
-3.0759106,-3.7521584,-2.5242207,-3.3589442,-0.9717123,-1.3990073,-0.42556354,-0.14902034,bg_rep04_5296,0,xgboost,8.235666,25.665876,31.824,52.695213,28.32869,31.41652,0.34844828,33.560196
-1.3907714,-5.9288907,-1.5495806,-2.8560388,-1.8227366,-1.4318331,-2.3688374,-0.8159267,bg_rep02_7654,0,xgboost,11.407666,22.500328,27.044,88.953285,27.487946,174.18994,0.021173697,27.565016
-1.0161731,-4.646033,-0.94637764,-4.631343,-2.4304652,-1.493815,-1.8715489,-1.5941143,bg_rep02_5287,0,xgboost,11.349,21.55965,27.176,112.34984,30.901127,144.27887,0.42068136,24.379423
0.9281101,-1.1083823,-0.4897969,0.85329974,1.0591553,2.3410268,-0.65737456,0.4472077,presence_79,1,xgboost,10.767333,29.019331,26.016,86.246956,27.972015,721.0772,-0.18474878,30.61732
-2.5140183,-3.1982589,-0.81763583,-2.4970436,-1.5813658,-2.5811698,-2.515409,-2.0579193,bg_rep02_2957,0,xgboost,7.7185183,25.064646,22.844444,40.223667,19.08681,45.078304,-0.5893308,41.541714
-0.34989172,-3.0695121,-1.8096045,-5.6152515,-1.4550943,-1.5699917,-2.5475473,-2.3135037,bg_rep02_8717,0,xgboost,10.565333,26.690918,27.096,105.739,23.141075,208.38728,0.047994174,35.598103
-1.9722241,-3.8785365,-0.5513149,-2.9025946,-1.1568722,-2.0320191,-2.315707,-1.739623,bg_rep05_9189,0,xgboost,14.074333,31.673267,29.424,92.257904,14.117027,1386.6348,-0.8518116,59.963085
-1.3186797,-3.3104274,-1.1838995,-4.839822,-1.4650514,-1.9036264,-1.4074645,-2.4980288,bg_rep03_1700,0,xgboost,12.204667,24.04008,26.688,103.137596,22.75943,373.89758,0.48926342,39.521465
0.7823631,-0.7199924,0.5828606,2.6935737,0.61473554,-0.09798306,0.22398403,-0.117844656,presence_118,1,xgboost,10.0460005,25.059868,24.416,65.414,23.197962,192.72139,0.446822,34.449337
-1.8367053,-3.5087492,-2.9265492,-2.5974743,-0.38425592,-0.017946579,0.102638334,0.31838775,bg_rep01_6097,0,xgboost,7.658334,26.18771,31.396,58.839275,0.0,0.0,0.0,0.0
-2.2793665,-2.6955757,-3.8858328,0.043264527,-0.9785442,-1.1340133,-1.4628918,-1.07792,bg_rep01_1278,0,xgboost,9.031817,27.751396,29.881817,67.93676,26.833588,5.627082,-0.118869044,26.621317
-1.1912556,-4.844739,-3.342146,-2.9535542,-0.6665482,-0.81102043,-1.6145728,-0.46674192,bg_rep03_2229,0,xgboost,5.7000003,22.093023,29.7,51.889805,4.036187,2.6344256,0.21284704,3.8228714
-3.1474717,-2.39351,-3.178738,-2.3933377,-2.6565044,-1.909327,-2.0774267,-1.0593435,bg_rep02_579,0,xgboost,8.744333,27.876604,30.332,46.304375,29.111265,259.4752,0.5282303,39.94025
-1.4197618,-4.842132,-0.58302003,-0.64889026,-1.1745661,-1.1620547,-0.5304645,-2.7520528,bg_rep05_3162,0,xgboost,12.470667,22.79496,23.232,80.56125,20.772608,502.80563,0.3726938,45.13952
-1.6339296,-3.167454,-2.2215714,-4.454295,-2.3275769,-1.7632899,-1.2124281,-2.1113942,bg_rep02_3601,0,xgboost,12.324333,23.124311,26.42,106.03759,24.212467,189.93115,0.44933286,30.552128
-1.0504575,-2.419111,-1.2352371,-3.0252712,-1.2598126,0.22380558,-1.1495215,-2.6936412,bg_rep01_9262,0,xgboost,11.408,26.210827,23.276,94.071,18.640789,713.25464,0.42474413,39.663853
-4.228525,-4.1475935,-1.1858047,-3.4859302,-1.1520113,-2.1261992,-2.7941937,-2.4965036,bg_rep04_185,0,xgboost,13.396667,23.64229,24.688,93.47796,20.09132,595.4167,-0.1809426,44.69062
-1.5035828,-3.5055897,-1.2724763,-4.729452,-1.8715789,-1.3842242,-1.4601704,-0.7064763,bg_rep01_5548,0,xgboost,12.191,24.217321,25.144001,100.14145,25.316105,537.1034,-0.3680021,32.491802
-1.3621361,-2.5755122,-1.2683632,-2.5286703,-1.4737116,-0.75624955,-1.3318783,-1.9408143,bg_rep03_5599,0,xgboost,12.426333,23.524029,26.952,95.51213,29.782894,86.364265,-0.32937887,30.494532
-0.91450655,-2.5891166,-1.5805291,-4.3527603,-0.8678725,-1.5104427,-2.0220385,-2.8338032,bg_rep04_8617,0,xgboost,11.420667,24.907675,26.38,104.21439,20.580105,465.32172,0.08916723,40.983
0.17094813,-3.4458804,-1.1945473,-1.7048231,-0.79148203,-2.0874603,-1.654544,0.0053190542,bg_rep03_9947,0,xgboost,10.338667,29.454891,26.76,63.393417,26.878456,432.17538,0.17015873,33.556553
-1.5629716,7.8227363,0.5612073,-1.211847,-0.105301484,-0.07230061,0.2967187,1.2507645,presence_24,1,xgboost,13.367001,51.191025,34.508,82.721214,0.0,0.0,0.0,0.0
-3.4568403,-4.789791,-2.892658,-2.4111917,-0.6865054,-0.43230838,-0.18251705,-0.6310712,bg_rep01_1456,0,xgboost,7.6889997,24.53101,31.9,48.73424,0.0,0.0,0.0,0.0
-4.991102,-3.3916547,-0.7361101,-4.384209,-1.096161,-0.70038295,-0.09842573,-0.33343384,bg_rep04_4262,0,xgboost,14.582666,31.162209,30.876,89.791245,0.0,0.0,0.0,0.0
1.0939498,-0.5747268,0.46395746,3.8834724,-0.06579341,-0.1044529,-0.23895505,-0.98713124,presence_143,1,xgboost,14.271,25.073792,26.612,67.475815,21.185654,334.52887,0.018671833,37.67544
-3.4104018,-3.417379,-1.029655,-2.6181529,-1.0013484,-0.75478756,0.05701334,-0.35837474,bg_rep02_4636,0,xgboost,14.305,30.774029,30.728,85.103905,0.0,0.0,0.0,0.0
-3.1242776,-4.337406,-3.9348574,0.06778193,-1.2759784,-1.7140361,-1.420083,-1.0617082,bg_rep04_9015,0,xgboost,8.784667,28.480959,29.98,67.96106,22.645403,616.3805,0.40733668,30.799852
-1.364801,-5.72605,-2.1472068,-2.8382576,-2.2165399,-1.6209441,-1.3331488,-0.49474207,bg_rep03_4906,0,xgboost,11.612333,21.70205,26.416,90.54746,31.428268,62.4183,0.119776346,27.137432
-3.6151857,-4.2953706,-3.2066038,-2.827321,-0.6724841,-0.4537169,-0.012441922,-0.0025338004,bg_rep04_5092,0,xgboost,7.719667,25.677444,30.644,56.743534,0.0,0.0,0.0,0.0
-3.615054,-2.1083574,-1.0605495,1.0003629,-2.4085228,-2.2129214,-3.2553797,-2.904344,bg_rep04_7034,0,xgboost,13.681666,24.589622,25.36,71.369255,18.506062,415.8113,-0.23452464,43.45048
-0.8830172,-3.2566712,-1.7974479,-4.0626965,-1.1420053,-2.2031708,-1.4904792,-2.3580654,bg_rep04_9432,0,xgboost,9.81,23.56587,26.192,105.903465,18.166473,345.58032,-0.0010136378,38.661533
-4.1530824,-2.7785795,-3.129393,-2.724788,-2.0043235,-1.4145563,-0.45332336,-1.9009846,bg_rep01_7682,0,xgboost,7.8353333,27.415442,29.832,37.68595,32.159832,40.888397,-0.031423613,33.042522
-3.415708,-3.0025969,-1.5779318,-1.7039304,-0.6344766,-0.9218252,-1.5441406,-0.20657867,bg_rep01_5854,0,xgboost,7.3333335,26.474129,29.4,35.35933,14.594948,1.3752853,0.17274292,11.1079855
-2.7858074,-3.2189574,-1.4968818,1.0355369,-1.2247968,-2.284124,-1.7629604,-2.1361976,bg_rep02_1924,0,xgboost,13.078,28.93619,23.960001,65.23124,21.58796,404.3403,-0.03194025,41.54674
-1.6193298,-2.2148008,-0.2017426,-4.9814878,-0.74799067,-1.7126852,-1.7694727,-2.0019162,bg_rep02_8765,0,xgboost,13.339666,26.979343,27.404,128.28113,28.074139,313.39923,-0.45558038,42.97894
-2.191116,-4.730149,-1.6146837,-3.3799114,-2.325888,-2.3365273,-2.7620409,-0.80075157,bg_rep01_4783,0,xgboost,12.073,29.780464,23.428,91.92242,22.28567,872.47797,-0.5101654,32.566444
-4.955459,-3.324019,-0.31680533,-3.8916929,-0.9617981,-0.5616015,-0.13165039,-0.25255352,bg_rep02_6860,0,xgboost,14.761,31.104603,31.407999,93.01415,0.0,0.0,0.0,0.0
-1.4809257,-4.296046,-0.42345667,-1.6274463,-1.4166194,-2.0040932,-2.2264054,-0.70110375,bg_rep02_5891,0,xgboost,8.65,25.224316,23.3,42.446922,8.259763,2.6508842,-0.3355195,22.650833
-1.3116851,-5.6336703,-1.3966299,-0.104245104,-0.1993327,-1.5149804,-0.92178065,-0.41637275,bg_rep01_5496,0,xgboost,11.468333,21.653072,26.8,74.2154,30.507082,53.37783,-0.10607714,22.153172
-2.7269485,-3.5340903,-0.4083975,-4.0718102,-1.3413713,-0.984761,-0.23474176,-0.9479095,bg_rep01_6351,0,xgboost,13.390333,29.827885,28.536,90.34728,0.0,0.0,0.0,0.0
-1.3872123,-3.3537357,-1.2473502,-2.7364388,-1.4501483,-1.9929533,-2.8969028,-3.003805,bg_rep02_9184,0,xgboost,12.417666,23.392485,24.948,99.553185,18.011568,523.07227,0.06902937,36.88036
-0.17703375,-3.0715241,-1.3745054,-3.5113275,-2.1180613,-2.298117,-0.79394823,-2.316943,bg_rep04_8447,0,xgboost,10.476334,27.222569,27.332,102.003296,22.095558,142.6086,-0.025077261,37.712048
0.066546954,-4.418006,-3.4549625,-0.47009602,-0.8713748,-0.9520358,-1.8544116,-0.10590069,bg_rep01_4748,0,xgboost,10.3046665,29.730717,30.04,72.12744,31.125889,57.254032,-0.19067454,22.896381
-3.0819266,-4.3168535,-1.0363238,-3.5735795,-1.6182915,-0.9489132,-0.8873742,-2.1410599,bg_rep02_5599,0,xgboost,13.175,23.918016,24.316,94.72414,21.889502,740.2561,0.36462903,42.79296
-3.2065387,-3.6900933,-1.6160134,-4.5974083,-1.0087575,-1.0910081,-0.054854214,-0.4972408,bg_rep02_2580,0,xgboost,14.014667,30.287575,30.496,87.48272,0.0,0.0,0.0,0.0
-2.0813398,-2.3126163,-1.8076168,-0.9845109,-1.99437,-2.1102853,-0.8285805,-1.3876404,bg_rep05_6264,0,xgboost,12.340333,23.222305,26.728,75.984726,23.712614,154.47531,0.6881281,32.890038
-1.1501036,-4.285627,-1.5325054,-1.1108434,-0.78111595,-1.342039,-1.2131903,-1.2428406,bg_rep02_835,0,xgboost,6.6805553,19.981722,28.333332,72.38703,0.0,1.523832,0.42824605,0.0
-0.9434591,-3.4632487,-1.5581,-2.6433787,-1.4001179,-0.97878224,-1.5022641,-2.6535537,bg_rep01_5573,0,xgboost,8.550333,23.819738,21.032,33.981567,21.489511,731.8013,-0.45857626,42.917484
-1.6742519,-2.0072389,-1.786318,-3.118813,-1.6020128,-0.63744426,-3.3068018,-2.0068471,bg_rep04_5124,0,xgboost,12.143,26.648087,24.02,96.35923,18.32788,634.02924,-0.23751915,41.156822
-3.875835,-3.5442026,-2.037284,-1.8604307,-1.6856985,-2.5554466,-2.4882576,-1.1320795,bg_rep03_2784,0,xgboost,14.831667,32.142136,30.588001,84.563065,25.7415,1293.3663,-0.22432084,32.088703
-2.389209,-3.4018896,-1.6439246,-2.7491384,-2.4719214,-2.5587947,-2.737923,-1.465412,bg_rep05_1728,0,xgboost,14.160666,28.854565,31.74,97.78566,23.768784,1167.2235,-0.57845443,42.026047
0.13279271,-4.8926673,-1.3339881,-0.30215165,-1.5561064,-2.0805094,-2.5138683,-2.6054835,bg_rep01_7502,0,xgboost,10.693666,22.587164,20.428,70.75639,19.090082,909.8843,-0.34326965,42.80358
-1.716201,-3.1687284,-1.9227136,-4.178896,-1.7753648,-2.3985147,-0.9910057,-0.7399416,bg_rep01_9378,0,xgboost,12.009334,23.146507,25.428,106.75669,25.775043,409.99518,-0.023536362,29.84658
-0.4269875,-2.0597312,-1.0891451,-4.1224947,-1.1436965,-0.9005816,-2.2127151,-2.2926075,bg_rep05_1380,0,xgboost,10.904667,24.522503,24.972,105.18979,18.651476,630.35205,0.217428,36.93517
-1.2040356,-2.493049,-1.7712742,-4.120116,-1.6374531,-1.8620403,-0.797496,-1.5223098,bg_rep01_4611,0,xgboost,12.463667,24.806278,29.2,122.04678,22.365839,146.80786,0.38210228,54.78296
-0.2736475,-2.5076087,-1.3534518,-2.7622075,-2.4739661,0.26322517,-2.2833853,-1.8749709,bg_rep05_3627,0,xgboost,10.681666,27.313253,24.223999,99.683365,25.12898,712.1734,0.21628374,38.95129
-0.68592924,-1.7506071,-1.1891453,-2.7811446,-0.55379385,-0.035140097,-1.52052,-1.6598418,bg_rep05_1520,0,xgboost,10.539333,27.923203,25.984,90.48917,27.697653,651.40894,-0.3378494,30.2826
-1.4980679,-4.7966886,-2.468357,-0.96176034,-2.3669589,-2.2590902,-1.6282476,-2.3641,bg_rep01_9968,0,xgboost,11.606667,20.78111,26.2,75.361435,30.290514,21.0841,0.71737945,29.904964
0.5597323,-2.2552829,-1.2826439,-3.962969,-1.6591105,-1.8098469,-2.97922,-2.2789836,bg_rep03_3264,0,xgboost,10.315,23.316004,27.676,105.122795,18.130682,190.26723,-0.21859348,45.641953
-1.2613863,-4.428711,-1.883505,-4.6428585,-1.8858477,-1.3935318,-2.382217,-1.9614586,bg_rep03_2887,0,xgboost,11.323,21.768301,26.807999,116.77029,25.918234,207.56438,-0.5063918,26.636324
-2.7000785,-2.9486434,-1.9226906,-3.214414,-0.90265393,-2.001317,-2.4384573,-1.8213232,bg_rep05_6847,0,xgboost,14.172,25.053034,21.076,91.91086,21.046783,1324.9335,0.071557984,43.014305
-1.0522755,-5.0682716,-1.4723911,-4.4016223,-2.714594,-1.4724578,-1.9446726,-1.5007175,bg_rep03_1765,0,xgboost,11.512,21.91426,27.716,111.97171,34.146442,117.85285,0.08037276,25.523172
-0.25828996,-3.4290426,-0.9863041,-4.0346146,-1.3688061,-1.1797745,0.24929942,-0.16107254,bg_rep02_8685,0,xgboost,12.384334,23.601793,26.792,99.21937,27.304422,270.9391,0.33707446,27.562908
-1.2706571,-4.913587,-1.6198332,-2.5263379,-1.781197,-1.0093591,-0.94796884,-1.4422014,bg_rep01_9592,0,xgboost,10.838333,21.549095,25.9,97.12485,28.222687,265.50403,-0.13310847,29.370138
-1.0465257,-2.4326875,-1.4484928,-4.012106,-1.5320264,-0.99388963,-0.417065,-1.8149294,bg_rep04_1181,0,xgboost,12.227667,24.71434,25.616,100.1615,22.185894,609.96454,0.8182296,32.143253
-1.1199607,-3.2171226,-1.8170986,-3.7196064,-1.4726329,-1.4124664,-0.43373084,-1.6636355,bg_rep02_5483,0,xgboost,12.297999,24.383377,29.1,122.76702,23.514313,141.50206,0.43853226,51.410553
-0.7348643,-5.2332907,-1.6594274,-2.0512838,-3.2975512,-1.2830461,-0.107203364,-2.2770584,bg_rep05_8737,0,xgboost,10.701,19.954128,26.9,87.14155,29.450077,53.527916,0.6121359,29.252121
-0.98031193,-3.2215214,-0.6651755,-4.5766983,-2.1905289,0.3768238,-0.86598897,-1.7013489,bg_rep03_2342,0,xgboost,11.830333,26.42351,24.876,105.10454,22.246735,698.6158,0.48201653,32.13305
0.026831485,-4.115071,-2.7923465,-1.2488176,-1.7821326,-1.2910215,-1.1146625,-1.0021864,bg_rep03_4634,0,xgboost,9.916333,19.116928,26.256,78.51584,25.820877,66.61125,0.37670448,34.55476
-1.3256158,-2.4635885,-1.1702142,-4.2827806,-2.065171,-1.7407274,-2.7622826,-2.1130385,bg_rep03_7158,0,xgboost,12.451667,24.744967,27.64,124.0085,21.86113,196.09229,-0.145787,46.088993
-3.5523877,-3.468784,-3.0069973,-2.7388964,-0.5962891,-0.3574136,-0.016842896,0.17565751,bg_rep04_6809,0,xgboost,7.813667,26.111704,30.988,60.32275,0.0,0.0,0.0,0.0
-0.28976172,-3.474611,-2.2208323,-3.3961976,-1.3190475,-1.7931037,-2.350314,-2.828543,bg_rep03_411,0,xgboost,8.787666,22.7589,26.428,105.31199,18.533941,218.8656,-0.5374641,45.756752
-1.1861739,-3.727213,-1.5365,-3.0780942,-1.9597049,-2.2240207,-2.4081593,-1.489536,bg_rep03_649,0,xgboost,11.366,24.00321,25.907999,89.64236,28.140783,362.8806,0.23608819,31.585514
-1.1964312,-4.711054,-1.9803739,-4.144888,-2.2048712,-1.1973548,-1.1800417,-1.5306772,bg_rep05_7590,0,xgboost,11.8463335,22.224098,26.36,108.13499,24.270515,224.5493,-0.38356847,30.278072
-0.9932462,-4.3665667,-0.74657226,-4.746159,-1.58412,-0.6883738,-2.5856903,-0.37187257,bg_rep05_174,0,xgboost,11.537666,22.91038,27.383999,106.211426,22.841547,277.0451,-0.16790643,32.450874
-3.1593947,-3.7513986,-2.161209,-2.1987326,-0.90356857,-1.5966507,-1.6259438,-2.4605594,bg_rep03_9687,0,xgboost,13.020667,28.945107,21.044,99.40185,20.13985,1398.3794,0.14879069,35.42924
-2.6671252,-2.7791543,-1.4011261,-2.6722925,-1.0622972,-3.096349,-2.401364,-1.3532634,bg_rep05_8245,0,xgboost,8.103333,27.306017,28.16,63.430386,27.335327,1068.6154,-0.10437977,27.79131
-2.4605355,-3.2283416,-0.55755186,-3.9582524,-1.2560301,-0.9599786,-0.2183647,-0.5338255,bg_rep05_8996,0,xgboost,12.734333,31.214663,28.3,92.23363,0.0,0.0,0.0,0.0
-0.9944966,-1.892242,-2.0174773,-1.1703168,-1.9056165,-2.0471709,-2.2718828,-2.6116917,bg_rep04_6336,0,xgboost,11.523334,24.798428,25.332,82.80538,27.286716,200.13484,0.24604818,29.310143
-3.2341936,-3.1488853,-0.5163767,-3.990818,-1.4369322,-0.8974109,-0.20554093,-1.0249076,bg_rep03_4613,0,xgboost,12.916333,29.185497,28.34,91.25996,0.0,0.0,0.0,0.0
-1.6756282,-3.5764918,-1.5847145,-4.1072116,-1.5447941,-1.6697851,-1.8268329,-2.6210144,bg_rep04_2092,0,xgboost,12.426,24.031097,26.264,102.4971,21.247944,306.5674,-0.31144175,39.215473
-0.96073425,-3.018324,-0.46552086,-4.093278,-1.1471348,-1.1804676,-2.9467156,-1.5242196,bg_rep02_7323,0,xgboost,11.121333,24.380335,28.292,102.97991,27.008894,33.957417,-0.20190337,34.353382
-1.3152293,-3.1943746,-2.7696393,0.32796264,-0.5357591,-0.7413522,-0.09213982,-2.4958856,bg_rep01_3104,0,xgboost,12.404,25.154121,22.164,66.62328,20.901213,631.21094,0.65729004,39.259964
-0.9261379,-3.04114,-0.94997627,-1.6139779,-1.3903751,-1.8214784,-2.4213367,-2.7446232,bg_rep02_8761,0,xgboost,9.032,24.91174,23.924,35.575356,20.766745,40.55622,-0.094954304,47.27393
-2.8106933,-2.3747127,-0.80118346,-1.6095214,-1.9107757,-2.8992407,-1.680079,-1.5356662,bg_rep05_3277,0,xgboost,7.9803333,27.544985,23.888,64.41694,31.400663,1750.6111,-0.4926784,25.417233
-0.8831532,-3.5751493,-1.0251809,-3.5428898,-1.5265684,-0.34217525,-0.6277809,-2.106477,bg_rep04_2589,0,xgboost,11.165667,25.026148,22.6,91.413475,15.4546175,797.46375,0.36777866,40.003033
-0.5152447,-5.4616833,-1.7619362,-0.4333737,-2.5003538,-1.7267753,-2.6225493,-1.0482817,bg_rep05_6811,0,xgboost,10.722,20.855053,26.66,76.423645,31.642626,60.444893,0.18910454,22.239285
-0.8090967,-2.7833703,-1.1422023,-3.5333986,-1.9263519,-1.366299,-1.0226582,-1.0656692,bg_rep05_9148,0,xgboost,12.498333,24.694407,26.888,98.64629,29.235935,340.4395,-0.45483398,25.48362
-1.1100327,-2.2203465,-0.10301724,-2.8515694,-1.5423627,-0.95774096,-1.849654,-2.7879608,bg_rep04_4696,0,xgboost,12.227,25.545296,27.36,100.41719,20.714327,293.3321,0.17175636,37.008583
-4.923857,-3.374531,-0.44361034,-4.385886,-1.0613202,-0.66475725,-0.09239072,-0.33345094,bg_rep02_8333,0,xgboost,14.844,31.16654,31.548,89.68458,0.0,0.0,0.0,0.0
-1.453441,-3.1205158,-1.2016265,-2.6080627,-2.9257994,-1.6937082,-2.3275425,-1.1547909,bg_rep02_3091,0,xgboost,9.719,29.37674,26.564,50.712532,29.20077,946.7594,0.05865471,40.210926
-2.3051217,0.1499869,0.09568719,-4.5116744,-0.8564743,-0.2534677,-0.07515822,0.5619344,bg_rep03_1029,0,xgboost,15.165999,33.20634,30.831999,90.28877,0.0,0.0,0.0,0.0
-0.4378697,-3.2248788,-1.7683794,-3.9568875,-2.4070163,-1.6119459,-0.75833845,-1.9973099,bg_rep05_4097,0,xgboost,9.797,26.39847,27.924,103.71701,25.359795,80.66781,-0.47828463,37.178276
-2.3553019,-2.4060676,-0.8975844,-3.321344,-0.3713931,-2.0050192,-2.8292124,-2.179098,bg_rep01_2056,0,xgboost,12.657667,25.417002,29.4,120.73048,19.8815,152.96846,0.061679803,55.058777
-1.9612769,-4.211561,-1.6511472,-3.3055215,-1.1561528,-1.5926938,-0.41398975,-2.2182138,bg_rep01_9118,0,xgboost,12.7560005,31.665176,27.08,91.49855,17.673021,1752.3727,0.35286185,36.312096
-1.0495602,-5.0212483,-2.4658914,-0.65766245,-2.142117,-2.4050612,-2.2582583,-2.1882386,bg_rep05_8352,0,xgboost,10.855,20.373499,26.404,79.449814,28.840815,37.60766,0.21198271,29.194777
-3.689152,-4.6463013,-3.1051135,-2.4433932,-1.285392,-1.1342802,-1.8836228,-0.97847193,bg_rep03_9363,0,xgboost,6.913667,24.30624,33.116,62.7902,28.129175,271.5046,-0.17012908,27.6979
-0.84360844,-3.11545,-1.3827093,-3.3506362,-2.6900563,-1.356734,-1.1829478,-0.7979708,bg_rep03_6275,0,xgboost,11.159667,27.173632,27.988,101.07153,24.915781,58.752396,-0.043263584,33.722073
-3.0310626,-4.4884834,-2.9417388,-2.3818755,-2.5656095,-0.91219634,-1.6215762,-1.5124729,bg_rep01_3426,0,xgboost,7.4843335,24.192957,29.552,29.428215,37.688614,9.764786,0.4404753,22.19984
-3.1727674,-3.682658,-0.88468957,-4.6349154,-0.9720989,-0.7839539,-0.021916373,-0.30264613,bg_rep03_2771,0,xgboost,14.163667,30.755812,30.792,87.355606,0.0,0.0,0.0,0.0
-2.8611405,-1.4558327,-0.75566953,-3.4605007,-2.4619834,-1.5754856,-1.6015389,-1.6986029,bg_rep05_4357,0,xgboost,12.915667,25.847876,25.776001,98.64379,23.942945,753.349,0.25698203,25.776386
-2.7969985,-2.5792947,-0.59716356,-2.8712914,-1.3604538,-2.3652961,-1.7705761,-0.9348363,bg_rep01_8519,0,xgboost,6.784333,24.749502,24.632,59.749733,26.155853,1611.1812,0.23307772,31.207695
-1.2537782,-3.0417852,-2.0864599,-3.452083,-2.7838492,-1.0327728,-1.0317286,-1.4435018,bg_rep01_1258,0,xgboost,11.449333,26.564577,23.632,90.700584,24.882603,622.59955,0.364363,31.567686
-3.95833,-3.9537392,-1.7183661,-2.494499,-1.4776678,-2.2496552,-2.015638,-1.9363105,bg_rep01_1314,0,xgboost,14.944333,31.22771,31.368,93.19441,20.309305,1301.0488,-0.49348497,37.7664
-5.0245185,-3.3048139,-0.6988632,-4.5042014,-1.0744083,-0.693467,-0.14004704,-0.2755004,bg_rep02_9618,0,xgboost,14.945,32.57411,30.772,90.68065,0.0,0.0,0.0,0.0
-3.7430441,-3.1225712,-3.1462412,-1.5143852,-1.8340585,-1.5813569,-2.0507047,-2.5731263,bg_rep05_5010,0,xgboost,8.168667,26.860012,31.908,64.87011,26.247097,465.26813,0.02719489,29.733053
-0.93075144,-2.7687688,-1.3459315,-4.2851806,-1.6355878,-0.6841262,-1.9937018,-2.7810798,bg_rep01_7406,0,xgboost,11.114667,25.69271,26.632,104.06536,18.681372,285.3329,-0.3623462,39.75768
-2.9526367,-2.6535842,-1.239146,-4.7673364,-1.361243,-1.5562418,-1.0406687,-0.9648757,bg_rep03_4745,0,xgboost,13.442667,27.249386,26.512,127.59468,26.231743,364.6115,0.11524968,29.070343
0.11212587,-3.5939007,-1.7158746,-1.3987923,-1.7467395,-1.1507559,-0.66311264,-2.0715072,bg_rep04_5480,0,xgboost,10.017667,23.604305,19.24,60.75752,18.048634,687.6892,-0.3888073,42.416073
-1.2230235,-3.1322064,-1.7245494,-0.9944945,-1.5226465,-2.1903896,-1.5293458,-1.8751462,bg_rep04_5363,0,xgboost,12.04,24.433802,26.348,78.10562,26.751272,116.26994,-0.18418506,29.22903
-0.59424865,-2.943457,-1.8876548,-1.6370642,-1.795766,-0.9047011,-2.271017,-2.2322114,bg_rep02_2090,0,xgboost,6.5572915,20.61231,27.2625,95.19195,16.086195,6.9527903,0.24638705,57.771915
-1.7065022,-4.823806,-0.69174427,-4.7258725,-1.3972064,-1.6181132,-1.2595469,-1.3343396,bg_rep04_9731,0,xgboost,12.127666,22.75872,27.372,109.05474,31.115276,125.396805,-0.365151,24.432394
-2.736866,-3.1759214,-3.2603483,-2.4448938,-2.2981098,-2.2039897,-2.2209082,-2.1920426,bg_rep02_6268,0,xgboost,9.262667,28.164274,31.552,63.036976,29.475056,117.15144,-0.20719454,29.216192
-0.86145216,-4.4111056,-2.1498654,-0.4571646,-0.24021956,-1.8838888,-1.9678454,-0.67803365,bg_rep02_6385,0,xgboost,11.236,30.499456,29.316,79.771706,30.727142,97.76515,-0.59530336,33.7778
-0.96705914,-3.6434028,-3.3522186,-1.0710852,-1.4463415,-2.333991,-1.8354892,-2.6457524,bg_rep01_9153,0,xgboost,10.171667,29.138498,30.404,76.69643,27.237476,145.0844,0.21329962,30.3876
-2.2216072,-2.5622914,-2.0359097,-3.5154176,-1.2087471,-1.6545569,-2.7384481,-2.9000695,bg_rep01_4651,0,xgboost,12.692333,25.866825,29.835999,119.63992,16.24494,197.77174,-0.05081085,53.299946
-1.2204831,-4.648373,-1.5530747,-2.90677,-1.81144,-1.4783143,-2.2529244,-0.84282786,bg_rep02_3067,0,xgboost,11.774667,22.817354,25.932,101.07871,26.0197,169.84657,-0.24516447,29.874105
-2.822229,-2.2620237,-2.0267518,-0.046666138,-0.9710138,-2.3844628,-2.7591348,-2.185279,bg_rep02_3864,0,xgboost,12.703,24.698631,20.5,70.041145,20.834301,1213.7542,-0.33983466,40.79974
-3.4876482,-2.0798142,-1.4388807,1.3301967,-1.7610397,-0.6694001,-1.4148909,-1.1727662,bg_rep04_5168,0,xgboost,12.925,23.52909,26.911999,71.82077,25.258837,85.04663,0.09478098,26.576609
-0.40153754,-2.0824077,-2.033008,-3.616476,-1.7548867,-1.181784,-1.7840778,-1.309551,bg_rep04_5399,0,xgboost,11.004,24.512161,27.952,102.6592,22.46738,67.563896,0.10580268,34.58842
-3.0788524,-3.631081,-0.49000847,-3.3802018,-0.80692977,-0.7890902,-0.08464808,-0.47432727,bg_rep03_9793,0,xgboost,14.302333,29.228998,31.748,97.11944,0.0,0.0,0.0,0.0
-1.8175353,-2.3245604,-0.9165286,-3.111804,-2.1202896,-2.8768086,-2.4440117,-1.6051184,bg_rep03_8059,0,xgboost,8.887,27.932487,24.768,58.826054,28.910788,1064.3899,0.038960166,36.2608
-2.2726803,-3.4194686,-1.8069927,-4.8471036,-1.1402094,-1.5373191,-0.32096323,-0.16225791,bg_rep01_5359,0,xgboost,12.734667,31.640495,25.708,91.25828,0.0,0.0,0.0,0.0
-1.2255673,-4.100311,-1.7552285,-5.1175137,-2.001838,-1.3807205,-2.04261,-0.222393,bg_rep04_7845,0,xgboost,11.335334,22.907066,26.624,110.752235,24.377653,206.6149,0.27346513,32.460793
-2.7135823,-3.5310495,-1.0196677,-0.3606708,-2.1116269,-1.6706212,-1.7845852,-2.7075026,bg_rep04_4443,0,xgboost,7.4693336,23.66709,25.332,27.153805,16.474522,214.71027,-0.32882273,46.159153
0.9188616,-0.23948486,0.45907804,2.8744388,-0.56062037,-0.04905853,-0.6037246,0.8328458,presence_126,1,xgboost,9.910666,25.744667,23.359999,66.23306,24.471523,215.56607,-0.13872737,40.374332
-4.9901896,-3.7012007,-0.96601444,-3.4817436,-1.636623,-2.0562286,-1.3521172,-2.1097643,bg_rep05_994,0,xgboost,13.5633335,22.993378,24.5,92.47566,21.923977,746.23035,-0.37197456,41.4674
-2.5790355,-2.6194067,-1.1186734,-3.8754015,-1.379545,-1.368703,-2.7316053,-0.8285051,bg_rep01_6290,0,xgboost,12.647333,24.466713,26.932,98.99155,21.289125,382.51382,-0.095473655,31.825388
-1.104737,-5.046906,-1.598727,-0.60016197,-3.077003,-1.29442,-1.6587037,-1.5109994,bg_rep02_9094,0,xgboost,10.965667,21.256235,26.792,76.224365,35.204952,65.05566,0.81176066,18.741726
-5.381772,-2.5770285,-1.7394475,-1.3402,-1.121305,-0.63870305,-0.0017089334,0.042194482,bg_rep01_9284,0,xgboost,14.5616665,31.891518,29.04,79.51593,0.0,0.0,0.0,0.0
-0.9832881,-1.9377862,-1.4899815,-3.9437077,-1.4430761,-1.5737425,-1.7900112,-1.7962793,bg_rep04_2761,0,xgboost,11.842999,23.24162,28.828,112.83894,26.550343,132.05629,0.27540687,46.26627
-3.616342,-5.4862905,-2.9597027,-2.421878,-0.7859056,-0.1655783,-0.28535187,-0.32440275,bg_rep01_232,0,xgboost,7.458,23.854914,32.756,46.781418,0.0,0.0,0.0,0.0
-1.0868558,-3.4647665,-1.6582981,-2.9019284,-0.5400975,-1.4024255,-1.5624039,-0.5063587,bg_rep03_4447,0,xgboost,11.3810005,23.435055,26.1,87.957115,27.783165,277.63153,-0.19309086,27.173922
-2.8829947,-3.4368186,-3.4142165,-2.6574702,-1.5409367,-1.5031631,-1.8505478,-1.0970968,bg_rep04_831,0,xgboost,8.237333,25.942722,31.52,53.884777,25.6157,75.92625,-0.18462344,31.754198
-1.3755119,-4.272255,-0.37773934,-4.527247,-1.2925686,-1.711289,-1.3974552,-1.6181067,bg_rep05_3548,0,xgboost,11.256333,21.615202,27.56,120.01624,30.259861,148.39496,0.002729817,38.909134
-3.0965524,-2.4278295,-1.6069793,-2.951184,-1.443218,-2.0393631,-1.708868,-0.7447694,bg_rep04_2501,0,xgboost,7.5493336,26.725195,25.312,60.64125,26.526854,1508.9056,0.22792348,31.774164
-1.8939776,-2.7021196,-0.66831577,-3.1570888,-1.2653232,-1.4698471,-0.38980275,-2.3849545,bg_rep01_8894,0,xgboost,12.165667,26.53478,24.772,96.7566,20.106083,508.33838,-0.4732961,38.857403
-3.1353195,-2.012285,-1.2486578,-2.7807634,-2.2787457,-1.4197404,-2.3303432,-1.5274642,bg_rep03_6452,0,xgboost,8.407667,27.715147,28.084,45.128407,33.934204,486.20636,0.03409501,33.87206
-2.401437,-3.0989108,-1.6956903,0.462519,-1.0297589,-0.6418082,-2.390355,-1.8621542,bg_rep02_1474,0,xgboost,13.237666,24.530552,27.279999,65.29833,28.309301,112.32628,0.4899806,27.42235
-1.4957697,-4.3704925,-2.246317,-3.5008447,-3.0417233,-1.4950593,-2.3222861,-1.4053184,bg_rep01_6947,0,xgboost,11.296333,22.641571,26.224,98.58759,29.533936,122.970604,0.26209602,31.380291
-1.3913805,-3.6646883,-0.37216464,-4.963993,-1.5481852,-0.7945167,-2.4637249,-1.7875463,bg_rep03_1517,0,xgboost,12.0373335,23.744148,27.468,103.78229,23.373821,258.4291,-0.08455932,34.925697
-2.061024,-3.704366,-2.6174884,-4.152291,-0.6676528,-1.5599787,-0.46455157,-0.19551225,bg_rep01_735,0,xgboost,12.544666,32.159214,23.352,95.527985,0.0,0.0,0.0,0.0
-2.6876867,-2.891702,-1.9593364,-3.1277232,-1.4718289,-2.3614995,-1.7151867,-1.7862104,bg_rep04_9525,0,xgboost,13.283,24.731884,21.632,92.96283,21.675825,1160.7551,-0.0026628647,43.134712
-0.89461964,-4.0069475,-0.05284311,-3.9820104,-2.0578005,-1.3727578,-0.54706895,-1.870504,bg_rep04_4065,0,xgboost,11.555666,22.63864,28.24,121.82801,24.270082,131.3983,0.32246688,42.24821
-0.70392966,-3.86588,-1.4379879,-3.4273262,-1.9310174,-1.726767,-1.1520735,-1.4247909,bg_rep01_2077,0,xgboost,10.950666,29.201778,26.684,98.78257,24.296686,66.4515,-0.42271537,32.745823
0.56846863,-3.4915283,-3.197317,-0.2835261,-1.0495555,-2.5330012,-2.0147696,-0.6942935,bg_rep05_2577,0,xgboost,10.255667,28.519651,29.268,82.12859,26.467716,100.360016,-0.37616828,40.045128
-3.7730415,-3.4284174,-1.1900728,-4.837675,-1.9457991,-0.63901216,-2.6141827,-1.9334604,bg_rep02_6844,0,xgboost,13.399333,27.96188,23.844,125.3972,25.388863,684.80646,0.2062324,34.10336
-0.9890125,-3.053386,-1.3559419,-3.545069,-0.96627384,-1.5314823,-1.7390162,-1.9179894,bg_rep01_1073,0,xgboost,12.241667,26.885853,25.524,96.464836,21.09855,315.26013,-0.3786841,33.9174
-2.7441866,-0.7355994,-0.65323883,-2.927514,-1.3561445,-1.031618,-0.8082657,-1.5516344,bg_rep03_3646,0,xgboost,13.012667,25.39156,26.624,99.01983,27.746376,332.6913,-0.4307087,25.351616
-1.515531,-2.7764516,-1.3048952,-0.2548989,-1.825579,-1.424855,-0.24346797,-1.45602,bg_rep04_2368,0,xgboost,11.931001,25.141184,25.656,81.22972,28.830978,275.47073,-0.027215894,28.774221
-3.0487204,-2.6541367,-1.1426911,-4.730732,-2.6805966,-1.5878445,-1.7650696,-2.0647821,bg_rep03_4143,0,xgboost,13.6,28.131723,27.640001,129.66321,24.832706,309.45453,0.27006313,45.142876
-0.50337636,-2.676817,-0.42419556,-1.01381,-0.26486206,-0.29952714,-2.5322332,-0.7885789,bg_rep05_2419,0,xgboost,8.957666,24.87688,28.744,95.704025,28.16239,64.085495,0.26784015,35.693058
-0.8551857,-3.2100585,-1.4253188,-3.856517,-0.7605549,-2.6709142,0.2706537,-2.610931,bg_rep03_1783,0,xgboost,11.456667,24.977472,26.596,104.04024,18.403725,420.9138,0.6074386,41.49014
-1.4620478,-5.0728073,-1.8428886,-4.1717525,-1.7487367,-1.1978718,-1.9309893,-1.4203482,bg_rep02_5404,0,xgboost,12.028,22.448675,26.256,107.750786,25.546509,226.362,-0.22815464,30.205744
-3.633561,-4.8021574,-2.9568057,-2.6240354,-0.7522508,-0.34921443,-0.22122048,-0.62179464,bg_rep05_1114,0,xgboost,7.550333,24.590715,32.184,52.423496,0.0,0.0,0.0,0.0
-1.0550097,-3.7458212,-1.4528419,-3.5004237,-1.0502173,-1.653249,-3.07957,-1.9037069,bg_rep02_638,0,xgboost,11.391,21.917572,27.796,120.10917,20.793282,141.46713,-0.109978855,57.6054
-1.6245868,-4.581567,-1.1601121,-3.552957,-1.0520566,-1.7404516,-0.59811825,-1.9371505,bg_rep01_673,0,xgboost,12.2803335,22.797085,27.172,101.2063,28.29944,111.292595,0.45108768,37.78828
-1.0712681,-5.0626917,-1.2979406,-2.352732,-2.562929,-1.4819092,-1.9773695,-1.7742044,bg_rep03_8011,0,xgboost,11.526333,21.283575,27.112,90.01407,32.57391,50.026123,0.41839877,26.465946
-3.3940804,-3.5746121,-1.5003055,-4.6958995,-1.0673512,-0.89054006,-0.06494512,-0.4413376,bg_rep04_5386,0,xgboost,14.170334,30.690317,30.336,90.298775,0.0,0.0,0.0,0.0
-0.9357059,-2.522613,0.27428916,0.32631966,-0.9675712,-1.2029488,-2.0374882,0.08290905,bg_rep05_8945,0,xgboost,11.534,25.626556,24.56,69.99948,22.46876,363.44586,-0.3133061,33.65903
-1.0734676,-1.7985317,-1.6807971,-2.3756104,-1.0886817,-1.6666188,-0.87963754,-2.5806391,bg_rep04_8119,0,xgboost,12.215667,25.504566,25.516,102.11862,19.840378,592.85956,0.47501764,38.33316
-2.9680936,-4.9791455,-3.0470974,-1.8033133,-0.9094962,-0.14168015,-0.33110952,-0.39872703,bg_rep05_1937,0,xgboost,6.5113335,23.746658,29.036,61.807365,0.0,0.0,0.0,0.0
-0.84353447,-2.9151268,-1.0962572,-3.9427848,-0.6586625,-1.7407205,-2.0107894,-2.32134,bg_rep03_2563,0,xgboost,12.260333,26.348177,28.776,111.39094,19.002546,161.26399,0.01829887,53.624657
-1.6435858,-4.9820123,-1.6907077,-2.1893044,-0.83999413,-1.957973,-2.1034727,-1.5226377,bg_rep04_7603,0,xgboost,11.119667,20.559992,26.640001,86.49377,27.833921,46.506218,-0.21892758,28.683567
-2.8725698,-2.5546174,-1.3808401,0.8573042,-0.7921589,-1.5713212,-0.22898103,-2.2359295,bg_rep01_5279,0,xgboost,13.101334,23.768747,26.552,71.75454,26.513285,145.92163,0.3471798,35.851704
-2.461569,-3.2715416,-2.0641224,-3.7288332,-1.1501542,-1.317909,-0.16057499,-1.8148037,bg_rep01_3970,0,xgboost,12.695,26.160154,29.628,113.26985,20.476587,247.59285,0.8942034,50.850216
-2.6985443,-3.1069949,-2.9055614,-1.3409612,-1.2106633,-2.0854058,-1.1218697,-2.355208,bg_rep01_2720,0,xgboost,8.406,26.72644,31.4,60.887024,26.084589,132.77324,0.4091002,37.549725
-1.367519,-4.8489957,-1.5574868,-0.21789652,-2.0821583,-2.097855,-1.6979278,0.07174848,bg_rep01_1263,0,xgboost,11.531667,21.24165,26.988,79.17936,30.18593,43.451996,0.28152582,27.997723
-1.3446128,-5.775518,-1.6476038,-3.1529474,-1.5718471,-1.0975347,-1.5788656,-1.2811733,bg_rep04_2020,0,xgboost,11.046333,22.283413,25.952,98.66664,27.817043,234.45006,0.10022345,29.710009
-0.2766899,-2.3920333,-1.3604856,-2.7446375,-2.3622367,-1.3585354,-2.678858,-1.4666225,bg_rep02_5270,0,xgboost,10.085333,25.738396,28.088001,97.62112,23.858887,31.811766,0.07728676,35.85356
-2.7705562,-4.3570127,-1.8110124,-1.9826375,-0.96662384,-0.2902951,-0.3505574,-0.9925505,bg_rep04_8459,0,xgboost,6.7730002,24.722588,28.212,61.001717,0.0,0.0,0.0,0.0
-3.5014966,-2.127639,-1.1815895,-3.8016896,-1.1001978,-1.9900697,-2.9980202,-0.7367429,bg_rep05_4314,0,xgboost,12.912,26.091173,24.796,99.09603,20.206146,912.6135,-0.2517112,27.198542
-0.22070721,-2.3854628,-1.9628823,-3.8912551,-1.6520898,-2.3006656,-1.5651658,-2.5766034,bg_rep05_6105,0,xgboost,10.104,24.68002,27.26,103.99888,16.55426,97.66981,-0.45645905,47.270008
-0.9363926,-2.9270785,-1.6748511,-2.9402387,-1.8296626,-0.51403576,-1.9373308,-2.3369102,bg_rep02_5879,0,xgboost,11.619333,25.219946,23.996,97.141045,19.449848,649.28534,-0.30070847,38.599613
-1.3707662,-3.4624395,-1.087901,-1.8237159,-2.420132,-1.5541434,-2.0769265,-1.5182652,bg_rep01_8353,0,xgboost,11.836,24.414192,25.92,84.9683,29.027277,298.3406,0.048618894,28.707827
-0.08475978,-3.0301526,-1.3508439,-4.899479,-2.4542513,-1.8442881,-2.0289083,-1.945749,bg_rep03_4132,0,xgboost,10.762,26.999498,27.744,103.24039,25.160898,121.876175,0.13486929,35.270393
-3.166588,-3.3821006,-1.7057284,-4.324448,-1.0792432,-1.1302881,-0.13931967,-0.40918523,bg_rep03_4133,0,xgboost,12.844333,31.37662,26.348,92.338844,0.0,0.0,0.0,0.0
-1.6312006,-3.472403,-1.5565789,-3.3084133,-2.0591352,-3.045568,-1.5589547,-1.7920853,bg_rep04_5934,0,xgboost,12.617333,29.307196,27.764,100.41937,25.869308,1094.9891,0.25465247,19.872057
-1.0810431,-2.6397407,-1.3299071,-0.4281433,-1.5259244,-0.83164364,-0.9187291,-0.88473594,bg_rep02_1190,0,xgboost,9.932667,27.029135,24.292,75.56942,28.210705,283.95407,-0.36461836,30.914072
-2.101541,-3.4564815,-1.9462768,-1.398738,-1.5494286,-2.4296327,-0.8247373,-2.6938004,bg_rep04_8844,0,xgboost,8.306,24.948936,28.648,24.651428,18.523767,315.75153,0.3578272,46.889828
-1.4379406,-5.2785115,-1.6499754,-1.8633943,-1.6271602,-2.1686924,-1.1440227,-2.29559,bg_rep05_15,0,xgboost,11.682333,21.859018,26.668001,89.817154,27.445452,64.505745,-0.4804692,29.806273
-1.6068099,8.117527,-0.14930262,-0.83544517,0.05628182,0.0021199677,0.36583436,1.3875618,presence_36,1,xgboost,13.358667,51.530117,31.264,74.07464,0.0,0.0,0.0,0.0
-0.54004645,-4.531679,-1.325146,-0.64847773,-1.8782986,-0.99329627,-1.7606542,-0.17681867,bg_rep04_8298,0,xgboost,10.553,21.300259,25.788,82.75764,30.672539,271.4717,0.2794554,27.483614
-3.0393186,-3.1659875,-0.8048063,-3.304889,-0.696912,-1.6739621,-1.5075593,-2.1752775,bg_rep02_6499,0,xgboost,14.154333,24.930134,23.2,92.87927,20.006096,885.7025,0.11909619,43.58137
-3.6061919,-4.016966,-4.124161,-1.4334153,-1.4076494,-1.3898101,-1.1419299,-1.0319892,bg_rep04_6860,0,xgboost,6.8166666,24.07015,31.716,65.411156,28.329712,486.64178,-0.4087603,28.468159
-2.345432,-2.2485242,-1.3921443,-4.4569654,-1.0792972,-1.8044348,-2.2064402,-1.8987529,bg_rep04_981,0,xgboost,12.907333,27.558573,26.768,128.84271,18.389923,585.4611,0.10664842,47.740257
-3.5801053,-4.0923743,-3.4920046,-1.189152,-1.2851325,-2.1491914,-2.2937324,-2.7427096,bg_rep05_3603,0,xgboost,6.8396664,24.178684,32.392002,65.21096,27.749952,387.1921,-0.27359357,29.715946
-1.1830604,-3.4572494,-1.0538878,-3.4107413,-2.239303,-1.9451472,-1.2858262,-1.2705758,bg_rep02_5949,0,xgboost,11.406,27.084915,24.460001,91.91145,24.0625,392.83795,-0.3876621,31.683668
-2.6526086,-3.2189577,-0.9452448,1.2813864,-1.2731874,-1.5014068,-1.7313498,-2.899268,bg_rep03_242,0,xgboost,12.880333,24.025093,26.684,67.9031,27.523241,72.71315,0.40778401,28.964352
-4.1525884,-2.607915,-1.3159636,-1.0440581,-1.4704745,-0.7170975,-1.6452491,-1.8549687,bg_rep02_5514,0,xgboost,14.916667,25.635298,26.468,72.57196,21.71429,298.72025,0.09076057,40.284115
-1.9961123,-2.2303588,-1.808297,-4.045855,-0.99974084,-0.8968995,-0.35526222,-2.0884612,bg_rep05_3372,0,xgboost,12.607333,26.620214,28.888,118.489815,16.945845,246.92941,0.32223248,48.7763
-2.933322,-1.5527837,-2.7478178,-4.676915,-0.4941834,-1.2031186,-0.41329002,-0.38137174,bg_rep01_4836,0,xgboost,13.3446665,33.753204,24.74,98.1805,0.0,0.0,0.0,0.0
-1.6891475,-2.0356734,-1.8798745,-1.98816,-2.0149338,-1.9163533,-2.1094027,-2.4555385,bg_rep05_9541,0,xgboost,7.5916667,23.159447,26.78,96.21784,17.514488,175.16786,-0.3342864,50.14957
-1.1953012,-3.281102,-1.7002532,-5.3826265,-2.5351324,-1.4167618,-2.442675,-1.5842218,bg_rep03_9580,0,xgboost,11.437666,27.067556,25.376,104.61616,23.939571,468.8861,0.028516034,33.097954
-2.146132,-4.326111,-0.96053505,-2.3585117,-1.4230276,-1.1159639,-1.7695943,-2.869131,bg_rep03_6303,0,xgboost,7.8633337,22.68182,22.736,31.145836,16.518234,89.07744,0.13023171,42.359222
-0.88556814,-1.85228,-1.8983008,-4.517946,-1.8180356,-2.3762786,-0.13724652,-2.7162106,bg_rep04_3902,0,xgboost,11.021333,25.801416,26.104,104.85976,23.547785,399.40366,-0.47935754,36.2092
-1.6504772,-4.974555,-0.56636727,-4.56399,-2.3070865,-1.6829151,-2.2991638,-1.4874425,bg_rep02_2882,0,xgboost,12.097333,22.830326,27.4,108.66551,29.868671,146.31686,0.19346543,24.523493
-1.2041452,-2.5772107,-2.498051,-3.113038,-2.3070478,-1.5610949,-2.6690037,-1.9789556,bg_rep03_2088,0,xgboost,11.625,26.8724,19.58,93.17117,22.443645,1526.7487,0.056091923,39.400883
-2.394611,-2.5186255,-1.335853,-2.8517625,-2.8819187,-1.693342,-0.7495106,-2.0949736,bg_rep04_162,0,xgboost,12.821333,27.746998,22.348,95.5232,24.013664,1232.3785,0.29725775,34.56194
-2.9430528,-4.0793176,-1.3491411,-4.9424186,-1.3593378,-0.41426703,-2.1082234,-1.7116269,bg_rep01_4341,0,xgboost,12.962333,24.381786,27.344,104.78791,26.426565,237.98451,-0.21541765,26.375341
-3.1949239,-3.4106874,-1.3757392,-2.5325894,-0.8792805,-0.663869,-0.13136272,0.05124089,bg_rep02_8278,0,xgboost,7.3386664,25.865877,25.52,58.817726,0.0,0.0,0.0,0.0
-3.263643,-4.8445196,-2.7653084,-2.1758556,-0.64906913,-0.33552113,-0.2682756,-0.62678987,bg_rep05_6236,0,xgboost,6.986,24.577824,32.808,63.443275,0.0,0.0,0.0,0.0
-2.725506,-2.384905,-0.73896056,-4.4618936,-0.95301193,-1.5032389,-1.7596236,-2.0065415,bg_rep02_1953,0,xgboost,12.864,26.000486,27.948,127.804924,27.577784,256.64725,0.5044272,41.00253
-1.2727275,-5.3077984,-1.4702693,-2.7259436,-1.9299217,-1.3955913,-0.24393229,-1.4218022,bg_rep05_8215,0,xgboost,10.931334,20.915607,27.152,88.91114,29.44813,54.676865,-0.018705683,26.091866
-1.8286226,6.743391,-0.86671335,2.2723768,0.10974858,0.12152727,0.52964574,0.96125156,presence_204,1,xgboost,14.376333,49.917824,26.66,26.89414,0.0,0.0,0.0,0.0
-0.7469928,-2.509501,-1.3259566,-3.1581173,-1.927784,-0.84224814,-1.1293491,-1.9891137,bg_rep04_3696,0,xgboost,11.3880005,25.0,24.068,86.73344,18.500132,618.9161,-0.5430236,35.76849
-1.2341732,-2.815436,-1.7228813,-2.4615564,-2.7769287,-1.7980139,-3.5798955,-2.1498704,bg_rep05_7062,0,xgboost,12.363999,27.262304,22.588,92.85756,22.224785,1081.4553,-0.2743198,35.03427
-1.0729289,-4.0017395,-1.975285,-2.4194498,-1.3842726,-0.8627446,-1.0896227,-1.265786,bg_rep05_3255,0,xgboost,5.3250003,24.883179,27.7,31.81746,6.163371,9.008875,0.8933926,5.707534
-2.5709336,-2.2254403,-1.347128,-3.494942,-1.65002,-1.1760902,-2.179914,-1.0854281,bg_rep01_5197,0,xgboost,12.897,25.556833,25.644,101.48868,25.64308,488.73074,-0.08724034,31.56149
-5.2289357,-1.806291,-1.1704233,0.34410128,-1.8093358,-0.120035894,-1.7339165,-2.751553,bg_rep04_8080,0,xgboost,14.79,26.947744,24.432,70.78948,19.705818,712.21936,-0.0036024752,41.075565
-3.8691666,-3.1583931,-1.6821817,-3.2252114,-1.0052233,-0.8219998,0.041089788,-0.44092363,bg_rep04_255,0,xgboost,14.431666,31.832685,29.468,84.359215,0.0,0.0,0.0,0.0
0.23517412,-3.918506,-0.6542508,-0.15125164,-1.2935483,-1.818968,-1.846194,-3.110342,bg_rep01_4659,0,xgboost,10.752,21.726479,22.584,70.08634,20.756187,563.7957,-0.01418939,43.811394
-4.485639,-2.8807979,-1.4010001,-0.5695038,-1.3733327,-2.0459208,-1.7401141,-2.258903,bg_rep05_4295,0,xgboost,13.601666,25.446507,22.9,69.42116,19.966358,897.9721,-0.022357263,42.74097
-3.564892,-5.7054744,-3.0485282,-2.4527853,-0.73102635,-0.20278919,-0.2950683,-0.47293746,bg_rep02_9500,0,xgboost,7.468667,24.039742,31.904,48.639675,0.0,0.0,0.0,0.0
-1.7494519,-1.8243935,-1.5088513,-3.3273308,-1.6451179,-1.7375146,-1.2553271,-2.6365702,bg_rep02_8635,0,xgboost,12.257,24.68979,25.976,96.55656,22.040564,398.73798,-0.41276926,35.368908
-0.44942385,-2.5306208,0.07067744,-1.834731,-2.2742848,-1.9654615,-1.1321051,-1.0921588,bg_rep01_2638,0,xgboost,10.057,26.716078,28.572,92.459694,31.533716,131.66122,0.4016189,34.393246
-0.50715435,-3.468565,-1.055059,-4.263109,-2.793443,-1.7957331,0.14230645,-1.8526129,bg_rep04_4985,0,xgboost,11.718333,23.752094,27.588001,118.12145,25.141512,214.19412,0.6017634,48.188362
-4.0479827,-3.038773,-0.9778894,0.5979152,-1.3461992,-1.1661546,-1.8524909,-1.600872,bg_rep01_292,0,xgboost,13.996,25.46394,24.336,68.671936,20.660599,657.13464,0.2692212,40.102802
-2.8698542,-3.5471098,-3.2440653,-1.9402834,-1.4941765,-1.4475473,-1.5544853,-1.0418366,bg_rep04_6527,0,xgboost,8.375333,26.806213,31.516,61.827934,26.43794,157.89906,0.13639057,32.184807
0.25533748,-3.1532116,-1.6855327,-2.7066646,-1.6759305,-1.0128499,-1.6522405,-2.1098318,bg_rep01_1060,0,xgboost,8.724333,22.752798,27.208,100.17222,21.712816,11.03798,-0.35244802,45.95012
-3.4141512,-2.3697476,-0.76260835,-0.27159724,-1.1360065,0.19049083,-1.9146593,-2.3313904,bg_rep02_2572,0,xgboost,13.577667,25.697756,26.596,64.70234,23.425306,239.31476,-0.4703375,29.376312
-0.4890696,-3.626717,-1.7412349,-4.1187477,-1.3832916,-1.8896738,-3.215629,-2.6347942,bg_rep04_57,0,xgboost,10.731333,24.108854,26.98,105.00817,18.643143,368.6146,-0.2638877,45.965904
-2.8657627,-2.0362446,-1.1246587,-4.631687,-1.5561237,-1.2733876,-2.239967,-2.5126297,bg_rep04_8768,0,xgboost,13.025,25.31289,27.324,122.99371,23.356613,216.99387,-0.15490869,49.38949
-2.3319843,-4.277994,-2.8980649,-2.045854,-2.4071214,-1.2412483,-2.281345,-1.9392778,bg_rep04_6721,0,xgboost,9.499,29.728968,30.68,49.96265,29.71018,161.99889,0.19140987,38.231903
-1.0172338,-4.9189487,-2.307918,-1.565476,-1.9082592,-1.3707564,-2.3938863,-0.635316,bg_rep05_8611,0,xgboost,10.625334,20.820923,26.264,83.31309,28.775185,181.11877,0.19119523,27.319952
-2.3395622,-4.7289205,-2.165445,-2.6964676,-0.85698295,-1.8167732,-0.0060254177,-2.4052393,bg_rep02_3276,0,xgboost,13.196333,30.247395,21.028,96.43263,20.198643,1481.9308,0.23836298,36.83482
-0.98257715,-3.9538662,-1.603715,-2.668392,-1.1914818,-1.7009963,-1.943278,-3.361069,bg_rep01_6365,0,xgboost,5.6516666,18.806292,22.012,39.80135,13.958992,56.33271,-0.15188198,45.353855
-2.8963704,-2.863257,-2.0772436,-0.93957245,-1.8115529,-1.3768804,-2.0584347,-0.7801013,bg_rep05_8126,0,xgboost,12.736667,23.37861,26.331999,77.65438,24.19125,173.7463,0.17263643,31.265945
-0.5354944,-4.4672503,-1.2402995,-1.7321242,-1.1274556,-2.7008712,-1.1886322,-2.3363714,bg_rep01_7432,0,xgboost,10.046666,30.155682,26.708,52.32397,27.090132,1003.3303,0.37111393,39.044693
-3.8384652,-2.5699298,-1.5923783,-2.6642091,-1.8304269,-2.4405138,-1.7136128,-2.427413,bg_rep02_1198,0,xgboost,7.9123335,26.799667,28.608,63.254204,26.679905,1001.6571,0.20625319,29.195498
-1.0571374,-3.7355804,-1.820112,-4.478477,-2.095776,-1.4270654,-2.4391503,0.2668509,bg_rep04_9842,0,xgboost,11.382,22.94943,27.644001,112.80194,25.051441,149.4388,0.069201134,33.556034
-0.83966786,-2.4362707,-0.308634,-2.2706509,-0.5771238,-1.6736323,-0.8045372,-2.8063626,bg_rep04_3235,0,xgboost,12.370334,25.531109,27.444,101.44442,20.045153,344.06168,0.46912912,39.2487
-1.9428725,-4.588799,-1.680916,-2.8985534,-1.3092874,-1.4622617,-0.47475114,-2.7483046,bg_rep04_3028,0,xgboost,11.872666,22.2919,25.404,93.12748,21.54885,338.21924,-0.46133107,35.97167
-0.9047553,-3.233221,-1.3226298,-5.463674,-2.6470213,-0.9728849,-1.5143542,-1.0234096,bg_rep04_3682,0,xgboost,11.700666,27.2438,25.944,105.379456,24.12831,488.8422,0.14856033,32.381725
-1.5845649,-2.977734,-2.1675003,-4.388342,-2.4097314,-1.1086948,-2.2933347,-2.0229921,bg_rep04_8747,0,xgboost,12.526667,26.164816,29.272,103.37313,24.90927,297.61304,-0.601516,41.543983
-1.2737192,-3.2659495,-0.9272233,-5.732677,-2.4739563,-1.4998124,-2.5143054,-1.3060277,bg_rep03_6265,0,xgboost,12.446,28.32241,27.316,104.112946,23.958345,330.65262,-0.099199824,32.745785
-0.19468829,-2.619108,-1.2502625,-3.6248057,-2.3998244,-1.6041993,-0.6452689,-0.8505954,bg_rep03_6095,0,xgboost,10.739,26.610666,27.932,98.87451,24.59383,40.704746,-0.026935516,32.41667
-2.9577084,-3.7105026,-1.7368301,-1.1780019,-2.220985,-2.3612332,-1.8233917,-1.1124207,bg_rep02_3971,0,xgboost,8.912,28.815313,28.628,66.109795,25.944963,864.24146,0.25292858,30.656271
-1.2131565,-4.59422,-0.72526705,-2.2605662,-1.7145617,-1.7791833,-0.78116935,-1.9394988,bg_rep04_2352,0,xgboost,11.027333,22.132574,27.52,91.38431,27.28234,120.80735,0.40186664,28.673534
-3.3847542,-4.0368757,-1.528445,-3.2086108,-1.2211914,-1.4069841,-0.64705825,-1.9358387,bg_rep02_8423,0,xgboost,13.041,23.017862,25.084,93.01468,21.246798,495.25473,0.2403112,43.467262
-0.36278883,-5.341833,-1.9131979,-0.2763845,-2.4441686,-1.3937632,-1.6235249,-0.9827081,bg_rep02_1974,0,xgboost,10.663667,20.803095,26.696001,77.50153,31.720942,62.046947,0.08362695,21.084827
-1.6435009,-5.1990833,-2.36998,-0.32558292,-1.4481039,-1.3839282,-2.5135176,-0.23369505,bg_rep02_154,0,xgboost,11.736333,22.580294,26.284,73.468704,27.431389,197.44592,-0.27861995,32.505405
-0.05682829,7.4547877,-1.4492769,-0.045104194,0.11159012,0.24164432,0.47475353,1.2549055,presence_37,1,xgboost,10.684667,55.10969,25.708,56.174274,0.0,0.0,0.0,0.0
-4.069748,-3.3756447,-3.7389362,-1.0990852,-1.1283522,-1.3879074,-1.8057154,-1.0427086,bg_rep03_3931,0,xgboost,7.6063333,24.951889,29.776,20.118605,30.580004,230.65817,0.118679106,31.284311
-2.943779,-4.5762463,-1.0553359,-2.397569,-1.0571289,-0.5083528,-0.10451798,-0.29253232,bg_rep02_7189,0,xgboost,6.996333,25.134119,26.676,59.448784,0.0,0.0,0.0,0.0
-2.1071866,-2.9927087,-0.8298218,-4.8948197,-1.6505759,-2.464859,-2.8259165,-2.370662,bg_rep05_6616,0,xgboost,11.958667,23.600147,24.768,105.308395,22.1525,403.3741,-0.17750202,35.210888
-3.7133377,-4.423345,-3.316012,-2.9221604,-0.71262187,-0.3745135,-0.07202374,-0.026449345,bg_rep03_9937,0,xgboost,7.4146667,25.60313,30.316,57.68009,0.0,0.0,0.0,0.0
-3.113819,-2.9870856,-1.0614866,-3.4360602,-1.7459179,-1.9704527,-1.5454105,-2.2035487,bg_rep04_7413,0,xgboost,12.568,23.208746,25.792,91.9786,22.750887,322.2071,-0.30551356,38.87196
-1.5226065,-2.8725016,-1.264317,-5.339381,-1.9237934,-1.3799394,-2.25303,0.022139816,bg_rep05_7971,0,xgboost,11.922,23.396656,25.92,110.42804,22.33688,214.43314,-0.11967343,27.600967
-1.6057191,-4.761378,-1.6086912,-2.5819185,-1.5877215,-2.1151135,-2.0994356,-1.2333136,bg_rep02_4628,0,xgboost,11.338,22.719622,26.02,97.30552,27.289745,300.3429,-0.25554112,29.141052
-3.054602,-5.195173,-2.8280423,-2.1014075,-0.6297617,-0.11521448,-0.30071926,-0.48685798,bg_rep04_1042,0,xgboost,6.8823333,24.343285,32.48,63.9036,0.0,0.0,0.0,0.0
-1.6189513,-5.1120925,-1.881845,-0.37834367,-2.5552695,-1.400941,-2.1960871,0.21295331,bg_rep02_1231,0,xgboost,10.943334,21.813374,26.016,77.695465,29.858816,194.74042,-0.23373781,28.421837
-2.6240282,-1.9018866,-1.4570061,-3.007148,-2.3648512,-2.3263445,-1.752902,-2.2135038,bg_rep04_6599,0,xgboost,8.756333,27.879309,25.62,56.602573,29.574669,867.8525,0.093560874,37.232998
-0.65817314,-3.046226,-2.1206725,-1.7473221,-1.5047342,-0.93743604,-1.5729979,-0.8658102,bg_rep04_9387,0,xgboost,9.873,26.361744,29.148,86.55651,26.035519,18.162851,-0.1900606,38.243256
-3.484768,-2.4019134,-1.4100615,1.3512354,-1.7360071,-2.009805,-1.8007122,-3.289601,bg_rep03_396,0,xgboost,13.446667,24.750895,27.144001,66.862076,26.967281,125.605385,0.25955352,30.187551
-4.2766943,-3.6508107,-2.2455604,-3.0324535,-1.1124036,-1.8783798,-2.2246451,-1.37661,bg_rep05_4312,0,xgboost,14.972667,32.59746,30.636,89.51477,20.333544,1362.6135,0.054702938,42.255962
-0.60539436,-3.2710888,-1.3309636,-3.0180876,-2.7883651,-1.4959507,-0.64302313,-1.7218304,bg_rep01_2151,0,xgboost,11.361667,24.402205,27.872,102.813614,31.250603,47.86051,0.30626696,29.857866
-1.5548546,-5.107722,-1.2513404,-3.2260475,-0.7388867,-1.295277,-1.3834401,-3.164106,bg_rep02_365,0,xgboost,12.271334,22.526129,24.732,91.1949,20.848524,463.1129,0.12744878,41.17193
-2.0733783,-2.2455592,-1.0903594,-3.2137132,-2.034307,-1.1691517,-2.97926,-2.8026073,bg_rep02_1406,0,xgboost,12.647667,25.573574,25.924,99.13531,21.81543,584.0041,-0.2939943,35.983986
-3.650127,-1.9574226,-1.1852862,-0.38065404,-1.7052486,-0.47315064,-2.788178,-1.8920779,bg_rep01_7665,0,xgboost,14.685333,25.234264,27.012001,70.70326,22.995815,273.864,-0.28407934,37.922558
-3.7354126,-3.2205756,-1.5450273,-1.9406337,-0.7255522,-1.096951,-2.3370764,-2.2169375,bg_rep03_6995,0,xgboost,7.7176666,25.112803,27.232,43.781944,21.219213,295.4057,0.032609124,43.059097
0.3855379,-3.156559,-1.442887,-4.2760835,-0.8128664,-0.14514458,-0.05463524,-0.82510674,bg_rep02_9708,0,xgboost,10.217667,23.764225,27.968,105.39454,28.025244,18.19421,0.7125294,35.874104
-0.6835234,-3.1983926,-1.6139491,-3.0212927,-1.5713817,-0.5163929,-1.9304329,-1.2314621,bg_rep05_5263,0,xgboost,11.360333,23.924551,26.168,87.72068,25.467339,286.36887,0.21041681,29.89211
-0.32980824,-3.00879,-0.9861535,-2.851937,-1.4124188,-2.0158947,-2.448668,-1.9786692,bg_rep03_1979,0,xgboost,10.054334,24.978468,27.596,100.866776,19.025904,39.50197,0.036496587,41.67477
-0.46215925,-4.8653502,-2.424125,-0.19596413,-0.815311,-2.7126002,-2.0843258,-1.3923934,bg_rep03_3280,0,xgboost,9.941333,18.976357,26.004,80.784874,26.913221,32.906723,0.23729672,30.633379
-2.2873785,-2.9227011,-1.9970094,-3.6187232,-0.8279401,-1.8521563,-2.094822,-2.1494305,bg_rep03_5575,0,xgboost,12.748,26.024824,29.512,117.58306,17.033987,184.77301,0.1370155,58.65072
-3.7358344,-1.8054284,-1.4335364,-1.3376877,-1.4232605,-1.3881942,-1.0939171,-2.6219456,bg_rep01_7168,0,xgboost,13.761666,24.553358,26.188,74.32356,20.385159,302.70496,0.32141647,39.45382
-1.9466014,-5.198057,-1.3490925,-1.0902835,-1.511199,-1.7950475,-1.7147478,-1.4568688,bg_rep04_45,0,xgboost,12.006667,22.087318,26.888,76.55473,28.093637,41.79406,0.41430104,31.655714
-2.1977558,-2.9880698,-2.037756,-3.834379,-0.9927904,-1.5930746,-1.542049,-2.686347,bg_rep05_4116,0,xgboost,12.733,26.094353,29.803999,119.28594,17.795095,214.58983,-0.010670885,49.173172
-1.7882211,-2.3055298,-1.45138,-3.9984212,-1.5170314,-1.6117115,-3.5383437,-2.2022147,bg_rep02_6960,0,xgboost,13.328667,27.900583,28.084,122.96563,17.711946,521.1194,-0.24201287,51.830647
-4.73425,-1.0098523,-3.210199,-3.9115827,-0.357695,-1.0799426,-0.38617757,-0.09259543,bg_rep02_3981,0,xgboost,13.9453335,35.36911,17.76,95.789604,0.0,0.0,0.0,0.0
-3.2694821,-4.964479,-3.0605044,-2.4738748,-0.9079894,-0.21065319,-0.33842805,-0.39439207,bg_rep02_8101,0,xgboost,7.2060003,23.610748,32.176,48.070942,0.0,0.0,0.0,0.0
-4.0846105,-3.9110239,-2.0202026,-2.1474442,-1.3025053,-2.189306,-1.5535973,-2.1783524,bg_rep04_948,0,xgboost,13.6119995,31.4772,29.8,96.24641,19.859556,1211.791,-0.48478693,36.0132
-0.7742759,-2.7533214,-0.6328611,-3.7907465,-2.5615563,-1.7950696,-1.9740388,-1.7512271,bg_rep03_4387,0,xgboost,10.042666,26.36978,27.42,102.37017,25.257565,213.26591,0.016613675,38.391136
-0.19325307,-3.201776,-1.5904721,-3.207368,-1.8229688,-0.7977106,-2.0193164,-1.991685,bg_rep05_997,0,xgboost,10.601666,28.15399,24.204,87.50048,25.790094,757.62933,0.08296912,38.776573
-4.304151,-3.098593,-1.3391974,-0.45189157,-2.139779,-2.1311188,-0.2794357,-1.9898444,bg_rep03_3344,0,xgboost,13.777667,24.421558,27.452,73.275665,25.353209,96.77283,0.3410586,29.823164
-2.5809324,-2.1430705,-1.5806144,-4.3354616,-1.5880007,-1.5708143,-2.9273753,-2.0960324,bg_rep03_8210,0,xgboost,13.146334,27.772379,27.104,126.45694,18.330954,588.9897,-0.1937806,51.32667
-3.7959518,-3.5372741,-1.1940321,0.5637605,-2.3478105,-0.74346906,-2.824776,-2.389829,bg_rep05_1561,0,xgboost,13.912666,25.24985,24.168,68.566826,19.208797,691.09204,-0.09808442,42.95456
-2.7468433,-3.5306935,-2.4367409,-2.1594028,-0.3299933,-1.8707066,0.67716724,-1.2746159,bg_rep03_8323,0,xgboost,14.116667,30.949457,29.696001,101.798904,17.357498,1256.6245,0.63158363,46.032955
-3.8332767,-3.4474452,-0.9962429,-3.214801,-1.1325601,-1.3459457,-0.63657117,-2.1535063,bg_rep05_7482,0,xgboost,13.113,23.005262,24.724,94.750946,21.775589,591.7617,-0.39723298,44.58933
-0.52234703,-2.3650887,-1.8514767,-3.0087209,-2.2320106,-2.2719724,-1.960217,-1.921601,bg_rep01_1885,0,xgboost,9.759334,26.013788,28.124,100.43141,25.139032,100.7459,-0.3208931,37.78215
-1.9198192,-3.9567685,-3.5215619,-0.99198174,-1.3826662,-2.1072295,-1.4310725,-2.2863443,bg_rep02_4848,0,xgboost,9.948,29.217575,29.524,73.85585,28.370457,123.05203,0.16564584,29.860449
-1.5165584,-5.281991,-1.892118,-3.6186113,-1.933517,-1.0721713,-1.8750892,0.1375105,bg_rep02_2907,0,xgboost,11.285,22.593496,26.148,98.567505,27.333569,231.52452,0.13270248,28.363434
-4.104136,-3.0408955,-2.3690102,-5.231825,-1.3953815,0.051685534,-0.9889942,-1.165982,bg_rep02_5637,0,xgboost,13.887333,28.244658,23.632,123.12073,28.209517,741.26404,-0.02788226,31.568855
-1.2596294,-4.122295,-1.4005624,-2.4336715,-1.3247714,-0.6449358,-0.30774868,-1.685123,bg_rep03_3154,0,xgboost,5.188889,24.437468,28.433332,31.270575,9.035402,1.8038245,0.6312129,7.520906
-1.3842587,-2.646512,-0.8010889,-3.1087213,-1.0492606,-1.6836721,-1.6614294,-3.38997,bg_rep01_7801,0,xgboost,6.8063335,20.817022,21.988,37.797916,11.598464,142.05952,-0.58340126,47.573746
-3.3619158,-2.776247,-1.6365814,-2.6241002,-1.3171381,-1.2559249,-1.6491528,-2.0052125,bg_rep03_5553,0,xgboost,13.107333,24.556604,21.619999,88.02354,19.436872,1059.3141,-0.022348529,44.18199
-1.5132532,-3.2670705,-0.2417483,-2.2897918,-1.647939,-2.5099952,-1.264102,-3.1000705,bg_rep01_329,0,xgboost,8.771333,24.949747,23.32,37.341934,18.781973,103.9289,-0.44383335,50.431824
-2.3207922,-3.9548616,-2.7634373,-2.3734417,-1.4245977,-0.8819058,-0.91468894,-1.4256854,bg_rep02_5063,0,xgboost,6.875,23.625431,28.8,40.150146,4.5356617,1.7669519,0.8073105,5.7527933
-2.4611838,-2.4469457,-1.1571434,-4.3499575,-1.5322683,-1.119904,-2.8695102,-1.9053868,bg_rep05_8590,0,xgboost,12.897667,27.53088,26.62,128.09467,18.56923,544.1477,-0.29490694,48.669888
-1.0028231,-1.6972868,-1.2602955,-2.5063598,-2.12472,-0.19468318,-2.9229658,-2.7940855,bg_rep05_1197,0,xgboost,11.531667,25.3912,23.32,95.260735,17.996944,734.8975,-0.2770262,39.242622
-2.979702,-5.8704734,-2.8084118,-2.6384985,-0.6421795,-0.19122961,-0.2690803,-0.33924565,bg_rep05_3579,0,xgboost,7.134333,22.913454,32.492,47.65187,0.0,0.0,0.0,0.0
-0.7688373,-3.9305513,-2.2294831,-2.2903554,-0.8047869,-1.8012916,-1.3649626,-1.6446623,bg_rep03_6526,0,xgboost,11.112,24.006222,18.72,63.00216,19.848392,1066.8484,0.5119841,42.356438
-1.3195332,-3.3128562,-0.95447385,-3.4066439,-0.98773605,-1.5581298,-2.9564474,-1.7392155,bg_rep05_2868,0,xgboost,11.989333,23.638275,28.720001,121.51042,19.855055,135.95148,-0.06738429,58.106625
-0.5446584,-3.4673574,-3.078089,-4.899557,-0.6839722,-0.8643151,-0.31702247,-0.4542666,bg_rep01_6689,0,xgboost,10.598333,30.666473,18.188,97.65614,0.0,0.0,0.0,0.0
-3.6610816,-4.907098,-2.938159,-2.8812516,-0.8455131,-0.3181016,-0.11081258,-0.3134018,bg_rep03_1379,0,xgboost,7.556333,25.094093,31.824,58.53724,0.0,0.0,0.0,0.0
-4.3239694,-3.0206451,-3.806872,0.10988579,-1.6397303,-2.5040464,-2.1732795,-0.9349547,bg_rep01_8394,0,xgboost,7.437333,25.259249,32.264,67.19009,25.734175,402.57272,0.036395684,32.995296
-2.4992452,-2.1496055,-1.5342529,-2.4792097,-1.3393618,-2.9549677,-2.1759224,-1.0513808,bg_rep04_8874,0,xgboost,8.066,27.87531,24.088,61.75954,30.147299,1734.3617,-0.24890876,25.907074
-3.7900383,-4.581429,-2.9587214,-2.9694605,-0.67181164,-0.3251563,-0.07462957,0.0008962774,bg_rep03_7469,0,xgboost,7.5169997,25.547173,31.456,55.806744,0.0,0.0,0.0,0.0
-0.329685,-3.0851858,-2.1533911,-2.9721303,-2.2030766,-1.5353978,-0.40644372,-1.5894374,bg_rep01_6570,0,xgboost,12.370334,28.22988,18.984,87.941124,22.606752,1745.5785,0.3072123,43.90569
-0.9503231,7.500397,-1.4595915,-0.08755035,0.42249185,0.64236355,0.311838,1.320988,presence_249,1,xgboost,8.496666,43.70713,23.784,41.521267,0.0,0.0,0.0,0.0
-1.4132066,7.181882,-1.079541,1.4799994,0.47321492,0.7885037,0.2899582,1.374932,presence_230,1,xgboost,6.961667,43.058308,24.38,23.407072,0.0,0.0,0.0,0.0
-1.1327666,-3.2534347,-0.8171743,-4.6504,-1.2332287,-1.2208971,-2.578983,-2.0307834,bg_rep02_2062,0,xgboost,12.262333,28.096264,27.676,103.52692,21.00004,219.46684,-0.18473361,34.573227
-3.3986762,7.113542,-1.0218809,2.4381733,0.09678418,0.2709204,0.4998054,0.9729622,presence_217,1,xgboost,14.863334,50.887886,26.556,26.203712,0.0,0.0,0.0,0.0
-1.3252286,-3.3637314,-1.0008497,0.15564218,-0.84575003,-1.7605321,-2.2556508,-1.505417,bg_rep03_2099,0,xgboost,9.862333,28.94217,28.248,80.195724,28.580465,205.12383,-0.5146491,31.7547
-1.1677414,-1.8575684,-1.3024949,-4.1473374,-1.0860178,-0.8802221,-2.0207357,0.045385204,bg_rep05_3423,0,xgboost,12.288333,24.713083,25.632,97.46322,22.576641,478.09952,0.20503272,33.435616
-1.2618494,-5.212453,-2.1955385,-2.5156662,-1.7385067,-1.2663305,-0.7724763,-1.397038,bg_rep03_646,0,xgboost,11.198667,22.404503,26.368,91.7667,26.384062,228.4937,-0.40305832,28.758589
-3.6929226,-3.9249954,-2.9532435,-3.0256965,-0.17447676,-1.5055989,-2.3448582,-1.0298392,bg_rep02_5480,0,xgboost,7.8533335,24.89013,31.752,50.67357,30.742212,31.808805,-0.2886122,26.826914
-2.1965847,-2.8523414,-1.83607,-3.358361,-0.648072,-1.5704577,0.07441543,-1.8988678,bg_rep02_8974,0,xgboost,12.824667,26.015633,29.756,119.08927,18.112713,193.75867,0.46681154,48.526608
-4.366135,-2.951104,-3.5527713,-2.927561,-1.4356215,-1.0165915,-0.79105854,-1.4668995,bg_rep05_8751,0,xgboost,7.6186666,25.021894,30.992,54.33634,27.108387,255.57893,-0.008095216,34.03718
-3.6263053,-3.6699317,-2.9384887,-2.8767076,-0.6205617,-0.45617646,-0.054160103,0.08807213,bg_rep05_7180,0,xgboost,7.6796665,25.815742,31.536,55.591957,0.0,0.0,0.0,0.0
-2.8552191,-3.6346138,-2.2600198,-2.4039695,-0.5387722,-1.6000648,-2.0003536,-1.8586417,bg_rep01_6355,0,xgboost,14.216333,31.097063,29.62,101.5134,15.31756,1294.653,0.083158016,48.41229
-2.4142005,-2.6177776,-1.0484568,-4.1394453,-2.6349347,-1.0335186,-2.744181,-1.2355676,bg_rep04_3322,0,xgboost,12.619667,26.269081,24.548,98.77363,24.951115,564.9621,0.021310138,31.362741
-2.7843647,-2.8844235,-3.584254,-2.0903416,-1.9159627,-2.1321332,-2.1721895,-1.6839851,bg_rep05_5092,0,xgboost,8.158667,26.686728,30.02,63.55046,23.868961,372.30832,-0.87352633,41.45749
-3.0237134,-4.091613,-1.8327194,-2.0216548,-0.93540376,-0.45481724,-0.11126166,-0.3068856,bg_rep02_4862,0,xgboost,7.1063333,25.658339,27.72,62.23828,0.0,0.0,0.0,0.0
-1.2033689,-3.2604492,-1.50398,-4.333719,-1.7435415,-1.9363816,-1.8868175,-0.5706205,bg_rep01_7906,0,xgboost,12.198,23.14611,26.076,107.32749,26.040817,318.1509,-0.052287392,29.91332
-3.864744,-3.5704305,-0.271045,-3.6511378,-0.8042579,-0.6515073,-0.063488506,-0.24076396,bg_rep04_1504,0,xgboost,14.508,30.690472,31.564001,93.8086,0.0,0.0,0.0,0.0
-1.580994,-2.6001718,-0.58271074,-3.2878509,-0.6934321,-1.7008066,0.52436644,-2.2175198,bg_rep05_1961,0,xgboost,12.546667,25.561623,28.708,116.63285,18.391611,146.46242,0.24137048,42.491035
-1.4456625,-3.6891859,-1.3650362,-1.7190337,-2.5012357,-3.5130417,-1.9139878,-0.99785674,bg_rep04_3866,0,xgboost,11.94,31.388012,26.096,84.37408,24.170204,1631.2101,-0.36290112,23.197763
-2.9946706,-2.0934198,-1.2449168,1.340855,-0.26081666,-1.2861668,-1.836351,-1.4655801,bg_rep05_77,0,xgboost,12.81,23.418648,26.9,71.67067,27.77687,81.81459,0.092533365,25.700422
-3.632352,-4.8837466,-3.4461231,-2.5824437,-0.7917551,-0.39560395,-0.2563424,-0.6187199,bg_rep01_3230,0,xgboost,7.359667,24.512611,30.932001,54.10051,0.0,0.0,0.0,0.0
-2.5969605,-2.546969,-2.147379,-2.1973102,-1.6142749,-2.617213,-0.34288836,-0.4218472,bg_rep05_2811,0,xgboost,8.442,27.931446,28.744,63.566174,23.50439,845.3998,0.34839743,30.98091
-4.313848,-2.5277505,-0.7495378,-0.42839617,-1.340308,-1.7038909,-2.5413723,-1.9359549,bg_rep05_4684,0,xgboost,13.509334,25.877966,22.656,70.208534,18.631008,844.9488,-0.63272256,42.58008
-2.7415388,-3.407491,-3.2294793,-2.3362665,-2.3077488,-1.7189516,-2.1715426,-1.9891049,bg_rep01_8288,0,xgboost,9.222334,28.233938,31.212,63.807705,29.553814,185.51274,-0.2246202,29.954548
-2.8807151,-2.0210013,-0.6572001,-1.3240979,-2.6744092,-3.1835654,-0.6708012,-0.48734242,bg_rep02_3530,0,xgboost,8.139,27.858025,24.528,65.66857,29.450703,1594.3573,-0.04590234,28.44357
-0.08421342,-3.3994188,-2.603101,-1.5244315,-0.53404284,-1.9390328,-1.7592676,-2.26431,bg_rep01_2326,0,xgboost,10.684333,24.209946,22.14,61.722473,20.984621,323.81387,0.014356375,41.54705
-0.3085348,-3.216112,-1.136711,-5.102574,-1.2629918,-2.379951,-2.54465,-0.9647327,bg_rep02_8346,0,xgboost,10.695,27.386562,27.696,104.68062,26.307306,106.44883,-0.35005927,32.36206
-2.2492936,-3.2001622,-2.6262856,-2.1424487,-2.589583,-2.1960948,-2.0071456,-2.6783695,bg_rep05_2777,0,xgboost,9.350333,28.372173,31.6,63.01799,31.572773,100.205696,0.54171073,30.345963
-0.9502906,7.6938453,-1.1760213,0.5199947,0.358141,0.64259684,0.4171531,1.2212204,presence_243,1,xgboost,9.790667,47.629242,26.564,28.921822,0.0,0.0,0.0,0.0
-3.754974,-2.979033,-1.39508,-0.95722777,-1.7435088,-1.0445511,-1.5465138,-1.8123344,bg_rep01_7745,0,xgboost,13.017667,23.14828,27.256,75.214005,29.700687,50.26971,0.86302143,31.420658
-1.5206839,-4.85528,-1.7179519,-0.63521487,-0.48799953,-2.0338662,-0.8671654,-1.7227764,bg_rep04_4543,0,xgboost,12.146,21.08534,25.712,78.33512,30.478703,17.706738,-0.061038435,29.214846
-0.8476376,-3.841067,-0.32970497,-3.3315775,-1.7485577,-1.2908369,-2.8516765,-2.1599476,bg_rep03_9379,0,xgboost,11.544001,22.892044,28.276,123.48267,22.20635,130.8442,0.04149236,50.979904
-0.8306199,-2.198928,-1.0308952,-4.377809,-2.5055249,-1.9275274,-1.9476352,-1.7060272,bg_rep03_6875,0,xgboost,11.321667,24.789076,27.720001,103.241684,32.131737,34.996468,0.15332653,31.66486
-2.8154573,-3.1181393,-0.83170336,-1.4964545,-1.0779539,-1.4243509,-1.9518518,-2.2022953,bg_rep01_1069,0,xgboost,8.113334,26.239758,24.624,42.727962,21.541628,223.31549,0.1296898,42.183304
-1.7525941,-4.3347306,-1.4802109,-0.8243792,-1.5753853,-1.7102516,-1.6169164,-0.8829751,bg_rep05_7291,0,xgboost,12.336666,21.682837,25.208,78.519135,27.426817,117.4717,0.13903777,32.197075
-2.1431403,-2.0792608,-1.2299358,-4.1105,-1.5003992,-1.4879245,-3.6241646,-2.0992932,bg_rep03_2824,0,xgboost,13.233,27.873032,27.732,125.500244,18.694374,501.9429,-0.25567442,49.96207
-2.3400278,-2.8209152,-0.7447694,0.058378473,-1.6526066,-2.9083886,-1.7188413,-2.5337095,bg_rep04_2397,0,xgboost,12.532333,28.036541,24.532,64.4963,27.08949,91.791626,-0.3910663,37.02616
-2.371866,-2.8934999,-2.813039,-2.8240256,-2.0069137,-1.7243092,-0.70825976,-1.4543304,bg_rep03_9388,0,xgboost,8.272667,25.81981,31.803999,52.532314,25.101536,32.704365,0.23995505,34.335133
-2.1262844,-3.442968,-0.9030417,-2.0949848,-1.4603487,-2.3131258,-3.3012192,-1.5420967,bg_rep03_8410,0,xgboost,13.204666,31.873772,26.68,94.25056,18.944979,1679.917,-0.28123742,40.271576
-3.850132,-2.362248,-1.556383,-0.26043934,-1.30512,-0.8860913,-2.42584,-0.4516029,bg_rep03_229,0,xgboost,12.883,23.338768,27.224,73.47506,26.75839,67.9071,-0.19799516,27.020939
-3.4501882,-2.6056988,-1.6741335,-4.46218,-1.3178753,-0.33287275,-2.1091425,-1.8408766,bg_rep02_5570,0,xgboost,13.422,28.173801,27.196001,124.249054,17.294313,665.3362,-0.8237843,51.72083
-1.8477026,-3.4670799,-1.116847,-1.6497375,-1.0414721,-1.3231859,-1.2630366,-1.5141922,bg_rep02_4277,0,xgboost,8.023666,24.211428,26.564,31.250992,22.170055,656.7722,0.52223986,41.796947
-0.26799473,-2.7585354,-1.1826491,-5.293159,-1.2556895,-1.9331064,-0.9980636,-0.9358979,bg_rep04_4979,0,xgboost,12.241333,23.400621,26.640001,111.868904,28.515926,191.24673,-0.3159702,26.207104
-0.70565724,-2.6943107,-0.56049365,-1.9416853,-0.7216846,-1.5242131,-1.8934274,-2.6938715,bg_rep04_4363,0,xgboost,9.064334,24.429531,24.472,33.88068,23.3723,9.108734,0.15347993,45.597324
-1.0121766,-2.3464992,-0.9912419,-3.1151075,-0.6824456,-1.498011,-2.2029948,-0.1579882,bg_rep01_9638,0,xgboost,12.225,25.283339,25.94,100.004684,19.07227,448.52148,0.07408752,33.440014
-0.8662093,-0.8416607,-0.8276192,-4.088605,-1.4389806,-1.1738814,-1.4813939,-1.0580375,bg_rep05_878,0,xgboost,12.485333,25.836712,24.516,98.61936,23.51211,568.89294,0.26520813,33.235317
-1.3894444,-2.6805217,-1.2757556,-3.5870676,-1.4769084,-1.1558079,-0.5265165,-2.2234156,bg_rep02_2161,0,xgboost,11.893333,24.84818,25.116,91.38139,21.801561,516.6489,0.40456247,35.218433
-1.2947954,-4.509092,-2.454325,-0.9120827,-1.6570079,-2.4465854,-1.7958307,-0.8351134,bg_rep02_5904,0,xgboost,11.336333,20.493769,26.176,75.649475,25.940037,23.0397,0.12882099,31.086113
-4.1930394,-2.5516565,-1.64312,-0.94298184,-1.73091,-1.5459273,-1.8347815,-0.6890538,bg_rep04_9742,0,xgboost,13.919667,24.76809,27.152,75.169624,24.285904,160.76404,0.20914814,31.868034
-0.53495,-3.315162,-2.1611366,-3.124936,-1.6100392,-1.6773525,-1.908651,-1.0562743,bg_rep02_5559,0,xgboost,10.668667,21.512878,25.576,94.8348,25.93417,412.65314,0.25250617,32.78588
-0.9277029,-2.1404243,-1.5891187,-4.067872,-2.6285274,-2.156117,-0.33436593,-1.7997606,bg_rep02_6027,0,xgboost,11.829333,24.576859,27.924,109.35242,23.928707,141.89478,0.8018162,37.857773
-1.4912639,-5.0250716,-1.4815989,-2.894743,-1.2627304,-1.2620043,-1.4213128,-2.3053722,bg_rep05_5709,0,xgboost,11.9869995,30.767454,24.344,89.6165,17.946568,2188.8176,-0.038361173,37.02039
-0.51278335,-2.4114275,-1.7667564,-3.83691,-1.5759585,-1.9840511,-3.098006,-2.1497545,bg_rep05_6690,0,xgboost,9.309667,23.49265,26.972,105.06034,17.219778,146.0225,-0.25362498,42.10072
-1.6430118,-5.3504295,-1.9434865,-0.32589126,-1.1451322,-2.2444384,-0.6310737,-1.3104655,bg_rep01_4256,0,xgboost,11.429,20.16408,26.744,79.67036,27.947056,23.90414,0.71807265,31.95309
-2.2324393,-4.721712,-0.95649356,-2.2717235,-0.8877382,-0.53972626,-0.29351932,-0.5529578,bg_rep05_6303,0,xgboost,6.5586667,24.212442,24.812,60.031,0.0,0.0,0.0,0.0
-3.4210594,-3.7152581,-0.80782026,-4.5980463,-1.0152621,-0.79895777,-0.031086275,-0.30482695,bg_rep01_8513,0,xgboost,14.302,30.48427,30.984,88.03287,0.0,0.0,0.0,0.0
-4.5002737,-2.6052928,-0.91644865,-0.1671771,-1.7654387,-1.2629367,-2.277261,-2.1711388,bg_rep03_962,0,xgboost,13.4053335,25.931084,22.572,69.76145,18.672712,744.6928,-0.37050375,41.38731
-2.3204935,-3.6363173,-1.6537647,-2.2301433,-2.1857698,-2.9622502,-2.049877,-1.9580046,bg_rep05_4084,0,xgboost,14.148999,29.315847,32.044,94.09726,21.842972,1025.8289,-0.45739475,37.616116
-2.4409616,-2.7452989,-0.9263071,-4.3874407,-1.6884848,-1.7067645,-0.26036528,-1.9590183,bg_rep02_1589,0,xgboost,12.602,26.15391,29.392,108.07775,23.31494,299.28888,0.8623643,44.29284
-0.6856895,-2.5299482,-1.6259358,-3.1788511,-1.5250163,-0.50259525,-3.2175517,-1.7159939,bg_rep02_8722,0,xgboost,11.643333,24.832224,26.956,101.288124,16.602354,242.18477,-0.20041104,34.044273
1.3492025,-2.0680912,0.3682037,1.0517193,1.5208127,0.15617417,0.4623609,0.81414294,presence_69,1,xgboost,10.259334,28.779549,27.36,80.41723,27.866413,471.31558,-0.48898318,33.51878
-1.5730253,-4.1985397,-1.9909213,-0.091409504,-2.205599,-1.549766,-1.9141788,-0.5731742,bg_rep02_4090,0,xgboost,11.056,21.292658,26.567999,80.96244,26.960423,143.84264,0.5026344,27.76316
-1.9587365,-3.0959253,-1.7215724,0.9193699,-1.351482,-1.2507985,-2.6003215,-0.13861026,bg_rep04_7690,0,xgboost,12.743667,24.264408,26.372,71.32416,26.659382,84.964905,0.49307302,28.427921
-0.60799164,-3.327498,-1.681915,-4.0053573,-0.537804,-2.0938768,-0.426278,-2.666066,bg_rep01_3616,0,xgboost,11.669,24.395802,26.936,104.93732,19.645554,381.60825,0.24063008,44.070457
-4.4488926,-2.967939,-1.5047616,-3.6859903,-1.0422713,-1.0754031,-0.25500762,-0.54468846,bg_rep02_2096,0,xgboost,13.675667,32.579727,27.764,95.52945,0.0,0.0,0.0,0.0
-4.598979,-3.5485327,-1.7203683,-3.804665,-0.45610908,-0.7422463,-0.2782214,-0.41570744,bg_rep02_4699,0,xgboost,13.906,29.951754,29.688,100.7999,0.0,0.0,0.0,0.0
-1.193965,-2.6823611,-1.4405105,-4.8464546,-1.921502,-2.362656,-2.3691254,-1.4440854,bg_rep04_7086,0,xgboost,12.216333,23.247952,25.724,106.93569,26.365946,369.5659,0.03113302,30.53715
-1.4890118,-2.1811357,-2.1579156,1.2932858,-0.8443751,-2.3243933,-1.7196891,-2.481262,bg_rep05_7282,0,xgboost,12.474,26.052631,22.768,66.461174,20.169401,454.31085,0.12835549,39.81141
-0.18900767,-2.8995104,-1.9323013,-1.3597379,-2.162196,-1.3352805,-2.7067745,-2.7025824,bg_rep05_1922,0,xgboost,6.806667,21.273493,26.932,92.786285,17.839472,44.616283,-0.2754902,48.347603
-1.5187954,-3.0326207,-1.9589541,-3.2080133,-1.5844243,-1.6901759,-1.7193227,-1.5704733,bg_rep02_44,0,xgboost,12.499667,23.242222,26.196,93.03934,28.629238,210.24757,0.09326288,31.446709
-2.5796952,-3.5449634,-1.3520696,-3.4590778,-1.8064303,-1.8480946,-1.890249,-2.4094856,bg_rep01_1341,0,xgboost,13.233,23.346859,25.184,91.75627,19.720507,526.5529,0.009267405,43.19463
-4.379366,-3.0932155,-1.4819043,1.3363091,-1.1722488,-0.7473986,-0.8502359,-1.9834458,bg_rep04_1390,0,xgboost,13.670667,25.379969,23.516,67.42881,20.4884,676.132,0.34144622,42.15396
-1.6270964,-4.4643044,-2.1448712,-4.6840687,-1.7384948,-1.3896512,-2.358568,-0.35820735,bg_rep02_7073,0,xgboost,11.09,21.151205,27.04,112.40394,28.241352,159.98203,-0.23891473,28.265291
-2.616214,-3.209365,-2.2902493,-3.6367257,-0.64567673,-1.2696301,-1.8643954,-1.654387,bg_rep01_7065,0,xgboost,12.922334,28.450756,28.916,109.93337,14.934386,1430.2972,0.10769454,49.690968
-0.45063278,-2.2100103,-1.518205,-4.560927,-0.60680723,-1.6963301,-0.68661654,-2.127494,bg_rep02_1536,0,xgboost,9.488334,22.983076,26.684,107.02443,21.218695,225.37598,0.30516016,41.619785
-0.8848122,-2.1011832,-0.73590034,-4.7881308,-1.3872839,-1.8308223,-1.8986298,-2.2808342,bg_rep03_6336,0,xgboost,11.512667,23.30122,27.5,116.35053,25.745531,194.74979,-0.3459488,40.68497
-1.8173755,-3.8457117,-0.97920847,-2.789399,-1.1301332,-1.5440892,-1.0678082,-1.4291811,bg_rep05_3440,0,xgboost,6.7433333,22.948997,24.803999,31.401876,19.582785,9.112274,0.31213745,34.58795
-0.6112156,-2.7214193,-0.55275154,-3.0306427,-1.505488,-1.0495899,-1.3657336,-1.2807344,bg_rep02_3191,0,xgboost,11.776,25.203321,24.776,88.958664,19.293581,546.0034,-0.6037144,34.626156
-1.4135817,-3.358138,-3.1340735,-4.7555757,-0.7765143,-0.9952662,-0.3333397,-0.29311433,bg_rep01_5822,0,xgboost,11.121667,32.93552,17.984,89.63739,0.0,0.0,0.0,0.0
0.5649701,-1.4294199,0.29385975,1.2808703,0.07534189,0.23144338,-0.018476333,2.3157704,presence_101,1,xgboost,12.235333,23.919561,25.812,73.038765,26.814913,114.74936,0.11251972,28.580757
-1.4318944,-5.4804006,-2.4227216,-1.1531771,-1.5308499,-2.39702,-1.7037624,-1.6673924,bg_rep04_463,0,xgboost,10.913667,20.141863,26.06,85.08189,26.401207,45.691463,-0.3588361,31.602938
-0.5829945,-3.3446405,-1.2405206,-3.3756464,-2.0924945,-1.5259868,-1.0287659,-0.6455171,bg_rep01_6086,0,xgboost,11.321333,27.269806,27.28,101.58818,25.161146,209.55383,-0.4310455,32.531155
-2.3669474,-3.3997471,-1.8483294,-4.6873794,-0.83503246,-1.33423,-0.38858905,-0.15378603,bg_rep04_2807,0,xgboost,12.717667,31.931473,25.692,97.32465,0.0,0.0,0.0,0.0
-2.2339194,8.074432,0.5233594,-1.9305022,0.031785928,0.12509957,0.35652563,1.1609485,presence_19,1,xgboost,13.055,51.7809,33.672,83.6434,0.0,0.0,0.0,0.0
-3.6591206,-3.550073,-3.4609945,-2.9338493,-0.619675,-0.46538427,-0.106803566,0.098442204,bg_rep03_9588,0,xgboost,7.519,25.913288,30.216,56.689987,0.0,0.0,0.0,0.0
-0.8282387,-4.1043634,-1.795379,-3.7903857,-1.5539083,-1.2515893,-2.1075695,-0.783032,bg_rep01_2388,0,xgboost,11.393333,29.856743,26.5,100.14206,23.428354,180.90694,-0.07461864,33.426365
-1.1554495,-3.6043634,-2.7794156,-3.7693136,-0.59742033,-1.5270642,-0.46204662,-0.1876819,bg_rep04_3630,0,xgboost,12.385667,32.17725,22.188,96.10224,0.0,0.0,0.0,0.0
-0.36185712,-2.486736,-0.00890708,-0.49706528,-0.86203593,-2.5681326,-2.0546968,-0.69236034,bg_rep02_7743,0,xgboost,9.765667,21.66297,24.368,75.308075,25.451199,41.573967,-0.2265975,31.134903
-1.777737,-2.1131086,-1.618148,-3.0086255,-2.1040125,-2.6145263,-2.3389134,-1.6851057,bg_rep01_2465,0,xgboost,9.468333,27.403141,26.052,44.488464,33.545242,1062.8483,-0.20989239,35.857113
-2.9067488,8.466982,-0.0014556691,0.4278982,0.16252108,0.49398828,0.54360867,1.1912524,presence_225,1,xgboost,15.039,50.650005,33.312,35.981613,0.0,0.0,0.0,0.0
-1.2017248,7.353739,-1.0716274,1.5617427,0.63671595,0.9507294,0.37757522,1.6307024,presence_174,1,xgboost,7.93,39.953648,21.888,26.48926,0.0,0.0,0.0,0.0
-1.8284221,-4.0600586,-0.3703213,-1.1806934,-1.4150753,-2.0279047,-1.2075332,-3.070018,bg_rep01_2190,0,xgboost,6.2386665,20.153336,23.904,27.824905,23.923784,303.95197,0.3868576,42.268013
-2.5732787,-2.2428968,-1.6472154,-2.923276,-1.0299672,-2.60449,-2.1151788,-2.152305,bg_rep05_2902,0,xgboost,7.649,26.23474,27.956,62.44331,27.530025,1111.3716,-0.09048426,29.09438
-1.364776,-4.167187,-2.3442652,-3.0322473,-1.3239061,-1.7585295,-1.0007738,-2.3357518,bg_rep04_4283,0,xgboost,11.385,22.603638,26.472,98.509415,26.724094,107.3333,0.39808983,37.40068
-2.3514173,-2.7326245,-1.1003314,-3.5129635,-1.2429656,-0.3494108,-3.0333726,-0.53075993,bg_rep02_2221,0,xgboost,12.799,27.077515,26.848,100.7141,20.176815,492.61487,-0.5310945,27.135471
-2.4426138,-3.3838654,-1.0668395,-2.296604,-1.5720947,-1.88424,-3.2981343,-1.3792355,bg_rep04_4790,0,xgboost,12.727667,26.316406,23.228,96.26991,20.81093,1033.52,-0.50612515,29.781162
-1.1958306,-1.7877582,-1.2069741,-4.1818247,-1.6027869,-1.9391232,-1.3639835,-1.4641013,bg_rep03_8103,0,xgboost,11.055,27.754068,26.584,100.80097,26.43412,352.22696,0.11757639,31.59258
-0.6483676,7.3439207,-1.4163995,-0.41255808,0.42547396,0.58460414,0.32870525,1.2703983,presence_0,1,xgboost,8.684421,41.962536,22.765217,62.442657,0.0,0.0,0.0,0.0
-2.4628909,-2.469998,-1.455341,-3.23595,-0.9582678,-1.0270011,-0.414197,-3.1109538,bg_rep02_7081,0,xgboost,13.122334,26.364891,26.572,99.151924,20.989758,515.5035,0.35702705,37.267513
-1.7705593,-5.5981436,-1.4594481,-1.9655284,-1.1429915,-1.8793718,-2.7393134,-1.7630738,bg_rep04_1120,0,xgboost,12.177333,21.97916,26.803999,90.67676,28.037983,62.76974,-0.5446611,28.645994
-3.5573134,-3.074963,-1.2214135,-3.4704041,-1.6684085,-1.8347644,-3.0301597,-2.3211923,bg_rep05_3152,0,xgboost,12.979333,23.330696,25.7,90.991875,21.322811,374.40533,-0.23843014,43.300674
-0.41363284,-4.146257,-2.5392883,-0.7529926,-0.923567,-2.3627048,-1.8588803,-1.0918381,bg_rep02_5135,0,xgboost,9.9696665,19.193106,26.424,78.96072,14.76752,57.771877,-0.37013268,15.883514
-1.8855326,-3.48544,-1.7316864,-2.3446767,-2.1695304,-0.85934526,-1.1044606,-1.2618499,bg_rep02_6089,0,xgboost,8.748333,24.010138,25.404,32.47302,36.082108,53.95963,-0.10208916,24.383615
-2.2459025,-2.4719286,-0.6923775,-3.0713239,-1.9033378,-2.4898732,-1.0484254,-2.5636687,bg_rep03_2285,0,xgboost,7.9189997,23.063257,22.532,38.89946,25.870592,1362.6733,0.32658938,37.32214
-3.5987866,-2.7532332,-1.1825005,-4.996995,-2.5870583,-0.9705202,-1.7721877,-1.6435188,bg_rep05_4033,0,xgboost,13.665667,28.22785,24.936,124.31855,24.508245,766.73016,-0.050420724,42.440735
0.27980077,-2.1061227,-1.7974329,-2.5295486,-0.6917017,-2.374667,-0.85133845,-2.1587532,bg_rep03_4093,0,xgboost,10.264334,26.777452,26.192,99.81892,27.797709,369.696,0.35288766,36.0287
-0.44904813,-2.8372903,-1.6198202,-3.2017357,-2.2309732,-1.3894887,-1.3289982,-2.2780979,bg_rep05_9076,0,xgboost,10.955667,26.55533,27.932,102.16992,24.708456,69.15249,-0.41712454,37.77713
-1.261891,-3.632264,-0.37852076,-0.76484466,-1.2260735,-1.7209814,-1.8414598,-0.782907,bg_rep05_8822,0,xgboost,7.7250004,19.790777,23.366667,75.65222,13.627033,14.47046,-0.08999721,16.65021
-1.5667741,-3.5797052,-1.4849923,-3.9814012,-1.3352743,-2.0567343,-2.4243014,-2.4831223,bg_rep01_1896,0,xgboost,12.033334,24.229488,25.28,101.07079,22.803806,590.10736,0.08928602,35.88964
-1.5342977,-3.3546436,-0.27563727,-1.4884079,-0.92340046,-1.8924001,-1.6318785,-3.1011345,bg_rep03_366,0,xgboost,5.435667,18.174625,23.768,25.316072,22.780197,305.66403,-0.7180598,40.90725
-3.7137926,-3.2038877,-1.155192,-3.499528,-0.98612267,-1.295207,-3.0256898,-2.0825803,bg_rep03_6192,0,xgboost,13.125334,24.85482,22.396,90.98808,20.830978,898.4859,-0.058052965,44.426243
-0.5998195,-2.7572954,-2.342607,-3.4805439,-0.6684238,-0.3748108,-0.5885774,0.5382667,bg_rep03_866,0,xgboost,11.790999,26.72484,25.448,93.225044,19.78173,251.14165,0.30488458,31.003473
-0.5874171,-3.2823992,-0.8346618,-5.9206915,-1.2907046,-1.6612288,-1.1642998,-0.9611421,bg_rep05_5769,0,xgboost,12.296333,23.451963,25.8,108.32014,27.673275,200.71077,-0.1223474,23.570246
-3.5663555,-3.7426643,-2.897969,-2.6279802,-0.5438295,-0.27539185,0.037730657,0.15092862,bg_rep03_8901,0,xgboost,7.8276668,26.2462,31.556,58.50313,0.0,0.0,0.0,0.0
1.195113,-1.7255929,1.3043607,-0.35515332,2.2782512,-0.37491298,0.5218409,0.25959486,presence_74,1,xgboost,10.816999,28.701443,28.5,89.56594,30.823034,172.45493,-0.006082625,34.81439
-0.5802058,-2.9070172,-1.4946997,0.5715473,-1.819988,-1.6930872,-0.52026504,-1.1824133,bg_rep04_7670,0,xgboost,12.279,23.649845,26.988,69.65007,25.227026,152.99689,-0.025821766,29.058195
-1.4955844,-4.3788204,-0.46664482,-1.1828222,-1.6747717,-1.3067025,-2.1699784,-2.3370564,bg_rep05_8970,0,xgboost,11.591333,22.294455,24.868,76.59883,25.14715,225.35078,0.5356033,36.792088
-1.4144169,-2.6209798,-1.6805745,-5.149316,-2.0654216,-2.1031349,-2.7773354,-0.22949366,bg_rep04_6982,0,xgboost,11.494333,22.994184,25.024,110.24581,24.96749,328.39343,-0.080657445,32.58656
-0.87252116,-4.5246716,-0.6544431,-3.6560352,-0.34539878,-1.629079,-2.1752553,-1.8538986,bg_rep02_5024,0,xgboost,11.658333,22.394032,28.208,120.65102,21.043001,142.4144,0.10134524,56.0141
-2.1967595,7.8651586,0.5039212,-1.1623046,-0.029710198,0.18191248,0.3948688,1.343042,presence_20,1,xgboost,12.928333,51.262226,33.392,82.538826,0.0,0.0,0.0,0.0
-0.3954827,-2.5904295,0.19831796,-2.2395425,-0.6808376,-2.0572379,-1.501284,-0.9943482,bg_rep02_6073,0,xgboost,10.637334,28.78378,27.460001,88.34139,28.07145,421.52002,0.42252585,34.965897
-2.398044,-4.3312173,-1.4450238,-1.0472542,-1.4154794,-1.8377426,-2.5611577,-1.778773,bg_rep03_4618,0,xgboost,12.007334,21.62081,25.2,75.38412,27.193872,93.68274,-0.277954,35.057297
-3.9370787,-3.8266828,-0.5496889,-4.5841975,-0.46014258,-0.78845817,-0.24952047,-0.45770553,bg_rep05_4450,0,xgboost,13.973001,28.884157,31.108,103.18869,0.0,0.0,0.0,0.0
-3.8883066,-3.2333305,-1.826863,-4.615493,-2.370379,-1.2801794,-2.4285622,-2.3111076,bg_rep05_2983,0,xgboost,13.435333,28.138002,23.46,124.02074,25.593695,788.75305,0.074337125,35.718204
-1.1261075,-3.1895323,-1.8548924,-1.1957463,-1.7798715,-1.2990856,-1.9659886,-1.4104947,bg_rep05_9082,0,xgboost,9.044,27.198364,26.492,84.636635,29.364864,87.39898,0.031474035,32.0455
-0.62778044,-2.8959734,-0.9996734,-4.736733,-2.1655164,-1.4050983,-0.3631358,-1.7311323,bg_rep02_6221,0,xgboost,11.713667,23.58773,27.66,118.59846,23.687588,198.24858,0.45411628,42.513004
-0.9762005,-2.9662366,-1.7778252,-3.8920243,-0.96089053,-1.3513278,-0.44086823,-2.3461769,bg_rep05_1193,0,xgboost,12.251667,24.966715,29.156,117.73006,20.754808,161.81848,0.31801796,41.944958
-0.8226942,-4.0792165,-0.61196375,-2.988581,-0.4901853,-1.5596063,-2.7637393,-1.6499047,bg_rep01_665,0,xgboost,11.753,22.872877,28.220001,120.68863,19.659052,140.39514,0.036222223,53.959805
-0.9730568,-3.783901,-0.12988487,0.11696224,-1.3399979,-0.53957754,-2.750424,-0.9662253,bg_rep05_5733,0,xgboost,11.050333,29.689236,27.432,79.1437,32.07823,467.29297,-0.6174617,25.965078
-3.5979028,-3.729001,-0.47316837,-4.5995836,-1.0400107,-0.77312565,-0.07189492,-0.303729,bg_rep02_2195,0,xgboost,14.416333,30.825209,31.212,90.363304,0.0,0.0,0.0,0.0
-2.3113012,-4.015319,-1.119174,-2.1681743,-1.570919,-2.9455018,-2.436748,-2.2679577,bg_rep05_7758,0,xgboost,13.383,31.38308,29.34,95.72623,21.070032,1181.3997,-0.49612996,37.209656
-1.9794326,-5.6430726,-1.4841398,-1.6742809,-1.9868641,-1.5377692,-1.8390404,-1.2656997,bg_rep05_6304,0,xgboost,11.945001,22.022493,27.0,93.95535,29.274487,54.79485,-0.2605891,28.674969
-2.0929065,-3.5568967,-2.068247,-3.0358393,-0.9260296,-1.7096705,-3.1375265,-1.5289105,bg_rep03_7039,0,xgboost,14.020333,30.91993,28.94,100.006584,14.680354,1424.9977,-0.20242168,66.39972
-1.4413835,-1.3516339,-3.329726,-4.3970323,-0.21227029,-0.7544872,-0.37267563,0.18923232,bg_rep04_9038,0,xgboost,11.739667,33.761837,14.416,97.41539,0.0,0.0,0.0,0.0
-1.0798967,-2.7341015,-1.5188532,-3.0391653,-0.889646,-0.015080242,0.12176881,-2.6227815,bg_rep01_3160,0,xgboost,11.648334,26.75072,23.26,94.58838,19.74953,696.5797,0.64059734,37.870632
-1.6194314,-3.6941607,-0.9584658,-1.8362314,-0.820371,-2.0503657,-0.22188146,-2.9107997,bg_rep05_7569,0,xgboost,5.94,19.208382,23.692,26.775652,17.607893,271.0817,0.73113,45.96496
-2.0308464,-4.3584213,-1.0225725,-4.6893873,-1.4972817,-1.3872797,-2.1600058,-1.3513691,bg_rep01_1183,0,xgboost,12.702333,24.101269,26.664001,102.68397,26.377813,226.09953,0.19956511,23.549633
-0.75481135,-4.711739,-1.4565469,-3.8398204,-1.1067557,-1.6561344,0.5639877,-1.8906559,bg_rep05_9569,0,xgboost,11.747666,22.582981,27.748,115.0596,23.164648,124.96925,0.6291223,45.295696
-0.34580043,-1.5087181,-1.7592825,-1.736041,-1.3452872,-1.619558,-1.4964645,-1.3694816,bg_rep03_8864,0,xgboost,8.1623335,23.406553,27.26,92.84554,25.85808,103.36012,-0.7088217,39.16108
-3.0716784,-2.968744,-3.7186186,-0.4441548,-1.8542635,-2.1684546,-2.001778,-2.1436822,bg_rep05_228,0,xgboost,8.455667,27.417854,30.416,65.79088,23.698309,471.6349,-0.13800439,36.939735
-1.8977293,-1.4267819,-1.4490545,-0.6169945,-1.8779294,-0.6270429,-0.93771815,0.19844577,bg_rep01_4272,0,xgboost,14.333667,25.317343,27.04,72.33418,22.148594,270.44278,0.35996962,33.343044
-0.77557033,-0.5889987,-1.8240002,-2.7956336,-1.8762854,-1.5990298,-2.1140134,-0.76318717,bg_rep04_6500,0,xgboost,12.274667,25.398664,25.428,100.53625,23.27248,444.90637,0.5026736,30.602663
-4.750296,-3.1495676,-0.13286962,-3.141233,-0.7497086,-0.5679358,-0.16219461,-0.04783433,bg_rep03_4859,0,xgboost,14.904333,31.491575,31.544,95.22566,0.0,0.0,0.0,0.0
0.45500374,-2.9285715,-2.9884958,-0.7144214,-2.1397269,-1.0555948,-1.9469368,-0.7476828,bg_rep03_6055,0,xgboost,10.363667,29.40214,29.908,76.51967,31.841969,69.41121,0.37153742,21.802244
-2.667715,-2.7746806,-1.226045,-0.361916,-1.4978181,-2.2224715,-1.8928965,-2.6781118,bg_rep05_2570,0,xgboost,13.239333,25.312277,23.312,68.87805,20.504684,594.6589,0.16311537,40.883255
-0.86186415,8.0311985,-0.7208694,-0.2664445,0.10475369,0.4417985,0.40925953,1.0347085,presence_154,1,xgboost,9.833,46.557766,27.56,48.697052,0.0,0.0,0.0,0.0
-2.2460382,-2.9537416,-0.76275915,-5.6865606,-1.2722871,-0.7260832,-1.4032522,-0.86715627,bg_rep03_9648,0,xgboost,13.237333,28.131021,24.944,126.37075,25.945793,622.0864,-0.4112322,40.19559
-0.41121182,-2.5477376,-0.75685114,-3.5839753,0.0809464,-1.9407446,0.3763201,-1.5682453,bg_rep01_3983,0,xgboost,11.867666,23.474298,28.656,118.35687,21.075296,154.80893,0.57326764,43.61559
-1.6716639,-5.030829,-2.3300939,-0.13092116,-2.0653722,-1.3477811,-2.0555835,-1.2236025,bg_rep05_3551,0,xgboost,11.045334,21.425615,26.256,79.854614,28.880386,175.04498,0.051508136,26.681799
-1.4660491,-2.6315114,-1.1872624,-3.02647,-0.63099074,-1.2093908,-1.2633089,-2.4240954,bg_rep01_5714,0,xgboost,11.962333,25.198713,24.76,97.11718,20.863459,595.222,0.49699742,37.682858
-1.0571636,-5.399724,-1.7094897,-0.54199237,-2.6112978,-1.7335116,-2.3169653,-0.843354,bg_rep05_3341,0,xgboost,10.960333,20.935844,26.976,76.62293,32.960423,55.983055,0.23159176,22.52359
-1.9258478,-4.5688095,-0.6844557,-2.4597902,-1.1657516,-1.3923957,-1.7755345,-3.4010353,bg_rep05_8496,0,xgboost,7.6716666,22.228983,22.576,31.110882,17.021997,139.82373,0.08581987,45.54247
-0.9462454,-3.6362734,-0.78760946,-2.7412465,-0.8957607,-1.4497734,-1.345713,-1.396799,bg_rep03_9430,0,xgboost,6.7166667,20.924194,22.5,34.029167,5.4780536,1.0330966,0.9683533,12.263013
-3.889784,-3.4083738,-0.96723837,-2.2393632,-0.9718485,-1.7176976,0.69895506,-0.524876,bg_rep02_4235,0,xgboost,13.943666,31.773918,28.6,96.961784,12.277123,1376.9724,0.8797096,65.89427
-3.4963744,-4.6456084,-2.7549653,-2.496453,-0.71854323,-0.3973676,-0.15513256,-0.60761565,bg_rep04_6018,0,xgboost,7.6746664,24.671038,32.576,49.42581,0.0,0.0,0.0,0.0
-1.040603,-3.2780204,-1.6018928,-3.829391,-0.83153725,-1.493438,-0.22646412,0.07728234,bg_rep01_1544,0,xgboost,12.517,31.155416,26.164,96.58523,0.0,0.0,0.0,0.0
-3.4380562,-4.7906456,-2.632654,-2.4527473,-0.7123393,-0.2539185,-0.0888801,-0.3354516,bg_rep01_1690,0,xgboost,7.8816667,24.935669,32.832,47.802032,0.0,0.0,0.0,0.0
-2.4068756,-2.8893187,-0.9186401,0.8691813,-1.7552905,-2.4494476,-0.97549695,-1.6492426,bg_rep04_6630,0,xgboost,13.333667,24.580906,27.42,65.89537,27.220814,151.49457,0.117625706,30.816147
-1.3126019,-3.2644022,-1.8834779,-4.159328,-2.0510254,-1.5817552,-0.6632753,-1.9596719,bg_rep04_8528,0,xgboost,12.030666,23.80048,29.028,112.333916,25.02551,136.32259,0.29832163,46.321606
-3.131793,-2.9292204,-4.188458,-0.47327626,-2.5746646,-2.506897,-2.1542075,-2.475388,bg_rep02_5000,0,xgboost,8.217333,26.995182,30.584,67.13904,25.357492,820.4123,-0.106853314,29.747269
-1.9555309,-5.86964,-1.1709276,-0.7852028,-1.6184243,-2.1982198,-0.9636283,-1.0920293,bg_rep04_5388,0,xgboost,11.996,21.980358,26.792,75.926636,28.44038,27.830595,0.0033445547,30.643513
-2.9674683,-2.203137,-1.0415738,-2.0656872,-1.3910402,-1.5130697,-1.9086729,-1.9467288,bg_rep05_149,0,xgboost,7.7906666,24.719719,25.6,32.652176,24.240479,98.39426,0.2452103,41.891872
-1.7150052,-1.873451,-1.3246119,-2.6711762,-1.8996855,-1.5453285,-2.005685,-3.0432801,bg_rep02_6219,0,xgboost,11.945666,25.45097,24.64,86.73223,19.49903,557.4864,0.11446933,37.68008
-2.9910903,-3.2259157,-3.1667016,-2.1687698,-0.5985693,-2.4377859,-1.7381921,-1.8909265,bg_rep02_8892,0,xgboost,8.487333,27.209969,29.888,39.22614,26.851074,321.3725,0.514295,39.323742
-0.9082372,-3.0961478,-1.7248222,-5.156898,-1.4726816,-1.5586255,-1.8088589,-1.7999163,bg_rep05_6629,0,xgboost,12.167,23.530209,26.056,109.92871,23.383186,213.09302,0.41926682,26.82278
-4.4639554,-3.2112107,-1.4028361,-0.4537102,-1.7299008,-1.7352543,-2.9931784,-1.1589177,bg_rep02_7608,0,xgboost,13.64,25.34939,22.948,69.35988,20.456396,946.08264,-0.064438224,40.533504
-2.8303845,-3.7834468,-0.3097433,-2.628321,-1.7932554,-2.2185738,-2.2830696,-1.9199969,bg_rep01_868,0,xgboost,13.097,31.513475,27.488,91.933975,18.205065,1576.6293,-0.19199906,38.40118
-4.1151195,-2.4604113,-0.7148933,0.083338425,-2.3913958,-2.156215,-1.5204682,-2.6030886,bg_rep02_320,0,xgboost,13.596666,24.629858,24.848,70.12375,18.50419,507.42923,0.1202053,42.178574
-1.9281765,-2.8899686,-1.6172916,-4.992696,-2.1010895,-1.6683629,-1.0021472,-0.6559618,bg_rep03_2240,0,xgboost,12.106,23.919228,24.064,103.17608,24.422676,551.7099,-0.0067834533,31.127497
-2.2413952,-4.4958177,-0.7069622,-0.44268966,-1.0375283,-1.6020067,-2.053372,-2.9007993,bg_rep05_8460,0,xgboost,12.034333,22.940018,24.708,73.050896,22.0333,311.81647,0.26408723,41.21546
-2.871889,-3.2283785,-1.415436,-1.8613453,-1.1356907,-2.07201,-1.6602764,-1.1739857,bg_rep02_406,0,xgboost,7.767029,24.55893,25.56087,32.214096,12.081681,12.366135,-0.44697112,20.499908
-1.1938964,-3.20517,-1.239542,-3.629451,-0.819618,-1.7036847,-0.49798742,-2.4924824,bg_rep05_8754,0,xgboost,12.273,23.95012,25.64,101.20094,21.34886,442.85513,0.5565916,35.964077
-4.5733805,-3.1872165,-1.2737511,-4.2502975,-1.3346739,-1.1548784,-0.18479352,-0.6659539,bg_rep03_9623,0,xgboost,13.730333,32.83826,27.64,92.170654,0.0,0.0,0.0,0.0
-2.9324121,-2.4694064,-1.69157,-3.9395204,-1.3571815,-1.5942025,-0.7433163,-1.0591861,bg_rep05_6978,0,xgboost,13.114333,26.624844,28.956,122.57719,21.534458,175.85529,0.29162762,54.712048
-1.083814,-3.5125914,-0.5991138,-2.9374328,-1.7208358,-1.8607558,-1.4760836,-2.566298,bg_rep04_3586,0,xgboost,8.274334,22.754189,22.44,35.282135,24.783524,370.52087,-0.571703,41.025024
-1.2300782,-2.6001318,-1.4156036,-3.1932578,-1.7952561,-1.0614845,-2.4871802,-2.2729342,bg_rep04_4047,0,xgboost,11.277,26.454443,22.664,93.0998,20.461214,828.79205,-0.15611959,39.689625
-1.8050512,-3.1929343,-1.8127439,-5.065596,-2.0628905,-1.76418,-1.4758868,-2.0194743,bg_rep04_7659,0,xgboost,11.968667,23.698452,26.324,104.65793,24.292372,347.0265,-0.32947809,36.359093
-3.7606215,-3.550895,-2.1372354,-2.8538585,-2.3354394,-2.4434807,0.6463521,-1.4951345,bg_rep01_8847,0,xgboost,14.671666,31.928244,30.640001,87.7702,22.035265,1292.3513,0.8662207,36.642002
-3.4566839,-3.12347,-1.6761943,-2.6872566,-0.7119654,-1.4020033,-1.2785685,-1.6075009,bg_rep03_2078,0,xgboost,13.1779995,23.117676,27.1,91.65465,27.605164,76.53444,-0.3115641,29.072426
-2.0717404,-3.9062219,-2.1426518,-2.5379062,-1.1049373,-1.9934392,-2.4374475,-1.478953,bg_rep03_3451,0,xgboost,14.04,31.361687,28.964,96.46865,10.663105,1408.071,-0.39662072,74.33944
-3.7008343,-5.548716,-1.829385,-0.5740814,-1.9053175,-2.2411523,-2.1952317,-1.9865965,bg_rep02_3876,0,xgboost,12.875667,21.897392,25.828,79.246765,29.399374,46.347805,-0.7979229,28.658792
-2.0308435,-4.842831,-1.2263503,1.1168044,-1.2875239,-1.9701456,-2.8610966,-0.39144707,bg_rep04_5398,0,xgboost,12.517333,22.46148,25.232,71.13095,27.503572,153.82889,-0.23450772,32.52607
-0.83739555,-2.1360135,-1.208892,-3.589662,-1.2526704,-1.4503394,-2.897763,-2.0854616,bg_rep05_362,0,xgboost,12.244667,25.83263,28.728,109.92975,15.2336855,217.73135,-0.88083804,63.071003
-3.6220014,-4.7432857,-3.5475738,-2.7617285,-0.8451872,-0.3479438,-0.16111958,-0.38680202,bg_rep02_2194,0,xgboost,7.5226665,24.998892,30.068,54.793983,0.0,0.0,0.0,0.0
-1.6973586,-4.592457,-0.5436105,-3.3317122,-1.0311955,-1.6971197,-0.4478403,-1.0106329,bg_rep04_2389,0,xgboost,12.452666,22.737122,27.355999,102.578804,27.547085,109.47162,0.43801916,34.930656
-2.3603928,-2.9624143,-2.2881563,-3.7038608,-1.1539357,-1.5870358,-1.9138588,-2.3377907,bg_rep01_7499,0,xgboost,12.771667,27.088459,29.18,127.61373,16.717607,377.5537,-0.42428637,49.1718
-0.57562226,-2.6421204,-1.5748752,-4.168185,-0.9172603,-1.69236,-2.646124,-2.3514194,bg_rep05_4141,0,xgboost,11.444667,24.923054,27.832,107.95507,20.852,175.57106,-0.3238063,43.407516
-1.0075184,-3.7471962,-1.5324786,-3.4728508,-2.4438748,-0.8379494,-2.4732347,-0.2379854,bg_rep02_220,0,xgboost,11.359667,28.587845,23.828001,90.39956,23.92411,663.2675,0.20505093,30.837444
-1.2457013,-4.918711,-1.541777,-2.8554776,-1.9277484,-3.0598142,-2.3094223,-2.3665168,bg_rep05_3407,0,xgboost,9.285666,29.62124,22.892,54.714993,30.695612,1722.7167,-0.28832173,37.507584
-0.63456404,-2.7022812,-1.6957085,-5.328791,-1.2485363,-1.9622102,-2.6101332,-2.5640001,bg_rep04_626,0,xgboost,10.505667,26.981884,25.556,105.4611,26.41374,523.53827,0.040964086,35.967293
-2.4508243,-2.5768228,-1.5582712,-4.348944,-1.4356122,-1.4734793,-2.7057252,-2.2350805,bg_rep02_3730,0,xgboost,13.030666,27.680063,27.316,128.95636,18.904373,498.81537,-0.3239361,47.98022
-0.367245,-3.150878,-1.2924461,-2.4157605,-1.9387183,-1.2943074,-3.0511725,-1.9420625,bg_rep03_4759,0,xgboost,9.811,24.344913,27.636,102.48252,17.99049,13.506342,-0.25213084,42.83733
-2.6154757,-2.9904013,-3.585662,-2.087908,-1.6656715,-2.122775,-1.9616485,-1.4889357,bg_rep05_4716,0,xgboost,8.444,27.008701,30.404,63.22548,25.898716,339.79895,-0.7112082,42.210182
-0.5116372,-1.4566793,-1.9696728,-4.8930054,-2.5569239,-2.2562685,-1.3224869,-1.0456456,bg_rep01_3041,0,xgboost,9.991333,25.774773,25.436,106.94938,25.172415,453.9792,0.28177378,34.728912
-1.9674044,-3.3366725,-1.5594709,-2.0580206,-1.0534084,-3.212549,-1.8531289,-1.5681018,bg_rep03_4120,0,xgboost,14.292334,29.263582,32.428,92.139305,28.73995,1021.9927,-0.1703747,33.86849
-2.6339424,-3.3077846,-0.8943112,-3.7252243,-1.5188355,-1.6275878,-1.4650793,-1.9473604,bg_rep04_2779,0,xgboost,13.266,24.922974,22.52,90.47033,21.498648,870.968,0.25159147,44.675056
-2.7191212,-2.5674133,-1.4990034,-2.471799,-1.9040694,-2.007007,-0.077358015,-2.7989988,bg_rep03_6285,0,xgboost,7.4483337,26.330364,25.024,60.92362,26.77183,1593.3517,0.6233041,30.537367
-1.0716839,-3.7806544,-2.366445,-1.5470424,-1.4845501,-0.69943345,-2.459388,-2.303925,bg_rep02_7109,0,xgboost,11.501,25.015226,20.772,60.692616,18.193014,713.7286,0.028189974,42.89361
-0.46698162,-3.3775856,-1.270094,-4.543285,-1.722371,-1.5842175,-0.16422193,-1.9991354,bg_rep04_5128,0,xgboost,11.703,24.274038,28.092001,105.42829,23.056438,195.73563,0.5675873,36.125072
-1.2514008,-2.5002367,-0.9264638,-4.969587,-0.68510294,-1.5553929,-2.2166712,-1.414407,bg_rep01_9721,0,xgboost,13.389333,27.194195,26.779999,128.03314,27.541313,387.30978,-0.35731745,35.032906
0.056095682,7.207247,-0.9716645,0.42623496,0.19182841,0.42139554,0.3946005,1.2042347,presence_48,1,xgboost,10.267777,56.395706,25.773333,37.83246,0.0,0.0,0.0,0.0
-1.3929318,-5.0568027,-2.0809832,-2.430551,-1.2046145,-1.9325347,-0.9040723,-2.1231122,bg_rep02_8976,0,xgboost,11.502,22.426298,26.448,99.90593,26.701859,96.1062,-0.03533899,37.908653
-0.6434518,-3.004757,-1.298847,0.36340758,-1.6169939,-0.76340556,-0.32893822,-1.791588,bg_rep03_5825,0,xgboost,12.293667,23.81755,26.572,72.52727,23.649115,255.25618,0.34264714,30.459112
-1.5005752,-4.485983,-1.9382988,-5.0092936,-0.73422277,-1.4453962,-1.1319436,-1.4365814,bg_rep04_5916,0,xgboost,11.065333,21.237013,26.652,117.90308,30.686377,189.94873,-0.37463787,25.79581
-0.020283172,-3.3363853,-1.3538945,-1.8015587,-1.8116283,-1.7854822,-0.9521736,-2.2249548,bg_rep05_6950,0,xgboost,9.964666,25.492905,24.18,40.770473,13.695883,147.16756,0.47621572,51.40018
-0.8528893,-4.3531837,-1.9773005,-1.9600725,-1.0002804,-1.9186547,-1.4864318,-2.0442693,bg_rep02_9863,0,xgboost,11.334,23.846996,20.064,63.2458,17.958128,840.01276,0.22431156,41.66775
-3.6022103,-3.4603782,-3.4193392,-1.8092844,-1.0604597,-1.5248523,-2.8976433,-0.19030079,bg_rep03_9161,0,xgboost,8.003667,27.010214,30.552,44.833603,3.0988958,34.974354,-0.21251449,5.73353
-3.4686904,-1.9580985,-1.362936,-0.25514692,-2.0951028,-1.6705086,-1.8006631,-1.1579643,bg_rep02_1686,0,xgboost,13.001,23.257603,26.648,74.08858,29.126696,108.66645,0.46604705,32.10142
-1.1139408,-4.434191,-1.1296964,0.07259464,-2.3229978,-1.6036452,-1.2261095,-0.6010943,bg_rep05_8178,0,xgboost,11.227333,20.919977,27.424,81.31617,25.286804,49.30933,0.3871062,27.278591
-4.8168325,-2.4296503,-1.1117983,0.3498809,-2.3657794,-0.12729695,-1.7169517,-1.2948601,bg_rep05_6445,0,xgboost,14.709666,26.274769,25.02,71.660545,19.866545,713.13635,-0.032476246,40.413906
-2.1064258,-4.497682,-2.4236605,-0.6212625,-0.45416015,-2.1244595,-2.6460552,-1.5559523,bg_rep03_6706,0,xgboost,12.246666,21.313377,26.136,85.09766,26.868185,43.473785,-0.87015253,34.378883
-3.676988,-3.717524,-2.1112406,-2.8067281,-0.93521917,-1.5563176,-0.29005334,-1.1430385,bg_rep04_8656,0,xgboost,13.985,31.726406,29.476,93.56554,14.8841715,1363.0774,0.36088827,58.693577
-2.8640802,-3.4730084,-2.3348536,-2.9823096,-0.93224925,-1.709071,-2.6043339,-1.9335076,bg_rep03_5984,0,xgboost,12.861667,26.220474,29.56,122.866005,18.219826,192.14992,-0.45328617,56.289997
-3.8552408,-3.4749947,-0.8937267,-2.7845473,-0.94251627,-1.7284479,0.4262439,-0.88826305,bg_rep05_2403,0,xgboost,13.707334,32.484913,28.48,93.52738,17.353268,1482.5756,0.8204894,45.08652
-5.30203,-3.2115304,-1.4371005,-4.5650945,-1.1684643,-0.80541587,-0.1692318,-0.46550244,bg_rep01_221,0,xgboost,14.828,32.799503,30.38,90.74454,0.0,0.0,0.0,0.0
-0.33991253,-4.2489567,-1.2108649,0.02003362,-1.7653294,-1.9143503,-1.6116978,-2.5557184,bg_rep05_8346,0,xgboost,10.717333,29.740631,27.668,71.54784,28.595705,334.6039,0.42526335,29.247797
-2.4879172,-4.034354,-0.3552802,-2.4341412,-1.337421,-1.3740653,-0.86384207,-2.7613552,bg_rep05_6913,0,xgboost,7.3326387,22.863886,23.7125,29.461641,18.730453,219.59294,-0.40456927,41.935215
-1.8620634,-2.6452959,-0.77234524,-2.694084,-1.7000643,-0.18354072,-0.07054459,-1.7236261,bg_rep02_8279,0,xgboost,12.190666,25.707859,23.832,99.58711,21.933405,731.8891,0.24261594,33.94862
-1.2539177,-3.2945592,-1.8970593,-1.6311626,-1.7868462,-1.2696329,-2.1662655,-0.9900737,bg_rep02_6980,0,xgboost,8.391666,25.615587,26.26,96.00493,20.287973,9.973445,-0.14017347,24.384525
-1.5162064,-3.2070322,-0.33993173,-2.204346,-1.665461,-1.9955482,-1.2080489,-3.1157107,bg_rep01_958,0,xgboost,8.408667,24.361649,23.096,32.281376,18.517696,323.90698,-0.3646386,44.783497
-4.061489,-3.6260655,-1.6438665,-2.5119991,-1.1193695,-1.7423103,-2.3350198,-1.7267581,bg_rep04_2609,0,xgboost,14.9626665,32.99812,30.672,93.349785,18.036278,1384.1702,-0.72079283,44.848286
-1.5376439,-1.467873,-1.6124219,-3.9355664,-2.4209297,-0.44754797,-2.1910422,-1.3007002,bg_rep04_5580,0,xgboost,12.254,25.8327,23.988,97.55149,24.73533,657.89374,-0.50792605,32.742947
-1.8074471,-2.3927698,-0.3078521,-4.9772806,-0.17780629,-1.753204,-2.5201337,-1.8636849,bg_rep04_1245,0,xgboost,12.316999,23.162704,27.396,117.401535,30.866508,155.21085,0.019638613,35.42108
-0.5020993,-4.695304,-2.069841,-4.589859,-2.279418,-0.5933357,-0.880773,-1.4473041,bg_rep05_6842,0,xgboost,10.493667,20.604906,26.012,116.47435,32.49113,242.59076,-0.41444635,26.798353
-1.1915004,-5.380983,-2.424964,-2.9139733,-2.7386665,-1.5537854,-1.4140078,-1.945288,bg_rep05_4846,0,xgboost,10.874666,20.59752,26.404,88.76364,29.318409,51.212402,0.3282547,26.560467
-3.2840834,-4.7704787,-2.2258294,-2.4217732,-1.2354145,-2.0877104,-2.5318305,-2.396356,bg_rep04_9891,0,xgboost,13.145333,29.840492,20.832,96.26262,20.325201,1500.1075,-0.35966578,35.76094
-2.7850254,-3.4503007,-1.229662,-4.6695485,-1.2004355,-1.3862665,-0.18930367,-0.65270436,bg_rep05_3245,0,xgboost,13.302,32.599747,25.908,86.57939,0.0,0.0,0.0,0.0
-0.7621549,-3.010839,-1.3327922,-0.6687825,-0.88173485,-1.8080832,-2.294244,-0.64887726,bg_rep04_3422,0,xgboost,10.949,23.804243,24.756,80.46658,26.804615,217.46631,0.27420965,30.973274
-3.5940652,-3.4789705,-2.515393,-2.7915466,-0.5251081,-0.3236554,-0.014026875,0.1474155,bg_rep04_1526,0,xgboost,7.9463334,26.056969,32.396,59.68686,0.0,0.0,0.0,0.0
-1.0154681,-4.3152585,-2.3950589,-1.0144747,-1.716964,-2.678436,-1.3477561,-1.2255707,bg_rep02_2747,0,xgboost,10.917334,30.563643,23.5,83.08662,27.352121,1961.7059,-0.0535156,23.206821
0.6249446,-2.8439064,-1.1101595,-4.8578386,-2.6957166,-0.31511712,-2.3275106,-0.99690914,bg_rep05_9125,0,xgboost,10.213667,26.578709,23.944,104.27699,24.435904,744.81213,-0.063502915,34.82575
-3.5285232,-3.1607108,-2.5538726,-2.1658437,-0.66155034,-0.27839285,0.06589222,-0.027298998,bg_rep03_7379,0,xgboost,7.8336663,27.091114,29.132,59.787777,0.0,0.0,0.0,0.0
-1.5761627,-3.6929476,-2.817327,-4.779826,-0.968167,-1.2917415,-0.2788092,-0.31087673,bg_rep03_2351,0,xgboost,12.092334,31.919369,24.104,88.27736,0.0,0.0,0.0,0.0
0.3598096,-3.2195985,-1.4732602,-5.3171535,-2.3294425,-2.2756011,-1.4957417,-1.7174354,bg_rep05_6004,0,xgboost,10.333334,27.01949,27.304,105.13909,24.731804,148.31534,-0.4137116,36.23741
-1.750847,-1.2939895,-1.2791847,-3.0729513,-1.7736795,-0.53639674,-2.2268133,-1.8627467,bg_rep05_4049,0,xgboost,12.632333,25.521927,25.736,97.54033,23.394783,694.3947,-0.56817925,25.188591
-1.2623386,-3.231005,-0.19552208,-1.9517723,-0.6186562,-1.8484819,-2.387315,-1.0781833,bg_rep03_7012,0,xgboost,9.9626665,30.783176,28.532,52.45399,27.53981,478.84192,0.052273527,39.99248
-0.7955476,-1.926569,-1.4389025,-0.9475105,-2.6149158,0.4132103,-2.1608698,-2.8035092,bg_rep02_7152,0,xgboost,10.951666,27.605532,22.48,85.620865,22.71126,928.8787,0.20107621,36.18957
-0.6339709,-5.296936,-1.3264279,-3.245788,-0.7895814,-1.6946723,-0.72931373,-2.6565497,bg_rep04_2208,0,xgboost,8.397667,22.256086,19.852,34.093666,18.2626,1037.0736,0.36334243,44.293423
-1.1128585,-4.943448,-1.3672101,-3.8578138,-2.72905,-1.954775,-0.7584813,-1.258185,bg_rep05_2036,0,xgboost,11.749333,22.458393,27.624,113.78539,28.799416,126.629906,0.5903114,31.83672
-2.897459,-3.4528835,-1.4110855,-4.4285655,-1.139345,-1.1626987,-0.14693516,-0.40335056,bg_rep05_3204,0,xgboost,12.769333,31.269794,26.528,92.11986,0.0,0.0,0.0,0.0
-4.366649,-3.3261745,-1.5444998,-0.03144408,-1.381257,-1.3301904,-1.6643595,-0.38170066,bg_rep05_5735,0,xgboost,13.548667,23.959585,27.388,73.22306,25.408066,74.66156,0.09172557,27.592575
-4.471546,-2.2800446,-0.91675305,0.5338914,-2.1390312,-1.6187959,-1.5126077,-2.835419,bg_rep01_169,0,xgboost,14.659333,25.999102,25.876,71.77625,19.525934,532.92206,0.1573555,40.736225
-1.4569938,-3.209033,-1.6271601,-3.4159715,-1.9576815,-2.5262907,-1.3018639,-1.8438858,bg_rep04_7795,0,xgboost,8.809667,25.508648,23.94,45.3883,28.46718,1292.1378,0.3780306,35.834908
-3.616342,-5.436581,-2.9597027,-2.3928912,-0.7859056,-0.1655783,-0.28028578,-0.31456205,bg_rep01_6832,0,xgboost,7.448,23.743944,32.808,46.67921,0.0,0.0,0.0,0.0
-3.224115,-3.4729543,-2.813439,-2.671436,-1.1761004,-1.6775911,-2.2149673,-2.2210677,bg_rep05_1007,0,xgboost,8.012,25.328781,31.6,52.474136,21.532495,34.36086,0.033524033,45.589176
-1.7618278,-2.123506,-1.6188374,-3.0927193,-1.6029749,-1.034007,-3.4392228,-1.8486358,bg_rep01_4940,0,xgboost,11.906667,27.05077,22.796,93.8559,20.68395,827.3236,-0.26158944,41.353695
-2.9346106,-4.0049953,-0.5554697,-3.2774148,-0.71557355,-0.72712946,-0.07988394,-0.26388824,bg_rep05_8656,0,xgboost,14.2126665,29.644308,31.852,96.96495,0.0,0.0,0.0,0.0
-0.6813171,-1.2591912,-1.1627566,-3.2337315,-1.8059903,-2.1303396,-2.979247,-0.90707535,bg_rep03_1344,0,xgboost,12.494,25.475084,24.524,98.664215,21.548079,863.2041,-0.23549302,26.037197
-1.7710869,-2.0941324,-1.8786751,-4.329478,-2.0868912,-2.0214586,-2.5677977,-1.4471048,bg_rep04_6643,0,xgboost,11.934667,24.717644,28.108,111.154015,25.016323,123.448524,-0.8245945,38.274036
-1.3840901,-3.4888694,-3.3827798,-4.9060307,-0.51679325,-0.90576625,-0.47266418,-0.37364846,bg_rep04_2315,0,xgboost,11.016,30.85023,18.008,98.444695,0.0,0.0,0.0,0.0
-0.28769478,-2.6850436,-1.2692217,-5.4813104,-1.621611,-1.2708553,-2.2116838,-0.9410285,bg_rep04_5837,0,xgboost,12.253333,23.251106,26.876,109.96674,28.206686,162.5778,0.26434964,23.534328
-2.4257505,-2.899827,-0.65548813,-1.8783492,-0.8407865,-2.1783385,-1.1096548,-2.6090229,bg_rep04_5611,0,xgboost,7.6996665,23.127678,22.556,25.441532,21.701166,530.9976,-0.6657619,45.373177
-2.1466694,-4.7756014,-1.1113312,-0.6612127,-1.594004,-0.6819924,-1.0716357,-1.7299687,bg_rep03_5347,0,xgboost,7.205333,22.23045,26.652,22.891436,24.327774,2.8194847,0.0042799893,38.50412
-3.034948,-2.7249808,-1.7692567,-0.45047587,-0.4309619,-1.4024022,-0.8106662,-0.47347105,bg_rep04_6642,0,xgboost,13.165667,23.567354,27.112,73.29757,26.927332,62.274746,0.5999086,28.355774
0.97106344,-3.133256,-1.9695334,-1.9850336,-1.8147355,-2.6759267,-2.618298,-2.45872,bg_rep04_4188,0,xgboost,10.362333,23.319681,18.872,62.692818,19.392065,824.3885,-0.18989709,43.160084
-2.9431841,-1.2306457,-3.5019164,-3.965038,-0.47245052,-0.89198357,-0.4209772,-0.26089883,bg_rep03_4072,0,xgboost,13.208334,35.335297,18.944,96.89382,0.0,0.0,0.0,0.0
-1.0253196,-2.526117,-1.3690388,-2.3078897,-0.69404197,-1.9091544,-2.52799,-2.9722447,bg_rep05_6182,0,xgboost,12.038,25.260199,26.784,101.675705,19.038025,364.64017,0.030301925,44.420006
-1.7357441,-3.652565,-2.713821,-4.8309317,-0.8712318,-1.0853817,-0.2840332,-0.40690285,bg_rep05_78,0,xgboost,12.121333,33.14013,22.316,88.04596,0.0,0.0,0.0,0.0
-1.2674636,-2.8895874,-1.5792599,-4.30955,-1.9103906,-1.7503369,0.01184085,-2.246833,bg_rep01_1573,0,xgboost,12.401,24.895607,29.224,113.793076,23.73106,147.76308,0.30157223,42.392094
-1.4047284,-2.0240073,-1.7820491,-3.5330126,-0.72685885,-1.5432287,-2.581886,-1.5267065,bg_rep05_4745,0,xgboost,11.945,23.28097,28.848,120.36749,20.696964,134.39871,0.09094118,54.746555
-0.9303271,-2.5810463,-1.2866098,-2.8228393,-0.4382658,-0.77624553,-2.060351,-2.2381663,bg_rep05_4640,0,xgboost,11.653334,26.065434,22.272,98.19412,20.004374,985.78864,0.095090024,36.237038
-3.2270868,-2.6442604,-1.6741191,-3.710652,-0.7740074,-0.15455806,0.78661656,-0.81078225,bg_rep03_685,0,xgboost,13.012333,26.772144,23.976,98.670456,21.076878,944.13165,0.33533007,31.251465
-1.7041427,-0.7731276,-0.8767033,2.4593298,-0.86209404,-1.9702206,-1.6002053,-1.9612375,bg_rep03_662,0,xgboost,13.317333,27.872192,24.368,67.24978,20.843836,476.1599,0.17855307,43.590828
-3.648507,-4.292328,-3.4369574,-3.2097073,-0.8765193,-0.38459992,-0.14738838,-0.06983011,bg_rep03_5198,0,xgboost,7.477,25.332024,30.016,58.893448,0.0,0.0,0.0,0.0
-2.1503127,-3.496118,-1.4537115,-1.8531748,-1.6275673,-2.185491,0.09956761,-1.8951367,bg_rep02_7802,0,xgboost,8.336333,25.55903,27.632,32.81671,23.31057,485.7293,0.7058427,44.14052
-1.3518841,-3.6255152,-1.0395666,-0.807455,-1.3876193,-1.9325802,-1.4064995,-2.4825993,bg_rep02_905,0,xgboost,12.022333,24.16841,26.604,82.47187,30.395891,126.92765,0.23976536,30.090328
-3.637803,-3.9716935,-2.6837645,-2.9740274,-1.0806968,-0.9373365,-2.6291869,-1.4143382,bg_rep04_4926,0,xgboost,7.7796674,25.037548,31.74,52.556694,28.504814,63.58166,-0.27244514,26.83563
-1.3060535,-2.9366598,-1.7045543,-4.223484,-1.6489409,-1.4961729,-0.56692964,-1.805094,bg_rep02_2376,0,xgboost,11.999666,23.59538,29.0,118.28923,22.394928,133.65015,0.3286946,53.341187
-1.8482692,-3.7892904,-1.4522351,-3.2929668,-1.4297273,-1.8702242,-1.5111884,-2.3852706,bg_rep01_9725,0,xgboost,12.566,31.446447,26.232,91.10501,19.486895,1613.1912,0.098676786,39.760094
-3.036518,-2.309427,-0.94639003,1.117866,-1.8983893,-0.7573746,-2.572064,-1.8315316,bg_rep02_201,0,xgboost,14.277666,25.963171,24.348,71.16893,21.22326,735.75726,-0.1047454,40.21308
-1.3448057,-4.6735554,-0.63369775,-4.2776675,-2.5744689,-1.8856779,-1.4541333,-2.0269794,bg_rep03_7980,0,xgboost,12.025333,22.768353,27.368,108.84325,29.24483,133.66669,0.5639684,23.586329
-1.3474804,-3.303827,-1.0677099,-4.251426,-1.808103,-1.3700167,-2.844819,-2.2200131,bg_rep04_6969,0,xgboost,11.955,23.896618,28.776,120.4882,22.646519,149.9851,-0.09703068,53.470646
-2.0648384,-3.3766596,-3.5169232,-1.060769,-1.1816705,-1.0927256,-0.95377356,-1.1681896,bg_rep03_4743,0,xgboost,6.7236667,22.991611,30.168,28.455406,3.689573,81.074425,0.7821411,3.6626327
-2.3245215,-5.069791,-1.4225788,-2.984323,-0.97877836,-1.4112341,-2.9275873,-2.6001098,bg_rep04_74,0,xgboost,13.376,22.561058,25.504,90.86066,21.054806,475.7035,-0.20988615,40.88176
-1.9302939,-4.1192226,-2.9558122,-0.80146295,-1.5601692,-2.5329664,-1.6591713,-2.0202506,bg_rep03_5822,0,xgboost,9.464666,30.092417,29.1,66.95742,27.0195,815.8394,-0.07428961,29.84911
-2.425811,-4.2618775,-1.5572792,-1.0159642,-1.117115,-0.07165413,-0.39361468,-0.57189256,bg_rep05_6353,0,xgboost,6.38,23.493889,27.604,60.765556,0.0,0.0,0.0,0.0
-1.36852,-1.800709,-1.0305916,-2.0558298,-1.1324376,-1.164919,-2.3765364,-2.7475893,bg_rep05_3939,0,xgboost,8.558001,24.759867,22.756,36.693085,22.683596,253.81827,-0.1998677,46.49317
-2.644467,-4.4382567,-2.5230947,-1.9689007,-0.9463393,-0.43361345,-0.3856707,-0.9163612,bg_rep05_8410,0,xgboost,6.6893334,24.474365,27.832,61.71367,0.0,0.0,0.0,0.0
-3.2293537,-3.7867115,-1.8687338,-2.9627538,-0.9457388,-1.5967143,-0.8302522,-1.4489282,bg_rep01_4977,0,xgboost,14.546333,31.47467,30.844,91.891205,18.797453,1287.2593,0.27913332,43.243877
-4.975574,-3.3234603,-0.44244504,-4.0590634,-1.0354373,-0.6056202,-0.14121297,-0.2574114,bg_rep03_9986,0,xgboost,14.901333,31.756313,31.064001,92.50229,0.0,0.0,0.0,0.0
-3.846401,-3.3349671,-2.917318,-0.9166696,-1.4641305,-2.6652172,-1.8542035,-1.8307651,bg_rep02_6694,0,xgboost,7.444667,24.074074,28.944,19.766245,27.114864,310.66156,0.103688076,35.74838
-3.4784758,-1.7588961,-3.2928805,-4.7592444,-0.57079124,-0.9813348,-0.369832,-0.2095759,bg_rep01_2799,0,xgboost,13.083333,34.23164,21.624,91.4596,0.0,0.0,0.0,0.0
-1.5841697,-3.124926,-2.125476,-0.759279,-0.8026822,-0.9829871,-1.1865048,-0.79612994,bg_rep02_9951,0,xgboost,12.149,23.035646,26.372,79.31526,21.684566,268.61557,0.11089336,32.18705
-4.418145,-3.6954787,-2.8006783,-1.9878272,-1.3424087,-1.6278893,-0.6404451,-1.0216507,bg_rep01_3734,0,xgboost,7.48,25.549938,32.292,64.92714,28.116253,485.42783,-0.039096482,23.783264
-1.4106466,-3.4318066,-1.2797998,-3.6812968,-1.0333495,-0.80452204,-0.09582993,0.08269352,bg_rep04_5516,0,xgboost,11.975,30.1364,27.144,95.27571,0.0,0.0,0.0,0.0
-2.229282,-2.5531175,-1.5877615,-0.53775376,-0.24100861,-1.4674585,-0.8120108,-2.17873,bg_rep03_1204,0,xgboost,9.287,28.07776,26.084,73.90753,28.068407,609.56323,-0.033518996,36.296196
0.08256131,-3.534481,-2.8288546,-4.7668567,-0.7113074,-0.9292197,-0.2997896,-0.38004434,bg_rep01_408,0,xgboost,10.404333,30.340408,14.7960005,97.59768,0.0,0.0,0.0,0.0
-1.1293765,-4.343809,-1.84278,-4.757971,-1.9412028,-1.3557328,-1.3582542,-0.91673446,bg_rep04_4743,0,xgboost,11.365666,21.830183,26.883999,117.04632,26.436771,201.0251,-0.4029682,27.13159
-0.57604766,-3.4578152,-1.2074252,-5.6480474,-1.0686536,-1.7634416,-2.0916154,-1.2472305,bg_rep02_2722,0,xgboost,12.407001,23.60181,25.676,105.87854,26.881207,190.5988,0.059630103,24.46932
-3.317088,-2.9930892,-0.64732975,-0.43108606,-1.5906056,-1.1218357,-2.7461581,-2.22079,bg_rep05_3351,0,xgboost,13.3359995,24.985012,23.12,72.20682,20.425175,776.69214,-0.13528654,43.075016
-0.8698459,-5.041182,-1.4490397,-3.5227864,-0.601799,-1.6317056,-1.7333382,-1.6140302,bg_rep03_1238,0,xgboost,11.505333,30.934967,22.868,91.69857,19.251608,2348.387,-0.49460462,32.054485
-2.3657405,-4.7209067,-1.6503977,-2.518104,-0.9097521,-1.698662,-1.9277669,-2.7633042,bg_rep04_5976,0,xgboost,7.9733334,22.21727,22.144,33.157536,22.285904,478.4775,0.2095549,43.497677
-2.9736624,-3.0746577,-2.1138537,-2.943542,-1.7104243,-1.1398263,-2.4038892,-0.6351057,bg_rep03_4152,0,xgboost,6.3094444,24.556738,29.36,45.852276,36.083366,47.14474,-0.26632345,28.246471
-1.2453127,-4.3989787,-0.54339445,-1.929631,-0.97079664,-1.8096662,-1.4176916,-2.4356253,bg_rep04_4943,0,xgboost,10.913,21.77548,27.36,94.25545,26.917181,117.83683,0.41094393,30.220829
-0.712174,-2.2200756,-0.63291466,-4.0570927,-1.878164,-2.126554,-2.741613,-2.129025,bg_rep05_505,0,xgboost,11.613333,25.80282,28.307999,106.950005,23.288174,29.977098,-0.9059118,42.7868
-1.3469843,-2.5163052,-1.0305479,-3.554628,-2.4050834,-0.4802211,-0.82788205,-0.8910076,bg_rep01_9353,0,xgboost,12.320666,25.591282,23.916,100.34179,24.461113,647.2196,0.28946832,31.091566
-0.7680837,-2.832309,-1.0625138,-2.969538,-2.4902103,-2.0540822,-2.309891,-1.758754,bg_rep04_2129,0,xgboost,11.015,26.800486,27.672,101.571976,24.19894,110.22054,-0.121922106,34.650482
0.016834158,-3.5208023,-1.3810732,-2.490741,-0.6204727,-1.2442887,-1.1508126,-0.72161084,bg_rep04_8659,0,xgboost,5.2791667,18.204023,22.0,32.914932,3.9817193,7.4531417,0.9575643,9.080722
-2.7228386,-3.6649246,-0.97115827,-3.037094,-1.4345685,-1.4589258,-2.8321152,-2.492238,bg_rep02_3068,0,xgboost,12.697667,24.213705,25.888,99.31845,20.615372,354.23495,-0.21507785,36.7981
-0.809957,-2.5080595,-1.5138572,-3.327523,-1.91235,-1.5978454,-2.2946174,-2.4670596,bg_rep03_5647,0,xgboost,9.943,26.396412,27.3,101.50801,25.47548,228.52669,0.1830855,36.891018
-3.3688147,-3.5500205,-3.4606504,-0.18205534,-0.751837,-1.7928014,-2.214435,-0.8637332,bg_rep03_5140,0,xgboost,6.7783337,23.999199,31.904,68.198975,27.681843,483.8418,-0.2136136,31.195326
-1.2741134,-2.328834,-2.2717123,-1.9112794,-1.4110862,-2.1055887,-1.9040513,-2.380931,bg_rep05_1472,0,xgboost,12.427,25.807858,21.104,62.035305,19.41177,604.87225,0.09487013,41.56291
-3.7314851,-2.7777557,-3.6809056,-2.9603996,-1.7894113,-1.0466672,-2.1910148,-2.028201,bg_rep02_8272,0,xgboost,7.7863336,26.344341,29.9,61.958706,28.313183,749.30853,0.03344116,29.876404
-3.374498,-3.3041584,-3.4140882,-2.54541,-0.5475328,-0.28274122,-0.0015890021,0.2224382,bg_rep05_7264,0,xgboost,7.628,26.245525,30.28,56.65654,0.0,0.0,0.0,0.0
-1.9316018,-3.2339077,-2.2095544,-2.3070827,-2.6142955,-2.2867045,-2.3656027,-1.9479432,bg_rep02_9366,0,xgboost,8.641666,28.108463,27.808,63.052742,23.912384,927.3068,-0.3130122,34.063583
-3.458948,-3.5977647,-1.615764,-4.580248,-1.0857006,-0.9222095,-0.027962552,-0.49826136,bg_rep04_2862,0,xgboost,14.150667,30.706247,29.668,90.04753,0.0,0.0,0.0,0.0
-2.4875605,-3.1851914,-1.574772,-1.3690901,-0.96795774,-1.412973,-2.1849318,-2.484218,bg_rep01_4531,0,xgboost,12.722667,23.848442,25.916,75.5773,26.521832,192.5211,0.06741001,35.832504
-1.2285898,-3.276351,-1.0447537,-3.5686767,-2.7275524,-1.4675686,-0.2776107,-1.3883686,bg_rep04_4409,0,xgboost,12.211,24.305334,28.712,123.705345,24.969885,138.97162,0.4627165,53.07837
-1.1658486,6.5355105,-1.5761423,2.0840368,0.41633448,0.58614844,0.5021238,1.5087267,presence_226,1,xgboost,11.977,47.086803,26.172,19.896301,0.0,0.0,0.0,0.0
-2.6593742,-2.32104,-1.4328848,-3.228891,-1.5996155,-1.0039994,-1.1714679,0.5645181,bg_rep03_6634,0,xgboost,12.890333,25.58215,26.904,100.58368,22.064636,439.58768,0.42701787,28.417757
-2.1806734,-3.6057906,-2.8325627,-2.1822844,-0.96380925,-1.7295207,-1.3520341,-2.1470976,bg_rep01_5977,0,xgboost,9.37,29.117464,30.424,51.595974,21.532751,25.745758,0.2859613,38.09145
-1.5347348,-3.4273722,-1.691924,-2.824011,-1.1414397,-2.1378717,-1.7402413,-2.200823,bg_rep05_3491,0,xgboost,9.415667,28.336544,25.98,47.32301,27.134754,919.92456,-0.16214183,37.8971
-1.006734,-4.379534,-1.3183761,-3.8280227,-2.4591856,-1.4315176,-1.0138845,-1.9008305,bg_rep02_4533,0,xgboost,11.284333,22.258825,27.828,121.228546,24.714626,126.76177,0.55034876,36.928566
-1.5102588,-4.4240417,-1.4544169,-4.598402,-1.5686855,-1.414927,-1.0688934,-1.1147264,bg_rep03_7525,0,xgboost,12.198,22.813644,26.788,107.60814,26.224852,165.41826,0.40589747,30.625212
-0.8030278,-3.294376,-1.2632036,-5.415899,-2.069304,-1.2882259,-1.8134097,-1.37906,bg_rep04_6665,0,xgboost,12.354667,23.259785,26.712,106.3967,26.978537,298.49237,0.27737355,24.967512
-4.1414075,-1.8903445,-1.332621,1.757606,-1.643217,-2.0590358,-1.466049,-1.2019733,bg_rep03_4422,0,xgboost,14.836333,27.460453,26.52,67.95882,22.312714,371.05157,0.6092732,32.634914
0.4410632,-3.875846,-0.42727795,-0.6010264,-0.22337374,-1.0760313,-2.0052662,-2.2138143,bg_rep04_4074,0,xgboost,10.759334,29.936932,28.568,80.96622,28.071676,220.78226,-0.13574292,34.173203
-3.0432322,-4.466332,-2.8029714,-2.4697206,-0.8177245,-0.13602242,-0.4568613,-0.33715478,bg_rep03_4446,0,xgboost,7.112,23.081917,32.572,45.96428,0.0,0.0,0.0,0.0
-4.385447,-4.1122065,-0.58697337,-3.622869,-0.9501856,-0.542596,-1.7328647,-1.8928375,bg_rep02_2144,0,xgboost,13.788334,24.207047,24.608,94.157776,21.757318,682.62604,-0.5201547,43.45311
-1.317328,-3.4293427,-1.510254,-4.6385064,-1.114755,-1.8005923,-0.6877159,-1.2835377,bg_rep04_1722,0,xgboost,12.305667,23.104895,26.56,104.20193,26.195415,202.92236,-0.040771876,29.26563
-2.9430532,-5.475948,-3.6447763,-1.9852914,-0.7257622,-0.18168986,-0.3406671,-0.52678144,bg_rep03_3595,0,xgboost,6.7286663,24.124,30.16,61.75988,0.0,0.0,0.0,0.0
-1.2095236,-4.1381106,-1.6024814,-3.4117744,-2.2387385,-1.3142934,-0.867526,-1.1202078,bg_rep01_6907,0,xgboost,11.441334,22.8297,25.016,102.090004,24.138784,512.9233,0.39458102,31.682272
-0.36379832,-3.1046488,-1.4700204,-3.6666796,-2.607708,-2.098402,-1.864353,-2.1931489,bg_rep05_2229,0,xgboost,10.486,27.644205,27.668001,102.12327,24.915615,116.2131,-0.31956735,36.824306
-3.1738384,-5.2000203,-3.223033,-0.81903416,-0.97645324,-0.2507542,-0.30207264,-0.69476885,bg_rep01_190,0,xgboost,6.7013335,23.82781,32.548,65.3788,0.0,0.0,0.0,0.0
-0.78569365,-3.6899495,-1.4803294,-5.3186035,-0.9148639,-1.7603949,-0.65487045,-0.430608,bg_rep04_5435,0,xgboost,12.389667,23.092648,26.831999,105.918884,26.847057,183.93748,-0.009283728,27.442629
-1.9334213,-3.8611155,-3.0384252,-2.1176195,-1.3458077,-1.4336112,-2.5398672,-2.889394,bg_rep02_1189,0,xgboost,9.271999,28.938828,29.907999,48.76654,17.344774,19.935894,-0.11662153,46.68914
-0.7457134,-3.3668404,-1.7216412,-3.3691154,-2.1688118,-2.1573648,-2.2573528,-0.21534298,bg_rep04_8433,0,xgboost,10.835333,28.817375,26.844,98.244156,24.323093,43.191807,-0.61510396,33.61332
-3.1950033,-2.9141285,-3.281788,-1.3175901,-1.6553335,-1.943913,-2.4197462,-0.8028777,bg_rep01_3120,0,xgboost,6.373667,23.006306,31.5,65.811165,28.38584,469.16937,0.2728222,32.023796
-3.3023934,-3.338635,-1.1560557,-4.0083675,-1.0047221,-1.17431,-0.16457134,-0.36949778,bg_rep01_5725,0,xgboost,12.850667,31.49982,26.596,94.109955,0.0,0.0,0.0,0.0
-1.9053283,-3.7989452,-2.112956,-2.0920954,-2.3390584,-2.9806242,0.41090482,-0.5931919,bg_rep01_3999,0,xgboost,8.724334,28.248716,26.512,63.561577,25.994034,1268.2637,0.6897746,33.38243
-1.065051,-3.959716,-1.329617,-2.8498833,-1.7140826,-2.0625145,-2.4074736,-2.7560842,bg_rep05_6793,0,xgboost,12.343666,30.896242,27.32,89.04575,18.737513,1436.289,-0.14026944,36.051685
-2.4665399,-2.4982288,-1.1890411,-2.86958,-0.80963594,-0.9328636,0.18652928,-1.9513329,bg_rep02_7155,0,xgboost,12.561,26.80309,22.224,98.822334,20.123093,1143.8407,0.7334698,37.320114
-2.8042886,-2.597676,-2.2390203,-3.1366284,-1.0486526,-1.7457808,-2.7573872,-2.5467923,bg_rep01_7205,0,xgboost,12.891667,25.91394,29.8,116.452835,18.356009,171.66885,-0.62885845,50.63963
-3.160357,-3.2958384,-1.6964122,-3.0860353,-1.1008104,-1.6728603,-3.041344,-2.4691725,bg_rep05_1908,0,xgboost,12.635,23.180084,24.24,92.13002,21.121447,588.1013,-0.21113783,42.342987
-3.9078891,-2.7305279,-1.5475802,-0.4983735,-2.0541549,-1.8919607,-2.6776018,-3.3002179,bg_rep04_9933,0,xgboost,13.939667,25.429924,24.244,72.88203,19.470383,593.39435,0.07784562,44.385967
-0.38601774,-5.6535015,-1.5244945,-1.2310994,-2.2665067,-1.7841166,-1.9232541,-1.9332575,bg_rep01_236,0,xgboost,10.658334,20.206137,26.94,85.59283,30.930365,52.915546,0.48852393,23.765562
-1.4163886,-3.722139,-3.3038518,-0.86964643,-0.9963449,-1.9033213,-1.924157,-1.6506162,bg_rep05_7115,0,xgboost,9.759,28.461853,29.16,77.43816,27.288801,161.90775,-0.38145825,33.0435
-3.3920794,-2.6667705,-1.033978,-1.7464025,-1.284891,-0.8345148,-1.3552408,-2.5815563,bg_rep04_8694,0,xgboost,8.244333,27.890167,26.568,47.738476,26.583437,240.36693,-0.12910149,37.205467
-3.0131881,-2.5110178,-0.8149174,-3.3882701,-1.605651,-0.43149516,-1.9892155,-2.0728214,bg_rep01_9295,0,xgboost,13.144333,26.217356,28.064,98.82211,20.429422,289.26117,0.2051012,34.57804
-0.37176195,-3.1563766,-1.6074792,-4.207284,-2.541932,-1.0762612,-2.998576,-1.4068459,bg_rep02_6633,0,xgboost,9.839666,26.391125,27.956,103.587776,24.44504,62.990242,-0.23667122,34.558662
-2.3458207,-2.7365913,-0.91841793,-3.9834313,-1.3213931,-1.474744,-3.0554273,-2.6986609,bg_rep02_9792,0,xgboost,12.554999,25.723242,29.383999,111.56341,20.88305,213.68997,-0.10118368,46.47486
-5.020529,-3.3737507,-0.7471011,-4.479373,-1.0593417,-0.69978756,-0.12827978,-0.3271533,bg_rep02_7074,0,xgboost,14.83,31.88973,30.859999,88.95604,0.0,0.0,0.0,0.0
-2.7468405,-1.2237401,-1.1926533,-3.2421772,-2.84091,-1.9073421,-2.0081885,-0.32229653,bg_rep05_8495,0,xgboost,13.025667,25.395123,26.568,98.641304,29.363253,360.70914,0.58744466,27.029823
0.43281373,-3.8600073,-1.9319892,-0.5367252,-0.81947607,-0.95353645,-0.31105325,-2.0650911,bg_rep01_8174,0,xgboost,10.744666,29.648638,29.98,81.30877,26.967161,39.786613,0.34646428,35.662346
-4.9325576,-3.3848476,-0.50825787,-4.462552,-1.0593417,-0.6716209,-0.12356839,-0.3271533,bg_rep04_8159,0,xgboost,14.798333,31.617668,31.096,88.15954,0.0,0.0,0.0,0.0
-3.4774897,-2.6683156,-1.3013958,-2.7529807,-2.4970503,-1.4014109,-0.82520974,-1.4513053,bg_rep05_1239,0,xgboost,7.394792,26.469053,29.345833,37.90649,31.203535,51.73311,0.34693474,31.586592
0.1254401,-2.5419407,-0.81512874,-3.1005714,-2.0845597,-0.7503533,-2.4167209,-2.1777942,bg_rep03_6090,0,xgboost,10.789666,24.785599,22.524,94.17498,17.374329,794.51984,-0.14916325,39.441044
-1.0353997,-5.458814,-1.8846109,-0.45705426,-2.3256261,-1.3538418,-1.1356869,-0.84718764,bg_rep02_7652,0,xgboost,10.946667,21.346853,26.728,75.13217,30.964611,74.13938,0.111729234,22.092932
-4.101042,-4.065337,-3.3996878,-0.099926755,-1.5137767,-2.1314158,-0.7450166,-1.5784547,bg_rep01_12,0,xgboost,6.9259996,24.322235,32.616,66.46965,28.383324,350.23862,-0.03349095,31.456303
-0.22486672,-2.999402,-1.0640975,-3.7898414,-1.5050244,-2.2763274,-3.008998,-2.0857341,bg_rep05_3919,0,xgboost,10.113334,24.865591,27.364,103.80992,19.738749,96.11834,-0.22444797,41.972046
-1.8567617,-4.255121,-2.0687194,-2.130684,-1.8732514,-1.911938,-1.3491195,-1.9189072,bg_rep02_6400,0,xgboost,9.798667,29.682137,29.068,48.374123,30.398872,508.05646,0.48888314,38.654785
-0.95404154,-4.0381236,-2.0489798,-4.553839,-1.8626994,-1.9851307,-1.7912893,-1.4430324,bg_rep01_3639,0,xgboost,10.842667,20.820852,26.859999,115.13786,25.568508,141.86621,-0.12805304,29.302197
-0.7935908,6.2443037,-1.6687374,2.193855,0.43629894,0.33163452,0.353995,1.4347147,presence_206,1,xgboost,11.512,45.458855,24.716,15.268601,0.0,0.0,0.0,0.0
-3.2269828,-4.773673,-2.4245956,-2.6540363,-1.1453186,-0.47163478,-0.23011647,-0.4788833,bg_rep05_6379,0,xgboost,7.2413335,25.150505,27.936,56.246902,0.0,0.0,0.0,0.0
-1.4233241,-4.5108094,-1.527043,-1.5277032,-1.1367173,-0.7009979,-2.712633,-1.6744877,bg_rep02_5744,0,xgboost,11.026333,21.165413,27.128,83.70264,30.662771,84.165306,0.49271098,24.752094
-3.1415045,-3.063707,-2.5145106,-1.0350956,-3.3810992,-2.3020997,-2.1693413,-1.3397423,bg_rep01_9323,0,xgboost,7.659333,25.105984,29.144,20.325579,29.727531,324.90488,0.5173905,30.72329
-3.361519,-2.4799778,-1.3348464,-3.6178396,-1.389139,-2.2489257,-1.705675,-0.62867653,bg_rep05_364,0,xgboost,12.878,25.602386,24.848,99.05905,22.861559,885.81757,0.18217102,27.535501
-2.2740993,-4.2510633,-3.321023,-0.9429379,-2.1752727,-1.9683819,-1.0519756,-1.7957113,bg_rep03_4187,0,xgboost,9.185333,28.511713,29.928,64.49778,24.073427,544.17615,0.32811037,34.527107
-0.8230337,-1.6689833,-1.3487133,-2.1880038,-1.0314415,-2.2184904,-2.23278,-1.4095547,bg_rep01_7080,0,xgboost,9.613,25.824736,28.08,99.84946,26.236784,133.88318,-0.07154847,36.3136
0.4678813,-1.1355948,0.2521609,1.1329267,0.640831,-0.5294006,0.72527504,1.9394089,presence_84,1,xgboost,10.552333,28.397022,27.188,79.37065,31.396397,428.41547,-0.04392353,27.112911
-2.5749793,-3.812139,-3.59203,-0.4648892,-1.0615863,-0.7366286,-1.1360898,-0.78348875,bg_rep05_9170,0,xgboost,7.1308827,23.516005,30.082354,27.48303,1.4932561,0.99675304,0.39041147,1.1890799
-1.2733036,-4.7144504,-1.4326208,-2.6121962,-2.359767,-3.0285945,-1.5013545,-2.2548046,bg_rep03_6925,0,xgboost,9.403,29.869759,23.608,55.66244,30.448828,1533.9648,0.1251201,35.090073
-1.0777962,-4.42338,-1.1679536,-3.9820964,-1.2328455,-1.6071668,-2.2852905,-2.1317391,bg_rep02_5089,0,xgboost,11.675,22.113417,27.756,119.13924,30.254036,147.44188,-0.21103418,46.24225
-3.0399597,-2.2849162,-0.81208116,-2.8872223,-1.798001,-1.1827214,-2.0008147,-1.144253,bg_rep02_3848,0,xgboost,8.031333,26.436253,27.34,48.38053,29.80324,678.74133,-0.052537065,39.985523
-2.6523411,-2.9995022,-1.8432709,-3.570609,-0.61751854,-2.0565145,0.62924,-1.5840008,bg_rep02_4424,0,xgboost,12.799334,26.35126,29.164001,120.04916,18.621832,193.99986,0.6457902,50.363876
-2.6912313,-3.0726178,-2.5324244,0.8212909,-2.0411894,-1.9436616,-2.1820714,-2.7787216,bg_rep04_1555,0,xgboost,12.7300005,25.632248,22.908,68.016304,20.608068,502.2403,-0.048618484,39.40884
-1.7401645,-3.8423746,-0.92214435,-3.0342133,-1.4219311,-1.1358197,-1.6424922,-2.4106555,bg_rep03_6228,0,xgboost,6.6266665,20.03709,23.0,32.86123,25.418543,11.401416,0.32961455,38.332123
-1.3623497,-0.8252597,-1.5848967,-2.992062,-1.1446052,0.17446746,0.15757994,-2.6560822,bg_rep02_8324,0,xgboost,11.861,25.39611,24.076,98.00314,20.461208,679.7815,-0.48563194,37.70358
-1.2836024,-3.2432516,-2.5098217,0.84751457,-1.3448651,-2.2270658,-3.2973855,-1.6552771,bg_rep03_1710,0,xgboost,12.286667,25.087118,19.752,67.13797,20.185062,1252.7637,-0.21904776,41.990334
-2.1408322,-4.738146,-2.7620625,-2.5114772,-1.2357162,-0.8209618,-0.8886468,-1.4624805,bg_rep01_8011,0,xgboost,5.9874997,24.290058,29.150002,45.134735,4.895721,4.7608027,0.8929197,3.7789614
-0.65252507,-1.6535579,-1.4346255,-3.286986,-1.2904105,-2.1520672,-1.1129245,-0.55274683,bg_rep03_1581,0,xgboost,9.937,25.815754,24.68,90.61034,26.0947,121.73195,0.0012622051,31.001049
-0.84115094,-3.868798,-1.3567168,-3.1851954,-0.81661856,-2.0380812,-2.4706016,-3.5154276,bg_rep05_31,0,xgboost,8.748667,22.184467,20.024,55.0086,19.901428,366.23148,-0.1294377,43.521805
-1.3011814,-4.03364,-1.2153536,-4.068515,-1.0645357,-1.6299021,-2.1018062,-1.9012825,bg_rep03_5044,0,xgboost,11.508,22.10866,28.1,117.89645,26.240824,123.97441,-0.11003429,37.851013
-0.2492778,-3.5539227,-1.65412,-4.3664503,-1.0404314,-1.5968796,-2.6708355,-2.1183736,bg_rep02_1517,0,xgboost,10.184333,24.310926,26.892,105.35836,17.10149,222.72581,0.20303956,56.163853
-0.074632056,-2.6414466,-1.6936151,-4.108708,-1.548693,-1.6074133,-3.2494771,-2.3621764,bg_rep01_3496,0,xgboost,10.497666,25.601566,27.252,103.04724,19.80918,179.96736,-0.28193653,41.651356
-1.3153343,-5.0207214,-1.4866334,-3.4133203,-1.1843417,-2.1766393,-2.368127,-2.304808,bg_rep03_3724,0,xgboost,12.157666,31.163914,25.104,90.37867,18.53242,2061.2795,-0.35779408,33.101154
-3.7636287,-3.5241368,-1.8067902,-3.0261514,-0.80720407,-1.6802108,-2.2540624,-1.437749,bg_rep04_6255,0,xgboost,13.966333,31.675436,29.092001,98.29103,14.868902,1411.0378,0.031318538,60.28144
-2.8348303,-3.3877454,-0.565894,-2.5251775,-1.0626687,-0.876478,-0.21252261,-0.7860568,bg_rep02_7209,0,xgboost,13.333667,29.685783,28.316,94.32551,0.0,0.0,0.0,0.0
-4.783159,-1.9411379,-0.66868603,0.5362409,-0.5404976,-0.69606245,-0.95761365,-0.9859034,bg_rep05_838,0,xgboost,13.970333,25.85758,23.272,71.705635,20.36199,935.84155,0.46529517,40.317093
-1.4483343,-5.1521735,-2.315006,-3.2889545,-0.92181003,-1.7522581,-2.07731,-1.9120319,bg_rep05_9591,0,xgboost,11.281,22.422087,26.4,98.94259,26.062262,105.69579,0.22191764,35.516117
-1.551978,-2.3523734,-0.7986731,-4.148808,-1.0754983,-1.7867022,-3.4723568,-2.3430057,bg_rep01_1926,0,xgboost,12.163667,24.598906,28.524,117.63338,21.120089,158.83244,-0.5240391,41.24183
-3.616342,-5.465112,-2.9597027,-2.4200892,-0.7859056,-0.1655783,-0.28028578,-0.31456205,bg_rep03_3625,0,xgboost,7.451,23.80511,32.88,47.090534,0.0,0.0,0.0,0.0
-0.95733553,8.003754,-0.8034135,0.3807385,0.24821691,0.59312296,0.5380011,1.4454606,presence_239,1,xgboost,11.994,50.530838,28.736,31.386934,0.0,0.0,0.0,0.0
-1.204459,-3.4666963,-2.1168418,0.6888588,-1.3444245,-1.9367999,-1.2191553,-1.0715222,bg_rep03_6300,0,xgboost,14.078667,25.1315,27.764,65.61753,28.588331,125.386696,0.120740086,27.823936
2.0285106,0.2091599,0.21608916,2.347692,-0.11058855,0.5270107,0.23724692,-1.318243,presence_112,1,xgboost,10.394,24.614,22.864,71.18422,21.766092,640.2983,-0.39675596,39.117256
-3.5003407,-4.296227,-2.6817892,-2.5508258,-0.7661536,-0.40112978,-0.08733431,-0.5898181,bg_rep05_7856,0,xgboost,7.736,24.807594,32.795998,49.202335,0.0,0.0,0.0,0.0
-2.233717,6.7625732,-1.566852,2.3763015,0.4433356,0.47140974,0.48510805,1.29757,presence_219,1,xgboost,12.987666,48.840504,26.344,20.741734,0.0,0.0,0.0,0.0
-3.4310725,-2.224839,-1.4215729,-3.3507257,-0.49626356,0.4631616,-1.7105498,-1.0477421,bg_rep03_731,0,xgboost,12.853666,26.596727,24.188,99.24745,20.328737,931.88806,0.18535091,29.993723
-3.0621316,-2.28386,-0.76463795,-2.7837062,-1.8668324,-1.6554507,-0.82644606,-1.5124446,bg_rep03_3160,0,xgboost,8.438666,27.682281,28.288,49.43778,31.787895,484.80704,-0.35218164,39.14236
-0.23671497,-3.6627564,-2.3621256,-0.3640607,-1.1834244,-1.2882499,-1.6390852,-1.2185897,bg_rep05_8764,0,xgboost,10.751666,20.562399,25.883999,77.71758,25.687408,72.69901,-0.32478303,33.149536
-3.7340076,-3.3308876,-0.7500738,-3.8250349,-1.4796687,-1.8056488,-1.9920318,-2.2110205,bg_rep04_9678,0,xgboost,13.739333,23.447561,25.808,90.46177,22.119122,431.4611,0.27674118,42.77319
-3.2327456,-2.2823136,-3.1621451,-2.3791647,-0.41464388,-0.2261859,0.099594355,0.35254738,bg_rep05_2026,0,xgboost,7.785,26.14873,30.436,57.537262,0.0,0.0,0.0,0.0
-3.8663807,-2.8977659,-2.341995,-2.783235,-1.7054396,-1.2101388,-2.805183,-2.0931792,bg_rep03_431,0,xgboost,8.007,27.047022,29.128,38.04687,29.44078,7.6736026,-0.24002783,34.30158
-1.3024665,-2.8015227,-1.3067919,-3.796343,-1.1407769,-2.1335232,-2.9530163,-2.5879593,bg_rep05_2408,0,xgboost,12.123667,25.927431,28.776,108.557785,17.823236,141.08186,-0.090421736,49.02446
-1.3875873,-5.5786366,-1.9260104,-2.572643,-1.5053418,-0.60015815,-1.3442152,-1.4352815,bg_rep01_6734,0,xgboost,11.128,22.273819,26.140001,91.87913,26.375805,281.1409,-0.13897754,29.794592
-0.84322125,-3.176541,-1.2585865,-5.0676217,-0.66050607,-1.0914387,-2.2538886,-0.35210744,bg_rep03_8109,0,xgboost,11.227,27.234135,26.996,104.3787,26.156208,257.61343,-0.50934607,33.671535
-2.8718815,-3.35629,-1.7730854,-4.031367,-0.891001,-1.1621214,-0.2087658,-0.39040357,bg_rep01_9736,0,xgboost,12.779333,31.603851,26.28,96.695564,0.0,0.0,0.0,0.0
-1.857558,-3.6967213,-1.7524436,-3.6057637,-0.89221567,-1.5489578,-2.917898,-1.5317545,bg_rep01_3372,0,xgboost,12.627,29.196726,27.844,105.12832,18.460266,1444.7842,-0.5997829,46.077095
-0.37137577,7.632133,-0.87293476,-0.7596069,0.11217397,0.16511676,0.4274562,1.6491616,presence_32,1,xgboost,11.8463335,50.247425,29.592001,78.690025,0.0,0.0,0.0,0.0
-1.6007063,-2.8431952,-1.8503494,-5.3580503,-1.8513869,-1.3919718,-0.8783811,-1.0107756,bg_rep01_503,0,xgboost,12.045334,23.592396,26.576,104.09908,23.815542,225.94907,0.38740662,32.95053
-0.734369,-3.5682032,-1.4384333,-4.3925486,-1.0525991,-1.0163175,-0.08094672,-0.050412223,bg_rep05_5009,0,xgboost,11.714666,30.59938,25.968,87.820564,0.0,0.0,0.0,0.0
-2.1089563,-3.518497,-3.3301315,-2.1338563,-0.96648586,-1.5024139,-3.036021,-2.3384144,bg_rep02_1012,0,xgboost,8.757,28.03855,29.624,47.334827,20.01173,17.057005,-0.21166827,45.535664
-0.758763,-2.2599046,-2.0045352,-3.1526704,-0.9666314,-2.4161363,-1.6541018,-1.8820853,bg_rep05_712,0,xgboost,10.118334,26.827696,26.456,98.67078,27.35091,382.06357,0.5340446,36.08127
-2.6517243,-3.863254,-1.2004067,-2.749303,-1.4392607,-2.0242732,-0.8843527,-2.1645982,bg_rep04_7868,0,xgboost,13.021,31.472979,27.932,93.04867,18.00286,1408.4178,-0.024131827,37.60997
-0.1201946,-2.502611,-2.8111293,-1.8578818,-1.0634929,-0.5403017,-1.5723232,-2.4646695,bg_rep03_4542,0,xgboost,10.934999,24.68843,20.336,62.658596,20.737461,694.7883,-0.025431806,40.96205
-1.5188683,-3.3824503,-1.0785092,-3.2646058,-0.5924901,-0.83746016,-0.4712526,-0.6635753,bg_rep01_8690,0,xgboost,12.1380005,24.029934,24.176,102.03677,21.268188,611.5591,0.5569111,34.75024
-0.48829937,-4.0229506,-2.0201654,-3.2925336,-2.1218064,-1.8013318,-1.8811893,-0.51013,bg_rep01_8009,0,xgboost,10.764,22.454939,25.312,97.113464,25.12008,405.03082,0.5348456,33.798515
-2.3818262,-3.4771874,-1.040961,-1.9706328,-1.9407068,-2.1173859,-2.4410458,-2.24893,bg_rep05_6705,0,xgboost,9.032667,28.344004,27.716,49.95695,23.642477,326.18686,0.19393267,38.748127
-2.6095493,-3.0192332,-2.02986,-3.1143541,-1.265286,-1.4405457,-3.2270043,-2.2173398,bg_rep01_4458,0,xgboost,12.795334,25.693441,29.6,120.461296,19.590668,161.01968,-0.10768783,55.090714
-1.5998926,-1.8676419,-0.22266431,-3.312417,-1.4688458,-0.03275512,-1.8236189,-0.72872627,bg_rep03_3567,0,xgboost,12.032,24.78576,23.836,102.3605,21.658154,741.22687,0.01928756,34.755318
1.8727813,-0.34791106,1.639699,1.2232355,-0.45054278,-0.30327573,-0.9352541,0.88611555,presence_92,1,xgboost,8.927333,21.799505,23.808,80.744255,23.983173,67.985565,0.07908125,32.613712
-4.0868134,-4.1110744,-1.2962991,-3.7974303,-1.203067,-1.5414196,-0.59081405,-2.068679,bg_rep05_5130,0,xgboost,13.784333,23.802206,25.272,90.158325,21.223902,572.4826,0.3955557,42.829945
0.95789486,-1.36107,1.0751112,-0.060723163,1.5168269,0.023146026,1.04528,0.1959902,presence_63,1,xgboost,10.001,26.61256,28.164,99.255775,26.905308,62.01483,0.34712663,35.001144
-3.4115844,-3.3334591,-3.064749,-1.7452234,-1.6134334,-1.7210764,-1.4385197,-1.5356177,bg_rep03_9859,0,xgboost,8.116333,26.853935,32.888,64.90361,27.724257,343.41473,-0.47953925,26.037083
-1.1453359,-2.1506665,0.22055022,-0.30087197,-1.4575216,-0.6319918,-2.1389544,-0.3112276,bg_rep02_7509,0,xgboost,7.947,19.432219,22.704,77.32929,24.45576,205.84865,0.056629892,33.018635
-2.3425295,-3.0899804,-0.8474876,-2.8638182,-0.8987574,-1.8831818,-1.8403939,-3.20682,bg_rep03_2070,0,xgboost,7.9833336,21.133347,22.308,32.580833,21.657484,482.63516,0.015905505,43.00388
-1.4441733,-4.486165,-1.9094987,-0.42138106,-1.9896778,-1.615863,-2.0538542,-0.15993702,bg_rep02_6132,0,xgboost,11.211667,20.95952,27.1,82.5567,24.544182,49.359566,0.066902585,27.08441
-0.934041,-2.2010603,-1.5037632,-3.2829256,-1.8155078,-0.17577861,-1.0898618,-2.5228734,bg_rep04_1927,0,xgboost,11.111,24.814632,22.836,88.39812,15.894875,735.0367,0.4361675,39.20732
-3.3826172,7.123456,-0.8989589,2.4168627,0.09434933,0.23635012,0.49372917,0.929225,presence_216,1,xgboost,15.053333,51.08366,26.732,26.872408,0.0,0.0,0.0,0.0
-2.0794835,-3.8865614,-1.0487987,-2.899209,-1.9069377,-2.5318274,-2.378782,-2.4175696,bg_rep05_9438,0,xgboost,12.5703335,31.27571,27.188,89.38955,20.062649,1483.2598,-0.12121339,35.458683
-1.0525578,-4.5259337,-1.120725,-4.118947,-2.2607713,-1.2525212,-2.0365338,-0.43834847,bg_rep05_2700,0,xgboost,11.522,21.68398,27.3,118.29565,32.248127,165.28162,-0.2710943,30.874123
-1.1356865,-3.8200955,-1.721915,-2.3729362,-1.8039645,-0.99825716,-1.8674479,-2.7641196,bg_rep05_8926,0,xgboost,8.800667,23.556389,21.42,35.182953,17.343119,712.3618,-0.3212243,44.45507
-0.77505606,-4.85824,-1.2409034,-3.7637033,-1.6259977,-1.8014964,-0.43243277,-1.1772323,bg_rep05_1893,0,xgboost,11.680333,22.438015,27.88,116.35496,26.188868,134.60579,0.71742547,41.735397
-3.6152174,-4.808076,-0.787261,-3.293926,-1.4992845,-1.6270791,-2.8952365,-2.4693596,bg_rep01_4964,0,xgboost,12.894667,22.676327,25.764,91.63342,21.388338,352.29913,-0.25610894,41.853043
-0.8769551,-2.1352363,-1.423453,-2.7547326,-1.3829076,-1.4003284,-2.4980822,-2.7752552,bg_rep05_4631,0,xgboost,11.7543335,26.060513,23.032,96.661415,19.422709,880.557,-0.13408849,35.63577
0.12992987,-0.81753904,-0.421565,1.8616693,-0.71277463,1.1383799,1.093745,0.8768225,presence_138,1,xgboost,14.368,25.267305,27.124,72.093094,23.818003,238.81563,0.30321407,32.758423
-1.440969,-2.5212784,-1.5935838,-3.2712288,-0.60332865,-2.2213905,-2.4454622,-2.0069315,bg_rep04_2087,0,xgboost,8.449667,26.014984,23.628,52.786137,27.767921,1180.3569,-0.28826404,35.955677
-3.0207517,-4.08155,-1.6676897,-3.2591329,-0.93469787,-1.0419823,-1.9842643,-2.3242521,bg_rep01_2287,0,xgboost,12.549666,23.520628,23.776001,94.15459,20.34945,678.3383,-0.020261839,43.061184
-2.511484,-3.9007287,-1.2476137,-1.9963461,-2.9770408,-2.5682433,-2.1438742,-2.1710095,bg_rep01_2160,0,xgboost,6.825667,21.41856,25.052,23.810755,29.55646,496.36972,0.14814936,35.102924
-1.0694476,-2.9756298,-1.8525407,0.61887556,-1.1337291,-1.155479,-1.8905782,-0.5326783,bg_rep02_8567,0,xgboost,12.513333,23.986609,26.248,70.139946,27.438198,85.618095,0.5624969,27.755186
-1.497467,-3.574307,-1.5207934,-2.245018,-2.3970184,-2.2996397,-2.5755079,-1.9811734,bg_rep03_6843,0,xgboost,12.017667,28.654427,25.380001,99.612404,21.867876,1952.193,-0.06760203,38.004513
-1.1439687,-4.8203382,-1.6677895,-4.3944535,-1.9565593,-1.5405258,-1.2843959,-1.040112,bg_rep03_6132,0,xgboost,11.568,22.301048,28.076,118.95668,25.122782,142.27895,-0.017089164,40.34415
-0.5487338,6.8129816,-0.9006415,1.6285863,0.53386635,0.89807063,0.32963225,1.4982694,presence_177,1,xgboost,8.605,42.947693,23.052,24.188738,0.0,0.0,0.0,0.0
-1.4327736,-5.5474725,-1.7229483,-3.1114066,-2.4869645,-1.6441993,-0.5595313,-0.3658274,bg_rep04_3351,0,xgboost,11.173667,22.545736,25.872,97.39868,28.767643,325.5283,-0.493695,30.712444
-1.2447112,-3.9732952,-1.6799164,-2.3955305,-1.9014775,-2.3741133,-3.0879383,-2.8413255,bg_rep05_7052,0,xgboost,8.988667,24.082806,22.112,35.983948,19.361523,549.71185,-0.2589997,46.14397
-3.08427,-3.7988453,-1.071112,-3.5653226,-1.7186986,-1.471804,-3.279421,-2.1721032,bg_rep04_6523,0,xgboost,13.305667,23.553186,24.408,89.96602,21.508673,609.2254,-0.2761946,43.152645
-2.0629091,-1.5288328,-1.4878296,-2.1781366,-1.8599772,-1.872358,-1.8769625,-2.7675023,bg_rep02_8478,0,xgboost,12.144667,25.38601,23.212,101.78124,21.457869,813.32635,-0.029699115,35.841698
-0.2192923,-3.9519842,-2.2119858,0.017693028,-1.6651602,-1.7126756,-0.85487664,-2.1282752,bg_rep04_59,0,xgboost,10.512,21.229502,25.332,81.67899,30.315645,374.74628,0.007441494,29.549978
0.7026317,-3.145971,-2.0117266,-1.4694595,-1.2604383,-1.033941,-1.3459598,-1.0199702,bg_rep04_1977,0,xgboost,5.44875,17.449959,27.245,94.496895,8.852368,2.834419,-0.4261733,19.683289
-1.3720022,-4.541366,-0.9009459,-2.7277064,-1.7457582,-2.6796398,-2.581913,-0.9312158,bg_rep05_3460,0,xgboost,11.952,30.80095,26.688,87.77993,21.686985,1562.6299,-0.21905082,29.278795
-0.7868615,-3.374645,-1.802296,-5.282237,-1.8202715,-1.7007792,-2.0733755,-1.1730851,bg_rep01_4464,0,xgboost,12.401667,23.390545,26.331999,108.589775,25.985558,174.93427,0.05665024,26.197906
-1.9863553,-3.7021635,-1.4551079,-0.5849926,-1.7021713,-1.6486634,-3.1709592,-1.2282869,bg_rep02_6110,0,xgboost,9.430333,28.831886,28.208,72.490746,25.627237,347.26974,-0.29240897,33.075314
-1.4935769,-3.9838986,-1.4503564,-2.8362124,-0.7716339,-1.7951636,-2.7977479,-3.1401045,bg_rep05_220,0,xgboost,5.6383333,17.710558,20.008,34.34426,21.715498,556.3182,-0.24106312,44.66925
-2.709728,-4.526021,-1.2178807,-0.88549644,-1.7247856,-1.0261048,-1.9975531,-2.873681,bg_rep05_5641,0,xgboost,12.653,24.261774,23.66,75.53645,19.54793,644.6967,0.09882284,43.327503
-4.3923087,-3.4323592,-0.88919634,-4.320181,-1.3422621,-0.947544,-0.19440083,-0.78329575,bg_rep04_4869,0,xgboost,14.493667,32.08267,28.756,92.33778,0.0,0.0,0.0,0.0
-0.41996154,-3.980316,-1.2157104,-0.6636558,-0.46043766,-2.0394409,-1.3300117,-0.65385944,bg_rep02_4790,0,xgboost,5.5712967,18.082102,24.333334,25.551937,13.875076,22.157776,0.39974007,26.810617
-2.2910101,-3.6518605,-0.6071687,-2.7363608,-2.2621284,-2.6619592,-1.6567444,-0.8072997,bg_rep01_2023,0,xgboost,8.137333,28.121832,23.828,58.135998,25.795012,1726.875,0.22811702,32.17294
-3.5612295,-3.467736,-1.2804599,-4.411405,-0.7950347,-0.7734552,-0.20517796,-0.41376203,bg_rep05_3988,0,xgboost,14.362667,30.647547,30.58,98.4251,0.0,0.0,0.0,0.0
-3.5144362,-3.7544327,-3.0195012,-1.1805638,-0.45303,-0.29376882,-0.034687568,0.2346232,bg_rep03_3042,0,xgboost,7.7,25.887575,30.88,60.802124,0.0,0.0,0.0,0.0
0.36369628,-2.58118,-1.8196127,-2.7024248,0.8028705,-2.0873685,-2.2066584,-2.0501013,bg_rep01_9762,0,xgboost,10.269333,27.33241,26.3,95.71583,27.862513,323.2321,-0.19574107,34.568737
-4.0968266,-3.2267475,-1.6658208,-2.700716,-1.1923636,-0.967306,-2.1981304,-0.8658163,bg_rep03_200,0,xgboost,13.091,22.986023,27.036,91.64276,26.33637,72.46501,-0.6959079,30.7527
-2.3438227,-2.5903337,-1.0514255,-1.3810856,-1.3395175,-2.6523554,-1.8623706,-2.648735,bg_rep04_8364,0,xgboost,8.112333,24.567938,28.328001,23.264654,17.657333,348.8378,0.25989324,45.729706
-4.3805604,-3.4319155,-1.4770197,-3.7385492,-0.7905719,-0.81487787,-0.23046263,-0.5548405,bg_rep01_3714,0,xgboost,13.827666,29.201864,30.428,97.80104,0.0,0.0,0.0,0.0
-3.23218,-3.456697,-1.5640751,-3.4736233,-1.584209,-1.8496789,-3.6738145,-1.5416217,bg_rep05_2767,0,xgboost,12.757,27.179564,22.732,102.06966,20.78388,1279.3196,-0.24520794,32.411118
-1.6731157,-3.0432808,-2.1148093,-2.2178926,-0.9031415,0.25508404,-1.5486348,-2.0109544,bg_rep04_65,0,xgboost,12.384334,24.68769,21.756,63.514782,19.921366,700.44415,-0.50668865,42.043297
-1.2354665,7.8664446,-1.6440344,-0.23349935,0.25750032,0.52842945,0.36837506,1.1628592,presence_150,1,xgboost,9.465667,46.831913,26.14,51.46034,0.0,0.0,0.0,0.0
-3.636294,-5.1524615,-2.9473865,-2.4355505,-0.7842471,-0.18345436,-0.2751262,-0.32450297,bg_rep04_3492,0,xgboost,7.4623337,23.930008,32.764,46.632904,0.0,0.0,0.0,0.0
-3.6325665,-3.1261728,-1.5029515,-5.3393455,-1.3363957,-1.1985612,-1.319552,-0.82756156,bg_rep03_9702,0,xgboost,13.824333,28.520245,24.784,125.76915,29.340004,516.5971,-0.098102726,25.532091
-3.42858,-4.795674,-2.794314,-2.45926,-0.7676743,-0.2651182,-0.08971191,-0.38328415,bg_rep05_3229,0,xgboost,7.786,25.016066,31.776,51.861553,0.0,0.0,0.0,0.0
-0.5399139,-3.397841,-0.8899318,-0.5557874,-0.99315363,-1.4497974,-1.625809,-0.591514,bg_rep03_4850,0,xgboost,7.0527773,18.608912,22.766666,78.160866,8.851233,7.759843,-0.05972005,10.302859
-0.5372825,-4.4729137,-1.8820544,-2.2764578,-1.9327848,-0.9998919,-0.8658207,-1.7121663,bg_rep01_804,0,xgboost,10.761666,21.559553,26.048,96.34224,27.417765,253.31992,0.3129879,29.761501
-1.1013814,-3.321586,-1.2169565,-3.26879,-2.154082,-1.7422836,-2.9972546,-2.690019,bg_rep02_9256,0,xgboost,11.550333,25.223475,24.376,90.70913,18.355,559.10474,-0.070180714,39.98724
-1.5565637,-3.2036111,-2.2031353,-2.7439084,-2.0062954,-2.9049308,-2.5960507,-2.2860377,bg_rep01_2789,0,xgboost,9.541333,28.168793,22.012,54.08288,28.64162,1802.4111,0.04755059,36.820038
-0.5923567,-3.4043884,-0.8169814,-1.102569,-1.9731318,-1.3652929,0.19631712,-2.088368,bg_rep03_8172,0,xgboost,7.0870004,21.82227,27.584,94.358894,16.523336,23.993303,0.7113093,53.38911
-3.7610278,-2.7498946,-0.60866576,-2.5659208,-0.84028554,-1.5181988,-2.0499804,-2.423201,bg_rep01_4002,0,xgboost,8.500334,28.128172,28.488,44.365818,30.652897,267.01053,0.1590745,37.733192
0.74072504,-2.5585365,-2.0845418,-3.2178886,-1.9571484,-1.4987644,-0.22556795,-0.7803505,bg_rep02_7539,0,xgboost,10.468666,21.505066,25.56,94.554085,24.423637,407.9196,0.34060112,33.08123
1.6430212,-0.80226886,1.1396879,0.057885315,0.059753224,-0.4063311,1.3890649,0.2051732,presence_90,1,xgboost,9.066,22.170595,23.136,83.76697,19.633045,377.82483,-0.4851451,34.80929
-1.1392244,-3.5347955,-0.7948042,-3.9948382,-2.2117913,-1.3673924,-2.1071603,-2.1060047,bg_rep03_760,0,xgboost,11.04,21.78202,28.140001,118.47107,24.718267,125.966354,0.08842985,43.21983
-3.9042616,-2.9272332,-2.5035443,0.29344726,-0.998117,-2.4559371,-1.8046277,-2.1950557,bg_rep02_4266,0,xgboost,13.512,25.525162,22.12,68.61113,20.92988,898.91547,0.015260024,40.84696
-1.5018632,-4.620746,-1.8814466,-2.6705797,-2.7333226,-1.2606858,-1.7861861,-1.705251,bg_rep05_1757,0,xgboost,11.318,21.395084,27.1,97.247475,29.90899,63.35364,0.0856471,29.494192
-2.19737,-3.8334606,-0.721684,-2.7394052,-1.2611747,-2.9273863,-1.0206449,-2.1104336,bg_rep04_8048,0,xgboost,12.834,30.821325,28.284,93.6735,28.510733,1126.3068,0.39987975,21.283867
-0.72069645,-2.4015276,-0.61378586,-4.375318,-1.5259165,-1.238262,-1.0401695,-1.2214589,bg_rep04_7162,0,xgboost,11.759,23.204279,27.524,102.90748,23.408978,228.66852,0.41076642,34.100883
-2.7171695,-2.682565,-1.2554425,-2.2174366,-2.0439732,-0.26033193,-2.0176313,-1.273318,bg_rep05_1880,0,xgboost,8.133333,26.849773,28.508,61.819542,22.737772,679.23645,-0.7816256,38.67992
-1.2246939,-4.3819184,-1.7610362,-4.26687,-2.2006838,-1.6848983,-1.8666108,-0.501124,bg_rep05_6682,0,xgboost,11.375333,21.743507,26.944,117.246124,28.956411,180.26228,-0.53342915,30.744438
-1.0892853,-2.1118696,-1.4018415,-0.94563603,-1.8070673,-1.8183244,-2.2235787,-0.9164566,bg_rep02_3629,0,xgboost,11.762,25.52739,25.588,85.18627,25.930782,302.13446,0.1892305,29.849552
-5.3529572,-3.1807644,-1.3766205,-3.944018,-1.1317359,-0.70278627,-0.16917229,-0.4452598,bg_rep02_7977,0,xgboost,14.684333,32.84792,29.88,92.81446,0.0,0.0,0.0,0.0
-2.3544254,-2.8098688,-0.8023125,-5.0261326,-1.8042276,-1.8016746,-1.4956884,-1.4317225,bg_rep04_1882,0,xgboost,12.733667,27.60986,23.816,103.26097,21.24774,1027.9652,0.1676203,33.294003
-3.6797545,-4.275743,-3.442941,-2.850653,-0.83826584,-0.34306595,-0.14120536,-0.03188797,bg_rep02_9817,0,xgboost,7.519,25.330143,29.524,52.627964,0.0,0.0,0.0,0.0
-2.7372928,-4.5678797,-0.69628507,-2.554019,-1.2732619,-2.1930728,-2.36391,-3.1038632,bg_rep01_8313,0,xgboost,7.4166665,22.496563,23.456,29.0889,20.554983,349.27643,-0.12013659,42.44442
-4.1996565,-3.5699599,-0.886536,-3.613027,-0.72851926,-0.7060789,-0.2114333,-0.37847483,bg_rep04_8419,0,xgboost,13.855,29.141428,30.72,98.66632,0.0,0.0,0.0,0.0
-3.3465495,-3.665977,-2.1190386,-2.2768655,-2.2737708,-0.936348,-2.326333,-1.8282828,bg_rep04_9748,0,xgboost,8.792334,28.609701,29.036,48.500435,29.915031,237.5566,0.21062118,35.707783
-2.7911344,-3.2806745,-3.839613,0.0032483027,-1.8691152,-1.2521524,-1.9458563,-1.3607223,bg_rep04_5034,0,xgboost,8.834524,27.448587,29.77143,67.10441,25.833157,3.6163018,-0.14450166,25.280329
-2.6912081,-2.9043734,-1.4207377,-2.8461053,-2.5265548,-2.510368,-2.456456,-1.278706,bg_rep04_2022,0,xgboost,7.9373336,27.12691,27.152,59.30683,24.638615,1064.2817,-0.6143489,32.287228
-0.78581303,-3.8484924,-2.0929248,-0.9703239,-0.47879568,-1.3998407,-2.3637702,-1.7647625,bg_rep04_841,0,xgboost,11.700666,30.813932,29.064001,78.13722,30.646803,200.24109,-0.2425915,29.581913
-0.24278326,-3.6910017,-2.2176034,-1.6477447,-1.5826932,-1.4751945,-1.9315226,-2.7867348,bg_rep02_8861,0,xgboost,6.2026668,20.225208,26.32,92.67607,19.27856,79.88768,-0.33218583,44.641685
-1.0177978,-3.4249773,-1.458555,-4.754711,-1.5884238,-1.913679,-2.4623938,-2.2518492,bg_rep05_9442,0,xgboost,11.713667,24.019165,27.268,104.88821,23.330427,317.94604,0.20719503,38.49727
-2.1046734,-2.8784034,-2.05073,-3.8448205,-0.92814165,-1.1205809,-2.4426184,-2.7150755,bg_rep04_294,0,xgboost,12.628666,26.05568,29.788,119.72138,16.805445,240.69136,0.027432207,48.7374
-5.1372743,-2.350734,-1.1196706,-3.2386594,-1.1753218,-1.2730795,-1.0901397,-1.8561183,bg_rep05_2889,0,xgboost,14.593333,26.053942,23.352,90.31665,19.87852,822.9755,0.42295077,42.26504
-0.96736014,-4.962547,-2.1079988,-3.2458267,-2.5027728,-2.8284354,-1.2663028,-1.1019514,bg_rep04_5233,0,xgboost,11.603333,31.472641,22.184,86.502266,24.334904,2390.2097,-0.41675943,28.033182
-3.0206745,-4.164729,-1.7579281,-1.8977759,-0.8790543,-0.4635131,-0.060771655,-0.20146738,bg_rep05_4443,0,xgboost,7.092,25.647331,27.316,62.33711,0.0,0.0,0.0,0.0
-2.874722,-2.646973,-0.89789575,0.77309537,-0.79305106,-0.93749726,-1.7982981,-2.1067264,bg_rep01_3540,0,xgboost,13.064667,24.294605,26.704,70.18902,23.607323,211.75206,0.27009267,36.3657
-2.3192472,-2.3375094,-0.9581708,-3.1796873,-1.3003349,-0.8488368,-2.4148273,-1.9353406,bg_rep04_5328,0,xgboost,12.817,25.092012,26.812,98.64321,27.400951,286.12708,0.50227606,29.11915
-2.9139447,-4.9333205,-2.4116404,-1.8001761,-0.9904403,-0.13036576,-0.35284495,-0.5975075,bg_rep02_9345,0,xgboost,6.538333,23.8695,28.668,61.055927,0.0,0.0,0.0,0.0
-5.3150206,-3.2373402,-1.5145159,-4.579304,-1.1581718,-0.81442136,-0.15576115,-0.51684004,bg_rep03_6230,0,xgboost,15.054333,32.84964,30.128,88.31288,0.0,0.0,0.0,0.0
1.0471765,-1.643462,2.0029614,0.6869553,0.025389938,-0.046092946,0.11707276,1.3017117,presence_82,1,xgboost,10.755,30.37449,29.42,81.055786,29.037363,39.93674,-0.07508942,25.337408
-0.5873712,-2.9839706,-0.95623374,-3.6752148,-1.5883365,-1.067199,-1.626531,-2.510206,bg_rep01_4358,0,xgboost,9.771667,23.936083,27.48,103.675224,19.179585,89.51775,-0.017651374,47.145008
-1.3501586,-3.6610708,-2.8051174,-4.402284,-0.81400406,-1.456115,-0.36693788,-0.29372618,bg_rep01_7881,0,xgboost,12.295333,32.30174,22.456,92.810684,0.0,0.0,0.0,0.0
-3.3020651,-4.083992,-0.74203,-3.2706642,-1.0464674,-1.3266808,-2.6517246,-1.9279968,bg_rep02_9034,0,xgboost,12.564667,23.594732,23.268,93.699844,21.078909,795.72485,-0.15954837,42.196873
0.56598645,-3.2807508,-3.213044,0.046947364,-1.1384192,-1.8217574,-0.9696889,-0.21162628,bg_rep02_5292,0,xgboost,10.421333,29.11963,29.536,80.180336,27.999825,121.49449,0.3310816,27.768188
-2.1095524,-2.294723,-1.7669693,2.6242995,-1.759224,-0.8375799,-1.9578645,-2.2706158,bg_rep05_8375,0,xgboost,12.269,26.128716,23.42,67.4862,24.797579,265.38156,-0.17876987,39.712814
-2.3944924,-2.7370884,-3.1680667,-2.1892905,-1.781713,-1.9617883,-0.7483568,-1.3386732,bg_rep02_9398,0,xgboost,9.056666,27.801653,31.4,62.702667,28.512348,115.972946,0.35611266,31.597202
-4.6916833,-1.9671806,-1.5281568,-0.44195297,-1.1989998,-2.027283,-1.1137276,-2.910872,bg_rep03_4671,0,xgboost,14.679,25.794266,26.119999,69.80042,20.076626,426.45392,0.35314125,37.756847
-3.9544547,-4.011036,-1.0802683,-3.341328,-1.0832129,-1.0989199,-1.4361539,-2.371698,bg_rep05_5668,0,xgboost,13.6883335,24.237434,25.228,95.40666,21.131056,546.5575,-0.49655062,44.147842
-3.298171,-4.1859813,-2.373892,-2.9549515,-2.6595771,-1.5052966,-1.8256314,-1.0257463,bg_rep01_2536,0,xgboost,7.9773335,25.1937,32.068,50.16729,34.044945,26.905924,0.36368468,21.329062
-0.9321269,-2.9949484,-2.0754473,-4.182498,-2.0527027,-1.1293393,-2.4523792,-0.99101275,bg_rep02_8856,0,xgboost,11.407333,23.069351,26.484,109.79334,25.329605,236.66641,0.19157746,29.889444
-1.1428909,7.1851463,-1.0241966,1.7954159,0.63671595,1.0131831,0.3811897,1.6763037,presence_171,1,xgboost,7.961,39.948814,22.176,24.305222,0.0,0.0,0.0,0.0
-4.1998043,-3.964644,-1.679341,-2.9737415,-0.9926426,-2.0902984,-1.5214211,-0.97244036,bg_rep04_5982,0,xgboost,14.821,30.792404,31.116,88.84959,20.063921,1170.458,0.26338112,41.574444
-3.4263053,-4.79097,-2.7194207,-2.345468,-0.6940354,-0.1860677,-0.08804121,-0.36039054,bg_rep02_5885,0,xgboost,7.8103333,24.902224,32.52,47.56665,0.0,0.0,0.0,0.0
-0.18406546,-3.8344483,-1.2144105,-4.0216913,-1.0542984,-1.5374814,-1.8617998,-2.3375428,bg_rep03_3088,0,xgboost,10.706667,24.05128,27.696,104.12708,17.877398,199.64864,0.21883835,48.201138
-0.84792584,-4.293843,-1.0698844,-2.8710666,-1.07379,-2.8635087,-2.0198164,-0.23379716,bg_rep01_2995,0,xgboost,12.162666,31.340618,26.348,86.56126,21.071302,1625.3466,-0.05416039,28.801233
-3.533923,-2.828969,-3.7377386,-0.94163704,-2.1478713,-0.5179476,-2.0214226,-2.6730075,bg_rep01_4609,0,xgboost,8.065666,26.73229,31.128,66.15438,25.960192,693.4483,0.27022675,29.423754
-1.0706527,-4.620916,-2.308477,-2.670073,-1.842944,-1.2134974,-1.7041582,-2.1890035,bg_rep05_6506,0,xgboost,10.901999,21.751797,26.244,91.8124,27.667685,259.7735,0.41765255,30.215769
-3.6359773,-5.165427,-3.1089015,-2.9917643,-0.8522799,-0.31339574,-0.14387245,-0.23013963,bg_rep05_5487,0,xgboost,7.348,25.247389,31.372,60.49025,0.0,0.0,0.0,0.0
-2.1982694,-2.227314,-0.83884615,-1.047225,-2.1134229,-2.8382556,-1.6287446,-2.5721478,bg_rep02_2239,0,xgboost,8.198667,27.856302,24.984,65.84793,27.105167,1552.9172,0.27769765,25.728878
-1.7695248,-3.8605032,-1.1584861,-2.8712497,-0.97428817,-1.701904,-2.46186,-2.3639219,bg_rep05_5325,0,xgboost,11.526999,21.867886,24.64,92.94173,20.985102,390.2776,-0.16872704,38.323223
-0.059249014,-3.5426214,-2.1733148,-2.2261894,-1.0181644,-1.8379637,-1.0239029,-2.8449857,bg_rep05_666,0,xgboost,5.8006945,19.123169,26.325,92.93195,20.755892,106.65882,0.28669053,45.73743
-3.7757037,-3.2451932,-3.6546867,-0.60919064,-0.8818175,-2.563134,-2.278966,-2.2890205,bg_rep05_5819,0,xgboost,7.9396667,26.419762,29.855999,64.66593,23.214848,441.95663,-0.32230344,35.534073
-2.1342938,-2.7476594,-2.6817818,-1.7138091,-1.6537337,-1.5092397,-3.2690604,-2.3328385,bg_rep04_9820,0,xgboost,8.481334,27.590546,29.264,43.9084,16.550331,15.641068,-0.25166768,49.643757
-3.2861555,-3.1046834,-0.38384375,-3.1660864,-1.1942265,-0.88863313,-0.20178176,-0.895291,bg_rep01_6149,0,xgboost,12.999333,28.751953,28.588,94.93398,0.0,0.0,0.0,0.0
-0.2496795,-3.5786653,-1.060961,-0.9094207,-1.2839813,-2.9577518,-1.3585801,-2.8299167,bg_rep03_69,0,xgboost,10.091666,21.719324,24.732,75.68379,26.1106,27.492956,0.27985236,30.467154
-1.4030006,-4.8758693,-1.769362,-2.5893376,-1.7032975,-2.2758563,-0.5761117,-2.1996593,bg_rep02_3314,0,xgboost,11.317333,22.185629,26.96,98.328964,26.849905,135.35292,0.60608554,29.275644
-3.7269447,-3.758373,-1.3977422,-2.8896775,-0.98538786,-1.534606,-1.8301607,-1.5037625,bg_rep05_4523,0,xgboost,13.524667,30.299908,27.928,98.796585,16.247656,1594.5995,0.1959819,45.479237
-1.3204631,-4.3174806,-1.4765975,-2.8514147,-1.1889279,-2.1377661,-1.9277934,-3.1638389,bg_rep03_2938,0,xgboost,8.226,22.603868,21.539999,34.612423,19.069956,517.13763,0.22002512,47.50498
-3.0478716,-4.8522267,-2.344496,-2.7581043,-0.9644213,-0.1495744,-0.32211807,-0.7594317,bg_rep03_3651,0,xgboost,6.8423333,24.40901,28.723999,60.650684,0.0,0.0,0.0,0.0
-1.8118066,-5.0000997,-1.9653038,-4.800948,-0.95197767,-1.2623435,-1.6441528,-0.37087235,bg_rep01_4229,0,xgboost,12.133,22.930527,26.284,103.09088,26.119059,218.3151,-0.15824129,27.872719
-3.782263,-3.6033335,-3.672717,0.42425606,-1.5556755,-2.3246312,-1.682135,-0.68205816,bg_rep04_4750,0,xgboost,6.9319997,24.329636,32.36,67.884285,27.088997,369.4972,-0.07370295,31.872913
-3.3571908,-1.2861987,-3.1255505,-5.0669928,-0.27796367,-1.252121,-0.40432158,-0.33507085,bg_rep04_5287,0,xgboost,14.0720005,35.683132,16.74,99.14631,0.0,0.0,0.0,0.0
-0.9485265,8.1595125,0.5916589,-2.8401,0.39105508,0.53011745,0.11487287,0.83060116,presence_146,1,xgboost,9.674999,54.772415,34.648,109.72329,0.0,0.0,0.0,0.0
-0.7309825,-1.7342137,-1.1631322,0.8697944,-1.1143034,-0.12655757,-2.183477,-0.85271865,bg_rep02_6353,0,xgboost,9.953333,27.815039,25.532,70.78092,26.353565,643.80646,-0.20968089,39.53284
-2.1464922,-3.044685,-1.9781402,-3.0918374,-0.75542724,-1.8458058,-1.8976649,-2.4690158,bg_rep02_6753,0,xgboost,12.731,25.574528,29.48,118.291275,19.729439,151.24324,0.13135949,48.655014
-0.28174773,-4.3959675,-1.8393612,0.8632464,-0.8280067,-0.7429326,-1.1735436,-2.1971042,bg_rep04_6916,0,xgboost,9.168,19.782495,20.696,67.9504,21.930202,696.5577,0.4721358,43.03379
-2.970056,-2.5721998,-0.26708806,-4.5135384,-0.50682384,-1.4975371,-2.4784324,-2.0477061,bg_rep04_4710,0,xgboost,12.909333,25.987062,28.256,127.166916,28.19265,215.82623,-0.63966143,41.49013
-2.643529,-2.4510646,-0.24731657,-3.942527,-0.94009894,-1.8160061,-0.57164973,-1.8362064,bg_rep02_4094,0,xgboost,13.074333,27.44633,28.512,125.5905,16.821615,377.6802,0.29724202,45.10611
-3.6249142,-3.443489,-2.7825327,-1.9690533,-0.7028679,-0.39388326,-0.13407174,0.068701304,bg_rep01_3697,0,xgboost,7.252,25.848303,29.024,61.159527,0.0,0.0,0.0,0.0
-3.1207721,-4.455527,-1.3362964,-4.659591,-1.3107523,-0.67036027,-0.6192243,-2.0631044,bg_rep02_6472,0,xgboost,12.984,24.080118,27.328,103.95955,27.43683,241.5397,-0.47209418,25.877653
-1.0837216,-5.1979866,-1.915012,-2.8246887,-1.1573,-1.5410347,-1.7310185,-1.7790102,bg_rep02_5973,0,xgboost,10.863333,20.855732,26.872,90.947,30.603468,62.20482,0.32836732,26.742882
-2.7270765,-2.224749,-0.38387936,-1.2982177,-0.87944716,-3.3021524,-1.4209026,-1.5971777,bg_rep02_1714,0,xgboost,7.807667,23.248175,24.864,27.965044,26.290094,881.813,-0.3456164,37.72841
-0.7151378,-3.9055822,-1.731376,-4.973843,-2.0664132,-1.0372399,-1.4926933,-1.914885,bg_rep01_3579,0,xgboost,12.375,23.820065,26.028,104.23222,25.822552,248.3125,0.69823354,20.912893
-1.0074985,-3.4449096,-1.7923093,-4.7853727,-1.1640826,-1.5924233,-0.33572233,0.011921102,bg_rep03_6030,0,xgboost,12.4956665,31.831226,25.524,90.647896,0.0,0.0,0.0,0.0
-0.7936024,-2.2025318,-1.0991082,-3.9634306,-1.326368,-1.0191864,-1.7256249,-2.6690133,bg_rep01_6870,0,xgboost,12.297,25.901508,28.672,110.67012,15.166288,238.63037,-0.013693558,62.603878
-3.50997,-4.7167726,-3.5967317,-2.5339794,-0.7968838,-0.41184586,-0.24772865,-0.64539546,bg_rep02_9506,0,xgboost,7.3353333,24.526325,30.324,49.887535,0.0,0.0,0.0,0.0
-3.7853072,-3.015671,-2.451041,-1.9538167,-1.4488693,-2.1672528,-2.5044928,-1.9947193,bg_rep01_8736,0,xgboost,7.7739997,26.220991,29.296,61.28696,22.345747,605.7329,0.028991004,34.192776
0.4568551,-4.388556,-2.3128889,-0.10885149,0.18249607,-1.1776545,-0.8568169,-1.5610183,bg_rep03_6525,0,xgboost,10.262,20.907017,25.992,81.05742,30.60472,172.0475,-0.35082275,27.018215
0.77910143,-1.8416985,-0.9687021,-1.885233,-1.4408941,-1.6068275,-2.1777859,0.022809636,bg_rep03_3335,0,xgboost,10.413,27.606045,25.816,84.92169,26.397434,169.84676,0.24962887,31.026222
-5.293294,-3.2102158,-1.440643,-4.566392,-1.1708535,-0.8080658,-0.1695612,-0.46534473,bg_rep05_600,0,xgboost,14.907001,33.15319,30.092001,91.30711,0.0,0.0,0.0,0.0
-4.9672375,-3.3946805,0.11761234,-4.435403,-1.0234541,-0.65440154,-0.13246074,-0.27052945,bg_rep02_4497,0,xgboost,14.613667,30.807121,31.7,91.01819,0.0,0.0,0.0,0.0
-2.9118059,-2.634038,-0.56162035,-3.7058685,-1.4060253,-1.3325776,-3.7377133,-2.1102707,bg_rep03_8534,0,xgboost,12.9036665,27.14961,28.596,128.47308,18.022717,256.85477,-0.20725632,49.30988
-1.7012764,-5.095591,-1.7655405,-2.8836546,-0.9745738,-0.9603392,-1.2657319,-1.4573014,bg_rep04_1133,0,xgboost,11.524334,22.026632,26.808,97.369934,28.23589,75.36958,0.001830986,35.39249
-2.5657628,-2.5090706,-1.3076998,-3.3604205,-1.8081896,-0.4409823,-1.8174928,-0.4573855,bg_rep04_8285,0,xgboost,12.875,27.007467,26.92,100.11419,22.061707,537.7574,0.22812171,28.644054
-2.7957146,-3.5101886,-3.6632707,0.3969064,-0.9365139,-2.3677337,-2.9746397,-1.8895082,bg_rep05_297,0,xgboost,8.351,26.834833,31.812,66.96242,26.128635,127.83475,-0.25922292,33.95755
-3.0140276,-4.561874,-1.6835179,-2.757869,-1.1785035,-0.5219214,-0.1625043,-0.7468218,bg_rep04_6700,0,xgboost,6.977667,24.831554,27.616001,59.701366,0.0,0.0,0.0,0.0
-3.1485503,-2.4560828,-1.5624151,-2.4220634,-1.8054552,-2.3821852,-1.6262853,-2.006496,bg_rep01_3763,0,xgboost,8.534667,27.470924,29.348,48.2378,28.791307,335.58078,0.37668726,39.331676
-1.4859867,-4.9636436,-1.6994174,-2.6042104,-3.0803921,-1.7751793,-1.236605,0.046250172,bg_rep03_2267,0,xgboost,11.295333,21.046682,26.94,91.32643,32.667828,54.024437,0.33162102,28.57658
-0.45264035,-3.1980684,-1.1809082,-0.91872627,-0.51649785,-1.8884394,-2.358475,-1.3537017,bg_rep03_7773,0,xgboost,7.04,17.986713,22.94,77.24213,16.283607,8.02891,0.5419032,20.082436
-2.05482,-3.9764085,-0.5342377,-1.6381657,-0.7149589,-1.9117622,-0.24680789,-2.2788239,bg_rep01_1915,0,xgboost,12.658,29.605202,28.264,99.82767,18.03224,1134.6799,0.3871798,39.13804
-0.628319,-4.6737137,-1.9719306,-1.8117657,-2.2067256,-2.4945524,-1.9106258,-1.6754053,bg_rep05_4482,0,xgboost,9.914,29.890257,19.276,84.132126,22.975521,2522.1257,0.040272698,30.268028
-1.3535221,-2.325628,-1.7081612,-5.0245667,-2.3414152,-1.5289443,-1.4283913,-2.1617773,bg_rep03_6024,0,xgboost,13.325,27.80212,27.82,128.88768,25.042635,324.4934,-0.35030553,44.60621
-4.4376388,-2.819427,-1.5560573,-0.1554225,-1.6280054,-2.5032256,-1.8152742,-2.0501215,bg_rep02_617,0,xgboost,13.433,25.351023,22.768,69.49781,21.253426,853.6479,-0.033016425,41.932617
-1.299129,-3.4151669,-1.6997712,-4.203511,-1.5049211,-1.627214,-2.031561,-1.4198773,bg_rep05_4776,0,xgboost,12.021,23.908115,28.824,119.85775,21.896576,135.7878,0.1633785,57.12482
-0.93053216,-5.8853,-1.67225,-2.3351302,-2.7485163,-1.5781348,-1.8989319,-1.7129552,bg_rep03_54,0,xgboost,10.691333,20.179943,26.704,88.88042,29.284111,56.433388,0.17728105,28.74644
-1.5764506,-4.6963873,-1.032431,-4.602682,-1.4201916,-1.6189727,-1.0694971,-0.86442876,bg_rep03_3798,0,xgboost,12.045,22.610376,27.264,109.86896,31.991812,147.17131,-0.29690987,20.563126
-2.6408815,-2.837181,-1.8208649,-3.6828153,-1.3839155,-1.3510551,-3.8098946,-1.8620474,bg_rep01_7971,0,xgboost,12.776667,25.943523,29.212,123.37122,21.20778,173.10313,-0.28766435,56.193947
-1.2905595,-2.5443754,-1.4102981,-3.092813,-0.56263644,-2.39682,-1.9925234,-0.8906723,bg_rep01_2772,0,xgboost,9.456333,27.276834,25.284,40.939598,27.630564,1120.6135,-0.6096793,39.300926
0.03616166,-1.1725075,-1.2987498,-2.1744745,-2.590724,-0.16664006,-2.081766,-1.4319915,bg_rep04_7888,0,xgboost,8.098611,23.221823,27.891666,98.17952,24.143589,10.973951,-0.06956047,35.770332
-3.287444,-2.816501,-1.1755402,-0.22631255,-1.7073206,-2.6523328,-2.8002212,-1.25279,bg_rep05_6739,0,xgboost,14.482333,25.230545,27.568,72.764565,25.369078,128.3051,-0.512341,31.734074
-1.309938,-3.5327675,-0.13920292,1.0686154,-1.1559228,-1.0422003,-1.8491669,-0.8609488,bg_rep04_2725,0,xgboost,11.6779995,21.81662,24.884,71.068825,25.769642,187.37074,-0.8370038,34.77926
-1.5145975,-4.6111536,-1.5475651,-2.1149879,-1.6822493,-1.3818473,-1.1643841,-1.7906146,bg_rep04_4351,0,xgboost,11.215334,21.059286,26.904,94.00025,28.300917,56.111893,0.45371765,28.707985
-1.428181,-4.6262083,-2.0325148,-2.7746937,-1.0121368,-0.96716017,-0.7719767,-1.3859104,bg_rep05_8521,0,xgboost,6.325,22.038326,28.1,36.534134,4.460728,7.9260764,0.85510147,5.706305
-2.2577136,-5.441196,-1.6551207,-2.4761882,-2.084233,-1.9309899,-2.5145206,-1.1107166,bg_rep02_299,0,xgboost,12.028333,21.757349,26.544,88.68001,29.272545,56.29133,-0.6411269,28.018436
-5.085989,-2.003144,-1.3785328,-0.2782511,-2.0827615,-1.8125463,-1.6956302,-2.681606,bg_rep03_6086,0,xgboost,14.6553335,25.9038,25.488,70.522156,19.414486,500.5931,0.27044258,40.639317
-3.7663693,-2.5059705,-2.3890173,-2.0906808,-1.1478964,-2.227916,-2.2095757,-2.0297625,bg_rep02_9102,0,xgboost,7.932333,26.762257,28.728,64.43831,27.531427,1125.9291,0.07619309,29.016083
-0.5824866,-2.7418792,-1.586887,-2.1973698,-0.43295628,-1.3617158,-1.8347939,-1.0105397,bg_rep03_3036,0,xgboost,11.857,25.184792,25.68,101.76193,18.745522,507.0905,0.23291574,32.11735
-0.81270623,-1.4824181,-1.3832873,-2.8061154,-0.6264023,-0.9539627,-0.61999744,-2.6817672,bg_rep04_3973,0,xgboost,12.501333,25.492115,26.728,102.24558,20.950865,486.27435,0.3942291,36.420628
-1.5636276,-2.8599157,-1.0097171,-2.8966007,-1.4608891,-0.44624937,-1.0548022,-2.8905516,bg_rep01_3068,0,xgboost,12.057,25.28309,24.572,92.8114,19.766953,641.7204,0.37823147,37.693127
-0.1774397,-2.6878347,-1.965918,0.10725922,0.25393504,-1.4734757,-2.1661088,-1.6588317,bg_rep01_8136,0,xgboost,10.525,28.159782,28.936,85.31915,28.1746,82.25064,-0.68035334,37.76257
-0.56706965,-1.7169385,-1.6399045,-4.070823,-1.538573,-2.009363,-2.0923579,-2.7408085,bg_rep03_1506,0,xgboost,11.089334,25.789148,27.328,103.076065,16.999197,146.49,-0.356595,46.16616
-2.304557,-2.7318406,-0.7591396,-2.135559,-0.87724113,-2.3098283,-0.34096724,-1.4988174,bg_rep04_1172,0,xgboost,8.437667,27.123785,28.3,44.031372,20.865887,106.49276,0.35304123,42.46258
-1.8956603,-3.935853,-1.845274,-4.3323183,-2.344198,-1.9747561,-0.98099613,-0.57682496,bg_rep02_4811,0,xgboost,12.008333,22.948198,25.5,108.10021,25.367262,406.3641,0.3562722,31.128052
-2.9402444,-2.7255743,-1.2003208,-1.1214077,-1.6445805,-1.3741442,-1.380594,-2.5339587,bg_rep05_1362,0,xgboost,13.523,25.25209,27.16,63.41493,27.114222,195.0617,-0.055524547,30.296227
-3.4982107,-4.4682293,-2.8986552,-2.857751,-0.6775052,-0.31492108,-0.009561739,0.026063778,bg_rep01_6888,0,xgboost,7.7916665,25.616999,31.24,54.928043,0.0,0.0,0.0,0.0
-3.9413528,-3.3337054,-1.1428928,-2.8445673,-1.3204334,-1.9213301,-1.5441917,-0.16095588,bg_rep01_2265,0,xgboost,6.7813334,24.354738,28.232,51.396347,30.737558,356.0872,0.09315933,32.619926
-1.076984,-2.7787168,-0.9967585,-5.47408,-2.5132887,-0.6148756,-2.0122883,-1.4548138,bg_rep03_8627,0,xgboost,11.684999,27.504473,24.984,105.66727,24.4923,642.34753,0.15804945,31.559444
-0.22264394,-3.3734264,-1.0919584,-0.5467289,-2.1898167,-0.40704325,-1.6523603,-0.6688056,bg_rep05_5573,0,xgboost,10.5720005,27.253042,23.384,82.76386,23.7331,628.25757,-0.36038116,32.588455
-0.26787627,-2.8690195,-0.26886067,-4.88407,-2.4156773,-1.7924806,-0.51324916,-1.4516543,bg_rep05_6340,0,xgboost,10.631666,26.734224,27.536,103.76197,25.208117,144.98949,0.32449242,34.503128
-3.9030116,-3.4004037,-2.0173457,-0.15055883,-0.9067009,-2.5995703,-1.7662363,-2.220423,bg_rep05_8818,0,xgboost,13.504667,25.238594,20.78,69.09019,21.118763,1311.8378,0.12977098,40.661804
-1.1535587,-5.0315557,-1.7386514,-2.6869535,-2.7916625,-1.5652393,-1.283229,-0.3506954,bg_rep03_836,0,xgboost,11.251,20.88469,27.088001,90.85999,31.512684,49.460377,0.38897267,27.65173
-1.2757986,-3.50423,-1.844702,-0.5081683,-1.4634678,-2.1264057,-2.4221318,-2.420009,bg_rep05_4651,0,xgboost,12.181667,25.654257,20.508,68.84282,19.717953,1006.2483,-0.38462192,40.926933
-3.38136,-3.3532023,-1.4119617,-2.5369613,-1.332303,-1.171774,-2.191266,-2.2259257,bg_rep02_2350,0,xgboost,12.885333,23.613352,26.712,92.458496,29.93492,80.42655,-0.73362654,29.103563
-4.571339,-2.2125742,-1.4780028,0.18692964,-1.6743197,-0.28782156,-1.6896964,-2.1343768,bg_rep02_614,0,xgboost,13.500334,26.030258,23.128,69.82515,20.376028,703.1336,-0.04011941,38.987606
-2.8822973,-4.7697716,-3.2323825,-0.084363855,-1.304412,-0.68174845,-2.2816808,-0.7496987,bg_rep01_3790,0,xgboost,7.1257577,24.125372,28.836365,24.402239,13.751752,40.15809,-0.16490918,19.512291
-0.87272966,-4.000391,-1.5797538,-3.620632,-1.8477887,-1.4469279,-0.8935671,-1.6853247,bg_rep01_7685,0,xgboost,11.524333,22.626902,25.676,101.41595,26.53192,212.92891,-0.39422488,30.497053
-1.2868274,8.752668,-0.81359893,-1.2464446,0.29175112,0.70058197,0.5347383,1.3517492,presence_6,1,xgboost,9.179667,72.66995,33.8,58.06862,0.0,0.0,0.0,0.0
-3.0604606,-3.046567,-1.2024703,-2.6025145,-1.5480186,-1.8648074,-1.9260516,-1.9809916,bg_rep04_685,0,xgboost,8.058666,26.277119,25.892,50.268936,25.626133,492.09592,-0.19752526,39.086613
-2.970308,-2.3828635,-0.75309956,-3.5003827,-2.5474813,-0.5123827,-1.7499504,-1.2908946,bg_rep01_2500,0,xgboost,12.966333,25.700335,25.908,97.94597,24.591703,712.0986,-0.21492566,22.015253
-1.1994311,-2.836478,-1.5549334,-2.1881168,-1.1206126,-1.920895,-1.2494553,-1.3296828,bg_rep05_804,0,xgboost,9.757,27.435047,26.56,95.918564,26.72104,21.579895,-0.1381728,31.298672
-1.2370694,-2.4256132,-0.5514446,-3.5512605,-1.4120766,-1.6818887,-3.1530051,-1.9796257,bg_rep05_5773,0,xgboost,12.146334,25.856466,28.532,108.697075,16.281744,159.43842,-0.7822318,63.847366
-2.162015,-3.7484868,-2.9196897,-2.0015416,-2.3523514,-1.4059387,-1.405806,-2.3509705,bg_rep01_2154,0,xgboost,9.357,29.0843,30.192,51.18749,25.264587,75.70498,0.5156879,37.825993
-1.6840268,-5.327098,-1.9468417,-0.030530222,-2.6600404,-2.0995288,-0.38864422,-1.4469825,bg_rep03_8939,0,xgboost,11.27,19.972355,26.608,80.17885,28.90528,22.568369,0.5925483,32.004314
-4.6037464,-3.3943434,-1.4385915,-4.082967,-0.8317638,-0.82485396,-0.23265742,-0.50440055,bg_rep03_3360,0,xgboost,13.735667,30.103592,29.228,97.5655,0.0,0.0,0.0,0.0
-0.19250472,-2.6406329,-1.7611557,-4.0433354,-0.86940134,-1.7437434,-0.37727234,-2.493377,bg_rep01_9474,0,xgboost,10.864,25.324009,27.1,103.4608,17.557047,144.8386,0.44815886,44.41031
-1.039616,7.631991,-1.2346419,0.5698196,0.29653275,0.3738131,0.54073244,1.4569803,presence_45,1,xgboost,12.0963335,58.18902,27.096,34.463905,0.0,0.0,0.0,0.0
-2.3790398,-2.704314,-1.5219826,-3.9019144,-2.5093634,-1.7092083,-0.052565366,-1.7338278,bg_rep01_2169,0,xgboost,12.591667,24.975536,28.124,124.61407,24.088886,192.94635,0.6557757,43.164845
-1.1850952,-4.8174863,-1.5959953,-1.1722847,-1.7266674,-1.6671339,-1.0918853,-0.766432,bg_rep04_635,0,xgboost,11.697333,21.56747,26.648,77.02955,26.68492,71.755646,0.35375953,30.689821
0.25496042,-3.15325,-0.1044254,-4.263123,-1.7704325,-0.3106602,-0.7174702,-1.0653211,bg_rep04_1432,0,xgboost,10.475333,23.90537,28.256,104.75137,29.060287,56.48794,0.40000907,34.155266
-2.73218,-3.4769487,-2.3044295,-0.44709828,-1.8620623,-2.8751662,-2.9365065,-2.1755562,bg_rep01_1099,0,xgboost,13.390333,25.720963,22.14,65.56355,19.825457,869.9009,-0.104594104,41.61105
-2.6790693,-3.060423,-0.30000526,-1.3493445,-1.9021027,-2.6329324,-1.8143145,-2.9231143,bg_rep04_754,0,xgboost,7.4506664,23.36511,24.488,26.623653,11.796916,478.74506,-0.52814126,51.164825
-0.71653175,7.6687737,-1.4923179,0.6298229,0.48925358,0.65279335,0.2893399,1.472732,presence_195,1,xgboost,9.500333,40.17394,22.176,30.25995,0.0,0.0,0.0,0.0
-1.7233295,-2.6813984,-0.3618082,-2.7651386,-1.0277529,-1.8170205,-1.9409169,-3.1093712,bg_rep04_5514,0,xgboost,6.2413335,20.96377,24.396,28.706728,19.581831,137.49582,-0.5461538,43.258343
-2.2192173,-3.6358356,-1.0680947,-5.125865,-1.6103822,-1.6219515,-1.3137367,-0.6400119,bg_rep02_926,0,xgboost,12.572666,23.704123,26.684,104.1271,28.27038,207.61487,0.39175192,30.949303
-3.1230013,7.9993515,0.74835074,-1.2759873,-0.09121028,0.05261913,0.37382087,1.3144695,presence_21,1,xgboost,13.729333,51.754124,34.468,82.22621,0.0,0.0,0.0,0.0
-3.8735435,-2.83121,-1.2528182,-2.7100875,-0.14233832,-0.8380574,-1.763314,-1.2097069,bg_rep04_9374,0,xgboost,7.9,26.848831,28.724,38.599495,28.511692,18.59587,-0.16726623,36.273556
-1.1352332,-4.2562304,-1.6462985,-0.15781663,-1.6948161,-1.310031,-1.7924904,-2.365561,bg_rep05_8389,0,xgboost,12.177333,23.822939,22.168,69.3573,18.651524,786.7008,-0.015994607,42.927284
-1.2380192,-1.0224739,-1.2945697,-2.5828562,-1.361066,-0.8355398,-1.4250076,-0.4578421,bg_rep01_358,0,xgboost,12.664,25.82171,24.924,94.71756,26.202753,579.5734,0.43365216,27.752615
-0.8761049,-2.722793,-1.3434129,-4.0475674,-1.1210608,-1.1852076,-2.2271702,-2.881425,bg_rep01_6498,0,xgboost,11.041,25.598164,26.68,104.4743,18.42292,270.6542,0.2064732,41.14452
0.19582033,-4.074453,-1.9462253,-2.307048,-1.055301,-1.6833847,-0.5831584,-1.6934632,bg_rep01_6230,0,xgboost,10.866667,23.880686,18.56,63.057373,19.304188,1049.3932,0.35333702,42.33033
-1.7029661,-4.891419,-1.6985031,-0.8637749,-1.752176,-1.95943,-1.5571269,-0.9488205,bg_rep03_3458,0,xgboost,12.32,22.37559,26.724,77.07964,25.180529,58.775696,0.090315275,32.100574
-3.4558356,-4.7908163,-2.7183921,-2.5428283,-0.76174897,-0.2539185,-0.0888801,-0.37119687,bg_rep05_3953,0,xgboost,7.7756667,24.950798,32.424,50.567177,0.0,0.0,0.0,0.0
-1.430936,-4.8160005,-1.7024777,-4.6653647,-2.501076,-2.020778,-2.1412597,-0.23319456,bg_rep02_4807,0,xgboost,11.876667,22.708733,25.648,108.539604,27.211786,353.47232,0.17392038,30.866663
-3.3130302,-4.383792,-2.9649618,-2.7961817,-0.93184733,-0.3849005,-0.27527106,-0.6808725,bg_rep02_1545,0,xgboost,6.972,24.73744,29.136,60.333637,0.0,0.0,0.0,0.0
-0.44234055,-3.1400943,-1.5827056,-4.1423388,-0.9717079,-1.2104094,0.62454116,-1.695156,bg_rep02_1487,0,xgboost,10.859333,24.849733,27.8,107.05835,23.183525,7.9930134,0.58712393,51.457817
-1.2524863,-3.6130314,-1.6603239,-4.004523,-1.7910873,-1.6419711,-2.5692222,-2.1743941,bg_rep02_3980,0,xgboost,11.229667,21.58555,27.859999,121.363235,21.850153,139.06314,-0.18547474,53.299427
-2.414768,-3.1067894,-2.1610894,-3.7787578,-1.0818646,-1.1528202,-2.985212,-2.8159158,bg_rep03_2190,0,xgboost,12.769,26.165985,29.94,120.45585,17.55382,232.774,-0.11796965,49.13658
-0.7084846,-1.9208548,-1.0626622,2.8492782,-1.8155746,-2.2798324,-2.8602858,-0.89161533,bg_rep04_3737,0,xgboost,14.097,26.538027,24.015999,67.56944,19.424892,508.15472,-0.27240512,40.44416
-3.4123785,-2.551124,-1.4610932,-3.8544412,-1.5926143,-0.59754884,-1.5325099,-1.7851208,bg_rep02_8862,0,xgboost,13.021667,27.890821,24.152,100.77297,20.574171,933.3568,-0.020517915,32.791252
-1.3953407,-3.942886,-0.91907454,-2.5198205,-1.8168943,-2.1741908,-2.419596,-2.4317646,bg_rep01_465,0,xgboost,11.048,22.818903,24.504,97.231766,19.09372,578.4842,-0.19004013,38.325787
-4.1205444,-3.3852503,-1.4288443,-4.6650157,-1.0910327,-0.91187483,-0.11031479,-0.4971377,bg_rep05_4007,0,xgboost,14.538334,31.829262,30.44,87.51569,0.0,0.0,0.0,0.0
-0.8394388,-2.6060843,-0.18830375,-4.3639417,-1.1876645,-1.6827437,-0.3870999,-1.9437187,bg_rep04_9958,0,xgboost,12.251333,24.485037,28.42,121.68932,22.860043,141.22069,0.36560076,52.939045
-1.0207314,-5.26209,-1.7037021,-0.5630183,-2.209272,-2.150492,-1.5573341,-1.8914285,bg_rep04_4333,0,xgboost,12.247,21.653112,25.88,74.99765,31.894478,46.080265,-0.19835147,30.132135
-3.1421435,-2.5451372,-1.5328795,-2.5549212,-0.9157441,-1.2202631,-1.205254,-2.1779218,bg_rep04_6978,0,xgboost,13.267667,23.206581,26.935999,90.64058,27.666126,85.61447,-0.4442793,29.271873
-1.3156586,-5.329626,-1.3952894,-4.9357696,-2.3753364,-1.4244553,-1.3998456,-1.7759501,bg_rep02_7696,0,xgboost,11.705,22.761745,26.6,109.195435,28.095373,290.7397,0.28782696,24.156017
-3.9333181,-3.6346803,-1.8138764,-3.0292344,-0.77381176,-1.6403347,-0.7526341,-1.1184996,bg_rep03_271,0,xgboost,13.952,31.397964,28.916,98.35066,15.63197,1426.792,0.28627333,55.284767
-3.4763746,-2.5951252,-1.3558207,-2.81152,-0.83899397,-2.4661272,-2.144403,-2.0815609,bg_rep01_8409,0,xgboost,7.9916663,26.998873,28.368,63.44743,26.8249,1060.2562,0.07131306,29.81699
-3.7348876,-3.4774168,-1.5861888,-3.038705,-0.98731905,-0.427165,-0.15022552,-0.37731275,bg_rep04_5177,0,xgboost,7.4113336,25.84147,28.504,60.656536,0.0,0.0,0.0,0.0
-1.0387553,-2.6440303,-2.0608833,-2.8429596,-1.0992923,-1.7670753,-0.34007236,-1.8164445,bg_rep01_6426,0,xgboost,9.694167,27.579422,26.34,96.44914,19.460678,14.753339,0.8828714,26.699476
-4.3663087,-2.3601804,-1.9455459,-2.684732,-1.4900944,-2.1681056,-2.036569,-1.8027302,bg_rep04_1332,0,xgboost,13.948667,25.48912,21.532,88.129036,21.09291,1129.7656,-0.37209785,42.55439
-3.746852,-3.273137,-1.6750991,-2.5675538,-1.0333589,-1.7678834,0.6478957,-0.8287841,bg_rep02_2582,0,xgboost,13.589666,32.09652,27.908,95.14602,11.478919,1506.2949,0.6574226,55.87169
-3.8467913,-2.1418598,-1.0769956,-0.14817663,-1.249891,-1.2467306,-3.4392886,-2.100627,bg_rep01_6643,0,xgboost,13.091333,25.79878,22.524,69.60917,20.007273,786.2443,-0.11042028,40.25673
-2.3686395,-3.6511548,-3.5273914,-1.9952513,-2.2475502,-1.5426685,-2.1945698,-0.4632572,bg_rep04_5952,0,xgboost,8.440666,26.496315,30.844,62.37101,25.1429,189.6687,0.042983484,32.396927
-0.44030583,-3.0344098,-1.394441,-5.8341002,-1.5944207,-1.466387,-2.1795418,-0.7149031,bg_rep01_9518,0,xgboost,10.626,26.85775,26.988,105.679695,25.574223,212.79408,-0.07918692,31.868662
-1.2206438,-3.5599809,-1.2650687,-3.865427,-0.68099546,-1.7638854,-2.3429644,-2.9881809,bg_rep04_5257,0,xgboost,12.305667,24.002626,25.876,99.190735,20.220743,360.742,0.18836068,35.646996
-1.1801007,-2.7108264,-1.2781706,-3.2981567,-1.2221695,-2.1460829,-1.748776,-2.1092334,bg_rep01_6278,0,xgboost,9.081,26.41976,23.096,44.51196,27.554026,1462.4823,-0.13927034,36.63935
-0.41657874,-2.5608048,-1.6189916,-3.8940842,-0.66159105,-1.949852,-2.0079525,-2.9801302,bg_rep05_271,0,xgboost,11.755,25.268702,26.976,103.24381,18.96724,348.22403,0.10580959,46.719276
-2.712668,-3.5002718,-2.094754,0.49132967,-1.5046725,-1.1079239,-1.4742733,-2.0059078,bg_rep04_5716,0,xgboost,13.224333,25.310698,21.892,67.13985,19.333105,975.20776,0.26187596,42.581436
-1.7420068,-1.6412331,-1.365379,-2.4952126,-0.78007835,-0.022876918,-2.8771193,-2.5757644,bg_rep02_8456,0,xgboost,12.149,24.67704,24.088,101.85683,20.8283,646.3489,-0.22421342,37.403538
-3.5744736,-3.2134783,-1.5248325,-2.6810539,-2.0076547,-1.5378883,-1.1720223,-1.4809669,bg_rep05_7913,0,xgboost,7.689,25.568636,29.376,56.891914,24.529093,561.63257,0.55593145,34.528038
-3.0755663,-2.9074585,-1.5405403,-1.9120594,-0.61798584,-0.8608769,-1.8740526,-0.2552162,bg_rep03_8979,0,xgboost,7.0,26.923077,29.4,45.728523,9.113042,3.612736,0.2521109,7.4331303
-2.333109,6.9198895,-1.6339208,2.3590825,0.19488266,0.28189087,0.489039,0.98515135,presence_209,1,xgboost,14.556334,49.966816,26.236,23.67968,0.0,0.0,0.0,0.0
-3.6532462,-1.2847106,-0.74317855,-3.97772,-1.0613124,-0.758081,-0.07431814,-0.5378517,bg_rep05_9763,0,xgboost,14.322333,33.46965,28.28,92.99314,0.0,0.0,0.0,0.0
-1.4385275,-5.923675,-2.3280544,-1.3397006,-2.6460252,-2.3048563,-0.93890107,-0.64598316,bg_rep04_7686,0,xgboost,11.039333,19.589958,26.204,83.75274,29.622694,46.509357,-0.47018605,30.719189
-2.3085337,-2.0339046,-0.56858045,0.91107416,-1.1858059,-2.4968903,-0.27721152,-1.0492276,bg_rep05_4609,0,xgboost,14.388667,25.291195,27.432,70.97557,25.927832,128.3207,0.33105743,31.62544
-0.45222238,-5.9426827,-1.5705712,-0.6535858,-1.6619804,-2.0815825,-1.9844391,-1.5785598,bg_rep02_7734,0,xgboost,10.812,20.050442,26.6,77.72619,28.442057,24.258675,0.076403774,31.558147
-0.7545564,-4.3166604,-2.210166,-2.161723,-1.2045146,-1.8929089,-0.54683256,-1.9542049,bg_rep03_7950,0,xgboost,11.362667,24.16766,19.652,63.99155,19.567345,893.33093,0.46043587,42.116814
-2.322445,-4.0015087,-1.9022111,0.53435755,-1.4093661,-2.2078168,-1.4848222,-1.8126665,bg_rep02_4474,0,xgboost,13.237333,25.181353,21.4,68.00428,18.987026,1096.424,0.15474825,42.939182
-1.0253196,-2.526117,-1.3690388,-2.3078897,-0.69404197,-1.9091544,-2.52799,-2.9722447,bg_rep02_4794,0,xgboost,12.038,25.260199,26.784,101.675705,19.038025,364.64017,0.030301925,44.420006
-1.7742295,-1.5039643,-0.91725564,-3.475808,-2.0487273,-2.5747905,-2.6762822,-1.4649816,bg_rep02_6335,0,xgboost,8.969,25.758186,24.64,39.61273,28.818417,1216.272,0.24780737,36.35455
-0.26254272,-4.23042,-1.8695145,0.28648373,-0.892511,-1.5189478,-2.103177,-0.33304277,bg_rep04_8175,0,xgboost,10.480667,29.713844,27.984,81.809326,28.803944,379.81924,-0.44124565,28.3262
-1.6996113,-2.346834,-1.4947187,-3.1318665,-1.9715921,-2.7533672,-2.4028788,-1.8613608,bg_rep04_4226,0,xgboost,9.040667,26.58394,25.728,40.157555,29.153692,1092.9288,-0.20793593,36.037464
-1.6059116,-1.5219831,-1.5057861,-3.1944773,-2.21388,-0.4452069,-0.9869457,-0.30745402,bg_rep05_9087,0,xgboost,12.181,25.805016,24.124,96.80082,25.160526,650.9993,-0.4156286,30.948488
-1.6431853,-3.5700588,-1.0495003,-2.6196241,-0.53580415,-1.2103165,-2.0400062,-2.743756,bg_rep04_1528,0,xgboost,6.5043335,19.624468,21.883999,31.851461,23.358488,137.49498,0.2644714,39.27652
-0.5185959,-2.544846,-2.409487,-0.8139289,-2.5023587,-1.7603415,-1.5381727,-2.188314,bg_rep05_4302,0,xgboost,10.733666,27.359468,21.16,85.75741,23.476421,1080.7018,0.2583332,39.208656
-1.0788563,-2.6271138,-1.8254986,-3.8674564,-1.077396,-1.5666792,-2.0865564,-2.656274,bg_rep02_6750,0,xgboost,11.341,25.53589,26.164,103.70162,17.073341,368.08075,-0.34138453,37.01087
-3.2259123,-2.107169,-1.185618,1.1775619,0.03163809,-1.0764004,-0.7492762,-1.8163136,bg_rep04_6188,0,xgboost,13.724334,25.224844,26.48,71.43621,21.154964,359.25952,0.2791314,34.52456
-0.85696465,-2.6778157,-1.2912949,-4.9767556,-1.7627901,-1.4560357,-2.3352594,-2.2805283,bg_rep04_3052,0,xgboost,11.449333,26.618929,27.14,103.731255,21.362226,230.98112,-0.15697293,36.87406
-3.328198,-2.5198374,-1.2765353,-3.9328141,-2.214121,-1.9657305,-1.3986871,0.11550198,bg_rep05_2039,0,xgboost,13.110333,26.545586,24.88,97.778946,22.011509,814.977,-0.032573055,28.448225
-0.98808813,-3.4215302,-1.1786708,-4.3110285,-1.3148525,-1.2422498,-0.1276561,-0.2813929,bg_rep02_6057,0,xgboost,12.464334,30.840097,27.696,91.275604,0.0,0.0,0.0,0.0
-3.6458395,-3.6775072,-0.8882665,-3.1719682,-1.6909271,-2.7079957,-2.1611187,-1.6541771,bg_rep03_761,0,xgboost,14.6206665,30.599972,32.356,100.60706,21.682014,1116.4607,0.06511555,39.575077
-3.0627427,-1.9589382,-0.9768887,-5.1080284,-0.8777826,-1.6530213,-2.2728994,-2.140911,bg_rep03_3424,0,xgboost,13.546333,27.905268,27.308,129.39417,28.535746,329.19156,-0.54415375,44.11097
-1.7219175,-3.467196,-0.53490627,-1.7814889,-2.2309945,-1.5221996,-0.59831613,-2.387706,bg_rep04_3663,0,xgboost,9.825999,29.088217,27.468,58.4344,25.202394,167.43837,-0.0154666295,37.627415
-3.162167,-4.6438475,-3.501647,-2.065063,-0.7281452,-0.3777049,-0.26891762,-0.65604484,bg_rep05_8674,0,xgboost,6.945,24.697723,29.464,60.93068,0.0,0.0,0.0,0.0
-2.9863896,-4.759764,-0.49911168,-5.156991,-1.5923263,-0.73308635,-0.6781409,-1.7950346,bg_rep05_2692,0,xgboost,12.957334,24.121925,27.407999,104.100845,26.948414,231.87267,-0.028822301,26.529432
-1.7375104,-2.1532898,-1.1591101,-2.40795,-2.0447927,-1.2689204,-2.1005769,-1.4189,bg_rep05_2736,0,xgboost,8.373667,23.51361,24.896,32.269188,34.335842,42.92939,-0.26248604,25.725374
0.30351326,-3.484302,0.51509863,-4.1275697,-0.83628047,-1.1316253,-0.42547926,-1.574031,bg_rep04_2688,0,xgboost,10.779667,24.210913,28.296,103.759285,27.749685,22.569576,0.5688442,37.255985
-1.7601231,-3.6668205,-1.2897983,-3.6825073,-1.9225322,-1.7475895,-1.4056939,-0.55801123,bg_rep03_5353,0,xgboost,11.955,24.019527,26.704,97.17832,28.399775,332.1709,0.408142,32.610607
-1.5390017,-3.202283,-1.7905147,-3.8020165,-1.4510545,-1.9861063,-2.978628,-2.0775294,bg_rep05_9534,0,xgboost,12.471667,25.148546,29.192001,117.360275,20.370396,139.97215,-0.11725225,40.255047
-0.69402444,-1.9162316,-1.8044914,-3.7865858,-0.6616968,-1.9169465,-1.3612738,-2.326869,bg_rep01_2997,0,xgboost,11.519667,24.741552,27.056,104.12281,19.589237,315.4548,0.54524755,38.896362
-3.3046994,-3.3090045,-2.2275007,-2.9650557,-2.4149344,-1.2565874,-2.2313209,-1.7994461,bg_rep03_4184,0,xgboost,7.745333,24.808882,31.7,50.49841,29.84797,37.20199,0.49354714,26.97097
-0.76622725,-3.5988486,-1.9611056,-5.5511184,-2.2993207,-1.5128065,-1.6961505,0.07047423,bg_rep03_2827,0,xgboost,10.890333,28.169512,25.444,103.160355,23.716274,371.6759,-0.55926365,33.566086
-1.1605289,-4.9729705,-0.0923144,-3.8937645,-1.7799947,-1.6351473,-1.5921116,-1.7749993,bg_rep02_1199,0,xgboost,11.832666,22.488724,28.392,117.27883,25.966322,135.72826,0.25518808,45.267876
0.10259905,-3.0556657,-1.8034157,-3.0043993,-2.6386566,-0.8500689,-1.9166473,-0.5802085,bg_rep02_3127,0,xgboost,8.782971,24.163677,27.91739,100.093636,24.256506,7.365886,-0.40228528,38.4034
-1.4062283,-4.98119,-2.3887053,-0.6006298,-1.49263,-1.8390044,-1.1906697,-2.1389766,bg_rep04_7889,0,xgboost,11.317,20.441082,26.404,77.87098,28.562803,24.270542,-0.088672034,30.379808
-3.5945253,-3.6626668,-3.3334186,-2.37573,-0.5595954,-0.41720557,0.02948796,0.051151026,bg_rep03_5807,0,xgboost,7.7570004,26.402315,30.284,58.832626,0.0,0.0,0.0,0.0
-1.2472028,-3.9276834,-1.5372086,-2.3255343,-1.3434969,-2.4594622,-2.0021086,-3.1521914,bg_rep03_6608,0,xgboost,8.678333,24.042368,21.968,35.575813,18.653433,521.7366,0.13833581,46.377586
-4.304884,-3.367761,-1.441301,-3.2014139,-0.15349217,-1.8472986,-1.3315275,-1.9493581,bg_rep04_4831,0,xgboost,13.523,23.015522,25.972,91.908905,21.102451,414.08646,0.55539036,41.787617
-0.8360838,-2.81478,-0.9650607,-1.6200137,-1.9610662,-1.1844147,-1.3292401,-3.1844964,bg_rep02_9082,0,xgboost,9.694333,25.070688,23.448,40.11752,14.2701025,218.67162,0.113773465,49.65881
-2.1378427,-3.5560467,-2.1723802,-2.926716,-0.98786414,-1.701905,-2.4186249,-1.8452231,bg_rep04_6215,0,xgboost,14.023334,30.945656,29.74,97.81656,17.7392,1308.1984,-0.18718737,50.359505
-0.9454707,-2.695634,-1.9447126,-4.130511,-1.2793915,-1.3047695,-2.2856092,-2.354745,bg_rep01_8800,0,xgboost,9.508666,23.360521,26.452,106.3529,17.987928,246.27834,0.1710147,41.685074
-3.6096778,-5.7057986,-2.9250772,-2.423411,-0.69061583,-0.15655205,-0.2929574,-0.43591136,bg_rep02_6402,0,xgboost,7.5080004,24.051767,32.892002,46.938057,0.0,0.0,0.0,0.0
-1.257452,-2.3237345,-0.42694592,-3.2897763,-0.87770325,-2.2031686,-2.595848,-1.4806558,bg_rep02_592,0,xgboost,9.085,25.974955,24.892,37.83266,27.35843,1273.855,0.03625466,38.066917
-2.5413764,-3.6695285,-1.3337736,-3.0017633,-0.91420007,-1.5129645,-1.505981,-0.30609617,bg_rep01_3299,0,xgboost,12.595667,23.768995,25.532,99.870636,20.59606,369.0171,-0.009448728,33.673065
-1.1163377,-2.4303534,-1.6542861,-4.6416893,-1.3758767,-1.9263922,-1.7393043,-1.7974583,bg_rep02_3430,0,xgboost,11.521334,23.026087,26.992,116.16581,29.177471,204.80478,-0.1523365,36.00071
-4.2603364,-3.0244164,-1.5262502,-0.7665254,-1.9127526,-0.50804335,-1.1030906,-2.665968,bg_rep02_444,0,xgboost,13.842999,25.44482,23.984,72.50282,19.433706,641.935,0.44067836,43.99172
-5.129447,-0.94555163,-1.2795037,-3.6731513,-0.86484224,-0.48301375,-0.06645159,-0.009881299,bg_rep01_2999,0,xgboost,14.974334,33.220192,30.424,92.89518,0.0,0.0,0.0,0.0
-0.015356412,-2.48097,-1.0533981,-3.641039,-1.4499341,-1.6941451,-2.2701056,-1.5914845,bg_rep01_677,0,xgboost,10.804,24.905487,24.72,91.18101,19.721298,326.7,0.14032668,35.070618
-0.17836982,-3.4527712,-3.6920187,-0.91461825,-1.0858322,-2.2661612,-2.0388484,-2.012845,bg_rep01_2574,0,xgboost,10.273334,29.109524,29.664,77.27073,30.381863,130.08745,0.12850934,28.880442
-2.100824,-1.4168657,-1.5175056,0.64372116,-1.291424,-2.5602803,-2.0225992,-2.4847527,bg_rep05_4645,0,xgboost,15.098666,27.836775,26.144,68.07313,23.163712,423.715,0.057028886,35.34667
-4.0095725,-2.802809,-4.0383573,-2.0625377,-1.4667357,0.3258054,-1.262017,-2.7939608,bg_rep01_7238,0,xgboost,7.854,26.526615,31.248,64.34648,28.043297,708.1713,-0.4254489,29.632584
-0.07754494,-3.4129198,-0.81311923,-0.8877841,-1.7028841,-1.811029,-2.4922073,-2.7896416,bg_rep05_1870,0,xgboost,9.475333,22.351702,22.816,83.94203,19.283785,464.32135,-0.06862589,36.731632
-1.072744,-3.366769,-1.4316238,-4.1734056,-1.589714,-1.54822,-0.9974177,-1.2052629,bg_rep04_3716,0,xgboost,11.795667,23.804623,25.632,97.88552,25.87125,477.54794,-0.38477102,31.387749
-3.8528576,-2.5782342,-1.4943094,-2.3809352,-1.2029763,-2.1387265,-1.6018279,-2.0963514,bg_rep01_2436,0,xgboost,7.9413333,25.45952,26.48,40.446976,22.820848,593.25555,-0.040223382,42.321205
-0.042133488,-3.2594607,-3.0168407,-1.3278409,-0.45713767,-1.3108243,-2.1377594,-1.7844678,bg_rep02_9103,0,xgboost,10.881333,31.735107,30.16,45.73076,26.136335,463.9587,-0.4569608,40.22925
-1.6183535,-4.7372785,-1.4642835,-2.8506784,-1.0893615,-0.82713234,-0.15932716,-1.6594063,bg_rep01_1317,0,xgboost,6.2875004,22.139086,28.25,36.344505,9.9758215,10.805395,0.6297983,12.413947
-0.5894935,-2.4102333,-1.6093369,-4.290438,-2.7332687,-1.8114907,-0.17149702,-1.2297248,bg_rep03_7300,0,xgboost,11.711333,23.44142,27.855999,117.76854,24.401508,187.78633,0.8039636,41.75351
-1.5492864,-5.7474217,-2.092853,-2.2275922,-1.5879277,-1.5207907,-1.926802,-1.3905612,bg_rep03_8632,0,xgboost,11.172334,22.450634,26.288,91.95751,27.46291,218.50415,-0.23028767,28.892157
-2.8258066,-4.733229,-1.4486674,-2.1638224,-0.9181366,-0.8136711,-1.8382039,-1.2914349,bg_rep02_2294,0,xgboost,7.0125,24.306759,28.55,62.600445,3.2693834,4.058205,0.24358884,3.346777
-0.9690516,-3.4525056,-1.6713444,-4.204229,-1.7581468,-1.6953242,-2.0094965,-2.1187127,bg_rep04_9879,0,xgboost,11.85,24.042364,28.112,115.73084,22.810045,154.51071,-0.49857265,42.25086
0.07352221,-4.7039843,-2.5382504,-0.40559524,-1.2709607,-1.5592982,-0.95188886,-1.1674681,bg_rep04_1897,0,xgboost,10.233334,20.412777,26.42,82.23056,31.26211,77.86347,-0.08026568,20.811623
-4.1996136,-1.8230742,-3.274574,-2.1034534,-2.134359,-0.6058198,-0.7949228,-1.5642439,bg_rep03_1875,0,xgboost,7.780333,25.745642,31.184,62.6534,24.601326,231.6813,-0.009589115,34.980217
-0.64892256,7.1595974,-1.1920203,1.7629356,0.6313284,0.73614913,0.37543505,1.5737914,presence_180,1,xgboost,8.181,40.268753,22.004,28.01254,0.0,0.0,0.0,0.0
-1.2072011,-3.1170902,-1.3493152,0.103918694,-0.0592634,-1.2853286,-1.4705439,-2.4484806,bg_rep03_6148,0,xgboost,9.683333,28.631973,27.228,81.983154,27.646624,497.97467,-0.31020594,36.660202
-1.1543183,-1.9017928,-1.2373435,-3.9544399,-2.1300187,-1.2291591,-2.9046216,-1.3041364,bg_rep02_3826,0,xgboost,12.412666,24.79756,25.6,98.84404,23.855305,596.51807,-0.26249224,31.865133
-1.2709596,-2.2503626,-1.0573196,-2.2464068,-1.7083579,-2.6373653,-1.8264077,-2.9541614,bg_rep03_736,0,xgboost,9.077666,24.552814,22.712,35.891422,18.833702,410.1589,-0.33200753,43.83867
-0.75175536,-3.290822,-1.8475366,-1.5172925,-2.36884,-1.9825252,-0.9984588,-1.9851595,bg_rep04_5812,0,xgboost,8.927777,26.19946,26.190475,94.925606,23.717678,65.51464,-0.48588952,30.289114
-1.5223399,-3.6865776,-2.9565735,-4.915724,-0.85530275,-1.6323695,-0.45209917,-0.29231402,bg_rep01_9163,0,xgboost,12.467667,32.706367,22.7,90.95315,0.0,0.0,0.0,0.0
-3.3710256,7.075476,-0.87184685,2.4155095,0.08690839,0.22898833,0.49759364,0.9361281,presence_205,1,xgboost,14.693666,50.54929,26.8,26.596256,0.0,0.0,0.0,0.0
-3.1842086,-3.026904,-2.3680522,-2.363247,-1.1354043,-2.116403,-2.3829005,-1.5567908,bg_rep05_827,0,xgboost,8.279667,27.350906,28.94,48.626972,31.059963,321.14304,-0.27508152,36.24678
-1.6094552,-2.48589,-2.4917364,-0.41213992,-0.9141577,-1.643907,-1.4280407,-1.8367229,bg_rep02_6699,0,xgboost,9.6293335,27.462164,29.048,80.62182,28.22746,74.91721,0.46806103,31.424627
-0.59782845,-4.576429,-1.7385775,-3.228145,-0.7246095,-2.7509005,-0.670693,-1.6183231,bg_rep04_206,0,xgboost,11.559999,30.220642,26.428,86.88309,20.927008,1539.8778,0.35324335,26.201849
-1.5221864,-2.969911,-0.8624714,-0.5318476,0.10754612,-2.36012,-2.0874767,-0.4792223,bg_rep01_6868,0,xgboost,10.012,28.520966,28.24,78.77253,27.942211,344.2044,-0.18598685,31.822834
-1.7222843,-3.111934,-1.2607045,-3.3592448,-0.09478056,-1.2168943,-2.1183817,-2.411584,bg_rep01_6915,0,xgboost,12.175,24.893679,22.828001,104.69374,20.017855,1000.5727,0.07943826,39.55774
-2.9414246,-3.3900697,-2.9592917,-2.2436097,-1.4195843,-2.1968071,-1.9563144,-0.3569206,bg_rep02_528,0,xgboost,8.597667,26.817425,31.256,61.06259,27.402594,108.775154,0.21476097,31.071102
-1.728246,-2.0823338,-1.1474302,-2.0386498,-1.2977237,-1.4854407,-2.6802135,-2.7531679,bg_rep03_3553,0,xgboost,8.189,24.65972,22.816,40.312588,22.38265,178.37454,-0.2837763,44.346737
-0.90871125,-3.6190016,-1.5066235,-3.7383823,-2.0548553,-2.0270188,-2.2166243,-1.895478,bg_rep03_8614,0,xgboost,10.984333,29.164011,26.708,98.76143,24.323761,96.23043,-0.15758717,33.179382
-1.3243319,-3.4304085,-3.2718697,-4.2106056,-0.5825344,-0.93324554,-0.39229524,-0.1497512,bg_rep01_2577,0,xgboost,11.621333,31.993538,19.916,95.6502,0.0,0.0,0.0,0.0
-2.627701,-3.2165751,-1.6088691,-2.8420749,-1.1591179,-0.6736568,-0.2758987,-2.625651,bg_rep02_1634,0,xgboost,7.1863093,24.804817,28.542856,57.052017,22.77719,50.246696,0.5976661,24.759178
-3.092984,-5.513809,-1.4156837,-2.8237948,-0.843184,-1.2016418,-1.5492979,-2.5721555,bg_rep05_4799,0,xgboost,13.048,22.487247,25.116,92.84731,20.96219,540.5507,0.12673554,43.924404
-0.92245924,-4.752169,-1.8804617,-1.1401644,-2.2480934,-2.7096808,-1.4562253,-1.2871196,bg_rep01_1599,0,xgboost,11.013333,30.209932,24.148,82.613075,25.7308,1893.6887,0.13334155,23.131718
-3.3669686,7.0754857,-0.87184685,2.4155095,0.08581666,0.22576742,0.49783987,0.9361281,presence_220,1,xgboost,14.878333,50.98812,26.8,25.358028,0.0,0.0,0.0,0.0
-1.5423931,-3.4097292,-1.0568562,-4.909115,-1.7450303,-1.2169967,-2.3521647,-1.2970035,bg_rep03_4352,0,xgboost,12.129,23.071217,27.344,108.266594,29.000603,172.85832,0.22274964,23.333006
-1.8776699,-3.0849922,-0.6192907,-1.5909295,-1.0323403,-1.2297531,-2.3669991,-2.3019679,bg_rep05_7532,0,xgboost,6.4963336,21.265985,23.648,26.608595,20.719936,235.82478,0.06790335,40.21321
-0.53495,-3.315162,-2.1611366,-3.124936,-1.6100392,-1.6773525,-1.908651,-1.0562743,bg_rep01_2898,0,xgboost,10.668667,21.512878,25.576,94.8348,25.93417,412.65314,0.25250617,32.78588
-3.5268767,-5.0155606,-3.0761282,-2.4303653,-0.9079894,-0.21787384,-0.3381721,-0.34912443,bg_rep02_8325,0,xgboost,7.3256664,23.585533,32.044,47.78401,0.0,0.0,0.0,0.0
-2.6793015,-2.935917,-1.6856605,-3.0699244,-1.6527251,-2.610747,-0.37253433,-0.6141374,bg_rep03_3453,0,xgboost,7.1323333,25.371134,26.9,60.450424,25.910828,1289.6832,0.58789265,31.784054
-1.9068513,-5.346948,-1.114722,-2.155072,-1.9634131,-1.5214518,-2.1576788,-1.3552214,bg_rep02_6433,0,xgboost,11.9453335,22.018236,26.892,93.28069,28.653666,52.512924,0.269538,29.830551
-1.11707,-3.5215642,-2.534224,-2.9192877,-2.4117498,-2.0343614,-2.4976568,-2.5059507,bg_rep03_4076,0,xgboost,12.305667,28.275888,20.004,92.91386,22.258389,1614.0292,0.062797055,39.202824
-1.5472437,-4.09188,-1.984172,-0.85011685,-1.5987123,-1.346635,-0.96104985,-0.9199638,bg_rep01_4370,0,xgboost,11.665667,21.12733,25.452,77.766426,27.431173,83.979546,0.5618195,33.15139
-0.17881519,-3.3421385,-1.4894836,-3.6493711,-2.2045538,-0.58541787,-1.8623976,-0.9643477,bg_rep02_2060,0,xgboost,10.536333,28.418203,25.972,101.78155,23.914309,273.27798,0.22117428,32.695408
-1.2743975,-4.009395,-1.3901443,-3.8304121,-0.67309517,-0.96679544,-1.5422267,-1.4022298,bg_rep01_1738,0,xgboost,11.547,23.084766,26.636,97.44467,27.957048,239.49477,-0.057973966,26.610117
-1.7615051,-3.445701,-1.2158066,-4.144385,-2.1198301,-1.2442987,-2.028881,-1.1452365,bg_rep03_4064,0,xgboost,12.14,27.23683,22.472,105.8811,21.227367,1189.2467,-0.036213826,34.8766
-1.2962794,-3.1229029,-1.8660668,-4.481243,-1.7033457,-1.6780086,-2.0258737,-2.1494465,bg_rep04_150,0,xgboost,12.294333,24.343287,29.004,122.46822,21.859623,141.84796,-0.047936767,52.339752
-2.8523006,-2.5078394,-0.6451163,-1.9335306,-2.0209005,-2.4648414,-2.0487335,-2.169166,bg_rep02_564,0,xgboost,8.687667,27.625498,27.376,50.79231,23.709333,373.56845,0.07978227,39.133904
0.48520687,6.08185,-1.6541452,2.2782001,0.4482345,0.6153644,0.45084772,1.3875222,presence_187,1,xgboost,10.344118,51.659813,22.905882,15.752977,0.0,0.0,0.0,0.0
-2.4895003,-3.1067212,-1.1940793,-5.228124,-2.1656818,0.36097628,-2.524684,-2.1398623,bg_rep02_6503,0,xgboost,14.205667,28.726173,25.616,123.35251,22.189993,724.6784,-0.31190968,43.171936
-2.1334465,-1.5358387,-0.641614,-2.2849956,-1.1446091,-1.0016029,-1.0348331,0.14302284,bg_rep05_8758,0,xgboost,9.597667,27.729303,28.352,39.00733,26.297277,635.54456,0.3552499,40.29182
-2.1264334,-2.8195877,-1.7685759,-1.113641,-2.1108055,-2.4077444,-2.7185338,-1.0463085,bg_rep03_1074,0,xgboost,8.039333,24.34981,28.528,20.242638,24.459791,327.39246,-0.53529626,40.12494
-3.468903,-4.6456084,-2.8712766,-2.450638,-0.74064964,-0.4091801,-0.15640458,-0.6197029,bg_rep03_1113,0,xgboost,7.7599998,24.710228,31.828,50.236656,0.0,0.0,0.0,0.0
-1.3638526,-1.742913,-2.197124,-2.85083,-2.6859782,-1.3123592,-2.9205978,-0.96329397,bg_rep03_4821,0,xgboost,12.062333,27.113678,18.656,93.043304,22.228245,1813.5283,-0.13767011,44.88624
-1.7425364,-4.834572,-0.87789935,-2.9021697,-1.4224665,-1.5025942,-3.1057081,-3.067484,bg_rep02_7646,0,xgboost,12.5,22.912237,24.872,93.3631,20.23206,517.0819,-0.08506588,41.026665
-3.0296621,-5.400207,-3.0904768,-1.9750137,-0.7730322,-0.11587548,-0.32304797,-0.3786659,bg_rep05_727,0,xgboost,6.607667,23.683393,31.868,63.94102,0.0,0.0,0.0,0.0
-4.3303485,-3.280459,-1.6595412,-3.222221,-0.7166021,-0.8942408,-0.27441606,-0.5435073,bg_rep02_7028,0,xgboost,13.673333,28.844261,30.424,99.495476,0.0,0.0,0.0,0.0
-3.9661894,-2.9563704,-1.4790857,-2.5740972,-0.3171874,-1.0169966,-1.1660919,-2.0728285,bg_rep03_4530,0,xgboost,13.096,23.079092,26.928,91.574165,27.839533,72.91039,-0.41355523,30.586277
1.3098843,-1.012751,0.9562891,1.7525412,0.92366266,0.92148554,-1.0318608,-0.17571886,presence_125,1,xgboost,15.171667,27.12132,27.468,64.36292,26.132595,250.13374,-0.17288397,38.688747
-0.0780673,0.34303823,0.3392216,2.2128122,-0.14307046,0.06803148,0.8291863,1.5203934,presence_107,1,xgboost,11.527666,24.60863,24.76,71.72273,23.582302,231.69557,-0.42110655,33.592216
-0.48412848,-3.4392807,-0.79215693,-4.572835,-1.8265738,-1.0493761,-0.62660015,-0.665507,bg_rep02_1065,0,xgboost,11.484,23.649094,27.388,106.437416,22.124012,295.69498,0.31194004,34.841232
-4.719493,-3.2934723,-0.5614969,-4.089469,-1.3493549,-1.1291051,-0.20127484,-0.66750306,bg_rep04_1567,0,xgboost,13.5633335,31.358858,27.592,92.85109,0.0,0.0,0.0,0.0
-2.1271358,-3.8764064,-1.1583285,0.810148,-1.9964124,-2.51013,-1.5530506,-3.0344424,bg_rep04_1721,0,xgboost,13.153334,23.909935,25.452,71.747665,18.705473,403.64288,-0.0048834626,43.23687
-0.87546825,-4.443498,-1.1358999,-2.6693182,-1.3546488,-1.6128446,-1.1576054,-2.6542659,bg_rep02_6833,0,xgboost,8.488667,22.873104,20.948,35.09674,18.57199,792.3033,-0.41512275,45.348103
-3.281842,-3.5081275,-0.84000504,-2.8293326,-1.0022689,-0.80159247,-0.02232671,-0.3734432,bg_rep05_6086,0,xgboost,14.331667,30.828745,31.0,86.32884,0.0,0.0,0.0,0.0
-3.527747,-2.0913236,-2.1087844,-2.4856832,-0.8028491,-2.8887975,-1.5556573,-0.6087675,bg_rep04_614,0,xgboost,7.373667,25.836254,27.896,60.799026,30.695385,1069.5336,0.016902408,27.721546
-3.6748245,-4.2909474,-3.4298975,-3.1283114,-0.8426737,-0.37822014,-0.14689602,-0.03640116,bg_rep02_9384,0,xgboost,7.5323334,25.361393,30.532,56.832294,0.0,0.0,0.0,0.0
-1.590572,-4.0483828,-1.7334334,-2.904604,-1.2945925,-1.6545355,-1.5718725,-0.7657073,bg_rep04_7347,0,xgboost,11.238667,22.622114,26.528,95.79747,26.485413,135.61678,-0.06662651,31.273022
-0.7627237,-1.3025385,-1.2699647,-3.630567,-2.0749586,-1.6602765,-2.0062106,-1.1914781,bg_rep01_7748,0,xgboost,11.689667,23.164368,28.852,109.953125,29.970737,135.84152,0.018260812,38.369984
-2.8758087,-3.4042222,-1.9180521,-2.3154588,-0.98533565,-1.4085233,-2.8565094,-1.5522605,bg_rep03_2495,0,xgboost,12.997334,29.379145,19.012,96.63682,20.340822,1862.3749,-0.61801517,40.948055
0.43201044,0.09521198,0.16049837,-1.2215601,0.82547605,1.4132911,1.0777262,0.7756968,presence_56,1,xgboost,11.809333,25.3986,24.896,102.80156,20.074656,693.34235,-0.47291481,33.6333
-0.78614765,-5.0521264,-0.63683033,-4.0081964,-1.3638681,-1.4188108,-2.6866608,-1.8871866,bg_rep05_9643,0,xgboost,9.395652,22.393782,27.591305,110.59138,30.705372,1.331866,0.20994163,22.62719
-1.3031025,-2.8608298,-1.4046267,-0.7929472,-1.5472894,-2.434814,-0.8236471,-2.0863419,bg_rep03_4316,0,xgboost,12.1310005,24.874918,26.08,79.32791,28.34975,116.898315,0.0031115077,29.601532
-2.7738602,-4.1989117,-1.4017668,-2.8642058,-1.3134859,-1.8540183,-1.8837223,-2.5138104,bg_rep05_6713,0,xgboost,12.895,32.205296,25.872,87.030205,19.917099,1841.9512,-0.04740806,36.02947
-1.7524753,-2.7231925,-1.5945803,-3.9199357,-1.041432,-2.2923849,-2.7488208,-1.9766788,bg_rep05_8070,0,xgboost,12.059334,25.163454,28.012,107.93912,21.044127,128.38475,-0.61756444,38.088123
-3.4699292,-4.6456084,-2.870269,-2.4506195,-0.74064964,-0.4091801,-0.15640458,-0.6197029,bg_rep05_5438,0,xgboost,7.7139997,24.695864,31.935999,50.95262,0.0,0.0,0.0,0.0
-0.5940446,-3.0684032,-1.560003,-2.9815023,-0.52205986,-1.3823823,-0.7252652,-1.0477068,bg_rep02_4789,0,xgboost,11.764,24.39854,25.828,100.83778,18.192194,467.13522,0.43476108,33.25339
-1.164356,-3.1815913,-2.0712295,-4.8711066,-2.2236574,-1.2429453,-1.7687329,-1.4301335,bg_rep04_4680,0,xgboost,11.862666,23.191013,26.38,111.420845,24.46783,162.98874,0.15356739,23.35382
-1.1815434,-3.6478634,-1.8533161,-0.88626957,-1.7832192,-1.7801831,-1.1261036,-2.313546,bg_rep02_5220,0,xgboost,11.827,24.32538,26.096,81.51254,27.342867,168.98218,0.45019963,28.767345
-2.9928286,-4.0083027,-1.0471604,-3.1821282,-1.4993759,-2.507997,-1.2113609,-1.0069032,bg_rep04_2232,0,xgboost,13.036333,31.703146,28.236,91.63348,20.814142,1449.3878,0.16087821,29.96037
0.38740295,-3.1918519,-1.3293066,-2.099351,-1.3299881,-0.96529144,-0.16155069,-2.2565343,bg_rep03_7440,0,xgboost,8.308333,21.806648,27.6,99.20973,0.082523264,1.3241324,0.62531036,0.1453183
-0.82714677,6.2383595,-2.1150866,2.4035199,0.51127654,0.34304863,0.34637693,1.4393162,presence_189,1,xgboost,11.248667,51.665745,24.172,16.584694,0.0,0.0,0.0,0.0
-0.49051127,-4.3593135,-1.5123142,-0.7772174,-1.769223,-1.9897408,-1.5189826,-1.4993938,bg_rep03_5323,0,xgboost,10.170667,29.528124,29.348,77.28165,31.935265,31.8666,-0.46059963,31.362705
-3.7525368,-3.3052063,-1.634756,-3.8503752,-1.2798096,-1.6110867,-1.1174096,-1.9313564,bg_rep01_4460,0,xgboost,13.998333,23.200632,26.411999,91.77459,22.627653,350.16852,0.27966022,41.610847
-1.5689807,-2.0366776,-1.2991772,-3.5813284,-2.3850389,-1.1902348,-1.2139428,-1.1850871,bg_rep02_8537,0,xgboost,12.630667,25.978336,26.292,97.46261,24.406996,666.6898,0.11210101,25.176596
-2.3687832,-3.2954988,-2.290486,-3.258823,-0.9355778,-1.6233681,-2.8661766,-2.343995,bg_rep02_9445,0,xgboost,12.759001,26.335453,29.632,122.727585,18.740261,207.0151,-0.34601092,50.803497
-0.7686118,-2.960565,-0.5657992,-5.08799,-0.7863279,-1.68974,-2.2142947,-1.1771667,bg_rep02_9680,0,xgboost,12.498667,23.278452,27.38,107.6849,27.952877,142.28908,0.18828787,22.961922
-1.106859,-2.5960693,-0.8590478,-5.5859814,-1.5839169,-1.8931108,-1.4474577,-1.3013972,bg_rep05_560,0,xgboost,10.912,26.56539,26.62,106.205185,26.036184,344.68884,0.013261168,31.51059
-3.0417085,-3.0638187,-2.632108,-2.7907205,-2.6170177,-1.8079706,-1.2524942,-0.34585288,bg_rep03_5303,0,xgboost,8.068,25.962156,29.236,37.349743,30.900904,128.65784,0.37268776,33.606144
-4.986083,-2.420186,-0.9590469,-0.54367906,-2.3204465,-1.6893435,-2.3404782,-1.1030083,bg_rep04_3448,0,xgboost,14.626333,25.999598,25.116,69.18821,18.803816,543.34595,-0.5672652,40.456673
-0.013984812,-1.6064526,-0.7076175,-4.3989773,-0.8919501,-0.20659985,-1.0709426,-1.8027004,bg_rep02_5185,0,xgboost,9.906667,23.4911,27.576,106.918625,23.161201,69.61087,0.53440565,39.546337
-3.7734308,-3.768983,-2.991039,-2.6735895,-0.56375206,-0.37984458,0.04086896,0.17032047,bg_rep02_6023,0,xgboost,7.7376666,26.211607,30.696001,59.352448,0.0,0.0,0.0,0.0
-4.037184,-2.4897466,-1.4653192,-3.5776055,-0.64836675,-2.0188377,-1.9509165,-0.22374938,bg_rep03_9239,0,xgboost,13.407333,23.48538,26.812,90.31976,27.480227,121.456375,-0.33366838,33.44439
-1.5705743,-5.510656,-1.539473,-4.8476973,-1.9661167,-1.5369498,-1.1585941,-2.1790178,bg_rep03_8093,0,xgboost,11.932,22.386492,26.812,108.820786,27.742004,208.75697,0.46434778,26.03795
-0.9911547,-2.736821,-1.4105903,-2.8654995,-0.80158705,0.18346526,-0.5090843,-1.3921078,bg_rep02_7382,0,xgboost,12.440001,26.472591,23.94,95.706535,19.72808,739.93994,0.78822285,31.108229
-1.7803977,-2.8113694,-0.5572724,-4.053445,-0.6059549,-1.1829879,-2.002661,-1.5022521,bg_rep03_6761,0,xgboost,12.221666,25.005455,23.816,98.3482,20.130922,744.2515,-0.38098055,32.17315
-2.7927365,-3.6876926,-1.2518897,-4.4815125,-1.3126355,-1.6093984,-1.0852735,-1.8669467,bg_rep05_3268,0,xgboost,13.065,24.33686,27.74,103.4333,27.578165,188.849,0.0092679355,29.18787
-3.2912161,-3.294727,-1.2687893,-2.3735034,-0.6363862,-1.8300412,-2.2498474,-0.7053422,bg_rep02_3882,0,xgboost,7.8626666,25.291645,25.636,36.407337,26.3071,38.059536,0.27255502,40.009773
-3.4253504,-3.480162,-0.4433807,-3.8684442,-0.71515626,-0.6059706,-0.2872297,-0.77512205,bg_rep05_6361,0,xgboost,13.097,29.463242,28.524,100.02689,0.0,0.0,0.0,0.0
-2.282807,-2.4615898,-0.89573246,0.22557199,-2.3255324,0.067322195,-0.44004107,-2.0876606,bg_rep05_5302,0,xgboost,15.311,25.617388,26.856,71.28332,24.918512,240.34906,-0.044663686,37.434242
0.82588214,-1.4441507,0.5549244,1.0171224,1.6055039,0.7465387,0.46696723,0.19502586,presence_81,1,xgboost,9.610333,26.515654,24.796,86.02457,26.900997,627.8369,-0.49475566,38.938484
-3.0888643,-2.5388503,-2.805002,-0.75109094,-2.2368414,-2.0273454,-1.9531338,-2.2146144,bg_rep04_8706,0,xgboost,8.737333,27.911236,29.316,64.347374,25.084284,621.39905,-0.07551389,37.671665
-0.7428771,-2.4866083,-0.24869853,-3.8249853,-2.1072364,-1.6264534,-0.33714005,-1.9883335,bg_rep03_9301,0,xgboost,11.091666,27.04493,27.368,102.753716,22.426338,201.98888,0.30476207,36.249752
-5.164654,-1.2498633,-1.5996349,-4.364508,-1.0429454,-0.63559794,-0.09525731,-0.28720096,bg_rep02_7249,0,xgboost,14.640667,33.26517,29.212,89.043884,0.0,0.0,0.0,0.0
-3.2007833,-4.3002143,-1.8420198,-2.6298773,-0.26346785,-1.815076,-2.492984,-1.258192,bg_rep04_4078,0,xgboost,13.032667,29.250082,20.08,101.12718,19.682299,1615.3779,0.051170286,33.807796
-2.337813,-2.9286842,-1.6906788,-4.6812887,-1.6790559,-1.0434821,-1.095295,-2.227943,bg_rep05_6626,0,xgboost,13.349,28.126842,24.108,125.28011,27.03305,780.6864,0.3309581,36.58535
-1.1335838,-2.964485,-0.9181414,-3.4032679,-1.2369735,-1.2313538,-1.7924945,-2.5206652,bg_rep01_881,0,xgboost,11.389,26.669632,23.808,91.39465,20.303028,533.08636,-0.76854795,37.24363
-3.7251294,-4.8849115,-3.1848822,-2.5826745,-0.83969563,-0.26764435,-0.15796983,-0.36012635,bg_rep01_9303,0,xgboost,7.5126667,24.889566,31.024,50.907833,0.0,0.0,0.0,0.0
-0.2757772,7.8818073,1.2408556,-3.0114088,0.47234803,0.4336993,0.19129522,0.9999478,presence_141,1,xgboost,11.603333,60.91628,35.416,108.91114,0.0,0.0,0.0,0.0
-1.380896,-4.184133,-1.6891253,-1.0008396,-1.1816571,-1.832707,-1.7545729,-2.6239934,bg_rep05_7918,0,xgboost,12.332666,23.204386,22.08,83.04252,18.939302,844.50433,0.14811401,44.468136
-2.9315815,-4.027653,-1.3700196,-4.083146,-1.5459374,-0.777582,-2.4403381,-2.141188,bg_rep01_7707,0,xgboost,13.269,23.94262,24.228,91.347885,23.227894,718.0543,-0.19805606,42.47499
0.5957282,6.118724,-1.7129142,2.2487926,0.4438195,0.635666,0.4814205,1.3751268,presence_193,1,xgboost,10.390667,52.02617,22.792,15.715868,0.0,0.0,0.0,0.0
-3.1303487,-3.6774814,-1.931018,-3.2228813,-0.5522695,-1.61998,-0.2805691,-1.2238119,bg_rep01_8289,0,xgboost,14.344333,30.951866,30.076,103.14303,17.84977,1183.2468,0.48290837,43.12182
-2.9012084,-4.163542,-0.28645188,-2.9440515,-1.5241038,-2.5355546,-1.1571351,-0.4417362,bg_rep03_7173,0,xgboost,12.908,31.649666,26.6,92.44316,23.237734,1824.9038,0.016017819,29.007257
-2.9896142,-3.2386823,-1.5968131,-4.5637846,-1.0975434,-1.3398538,-1.0807347,-1.8577406,bg_rep05_1415,0,xgboost,13.880333,28.893282,25.436,126.791756,26.488218,501.00397,0.369499,38.62369
0.72548413,-2.253755,-0.62447065,-2.9096537,-2.2216709,-1.3480892,-2.5778325,-0.76182896,bg_rep03_8865,0,xgboost,10.296,25.997374,28.14,98.82998,23.033546,10.62596,-0.19151726,33.74934
-3.2918224,-3.507771,-1.3791369,-2.6191924,-0.86998874,-0.6231296,-0.0710123,0.0154531915,bg_rep04_2140,0,xgboost,7.2653337,25.84792,26.856,59.25521,0.0,0.0,0.0,0.0
-0.8148883,-4.5828266,-1.2899523,-3.4210582,-1.5764828,-1.3978561,-1.8266981,-2.1681006,bg_rep02_1932,0,xgboost,11.323667,22.489012,27.9,123.58539,22.38356,131.4815,0.26978415,50.13038
-2.0806723,-4.338008,-1.6421912,-3.8208687,-1.3002996,-1.7011322,-1.7366929,-1.3057548,bg_rep01_981,0,xgboost,12.563001,24.024708,25.228,101.992096,27.481625,345.91577,-0.17520523,26.118946
-1.097061,-1.2989275,-1.2696327,-2.625636,-1.7015815,-0.4036928,-0.5015671,-1.1000112,bg_rep02_8152,0,xgboost,12.453667,25.41772,24.304,99.87196,23.462921,668.7444,0.4502218,33.188026
0.14179814,-3.0590637,-1.7149527,-5.2308817,-2.2893543,-1.7724608,-1.3694565,-2.23643,bg_rep04_8885,0,xgboost,10.209,26.401676,26.036,105.220146,24.27594,377.92853,-0.32017958,35.78978
-1.5212964,-4.885505,-1.5870274,-3.3385825,-1.775132,-1.9776019,-2.022027,-1.3689635,bg_rep01_2383,0,xgboost,11.472,22.34515,26.664001,97.801994,27.092743,121.11997,-0.3440805,32.23338
-1.5573994,-5.5746713,-0.9768758,-4.8141766,-1.7687136,-1.131475,-0.91111064,-1.8093328,bg_rep05_675,0,xgboost,11.917666,22.55596,27.184,108.608955,27.740604,168.31227,0.32982406,25.266861
-3.6615624,-3.7162669,-3.331604,-2.894706,-0.63210386,-0.40927088,-0.0967914,0.07679952,bg_rep01_347,0,xgboost,7.3656664,25.972027,29.848,59.63746,0.0,0.0,0.0,0.0
-0.75988925,-4.083682,-1.0690521,-3.4848738,-1.47131,-1.4003942,-0.9419891,-2.834797,bg_rep05_3369,0,xgboost,11.482,24.069262,24.48,91.04426,18.90326,633.3513,0.30633074,38.46444
-3.1064396,-5.111007,-1.4130815,-2.7362435,-1.4747117,-1.2905279,-1.8130121,-2.2124512,bg_rep02_4817,0,xgboost,13.072666,22.444658,25.223999,93.16047,19.482727,517.6687,-0.7394855,41.622902
-2.2080932,-3.2587974,-0.8728084,-1.5208627,-1.6156129,-1.8130839,-2.0836449,-3.0039003,bg_rep02_1577,0,xgboost,14.129666,25.538004,24.544,74.36119,19.982246,607.87756,-0.323539,43.108
-3.3918824,-3.476822,-2.4498842,-1.8006146,-1.2027813,-2.5348485,-1.5595721,-2.4480684,bg_rep01_9513,0,xgboost,12.912,25.136272,20.728,60.9939,21.670725,868.8065,0.0104252985,41.380863
-3.5425572,-3.5133564,-1.1627954,-5.3180614,-1.805857,-0.22136143,-0.12735422,-0.4396738,bg_rep01_9438,0,xgboost,13.985666,28.451597,24.484,124.25547,25.9915,650.7451,0.33960804,31.857008
-2.9246378,-3.7492774,-0.98356116,1.2455243,-0.71069545,-1.648715,-2.4986129,-2.1834695,bg_rep04_4969,0,xgboost,12.949333,24.030088,27.428,68.18332,28.114384,116.48183,-0.28875706,26.795092
-2.1193318,-3.318281,-3.501075,-1.044016,-1.1179566,-1.5075394,-1.6496016,-0.5182573,bg_rep04_2853,0,xgboost,9.526333,28.611044,29.896,69.06656,32.828236,33.13504,-0.15586391,24.793224
-2.6937273,-4.0249305,-1.8761337,-1.7812551,-0.61258465,-1.852287,-2.5476973,-1.7790278,bg_rep03_7913,0,xgboost,14.2,30.016066,31.316,99.75412,19.600477,1222.9221,-0.7011591,43.386284
-3.5877268,-5.142574,-2.134606,-1.4175727,-1.0717727,-2.8473275,-1.2269096,-2.225028,bg_rep05_6175,0,xgboost,13.061999,21.790337,26.508,83.36573,30.09517,31.983765,-0.43569243,29.423647
-1.603206,-3.311933,-0.6568736,-1.2551082,-1.3763599,-1.6757051,-1.3181441,-2.3260863,bg_rep03_249,0,xgboost,9.423,29.861198,28.584,44.45489,22.1572,34.78042,0.120261155,41.08317
-0.5089975,-2.087332,-0.958688,-3.5766244,-1.7331805,-0.32136333,-1.8144208,-0.25090736,bg_rep03_1068,0,xgboost,12.261001,26.045118,25.696001,101.27655,22.072145,667.29565,-0.38493553,28.874678
-3.506984,-3.8499103,-2.7112987,-2.3311968,-0.48532465,-0.2766097,0.036666807,0.11140854,bg_rep03_4480,0,xgboost,7.9426665,26.391106,31.751999,57.28437,0.0,0.0,0.0,0.0
-3.8388658,-3.9190505,-2.9893303,-2.570565,-1.7884356,-2.1099038,-1.9327439,-1.3923,bg_rep04_7752,0,xgboost,7.1956663,24.957224,32.184,63.03152,26.52774,456.4603,0.21476957,26.038658
0.19993788,0.2466246,-0.1516532,0.45406887,-0.76327634,0.25554082,1.5424088,1.6967956,presence_98,1,xgboost,11.348666,23.395454,25.528,77.765114,24.756397,72.50724,-0.4219315,31.038778
-3.0963888,-2.677598,-2.9684837,-2.822104,-1.3153806,-2.4858868,-2.5349278,-0.72311693,bg_rep04_6295,0,xgboost,7.6576667,25.800764,32.164,63.403164,28.167927,403.58807,-0.20502174,25.54994
-1.6400694,-3.9436176,-1.3670511,-0.5806823,-0.80475104,-1.7359543,-1.9275017,-2.1694505,bg_rep01_8923,0,xgboost,6.3706665,21.072594,25.308,26.672663,21.988596,38.395744,0.18141055,41.051727
-1.8674212,-3.3670504,-2.7988367,-0.9241351,-0.9549638,-2.1616592,-0.4366932,-0.6794974,bg_rep04_7207,0,xgboost,9.302,28.380522,29.292,73.476166,27.723644,126.977715,0.24019438,33.7464
-1.4720798,-4.001748,-2.045972,-3.1853032,-1.8262343,-1.3718547,-2.4216802,-0.34104785,bg_rep03_409,0,xgboost,11.232,23.00508,26.18,90.58991,27.33829,274.36304,0.04630864,28.137259
-1.8374122,-5.279478,-0.30562252,-4.394849,-1.6684356,-1.8792229,-2.0498161,-2.0608113,bg_rep01_7898,0,xgboost,12.137667,22.562397,27.452,118.4056,28.865541,153.6143,0.15392941,37.334366
-0.27298203,-2.0995598,-0.8248404,-2.9006293,-2.522769,-2.003541,-2.5688396,-1.6008357,bg_rep02_4640,0,xgboost,10.001667,25.860138,28.156,100.70278,22.155882,22.072437,-0.40020558,36.884106
-1.8434995,-3.8644323,-1.1335946,-5.543777,-1.5529418,-1.1745906,-2.009637,0.6301884,bg_rep05_3638,0,xgboost,12.671666,23.86378,26.772,103.87161,26.640549,290.10968,0.022406863,28.50018
-1.7375908,-2.149422,-0.8585946,-4.736337,-2.0417058,-1.175306,-3.4092503,-1.9841369,bg_rep02_4110,0,xgboost,13.366667,27.754707,28.348,128.2143,21.89157,234.87868,-0.5431791,47.130142
-2.6259687,-2.7569675,-2.033726,-3.1344464,-0.45325142,-1.8306773,0.5671776,-2.1015537,bg_rep05_4344,0,xgboost,12.750667,25.876019,30.036,112.03426,18.903297,216.11176,0.6099407,47.761536
-1.5824864,-5.4123,-1.3391794,-2.760397,-1.4553568,-0.818869,-2.2888029,-1.331187,bg_rep03_4934,0,xgboost,11.728666,22.230225,27.2,96.54768,28.699486,69.32776,0.061085694,32.067566
-3.5906942,-3.659198,-3.3342412,-2.845638,-0.6442894,-0.551998,-0.06475365,0.080897726,bg_rep05_1013,0,xgboost,7.74,25.868984,29.812,56.15345,0.0,0.0,0.0,0.0
-3.620127,-3.463709,-1.4380578,-2.823627,-1.2642534,-2.0609856,-2.5936346,-2.57837,bg_rep03_9808,0,xgboost,13.027667,22.981348,25.592001,92.38375,20.050833,383.17892,-0.19113006,44.195404
-0.35150835,-3.9492362,-1.4772071,-4.0714073,-1.8027983,-1.2351834,-1.2847898,-1.8956404,bg_rep05_1361,0,xgboost,10.541333,24.184027,27.7,105.41143,31.856033,8.5197315,-0.19254103,28.741034
-1.7181065,-3.6148312,-1.9923682,-3.096391,-1.2708102,-2.248928,-1.8051534,-1.8449533,bg_rep03_3791,0,xgboost,9.142,28.572323,26.092,53.346325,28.204752,832.3602,-0.7057062,37.115925
-0.81038904,-2.5652165,-2.0299053,-2.8007257,-0.44064668,-0.5745914,-0.34771082,-2.5609596,bg_rep04_4488,0,xgboost,11.632,26.18876,21.964,98.02949,20.346304,1084.8649,0.3323923,36.00833
-0.5015359,-3.6112473,-1.5766159,0.27635378,-1.5642055,-2.1255503,-1.0513543,-2.4005923,bg_rep02_7943,0,xgboost,9.858334,25.02115,22.4,66.57836,3.7725487,8.052388,0.6161287,6.928011
-3.6311092,-2.385023,-3.5217192,-2.8644881,-2.674732,-1.6247262,-1.1487863,-1.2254874,bg_rep01_9408,0,xgboost,6.8673334,24.631754,29.58,50.525856,35.049297,104.36886,0.2829654,32.86867
-1.65473,-4.171346,-0.92438596,-4.0132637,-1.7170666,-1.4920796,-1.7487317,-1.9413512,bg_rep01_618,0,xgboost,12.034667,22.898748,28.064001,118.127396,29.238626,143.53479,-0.17215654,42.432648
-2.9447315,-2.1214476,-1.3934885,0.028441697,-1.4678271,-1.9503263,-0.4045391,-2.883771,bg_rep03_5499,0,xgboost,14.527333,26.090757,26.476,69.71504,21.461025,432.47263,0.24038404,35.93475
-3.7429972,-4.1805825,-1.5436294,-3.4862413,-1.8552773,-2.2143943,-1.8716621,-1.9936222,bg_rep03_1107,0,xgboost,12.953667,24.018517,23.688,93.2865,21.563076,872.1407,-0.038857635,43.156593
-3.081289,-2.1289563,-1.7355231,1.3665336,-1.9594134,0.0037635416,-2.199724,-2.1741843,bg_rep05_8005,0,xgboost,12.565666,27.59017,23.772,65.637245,24.922842,248.92577,-0.22361581,38.88995
-3.3124683,-4.3745346,-2.969404,-2.7969518,-0.93184733,-0.3854621,-0.27519798,-0.68499124,bg_rep02_5420,0,xgboost,6.9353333,24.642315,29.152,60.56713,0.0,0.0,0.0,0.0
-0.83067834,-3.4475105,-0.49220642,-4.2067614,-1.5309609,-1.5216721,-1.9845273,-1.5865594,bg_rep02_1851,0,xgboost,11.772333,23.956722,24.816,100.311104,23.051985,618.00354,-0.31309566,34.218586
-1.2250779,-3.7449236,-1.8955557,-3.5477214,-0.8126614,-1.6178687,-1.9019387,-2.2601929,bg_rep05_7961,0,xgboost,12.1553335,24.2196,28.988,121.13731,18.622343,151.02216,0.10316476,49.88974
-0.9799643,-5.1376233,-1.2525561,-3.6866121,-2.9874053,-1.7886591,-1.4291945,-1.6510468,bg_rep04_3924,0,xgboost,11.792334,22.339043,27.928,115.07513,31.26024,138.48262,0.42026353,28.621864
-2.0757155,-3.499785,-1.6836569,-4.038632,-1.3829429,-1.491285,-2.2626808,-1.0143974,bg_rep03_6428,0,xgboost,12.565667,23.93278,25.388,101.51859,25.672909,324.82187,-0.2451888,25.42221
-0.9725651,-3.7936323,-0.6768465,-2.825217,-1.326701,-3.6166399,-0.6524914,-1.2506803,bg_rep05_8699,0,xgboost,9.940333,28.696112,24.912,51.532906,28.59185,1310.6824,-0.045369178,38.267166
-1.563953,-3.3100293,-1.1119894,0.46643835,-2.0317938,-2.2156668,-1.447738,-2.8348837,bg_rep02_937,0,xgboost,14.115334,25.162817,25.26,68.44131,18.916649,456.2383,0.11690802,44.798737
-2.056421,-2.7876983,-2.0103977,-4.032818,-1.206191,-0.73512554,-2.2267823,-2.4839826,bg_rep04_5153,0,xgboost,12.698,26.689928,29.768,121.68884,17.837101,246.79517,-0.04780284,51.66683
-2.4225838,-3.5006924,-3.4964094,-3.1726856,-1.7692327,-2.239612,-2.6831346,-1.5842526,bg_rep01_2767,0,xgboost,8.064,25.922592,31.572,57.263462,25.055576,94.98029,-0.5163413,34.319675
-1.2885355,-3.9463224,-1.1799525,-4.4126434,-1.4637115,-0.8079552,-1.0456662,-1.8017347,bg_rep02_6090,0,xgboost,14.072667,24.306803,26.32,95.08113,20.39332,299.34476,0.005186268,39.916553
-3.483493,-3.2273092,-2.700678,-3.058975,-0.72938305,-0.35090134,-0.03548418,0.04529996,bg_rep03_1832,0,xgboost,7.784333,25.779352,32.112,59.559834,0.0,0.0,0.0,0.0
-0.7294713,-3.6131742,-1.4850495,-2.7117136,-1.1927565,-1.3421589,-1.9514359,-2.8267395,bg_rep05_2510,0,xgboost,8.584333,23.048903,21.152,35.500954,18.994919,771.05347,0.13710482,45.09836
-0.8243169,-2.6384223,-0.46400866,-4.755724,-1.180178,-1.3632414,-2.1134462,-2.210489,bg_rep04_9335,0,xgboost,11.584333,23.351744,27.4,115.45312,26.749193,231.60237,0.012838326,43.20896
-1.2948427,-4.6448674,-0.42817613,-4.659326,-0.9708765,-1.6798365,-0.7876817,-1.7913635,bg_rep01_4113,0,xgboost,11.534,22.04342,27.492,116.589005,30.035393,146.20293,-0.013388183,39.693798
-3.8044431,-3.858808,-1.117793,-2.8583376,-1.0632411,-1.8418834,-2.9573176,-1.611162,bg_rep05_3406,0,xgboost,13.512667,30.343721,28.168001,102.50851,15.77714,1554.1846,-0.29674408,48.83947
-1.2155647,-4.6745753,-1.9959657,-4.0367494,-2.0322387,-2.0775616,-2.248434,-1.634063,bg_rep01_3019,0,xgboost,11.712,22.655525,26.364,110.71087,27.501598,154.65346,0.18738209,29.21825
-3.5911362,-3.3456037,-2.9182787,-1.737308,-0.4569259,-0.35342905,-0.016827906,0.24434894,bg_rep05_1454,0,xgboost,7.724,26.105179,30.944,60.97208,0.0,0.0,0.0,0.0
-3.8186655,-1.9481437,-1.8246609,-3.8832476,-1.0551672,-0.11629268,-0.96024585,-1.473907,bg_rep03_9035,0,xgboost,13.5286665,27.94717,26.460001,123.47951,17.456999,735.64044,0.5472847,52.245754
-3.4742105,-5.0337453,-3.0174046,-2.5055807,-0.82514584,-0.34424278,-0.07080073,-0.20472537,bg_rep05_150,0,xgboost,7.720333,25.206783,31.22,52.411682,0.0,0.0,0.0,0.0
-1.3801398,-2.5924385,-1.1098316,-3.868753,-1.032478,-0.54352945,-1.6384776,-2.2600334,bg_rep02_2498,0,xgboost,11.878,25.033722,24.32,97.6814,20.384012,677.46484,0.0057939314,36.911453
-3.5900729,-3.4653344,-1.8640059,-2.0765586,-1.4175934,-2.2707062,-2.0975976,-1.7161373,bg_rep02_5685,0,xgboost,13.716,29.287666,29.064001,93.39104,18.464895,1556.021,-0.79501545,38.645752
-4.109283,-3.3964427,-2.0086236,-2.807754,-1.2552255,-1.9520518,-1.5058173,-2.0364118,bg_rep02_5569,0,xgboost,13.960667,25.132618,20.407999,89.67646,20.916626,1510.2556,-0.021224385,44.536068
-3.5647273,-3.451526,-1.5264719,-2.775697,-0.8864802,-0.41661397,-0.18843296,-0.32799435,bg_rep05_4928,0,xgboost,7.4676666,25.9763,28.324,60.04431,0.0,0.0,0.0,0.0
-2.4521632,-2.557487,-1.208884,-5.1415386,-2.1029272,-1.3518008,-1.6278087,-2.4681392,bg_rep05_4144,0,xgboost,12.761,24.949167,27.140001,122.409805,24.443941,219.61957,-0.047790054,43.588768
-0.81275463,-2.0556884,-1.4138278,-4.745196,-2.1448708,-1.647443,-2.2254324,-1.0843976,bg_rep01_4077,0,xgboost,12.222333,23.317944,25.392,106.37611,24.590145,200.00154,-0.24232994,29.506443
0.48951015,-4.0234513,-0.39542145,-1.3036653,-0.88005966,-0.86713773,-2.9711325,-2.3139467,bg_rep05_643,0,xgboost,10.770333,29.934223,28.48,84.79479,28.99485,236.23804,-0.26037967,36.481815
-1.7072603,-4.702294,-0.9931386,-2.971373,-1.3192787,-0.7263857,-0.58668095,-2.852029,bg_rep01_2509,0,xgboost,12.370334,22.908024,24.344,93.797165,20.400026,620.11896,-0.4657361,42.190166
-2.4924212,-3.5339625,-1.5800213,-2.6787534,-0.9759167,-1.5491886,-0.49228117,-1.0268288,bg_rep03_4157,0,xgboost,12.939667,31.134907,27.3,94.04952,15.489187,1626.0774,0.48757324,51.74792
-2.2311642,-3.6567063,-3.5494883,-0.86522377,-2.464004,-2.2543993,-2.4469566,-1.8175875,bg_rep02_9826,0,xgboost,8.484,27.136642,31.572,65.5285,24.882963,147.43947,-0.7076901,35.283203
-3.4880686,-3.1474333,-2.2493415,-2.0512362,-1.8057746,-1.3295506,-3.0640442,-2.3343513,bg_rep01_7403,0,xgboost,13.084,25.44535,21.884,63.955284,19.260214,769.8443,-0.22293645,41.00417
-3.065627,-5.6601787,-3.3551233,-2.0417302,-0.7155188,-0.15810949,-0.3337981,-0.473502,bg_rep01_4736,0,xgboost,6.755333,24.240465,30.676,61.790077,0.0,0.0,0.0,0.0
-2.2643166,-3.4013934,-2.3412633,-3.7510865,-0.9441566,-1.5787933,-0.44930315,-0.2758782,bg_rep05_9258,0,xgboost,12.633667,31.714195,25.196,96.172676,0.0,0.0,0.0,0.0
-0.8727817,-2.7140977,-0.7571106,-4.3156776,-1.4578508,-1.5037115,-2.5741413,-1.8602946,bg_rep02_4746,0,xgboost,10.973666,25.280287,28.264,110.77785,31.365429,7.5330315,-0.8552686,26.532675
-2.3949933,-3.0976849,-1.8430716,-3.0734193,-0.7535243,-1.7004231,-2.0563147,-2.4831817,bg_rep02_9613,0,xgboost,12.778,25.710262,29.9,113.47823,18.79951,185.017,0.19360858,46.79028
-1.7953479,-3.2735872,-1.0971538,-0.45557654,-1.1613199,-1.5760746,-1.4980066,-1.4742708,bg_rep03_9867,0,xgboost,9.766666,28.820429,28.268,73.17008,28.826235,175.03845,-0.35877684,31.517353
0.73347944,0.1489114,-0.21806373,-0.105068445,0.99135643,0.5801498,0.7431036,1.3076091,presence_58,1,xgboost,12.408667,25.383902,26.072,99.84183,21.108572,495.29767,0.30713296,29.911062
-0.5613208,7.492196,-1.0781,0.60284823,0.33040372,0.3198874,0.50819194,1.4475361,presence_247,1,xgboost,11.093333,49.799484,26.812,39.97058,0.0,0.0,0.0,0.0
-3.5923636,-5.7054744,-2.9322164,-2.4986002,-0.7089198,-0.19097665,-0.29379627,-0.46085012,bg_rep01_7597,0,xgboost,7.5386667,24.20584,32.68,48.529465,0.0,0.0,0.0,0.0
-2.3037431,-2.2362857,-0.6777732,-3.933869,-0.680748,-1.7399421,-1.9370437,-2.1416194,bg_rep03_4235,0,xgboost,12.6883335,25.458132,29.396,119.41424,21.13209,160.61032,0.21594903,57.719917
-3.1669872,-3.4763937,-0.24782324,-3.292222,-0.7527966,-0.6722971,-0.117372416,-0.05236646,bg_rep03_7970,0,xgboost,14.363,30.60907,31.192,95.164696,0.0,0.0,0.0,0.0
-3.2026765,-2.2823136,-0.30186182,-0.65143967,-1.1906943,-1.5415765,-2.26115,-3.210828,bg_rep02_1327,0,xgboost,14.674334,26.036787,27.544,64.007576,27.295546,186.78601,0.5358325,29.104637
-2.2158651,-2.0601583,-1.1812439,-4.86847,-1.2670695,0.33976683,-1.7390609,-1.9505304,bg_rep03_7638,0,xgboost,13.247,27.750546,26.0,126.567314,21.21496,685.79834,-0.41821945,49.835495
-1.1436965,-4.799342,-1.4809226,-0.10326858,-1.2344776,-1.651665,-0.5643432,-1.7132496,bg_rep03_9338,0,xgboost,11.055333,20.664173,27.3,81.925804,26.146334,45.559273,0.35055265,26.908545
-2.1229024,6.4610815,-1.9438368,2.2806098,0.54663134,0.17381217,0.28647143,1.4010203,presence_222,1,xgboost,12.731,48.532326,23.792,20.522444,0.0,0.0,0.0,0.0
-1.455421,-3.4057214,-1.313404,-4.4579334,-1.1732785,-1.3677623,-0.124063365,-0.00016211346,bg_rep04_6472,0,xgboost,12.535334,31.22903,26.968,92.04842,0.0,0.0,0.0,0.0
-1.7821118,-5.5959764,-2.3824008,-0.9686337,-1.978006,-1.5364817,-1.9484462,-2.045135,bg_rep03_7081,0,xgboost,12.085333,22.08577,26.284,75.605606,28.776182,72.418175,0.47144008,28.940289
-0.35755268,-5.633997,-2.4921918,-0.1317583,-2.5289092,-2.2950788,-2.3465314,-2.3054647,bg_rep04_7213,0,xgboost,10.519667,19.635035,26.348,80.002625,29.205118,39.6988,0.20260534,29.988745
-1.9383636,-3.2931826,-1.2198167,-2.7691894,-1.159025,-1.7960877,-1.8681542,-1.502949,bg_rep02_9888,0,xgboost,12.564667,28.985573,26.78,101.49783,21.009892,1741.8679,0.20318905,42.448784
-0.64310354,-4.682893,-1.3592497,-2.1614184,-1.7643391,-1.0955969,-2.3719893,-2.1242368,bg_rep04_582,0,xgboost,10.651333,20.53071,27.236,93.29527,28.47704,62.13775,0.18871616,29.347088
-4.506549,-2.4164007,-1.8000885,-0.70441294,-1.5153337,-1.243378,-2.4725146,-2.1743286,bg_rep01_5203,0,xgboost,13.586333,25.798141,21.935999,69.417656,19.654125,978.4411,-0.46584246,42.606354
-2.560665,-2.5372736,-1.746914,1.3348343,-1.2390385,-1.7036014,-0.43825307,-1.8105309,bg_rep04_9055,0,xgboost,12.733334,24.504143,20.992,71.377075,20.515318,1151.5128,0.42759436,39.971786
-3.879784,-2.8839362,-2.1983764,-0.7173596,-1.8350192,-2.4396532,-0.4746871,-1.3627447,bg_rep01_3602,0,xgboost,7.466666,24.340416,28.776001,19.660612,25.389711,328.14236,0.4428991,34.99519
-1.9608278,-2.3744211,-1.8365784,-0.022979854,-1.5251535,-2.2534976,-2.4024615,-2.8406837,bg_rep04_8286,0,xgboost,13.367,25.38552,23.78,69.61453,20.530718,518.97833,0.20002154,38.79694
-3.5350945,-3.3358243,-3.179951,-2.6777108,-0.5907521,-0.39497936,-0.00979119,0.15118249,bg_rep05_5992,0,xgboost,7.7846665,26.07055,30.524,59.337288,0.0,0.0,0.0,0.0
-5.0778823,-3.3131678,0.2172576,-3.5414608,-0.83144194,-0.5506399,-0.10196589,-0.22089377,bg_rep05_2778,0,xgboost,14.5963335,30.856445,31.7,93.99589,0.0,0.0,0.0,0.0
0.58859247,-2.2731564,-1.7233602,-2.8333378,-2.126921,-1.3127043,-1.8426299,-1.5683568,bg_rep05_4433,0,xgboost,10.342,25.25889,27.9,99.50913,23.984207,7.9840803,0.018404922,34.00875
-1.9832767,-2.95157,-0.9255191,-1.9462982,-1.1418331,-1.6624871,-1.7818348,-2.9784033,bg_rep05_3891,0,xgboost,8.259334,24.844584,23.024,38.930706,22.092943,128.10712,0.01709693,48.32517
-4.034282,-4.485923,-1.5212086,-3.0023978,-1.8056312,-1.6266642,-0.5896536,-2.0516617,bg_rep03_316,0,xgboost,13.443,22.709305,25.912,89.79979,22.032103,400.6795,-0.4239685,39.455425
-3.5630789,-3.1815236,-3.324644,-1.6210086,-0.77829635,-1.5995187,-2.3662841,-2.5775774,bg_rep02_4196,0,xgboost,8.149,26.97987,32.472,64.71071,26.816164,472.84613,-0.21798657,29.12569
-1.5896719,-2.6454034,-1.0918351,-2.6093059,-1.4654472,-0.27375054,-3.2006128,-2.7412853,bg_rep02_8083,0,xgboost,12.441,25.59034,24.368,102.25811,19.237812,649.6967,-0.22394732,36.29037
-2.8611996,-3.1955452,-1.1727991,-0.5807834,-2.107331,-2.1659486,-1.684145,-3.3824997,bg_rep05_5664,0,xgboost,14.220667,25.726656,24.436,72.53229,19.541628,569.8278,0.11454713,43.071316
-0.863825,-3.5849066,-2.0884774,-2.0648127,-1.0153049,-1.5860596,-2.3305657,-1.9886229,bg_rep01_2054,0,xgboost,11.456667,24.877674,20.128,62.71113,18.656391,834.906,0.05194433,41.882263
-0.23136148,-2.9851778,-1.8200296,-1.8959656,-0.8177287,-2.1732092,0.9093193,-1.9679968,bg_rep04_7604,0,xgboost,11.771333,24.696486,28.84,100.25136,18.764572,104.374535,0.61455643,44.672295
-0.82229173,-5.669703,-1.5911961,-0.2973199,-1.9666095,-1.8420722,-0.014178502,-0.65854526,bg_rep05_329,0,xgboost,10.843,21.103542,26.6,74.81326,32.278732,58.058224,-0.029378414,22.585215
0.311541,-3.3301115,-0.17659453,-1.6085103,-1.4024994,-1.4402032,-2.639988,-2.099511,bg_rep02_6145,0,xgboost,10.779667,32.06707,28.412,52.396267,27.118845,600.1405,-0.8112218,36.328735
-0.90949833,7.1083465,-1.7734267,-0.06785042,0.5298252,0.7452714,0.34890455,1.5625571,presence_5,1,xgboost,8.194667,86.441635,17.5,47.389465,0.0,0.0,0.0,0.0
-2.7156808,-2.6595652,-1.1527369,1.1183071,-2.0090055,-2.4722884,-1.5004202,-2.0462382,bg_rep03_5853,0,xgboost,8.84,26.616884,26.66,67.456085,25.521255,301.97552,0.8389351,38.37675
-0.95160234,-3.7572367,-2.4140575,-4.7413597,-0.9764814,-1.8504585,-0.27472246,-0.24632028,bg_rep02_5349,0,xgboost,12.367333,31.851585,24.452,89.800606,0.0,0.0,0.0,0.0
0.5939224,-3.3186357,-1.2050482,-5.742076,-2.524587,-1.9724584,-2.343596,-0.18170376,bg_rep01_5368,0,xgboost,10.390333,27.38911,25.184,103.592316,23.925844,447.52032,-0.19341113,33.564938
-2.2299476,-4.9425426,-1.979842,-0.3190757,-1.8655088,-1.4856883,-2.3693547,-0.020807048,bg_rep01_6954,0,xgboost,12.121,21.734686,25.452,73.383484,28.09705,76.4781,0.19766483,32.58193
-1.2197757,-4.346403,-0.44374382,-0.18435003,-0.37921903,-1.7562842,-1.6587136,-3.1700318,bg_rep01_9354,0,xgboost,11.211333,22.019274,23.308,68.96857,21.152308,499.71292,0.110986575,44.30037
-3.7667122,-2.9419897,-2.8647583,-2.8012156,-0.91835654,-0.41531312,-0.110792644,-0.07543315,bg_rep04_9026,0,xgboost,7.584,25.767872,28.996,56.90162,0.0,0.0,0.0,0.0
1.5316554,-0.60934156,0.95434654,-0.10035212,0.5453423,-0.39258313,0.17843069,1.7494903,presence_137,1,xgboost,10.222,20.435825,24.548,86.20164,21.683805,421.77402,0.40161908,33.506657
-2.0960813,-3.6009257,-2.3144176,-3.2063174,-2.5150833,-2.3188674,-0.6424953,-1.9318627,bg_rep01_64,0,xgboost,13.308667,28.655298,22.12,91.381485,23.369085,1134.9403,0.44312498,40.639385
-2.5565915,-3.5357587,-1.2299546,-1.1383249,-1.2858398,-1.4787457,-1.1151279,-1.8085228,bg_rep02_4830,0,xgboost,12.616667,23.726242,25.992,78.25532,20.38484,370.42242,-0.012187882,34.76041
-2.3767421,-2.8228858,-0.2940787,-1.4539653,-0.3454423,-2.9629312,-1.2580477,-1.6838313,bg_rep02_7616,0,xgboost,8.644334,25.009644,28.132,23.077456,27.767685,460.8765,0.47241697,39.219814
0.74368316,-2.6365497,-0.12404749,-1.9641374,-0.25551754,-1.4911133,-2.2931275,-2.1438668,bg_rep02_1480,0,xgboost,10.425667,27.488047,29.432,87.39154,27.372765,14.822847,-0.37745512,37.182243
-2.5526128,-3.3620417,-0.7611123,-1.7708261,-1.4088093,-2.498505,-2.577224,-1.9788791,bg_rep05_1628,0,xgboost,6.677,21.028597,24.756,23.715256,26.357458,549.7453,0.061742336,36.301792
-2.3490722,-3.5946598,-2.7401595,-3.0257242,-2.5111673,-2.2579155,-1.3958013,-2.3235967,bg_rep02_291,0,xgboost,12.553333,28.671051,21.944,91.76153,22.08915,1219.4547,-0.002788091,35.41356
-2.7385125,-4.3494306,-2.5886948,-2.7595284,-1.0769957,-0.46664524,-0.32039827,-0.940686,bg_rep03_7489,0,xgboost,6.8226666,24.559635,28.112,59.8946,0.0,0.0,0.0,0.0
-4.696223,-2.9568334,-1.4187797,-4.258636,-0.6062651,-0.79418385,-0.30120125,-0.5308061,bg_rep03_1569,0,xgboost,13.769,32.65892,29.032,101.05006,0.0,0.0,0.0,0.0
-2.7329013,-3.0111613,-3.3944018,-3.0435092,-0.027960759,-1.5168873,-2.9965396,-0.84098035,bg_rep03_6642,0,xgboost,8.052334,28.072561,30.152,38.026264,30.79147,9.422026,-0.52256054,26.864138
-1.3518786,-5.123151,-1.71432,-1.77529,-1.7206131,-1.7071416,-2.1076849,-1.9377803,bg_rep02_4027,0,xgboost,11.100667,20.992184,27.084,83.398254,27.510931,53.723156,0.24838123,24.309765
0.5039145,-1.7156838,-1.2129942,-2.2971582,-1.3923445,-0.34430063,-0.6674992,-0.4188187,bg_rep04_6493,0,xgboost,10.444667,27.849474,27.744,93.674484,30.90486,285.8805,-0.42214972,30.839476
-3.1699383,-2.1688206,-2.1273124,-3.1751697,-2.6670692,-2.3749478,-0.8876896,-2.09102,bg_rep02_2667,0,xgboost,12.852667,27.78114,22.832,89.34075,23.469883,1085.594,-0.024505809,39.286354
-1.1796224,-2.9455442,-1.4484328,-2.9805737,-1.3073994,-1.5394026,-1.5118654,-2.581034,bg_rep03_2903,0,xgboost,11.108,26.35225,23.924,92.5096,19.61044,474.47543,-0.79909295,37.641804
-0.8783792,-5.591096,-2.38388,-0.58940846,-0.8436479,-1.6246479,-1.2114606,-1.331568,bg_rep01_1662,0,xgboost,10.968,22.380018,26.492,80.55054,6.9400935,65.38899,0.39725477,7.898751
-3.7692766,-2.5257668,-3.5906637,-2.2065418,-1.7335398,-1.6346561,-3.16618,-1.3820039,bg_rep04_310,0,xgboost,7.6953335,26.039976,29.948,61.38011,23.717945,463.36923,-0.2292829,33.274296
0.9786354,-4.788793,-2.6462064,-0.9082749,-1.43206,-1.644362,-1.581712,-1.3229619,bg_rep03_6668,0,xgboost,10.435667,19.836655,26.424,77.93216,27.119917,46.360287,-0.06884525,34.804344
-2.2814872,-4.03643,-3.4758751,-0.56367195,-2.3421135,-1.8564295,-1.2459676,-2.0084307,bg_rep01_2504,0,xgboost,9.122334,28.568,29.8,65.01948,24.115875,613.18964,0.41756445,35.75655
-0.58401245,-3.4550705,-1.027144,-3.6206405,-0.44852915,-1.0311885,-2.370003,-1.4798279,bg_rep05_549,0,xgboost,10.88,24.162743,27.668001,102.30894,28.385576,29.858627,-0.24078561,41.521606
-0.21750781,-2.485095,-1.7112375,-1.4589099,-1.8280449,-0.7696644,0.41357777,-1.4424309,bg_rep05_5108,0,xgboost,6.916667,21.282051,27.725,96.1889,11.208495,1.9404742,0.7063081,33.22346
-2.967096,-2.9857166,-4.390358,-1.4394284,-2.1452737,-0.3056011,-1.4488328,-2.6419,bg_rep03_4932,0,xgboost,8.363,27.42327,30.432,64.538666,25.607565,691.2926,-0.44632825,28.90968
-1.0634125,-2.858726,-1.5001417,-4.8439984,-1.6705675,-2.161712,-1.1902075,-0.42138597,bg_rep02_3351,0,xgboost,11.646667,23.128656,24.996,103.90441,25.650196,362.2377,-0.018212808,30.773293
-1.1065601,-2.5231826,-0.7026481,-1.7234164,-0.75179476,-1.9824066,-1.9646618,-1.3508854,bg_rep02_9772,0,xgboost,4.78375,16.185925,24.0,24.71598,20.382305,119.78354,-0.63449955,34.708023
-3.0878758,-2.9914017,-4.4848804,-0.37273827,-2.1395469,-2.6843455,-1.7898283,-1.0026922,bg_rep01_5441,0,xgboost,8.331667,27.392382,30.22,67.43954,25.501152,866.7049,-0.051823635,28.514462
-3.611465,-3.5653777,-2.913303,-2.4531138,-0.53588426,-0.22886877,0.10622305,0.024893038,bg_rep01_8071,0,xgboost,7.9753337,26.744913,31.512001,59.820835,0.0,0.0,0.0,0.0
-1.378588,-3.5861573,-1.6230003,-3.9125834,-1.566071,-1.7831922,-2.8096735,-2.128828,bg_rep01_582,0,xgboost,11.843667,24.008081,25.292,97.42033,22.962858,538.4159,-0.12573643,34.00159
-3.6007702,-3.0757155,-1.705652,-3.2301018,-1.0119315,-0.82060796,0.0694577,-0.38055527,bg_rep04_9721,0,xgboost,14.280666,30.921244,30.359999,84.040726,0.0,0.0,0.0,0.0
-3.1332033,-3.1760552,-2.4284232,-2.309162,-0.6186398,-1.1752901,-1.1196866,-1.4200414,bg_rep03_8900,0,xgboost,7.8393517,25.47082,29.016666,42.80518,23.133352,70.15907,0.5801337,23.342106
-1.5193979,-5.591631,-2.29852,-0.50810444,-2.2231338,-2.3153129,-0.2473185,0.19677058,bg_rep05_407,0,xgboost,11.559999,21.273462,26.504,76.9854,29.66342,38.99172,-0.020029888,28.296652
-0.67437583,-3.6146443,-0.6445598,-4.860024,-2.1375403,-1.1503636,-2.4570594,-2.3557467,bg_rep01_9007,0,xgboost,11.601,23.895937,27.496,104.84001,22.237408,257.08255,-0.15849553,35.555847
-1.8124712,-2.9241297,-1.779326,-2.2423675,-2.8169117,-2.809571,-0.36567503,-1.428632,bg_rep03_7621,0,xgboost,14.1310005,29.05461,31.688002,92.88862,24.694729,1093.2811,0.845671,39.604813
-0.20804685,-2.2271519,-2.0052116,-2.1814904,-1.0948133,-2.436375,-2.8101447,-1.8519119,bg_rep01_6434,0,xgboost,11.009,25.39679,21.864,54.149117,21.7854,68.78939,-0.5026411,42.885296
-1.7340075,-2.2008085,-1.9248797,-3.498544,-1.6007781,-1.7944427,-3.2472064,-1.8282981,bg_rep05_1449,0,xgboost,12.214666,25.417568,22.004,105.28361,21.190777,1168.2428,-0.060541652,34.3247
-1.5647316,-3.211022,-2.352662,-1.0918589,-1.120102,-1.7308294,-2.1448293,-1.2687322,bg_rep05_5330,0,xgboost,9.669333,27.305244,29.12,78.59679,15.765312,12.29083,0.5213356,20.00881
-1.6971399,-4.2051153,-0.71783024,-0.75477576,-0.56841993,-1.1049333,-0.47530043,0.35922927,bg_rep03_5362,0,xgboost,6.309722,21.577847,24.608334,26.784378,14.540899,5.556958,-0.003632852,28.091547
-0.7058978,-1.3923893,-1.4766821,-2.3220825,-1.994676,-1.4323956,-2.2399225,-2.042538,bg_rep01_7067,0,xgboost,8.088,23.21203,27.172,94.27899,24.23791,117.33165,0.1406424,39.2557
-1.1326703,-4.546077,-1.4572389,-3.7965953,-2.3015375,-1.5597632,-2.1353025,-2.0006938,bg_rep01_8003,0,xgboost,11.822333,22.523878,27.976,115.75204,24.653406,125.92065,-0.18446612,43.1664
-3.262994,-2.3895984,-1.9618112,-2.8227715,-1.520494,-2.642252,-1.9695039,-2.4027267,bg_rep05_5561,0,xgboost,7.681667,26.488506,28.028,64.06172,28.45107,1177.1626,-0.45623207,29.990587
-3.358597,-1.3988533,-1.646311,-4.512296,-1.1659143,-0.9955089,-0.11492926,-0.44935292,bg_rep02_8819,0,xgboost,14.36,33.42022,28.1,90.68227,0.0,0.0,0.0,0.0
-2.462819,-3.22046,-1.8622265,-3.380038,-1.8074523,-1.9772341,-2.525985,-1.892085,bg_rep05_2945,0,xgboost,14.026,25.279362,20.723999,90.080734,21.475424,1526.7151,0.047740154,43.82154
0.038625877,-1.2785082,-1.6965337,-1.3718582,-1.9317763,-1.8019518,-1.7709355,-2.4775224,bg_rep04_61,0,xgboost,8.782667,23.015375,27.156,99.71482,19.058922,27.587015,-0.45006222,50.386322
-1.9332094,-2.021355,-0.94303435,-2.8436418,-1.1756485,-1.755945,-1.3980459,-2.1074636,bg_rep03_6622,0,xgboost,7.1691666,22.992838,24.24,31.310787,20.298119,14.128185,-0.44784632,35.802296
-0.87006474,-2.144623,-1.5019761,-2.0260181,-1.6387461,-1.8125595,-0.65361637,-1.3329631,bg_rep01_5232,0,xgboost,11.59,23.38957,26.652,99.94218,27.305197,138.96178,0.35738286,28.821472
-1.7408705,-3.1822135,-2.5627866,-2.0497649,-0.58631074,-1.3178406,-2.4088466,-0.40121457,bg_rep02_9685,0,xgboost,9.322333,29.374632,32.716,48.797676,12.022472,7.338382,-0.4746859,11.228404
0.46649638,-3.6158493,-1.9954023,-0.14487588,-0.81665,-2.0906658,-1.8716224,-0.8971308,bg_rep01_1337,0,xgboost,10.822333,29.80702,29.012001,85.121666,28.523998,118.831535,-0.14632766,31.80341
-1.2042778,-4.1462016,-1.3011959,-4.9301586,-1.300039,-1.0633526,-2.2063124,-0.515042,bg_rep01_450,0,xgboost,11.291667,22.846525,26.62,111.74125,22.995848,222.62923,0.07545879,31.838192
-0.7322771,-2.865565,-0.8912606,-3.0599842,-1.6545132,-1.3685125,-2.5152366,-2.6916502,bg_rep05_9748,0,xgboost,11.732667,25.173075,24.524,88.45416,19.14994,612.4307,0.13230817,36.978626
-1.2375385,-3.2254415,-0.9033791,0.23025382,-2.104603,-1.749971,-0.99330723,-1.2210296,bg_rep05_4073,0,xgboost,12.426,24.088863,25.728,73.27315,24.60474,427.12546,0.12399073,31.654171
-3.0864782,-2.48719,-1.3494077,-2.8712003,-2.1473181,-1.2472817,-1.4631765,-1.4941468,bg_rep05_9980,0,xgboost,8.065333,25.840488,27.884,30.44127,31.103392,558.148,0.529404,34.271454
-1.415236,-2.3681247,-1.4346209,1.5781187,-1.2708399,-1.3113608,-3.0836935,-2.799607,bg_rep04_6761,0,xgboost,12.470333,26.785664,24.076,68.29842,22.508083,531.5215,-0.22561455,37.73532
-2.7957702,-2.9706066,-3.302972,-1.9746921,-2.0246832,-2.551363,-2.4704432,-1.9154365,bg_rep02_6024,0,xgboost,8.2126665,26.564455,29.964,63.877132,23.87983,444.22534,0.06371114,41.39981
-1.5566703,-1.6391066,-1.013807,-2.4408634,-1.5429133,-2.496449,-0.57971805,-2.6505425,bg_rep02_8518,0,xgboost,8.491,24.631584,22.256,36.66711,23.78755,413.5604,-0.3988205,43.464058
-1.383052,-4.619579,-1.8238264,-1.5581733,-2.0361629,-1.741219,-2.0704432,-1.2739974,bg_rep02_2788,0,xgboost,11.022,20.686937,26.98,83.148994,24.917528,51.79584,-0.22669446,26.741056
0.34794718,-3.9465032,-1.2621562,-0.12584962,-0.8399063,-0.59687763,-1.0350467,-2.0743115,bg_rep05_3703,0,xgboost,10.309334,29.327871,26.864,74.90689,28.212025,516.0466,-0.39666358,29.333096
-0.9124751,-2.9551778,-1.7222283,-5.1616483,-2.2031417,-1.7031109,-1.9221548,0.3260207,bg_rep01_8941,0,xgboost,12.372334,23.34755,26.488,107.96858,24.624676,195.14398,-0.140864,27.979261
-0.7914888,-2.8828866,-0.22571066,-2.5807383,-2.4365168,-1.4815232,-2.9726307,-1.6977365,bg_rep04_3842,0,xgboost,11.306667,26.877121,28.236,101.66993,22.700714,36.717186,-0.081840694,34.377686
-1.4078252,-4.626496,-1.3135407,-2.4099398,-2.3430123,-1.9911118,-2.2176542,-1.9290931,bg_rep05_7395,0,xgboost,10.875333,21.586609,25.768,94.279945,27.181864,317.1017,0.21340407,30.515366
-1.5185354,-5.1428275,-1.5810701,-2.7973938,-1.8550657,-1.3217231,-1.6627291,-2.162846,bg_rep03_6066,0,xgboost,11.060667,21.999893,26.656,94.914986,27.652472,195.95644,0.48412597,26.046206
-3.2175798,-2.3978283,-1.542149,-1.8939556,-1.7280722,-1.8606275,-1.9328085,-1.4801323,bg_rep05_5120,0,xgboost,7.9343333,27.420282,27.096,46.553623,23.989346,38.054028,0.25728026,41.425556
-3.653937,-3.4888456,-3.4351923,-2.8923612,-0.6774922,-0.44798028,-0.11212793,0.06862775,bg_rep02_5279,0,xgboost,7.6173334,25.828472,29.488,56.580845,0.0,0.0,0.0,0.0
-0.944567,-5.4108195,-1.5235145,-3.9737606,-2.4751694,-1.6674783,-1.3120341,-2.058871,bg_rep02_4280,0,xgboost,11.667334,22.301653,28.108,111.59241,28.996346,144.001,0.7669237,23.539925
-3.2951372,-3.3106863,-3.1973696,-1.832009,-2.2000842,-0.9998403,-1.97875,-2.2197278,bg_rep05_9014,0,xgboost,8.227333,26.42386,30.648,63.74219,25.171701,287.68405,0.015539006,43.428223
-0.94773406,-3.1669214,-1.9239526,-3.039209,-1.5519651,-0.38536134,-1.3584279,-2.5401044,bg_rep03_127,0,xgboost,11.574,25.156494,23.772,97.12054,18.198656,691.78564,0.0003678479,37.176907
-0.21374248,-2.409265,-0.5914511,-2.726761,-2.4114285,-1.506208,-0.486723,-0.55533767,bg_rep01_4565,0,xgboost,12.422,25.241812,25.892,98.249886,25.050138,436.9254,0.32315764,29.173227
-0.5626499,-1.39798,0.2735917,-3.2571638,-1.1277503,-1.7506437,-0.7004322,-1.9818689,bg_rep02_2573,0,xgboost,11.564,24.794168,28.256,102.18231,26.230951,96.39731,0.3599853,37.262875
-1.148434,-3.638712,-1.3279744,-2.9165587,-0.26920703,-0.9804298,-2.3818688,-2.7130973,bg_rep01_5342,0,xgboost,11.852667,23.562075,24.156,100.77199,20.15604,777.64813,0.19593015,36.07149
-3.526746,-5.012751,-3.0550377,-2.4679406,-0.9079894,-0.21306628,-0.33661234,-0.34194756,bg_rep02_5776,0,xgboost,7.2766666,23.561285,32.196,48.364246,0.0,0.0,0.0,0.0
-3.503917,-1.3568789,-3.454189,-3.8183396,-0.35542044,-0.9026043,-0.3532284,-0.03452222,bg_rep02_9866,0,xgboost,13.031667,35.477695,19.772,95.56503,0.0,0.0,0.0,0.0
-2.3724887,-2.2805793,-1.8750547,-3.8108776,-1.66643,-1.3117819,-2.558962,-1.9461677,bg_rep05_7916,0,xgboost,12.584333,25.45169,28.803999,124.60625,23.042755,159.4401,0.079920016,54.662468
-3.5076623,-3.828967,-1.5265045,-2.6721466,-1.5645496,-1.9782406,-2.0791276,-1.8982611,bg_rep05_9341,0,xgboost,13.396334,31.85659,27.808,92.41085,18.52046,1528.0582,-0.4367146,41.167446
-3.332081,-3.5735974,-3.1961539,-2.5476508,-1.7455026,-1.1375798,-1.6301115,-1.5433561,bg_rep02_8711,0,xgboost,8.186,27.293945,30.164,46.254585,31.707132,114.85881,-0.12689498,33.917652
0.22172742,-3.0263495,0.88321686,-2.0446858,-2.15065,-1.0386478,-1.2121202,-1.4188538,bg_rep04_7519,0,xgboost,10.670333,28.585333,28.54,89.45276,29.56357,196.15646,0.32541203,34.64259
-1.49008,-4.636687,-1.9446126,-4.909237,-1.6164985,-1.1795274,-1.329065,-1.2734826,bg_rep02_1662,0,xgboost,11.062,21.089758,26.768,114.733986,31.1869,170.50954,-0.138277,25.091553
-3.3896341,-3.2133086,-0.45054474,-3.470788,-0.9819304,-0.60929763,-0.17420714,-0.53272146,bg_rep03_7991,0,xgboost,12.992666,31.340858,28.608,95.06885,0.0,0.0,0.0,0.0
-3.5662842,-3.7325668,-2.4012773,-2.8925328,-2.686768,-1.4480921,-1.3914617,-1.0594879,bg_rep02_7236,0,xgboost,7.871667,24.93559,31.855999,50.96527,34.610966,27.727291,0.33186632,21.67057
-1.5393903,-5.516919,-1.4922849,-2.7137084,-1.1236999,-1.8004332,-0.5142638,-1.2032582,bg_rep04_4570,0,xgboost,11.089334,20.502392,26.6,89.218056,31.210896,52.467342,-0.12089402,26.600174
-1.770342,-1.4162319,0.17711478,-1.6047724,-0.76340616,-1.0934457,-0.64074826,-2.2826726,bg_rep03_4954,0,xgboost,8.506667,24.554516,23.884,30.961893,22.18991,239.60715,-0.39074594,41.81533
-1.8405674,-3.8120985,-0.4538904,-2.9472718,-1.1316761,-2.059775,-1.8759258,-3.2306368,bg_rep05_5415,0,xgboost,6.8910003,21.746403,22.388,30.71955,19.40036,486.9174,0.15325685,47.02016
-4.1386437,-2.9566753,-1.5096489,-3.283521,-1.2577177,-1.5573117,-0.96669513,-2.0854683,bg_rep01_2379,0,xgboost,13.767667,23.185698,26.039999,91.28943,21.527336,441.52515,0.374422,41.871544
-0.7615722,7.579672,-1.3726588,0.34614453,0.4389609,0.5416401,0.27988318,1.3010541,presence_229,1,xgboost,9.483,44.22216,23.396,33.436245,0.0,0.0,0.0,0.0
-0.38795775,-6.052724,-1.5582876,-2.4894998,-0.63533366,-1.5878956,-2.2678466,-0.6549849,bg_rep04_8625,0,xgboost,10.787,20.274792,26.916,86.564316,30.701275,54.36136,0.0519484,27.286476
-2.4028194,-4.151309,-1.0318626,-2.2182488,-0.87916696,-0.7127127,-0.15987733,-0.41954833,bg_rep01_2659,0,xgboost,6.7766666,24.921545,24.812,58.189068,0.0,0.0,0.0,0.0
-1.3250221,-3.2159219,-1.4328188,0.23807245,-1.7257133,-2.2276483,-0.5984881,-3.0553336,bg_rep05_5370,0,xgboost,14.1623335,25.2448,27.716,65.10912,27.278522,116.98323,0.23847951,29.276651
-1.8307006,-4.6918273,-1.5826834,-0.08116384,-1.9255954,-1.4587241,-1.8870546,-1.1601915,bg_rep04_8771,0,xgboost,12.28,21.905102,25.376,73.36239,28.001143,117.65679,0.060684375,33.136303
-2.6314583,-3.6207092,-2.2436168,-1.7616519,-1.4413068,-1.5292085,-1.6803787,-1.5425249,bg_rep02_8763,0,xgboost,13.189667,25.545528,20.963999,63.495377,20.561022,947.6973,0.10474159,41.738342
-4.8257375,-1.0801729,-3.078711,-4.6839323,-0.26570046,-1.0469505,-0.44866523,-0.1976377,bg_rep05_1663,0,xgboost,13.802,35.270367,16.18,98.067345,0.0,0.0,0.0,0.0
-0.86379373,-4.70691,-0.19086567,-3.7493467,-1.5385529,-1.4723938,-2.3400364,-1.6263814,bg_rep03_4092,0,xgboost,11.704667,22.402132,28.408,121.411514,22.933357,142.62543,0.18481274,53.751415
-2.8030496,-2.9708955,-1.6695043,-4.220385,-2.3501205,-1.6956385,-2.0917645,-2.1419935,bg_rep02_9802,0,xgboost,12.847667,26.275496,29.052,126.20257,24.093555,185.90813,0.19003695,48.83578
-1.1160707,-2.7427487,-1.4283172,-2.3343651,-2.6935425,-1.6181282,-1.1905658,-1.9786391,bg_rep05_6208,0,xgboost,12.203333,25.169815,25.22,99.853294,25.10078,445.79703,0.45905557,30.19804
-3.1548352,-2.3288448,-0.9425773,-5.1065865,-0.4388995,-1.5777196,-1.018514,-1.2424052,bg_rep01_6243,0,xgboost,13.447333,27.298687,26.776,127.7189,28.137445,377.31964,-0.6715776,35.773354
-1.8680444,-2.546337,-0.8403784,-2.01407,-2.4099064,-3.3986847,-2.0880156,-1.1647614,bg_rep03_1844,0,xgboost,8.398667,27.80647,27.408,63.482735,23.740643,1060.3094,-0.29700845,31.937145
-4.507902,-0.99009234,-1.2532386,0.9544371,-1.3680819,-2.134301,-2.3137655,-0.7604941,bg_rep02_1409,0,xgboost,14.884666,27.687252,24.66,71.26588,19.942125,586.3099,0.1884122,40.52618
-1.8806655,-3.3234875,-1.0568148,-5.1286592,-1.3872418,-0.9034714,-2.615336,-1.3480811,bg_rep04_2509,0,xgboost,12.114666,23.968555,23.784,102.943146,23.115486,646.2896,-0.13873824,33.024246
-2.5633938,-1.8520453,-1.8894191,-1.5665064,-2.2091823,-3.2570257,-2.2083747,-1.3706474,bg_rep01_38,0,xgboost,8.268333,27.76099,25.468,64.41376,28.973475,1477.4111,0.050189193,26.564548
0.57883894,-3.4249082,-1.8587785,-1.7723602,-0.46425214,-1.0689919,-1.1630437,-1.8599164,bg_rep02_5016,0,xgboost,10.661,23.867199,19.612,61.92466,20.31416,749.2166,-0.4069191,40.940636
-3.5194902,-3.8585691,-2.6171832,-2.8390002,-0.5656172,-0.35681608,-0.04605426,0.10685108,bg_rep01_7973,0,xgboost,7.7883334,25.961111,31.776,60.15796,0.0,0.0,0.0,0.0
-3.0523698,-5.217626,-1.8969241,-1.1141858,-1.2344652,-2.3683593,-2.4536543,-2.4806387,bg_rep05_927,0,xgboost,14.042334,22.932997,26.052,81.57919,28.413311,57.603268,-0.82908,29.17078
-1.2211442,-2.8398504,-1.0541261,-3.6385655,-1.21001,-1.762007,-2.496383,-2.1117275,bg_rep02_1488,0,xgboost,11.993667,25.26046,28.2,106.65273,20.225134,78.73645,-0.36790532,49.036934
-2.6088893,-3.1004703,-1.9541179,-3.2552736,-0.8574145,-1.472649,-1.6934626,-2.1528804,bg_rep05_9659,0,xgboost,12.81,25.72289,29.6,120.82412,19.94653,161.37459,-0.022100914,54.144917
-3.6328688,-3.818446,-2.895124,-2.7256064,-0.5765799,-0.42262194,-0.04952149,0.1488811,bg_rep01_8299,0,xgboost,7.7023335,25.958256,31.3,57.137924,0.0,0.0,0.0,0.0
-2.0656695,-0.110147,-1.3996817,-3.5453775,-2.1716888,-0.78915125,-1.4749415,-1.4169291,bg_rep04_219,0,xgboost,12.619667,25.39986,25.288,101.414276,24.659332,560.9733,-0.36172035,33.89535
-1.0877621,-5.8452454,-1.5381762,-2.0273952,-0.64919466,-1.6439233,-0.9839779,-1.1155305,bg_rep04_6495,0,xgboost,12.234667,22.54324,27.04,94.46258,30.488903,71.06395,-0.1863235,28.75777
-0.9625152,-2.5638201,-1.8439635,-4.5559964,-1.017675,-2.0545099,-0.73725396,-1.8286582,bg_rep04_2082,0,xgboost,11.506333,22.950241,27.064001,116.40394,27.985378,205.51466,-0.43685374,37.740234
-2.8732276,-3.9799187,-2.381558,-2.7900934,-1.0576485,-1.0643297,-1.0274022,-0.97294384,bg_rep04_9459,0,xgboost,6.9249997,25.600739,28.8,57.796734,12.602549,6.4510117,0.44764674,12.8344965
-2.005647,-2.4528472,-1.8332582,-3.4804974,-0.8530762,-1.9967775,0.2619746,-1.4798156,bg_rep03_2460,0,xgboost,12.657,26.734116,29.216,127.50068,16.694147,329.22964,0.46478704,44.518993
-3.6187568,-5.486586,-2.9428704,-2.4406931,-0.78579557,-0.16561252,-0.2808444,-0.32429266,bg_rep02_5608,0,xgboost,7.4919996,23.893353,33.368,46.528316,0.0,0.0,0.0,0.0
0.21659896,-4.0421343,-1.1010479,-3.6945903,-0.8801142,-1.6389253,-1.0821704,-2.1728816,bg_rep04_9866,0,xgboost,10.293666,23.797083,28.68,103.469505,15.5557375,25.213736,0.47498927,19.445215
-0.6673796,-4.6009083,-1.187157,-3.978119,-0.418881,-0.97964984,-2.2928371,-1.4230491,bg_rep01_2567,0,xgboost,10.64,22.089354,27.452,111.33421,8.293296,221.02748,0.060936816,12.460419
-2.4147625,-3.2752695,-1.8582536,-3.318571,-0.9565199,-1.7352885,0.03770208,-1.0799519,bg_rep05_7228,0,xgboost,12.607,26.295261,29.303999,113.8105,15.716263,291.3175,0.9317934,55.659252
-2.1686664,-4.0975223,-1.5659908,-3.1956744,-1.5412757,-0.99510115,-3.302705,-2.2701566,bg_rep03_9079,0,xgboost,12.315333,23.211952,24.18,100.34238,19.183123,689.65704,-0.10279282,40.287518
0.106754415,-2.7833993,-1.0033866,-0.37655056,-1.5021157,-2.2162359,-1.797842,-1.362985,bg_rep01_865,0,xgboost,8.318333,21.752964,23.779999,82.97285,16.01903,29.501951,-0.07975947,18.166147
1.4465672,0.67046195,1.9528953,0.44456437,-0.7379912,-0.39011744,0.90783745,0.79945123,presence_97,1,xgboost,8.948,21.062048,23.292,77.82186,25.215416,158.70386,-0.48888698,32.6444
-0.9268514,-3.2193134,-0.75865316,-2.2595026,-1.9542696,-1.7515284,-2.9103112,-2.8800526,bg_rep05_7184,0,xgboost,8.856667,24.368992,23.088001,39.309856,18.294012,51.233253,-0.28832638,45.12068
-1.0851995,-4.0839505,-1.3797591,-2.6728916,-1.8951216,-2.0428379,-2.4680557,-2.739,bg_rep01_8359,0,xgboost,12.516666,31.266653,26.972,89.525314,19.16773,1588.6869,-0.12413985,35.46727
-4.749748,-3.4159496,-0.45417914,-4.1220007,-0.84962887,-0.7944688,-0.2402945,-0.5493518,bg_rep02_4688,0,xgboost,13.846666,30.254034,29.4,97.28232,0.0,0.0,0.0,0.0
-1.3332665,-4.648372,-0.40092164,-4.2914824,-1.2189747,-1.7226509,-1.8820112,-2.2011933,bg_rep01_961,0,xgboost,11.614667,22.113066,27.468,118.57184,28.375393,147.16884,-0.073700175,42.808388
-5.30621,-3.2016306,-1.4082271,-4.152495,-1.1294892,-0.74837023,-0.17477328,-0.44741338,bg_rep05_8640,0,xgboost,14.568,32.6754,29.808,92.64878,0.0,0.0,0.0,0.0
-3.1596694,-4.5783863,-3.4982357,-2.1065447,-0.74605775,-0.38299838,-0.26916084,-0.6564411,bg_rep01_6883,0,xgboost,7.1019998,24.76981,30.171999,61.160484,0.0,0.0,0.0,0.0
-3.4697986,-4.6456084,-2.8240921,-2.5162127,-0.73639095,-0.4043725,-0.15538254,-0.6105055,bg_rep04_3887,0,xgboost,7.7143335,24.725428,32.188,49.968666,0.0,0.0,0.0,0.0
-0.5301616,-2.2596004,-0.8457873,-2.1722333,-1.1273558,-1.2333927,-0.61666757,-1.2377391,bg_rep04_7309,0,xgboost,10.032333,26.770021,27.824,95.86364,33.40891,218.28352,-0.04218652,33.908077
-3.5289667,-3.7637556,-3.0951924,-2.7946486,-1.3716035,-1.4421005,-1.3738341,-1.5343122,bg_rep04_7388,0,xgboost,7.1006665,24.86228,32.031998,64.163925,28.560015,479.0128,-0.35890386,26.645088
-2.7811992,-3.1368582,-0.63431805,-3.6392565,-1.094703,-1.1057774,-0.26914886,-0.5866352,bg_rep05_1225,0,xgboost,13.295667,31.871864,27.484,94.551636,0.0,0.0,0.0,0.0
0.1330733,-3.7363408,-2.581999,-0.83006877,-1.3146541,-1.3304436,-1.1048198,-1.3919345,bg_rep05_2363,0,xgboost,10.509666,29.860401,29.12,78.15362,26.247896,88.75969,0.010763305,31.536901
-1.5784736,-4.3359346,-1.4773268,-0.7852633,-1.3692857,-1.4939157,-2.8773017,-2.627516,bg_rep01_4372,0,xgboost,12.525,23.822657,21.696,82.26781,17.804592,906.169,-0.15447597,43.777473
-1.3038614,-2.9728792,-1.5680836,-5.3844385,-2.3400464,-1.9972744,-1.1730613,-0.96124864,bg_rep05_2995,0,xgboost,12.350667,23.41625,26.656,105.95105,26.57489,207.34937,0.59871656,27.024803
-2.333109,6.9198895,-1.6339208,2.3590825,0.19488266,0.28189087,0.489039,0.98515135,presence_210,1,xgboost,14.539666,50.171383,26.24,24.262108,0.0,0.0,0.0,0.0
-1.8209268,8.823812,-1.8294008,-0.68278766,0.3162061,0.7700411,0.4867294,1.403712,presence_53,1,xgboost,8.134334,84.45113,30.44,45.97608,0.0,0.0,0.0,0.0
-0.69368273,-3.1070836,-0.16288847,-1.1712673,-1.4296476,-1.2579035,0.4557077,-2.2830727,bg_rep02_5681,0,xgboost,10.585,31.74484,28.208,52.69476,28.249424,665.99255,0.66816616,36.998108
-2.7796032,-1.9583969,-1.0446147,-3.8469527,-1.3108602,-1.648861,-1.8906322,-2.1986837,bg_rep02_4787,0,xgboost,12.810667,24.468382,26.724,97.67212,20.61408,328.0338,0.27063555,36.303486
-1.4074919,-3.196694,-3.514825,-4.2901683,-0.5906673,-0.937247,-0.40788934,-0.23611133,bg_rep02_1446,0,xgboost,11.061334,31.697998,18.116,95.98397,0.0,0.0,0.0,0.0
-1.0066837,-4.4637055,-1.8135204,-2.7352183,-2.3182166,-1.6572652,-2.4370384,-1.2838552,bg_rep01_2602,0,xgboost,10.689,21.723843,25.888,95.36151,28.084164,332.39914,0.07810676,31.760801
-3.51809,-3.3117158,-2.833421,-3.038523,-2.7241046,-1.6693479,-1.1725901,-1.3811764,bg_rep05_4147,0,xgboost,7.407,25.700903,28.98,62.083878,29.126986,928.9118,0.34241027,24.324564
-2.684005,-3.685531,-1.1844453,-3.1873124,-1.5953318,-1.9691448,-1.640856,-2.4219124,bg_rep03_5903,0,xgboost,12.9210005,31.325155,27.828001,91.33198,19.28124,1441.1122,0.13766159,36.131226
-3.7555296,-2.745171,-3.7215405,-2.7003386,-0.71680593,-0.8272372,-2.1120512,-1.7343489,bg_rep02_3101,0,xgboost,7.883333,25.81314,31.008,57.063526,23.482376,264.29434,-0.32636604,34.40802
-3.1183076,-2.5451226,-0.43898398,-3.1613507,-0.44588003,-2.140972,-2.2558658,-1.6271783,bg_rep05_5600,0,xgboost,8.326,26.549744,28.448,30.39625,30.452211,519.76984,-0.19297706,34.78996
-2.11022,-3.7904682,-1.2287185,-5.247826,-2.568723,-1.3790299,-1.9329395,-0.96415806,bg_rep01_6550,0,xgboost,12.655666,23.835443,26.796,104.69692,24.964325,209.3501,0.5155822,27.28976
-2.1851945,-3.9724693,-0.50399953,-3.00614,-1.1072443,-2.137327,-1.6355789,-1.9547979,bg_rep04_8488,0,xgboost,13.181,31.865873,27.464,92.32959,18.648813,1679.2621,0.27721995,34.36226
-0.3855169,-2.2556903,-0.8213678,-3.4363222,-1.7626524,-1.5762775,-0.80265594,-2.392829,bg_rep04_4565,0,xgboost,10.4696665,27.516996,24.668,96.73893,25.721804,600.7997,0.45402625,37.533367
-1.350432,-3.440583,-3.2436657,-4.84878,-0.4730053,-0.8993767,-0.43714106,-0.28823632,bg_rep03_3134,0,xgboost,11.655,32.33189,19.768,98.195786,0.0,0.0,0.0,0.0
-2.4580061,-2.7150135,-0.67024845,2.177899,-0.95691663,-1.2418097,-2.082068,-0.88240546,bg_rep02_3368,0,xgboost,12.817,25.1511,25.64,67.47391,21.445187,389.0395,0.047591217,32.263653
-1.9618586,-3.1881988,-3.1468308,-2.1437378,-1.0349113,-0.96462595,-0.23390229,-1.0561858,bg_rep03_3999,0,xgboost,8.664667,28.022856,30.46,48.42675,11.792855,41.2331,0.6442775,17.80088
-1.379678,-4.922915,-1.3769044,0.513024,-1.1442527,-1.1826129,-1.7298222,-1.2298042,bg_rep05_7130,0,xgboost,11.828333,22.795893,26.732,72.89026,30.701714,118.64411,0.3105444,25.057291
-0.6088943,-4.245101,-2.05768,-3.953703,-2.7939155,-0.6697419,-0.7936278,-1.6238561,bg_rep01_3073,0,xgboost,10.582,20.755531,26.028,116.70574,31.666452,240.43929,-0.39089108,29.735926
-0.72521883,-2.9372094,-1.3522638,-4.6640024,-1.6949922,-1.2303013,-2.5241864,-2.1804051,bg_rep02_2905,0,xgboost,9.759,26.093584,27.72,102.98014,23.149462,76.69621,0.059868984,37.981144
-3.713178,-3.9026198,-2.771245,-3.2044709,-1.642718,-1.2788206,-0.84288114,-0.016760852,bg_rep05_1826,0,xgboost,7.992,25.25278,31.848,50.164104,34.028584,29.057564,-0.05296161,27.348118
-2.4097757,-2.7235017,-1.4796665,-2.3693237,-0.9529668,-2.3226607,0.00569041,-1.8251601,bg_rep04_3493,0,xgboost,14.405666,29.428148,32.496,97.99277,27.354202,1023.7628,0.24044219,30.32756
1.2735744,-1.1024196,0.992108,0.6575206,0.6876765,-0.2500772,0.8136153,0.3238025,presence_73,1,xgboost,10.777666,29.447176,28.248,85.323784,26.050798,263.50504,0.24280965,39.868984
-2.7889063,-3.3140004,-0.83809555,-4.639588,-0.9677557,-0.92045027,-0.008156706,-0.2809071,bg_rep05_1749,0,xgboost,14.137,30.45717,30.824,90.72807,0.0,0.0,0.0,0.0
-1.0635732,-2.6816452,-1.1297078,-2.7972903,-1.3688772,-1.8512377,-2.3408494,-3.0234377,bg_rep03_4751,0,xgboost,11.27,25.291742,23.828,95.246765,18.239927,581.73785,0.22606803,37.895638
-1.19335,-3.8411417,-1.3771831,-4.0022902,-2.1013637,-1.5410526,-1.9870679,-2.2119188,bg_rep05_1661,0,xgboost,11.532333,22.067228,27.704,114.07301,25.040888,122.03237,0.21550094,37.655647
-0.8181852,-1.952519,-1.1781203,-3.5862699,-1.7911481,-1.1718407,-1.411482,-2.4399095,bg_rep01_4671,0,xgboost,11.643333,24.743567,23.960001,90.514626,19.353216,762.9109,-0.3794448,37.437515
-0.7160922,-3.738294,-1.810852,-2.565543,-1.0481949,-1.2557781,-0.94427323,-1.7472842,bg_rep01_354,0,xgboost,8.183333,23.583094,28.0,102.72592,3.513014,2.3120995,0.38785017,5.4468355
-1.0347203,-3.85055,-2.504123,-4.775333,-0.7568834,-1.2524997,-0.4090335,-0.29601336,bg_rep04_5853,0,xgboost,11.611334,30.11238,24.508,97.27589,0.0,0.0,0.0,0.0
-3.4450464,-1.7961723,-0.9091913,1.3658412,-1.878015,0.2786765,-0.45141834,-0.39221433,bg_rep01_8821,0,xgboost,13.634334,25.799147,26.7,67.45989,24.255243,236.31866,-0.01740424,28.357353
-2.5590832,-2.8190372,-1.2621789,-2.1841419,-1.8128582,-2.157716,-2.1196923,-1.9709715,bg_rep04_3469,0,xgboost,8.16,24.920597,26.88,29.889383,23.93252,605.9856,0.24494123,42.131554
-0.95333415,-2.07748,-1.062349,-3.1797051,-1.1063799,-1.3229932,-0.2190468,-1.6616648,bg_rep05_1736,0,xgboost,11.592999,24.739649,24.964,89.3485,21.370512,529.89014,0.77254415,35.461067
-0.63133866,-3.1683502,-1.4312222,-4.7075653,-1.9564389,-1.0398613,-0.42807055,-1.7717474,bg_rep05_8805,0,xgboost,10.939334,26.472107,26.8,104.08754,23.774548,259.41443,-0.47811556,34.612045
-0.7033719,-3.4048023,-1.1425413,-4.4129176,-1.390026,-1.3899608,-3.0516787,-2.0585167,bg_rep02_6518,0,xgboost,11.759001,24.181541,27.640001,103.75364,21.219254,217.30893,-0.28019696,37.85567
-2.0342786,-3.755352,-1.0462096,-3.5245376,-0.97406965,-1.7078855,-1.5220524,-2.2258377,bg_rep01_341,0,xgboost,12.666666,24.355227,26.652,101.973236,26.917637,301.73914,0.46484178,26.1633
-1.0129263,-4.4527392,-1.4574347,-2.9609213,-1.3284316,-2.2028377,-3.2151296,-1.0720475,bg_rep01_5149,0,xgboost,12.332334,31.43758,26.216,89.22048,18.446104,1821.7189,-0.26496005,33.481625
-1.8509257,-4.0336294,-0.6671664,-2.7528906,-1.5116578,-0.9880332,-1.2562741,-0.6075703,bg_rep01_2584,0,xgboost,11.918667,23.729128,24.788,99.71941,22.050053,645.24066,-0.0052177613,34.885242
-1.206826,-3.1328406,-1.5803726,-3.9128282,-0.90999603,-1.2107452,-2.831151,-1.5215856,bg_rep04_6575,0,xgboost,12.068334,28.141808,25.996,106.18779,19.682285,1798.1669,-0.15840359,42.918793
-1.7159959,-5.584504,-1.4745487,-0.7617001,-1.6088526,-1.1664858,-1.9492265,-1.1272751,bg_rep03_9240,0,xgboost,11.027667,20.170593,25.788,86.03555,28.351074,72.364555,-0.8149518,31.1915
-5.204927,-1.389059,-2.8851123,-3.8746362,-0.5745717,-1.1194756,-0.38472608,-0.278933,bg_rep04_4103,0,xgboost,14.893333,35.089375,23.296,95.95445,0.0,0.0,0.0,0.0
-2.1087444,-4.9221444,-1.3984122,-1.429332,-1.4767963,-1.7014285,-1.7370796,-3.1967292,bg_rep02_686,0,xgboost,7.783,22.794634,21.536,26.365564,19.790712,697.55896,-0.037272215,43.76978
-0.10376434,-1.8227799,-1.2954855,-2.9680693,-1.0541801,-0.5256939,-0.90351224,-1.5176022,bg_rep03_5775,0,xgboost,12.408333,26.008915,24.396,95.65277,26.109879,646.40643,0.29245585,25.169743
0.54147077,-3.2078083,-1.9209872,-4.446434,-1.0460862,-1.5245618,-2.581482,-2.7308586,bg_rep04_9591,0,xgboost,10.434,24.399027,27.1,104.87736,17.424057,223.26283,0.069097,49.273182
-4.9748955,-3.3653913,-0.7207367,-4.466461,-1.0720234,-0.6974962,-0.14315727,-0.27565807,bg_rep03_2232,0,xgboost,14.7630005,31.631386,30.848,91.01005,0.0,0.0,0.0,0.0
-2.0630624,-2.0717204,-0.8027079,-3.7521217,-0.8102518,-1.1435164,-0.6537484,-1.5042256,bg_rep02_7827,0,xgboost,12.661667,26.85743,28.72,120.065216,19.075062,252.74216,0.5300825,47.553482
-2.6668706,-4.309064,-3.044627,-2.9933703,-1.1881696,-0.8896829,-1.111168,-1.0660603,bg_rep01_5462,0,xgboost,7.108333,25.615614,30.150002,51.82628,8.00616,1.3834952,0.9537821,6.731308
-0.84688395,-2.3124452,-0.41628903,-3.8308847,-1.7027967,-1.8076218,0.466719,-1.5689825,bg_rep05_1447,0,xgboost,11.779667,23.31684,28.524,115.48722,22.743513,146.43123,0.67407835,43.608074
-3.6727266,-3.3975234,-3.624436,-1.0549744,-0.08389005,-1.9300581,-2.4505315,-1.9178401,bg_rep02_9107,0,xgboost,7.190666,24.860554,32.468,68.96771,27.859045,364.1878,-0.2664539,29.884315
-0.0426794,-2.603886,0.037149694,-0.043235287,-1.2033073,-1.5658005,-0.7469169,-1.8670007,bg_rep04_8559,0,xgboost,10.049666,25.602942,23.808,64.44625,23.75856,315.4834,-0.46076193,39.681866
-3.5319333,-3.6713588,-1.449399,-0.8474175,-2.287956,-2.7890298,0.023022426,-1.5764133,bg_rep05_7367,0,xgboost,14.757333,30.79063,31.928,86.01738,23.823442,1138.7552,0.74138033,34.07218
-1.9522983,-1.9921,-1.4374441,-4.4916697,-1.845386,-1.6376668,-1.3330052,-2.3151615,bg_rep05_6040,0,xgboost,12.685667,25.284355,26.572,124.7537,25.427382,315.63235,0.4401676,36.14224
-1.0829036,-5.5758395,-1.442989,-2.6916726,-2.406988,-1.7212656,-1.2781373,-0.55811405,bg_rep02_8116,0,xgboost,10.865,20.338825,26.992,86.613976,30.160818,52.906803,0.58240145,28.161934
-3.0403016,-4.466332,-2.7392964,-2.4847026,-0.8177245,-0.13602242,-0.45235386,-0.31221595,bg_rep02_1803,0,xgboost,7.1713333,23.112457,33.028,46.03404,0.0,0.0,0.0,0.0
-2.6260498,-2.8062487,-0.96011925,0.13686034,-0.24658258,-1.9495041,-1.6425892,-2.7438872,bg_rep05_3682,0,xgboost,12.786667,23.997198,26.6,69.32227,26.817,70.97476,0.5715287,29.709618
-2.006599,-4.4593596,-1.2058111,-2.6852198,-1.19877,-2.0892274,-2.067435,-3.051747,bg_rep01_9442,0,xgboost,7.9303336,22.827673,22.952,32.03996,17.067327,22.324303,0.25869194,43.789818
-3.6096778,-5.7057986,-2.9250772,-2.423411,-0.69061583,-0.15655205,-0.2929574,-0.43591136,bg_rep02_9560,0,xgboost,7.6029997,24.231897,32.772,46.43974,0.0,0.0,0.0,0.0
-3.3294587,-3.2162955,-1.8329338,-2.7843983,-1.0164547,-0.9691301,0.017646262,-0.5637243,bg_rep03_3369,0,xgboost,14.263667,30.994495,30.028,85.985085,0.0,0.0,0.0,0.0
-3.1959224,-4.8363743,-1.6216576,-2.870471,-1.7569587,-1.446837,-1.5292833,-3.0576012,bg_rep04_2901,0,xgboost,12.807,22.793123,24.28,87.35368,19.80369,466.55725,-0.011539088,41.307686
-4.28103,-3.6630015,-1.8014652,-2.8211992,-1.0163302,-2.1791954,-0.68958265,-1.5652338,bg_rep05_3716,0,xgboost,14.632667,32.159706,30.496,92.201515,21.083422,1338.5168,0.47130674,41.343792
-0.5230115,-1.829321,-0.16859636,-3.3511264,-2.438675,-0.5148722,-2.032621,-2.4361572,bg_rep04_1225,0,xgboost,10.185666,26.611105,27.424,101.71349,25.201025,247.34796,0.15252465,36.89424
-2.949407,-2.7590568,-1.17276,-2.6241028,-1.8717896,-2.8632305,-1.6193631,-0.92231107,bg_rep04_9216,0,xgboost,7.935667,27.474264,23.076,63.839947,28.77231,1800.9777,-0.3685075,27.371653
-2.4809995,-2.8865464,-1.6963152,-2.1399496,-0.27806336,-1.1498698,-0.83139724,-2.0181344,bg_rep01_1216,0,xgboost,12.831,27.801613,21.696,101.925606,19.824518,1408.9928,0.28254908,34.066273
-1.0058287,-3.8980246,-1.5256035,-2.5623484,-1.5356311,-2.345232,-0.51274836,-2.945245,bg_rep05_483,0,xgboost,8.784667,23.829933,21.732,36.02441,17.933746,607.39404,0.43675244,45.18043
-1.8686684,-4.0586543,-1.3300987,-2.9163644,-0.5637462,-1.4534185,-1.5232179,-2.5982969,bg_rep02_2332,0,xgboost,7.699333,21.663853,20.432,29.438967,20.14696,981.67065,-0.37018844,44.87956
-1.485651,-2.2546797,-2.7035477,-0.09481016,-1.9926901,-1.6893182,-1.6678009,-1.845832,bg_rep02_9687,0,xgboost,9.296333,25.874899,28.796,80.50874,29.644627,14.25414,0.09823198,28.83813
-0.017277662,7.594263,-1.1920235,0.66337585,0.23157008,0.41514218,0.6202974,1.3047174,presence_4,1,xgboost,10.690667,90.140526,26.968,33.95789,0.0,0.0,0.0,0.0
-0.8028151,-3.3657405,-1.1669003,-4.1535645,-1.2770673,-1.0488075,-0.0114955995,0.069369875,bg_rep01_2727,0,xgboost,12.173667,29.85498,27.136,90.80003,0.0,0.0,0.0,0.0
-0.9464921,-3.8437557,-2.4760044,-0.9999414,-0.8356925,-1.3768243,-2.4149272,-2.3651521,bg_rep02_8062,0,xgboost,10.104667,29.346731,29.056,79.657715,27.178495,75.186844,0.053667594,36.13198
-3.797121,-3.162088,-3.9610872,-0.31031904,-1.8534822,-1.9492794,-1.7124434,-0.33447772,bg_rep05_6630,0,xgboost,8.062,26.769823,30.916,65.37252,25.54955,389.38223,0.17836808,33.6308
-3.4787657,-3.5759792,-1.2695789,-1.5382637,-1.7434042,-1.9717276,-2.5856738,-1.7706391,bg_rep04_9714,0,xgboost,7.6749997,24.126116,26.972,23.786558,28.40187,650.56036,0.24783392,35.39053
-0.58395976,-3.1079943,-1.983971,-4.9155045,-1.8792682,-1.4070164,-2.0297794,-2.0489383,bg_rep04_7256,0,xgboost,12.371333,23.435883,26.411999,108.91531,27.172543,164.20483,0.51722896,26.718636
-2.575971,-3.1133225,-1.6955218,-0.6582175,-1.432448,-1.8340572,-1.428069,-0.75388813,bg_rep03_5446,0,xgboost,12.575,23.185707,27.016,74.992294,25.875134,104.73823,0.099404864,26.939342
-2.7397823,-2.4298818,-1.4780328,-2.4490774,-2.8810747,-2.4999828,-0.88630295,-0.35827845,bg_rep02_4506,0,xgboost,8.134,27.365091,27.3,61.618828,25.301939,1051.8406,0.3323855,30.94437
-2.997258,-3.7424858,-2.4609847,-2.6556711,-2.1513147,-0.9765735,-1.4792598,-1.2257186,bg_rep02_2052,0,xgboost,8.107333,28.996183,29.544,33.833145,30.962488,57.58578,0.51259243,35.507088
-0.5933455,-2.3290524,-1.8601695,-4.0513425,-1.1848445,-1.8622475,-2.213452,-2.6833246,bg_rep05_7298,0,xgboost,11.364,24.693611,26.992,103.14081,18.389193,330.583,-0.5230703,48.145943
-0.5838814,-2.6033487,-2.105214,-0.17128336,-0.57928026,-1.4374427,-1.9120784,-1.6579552,bg_rep02_8725,0,xgboost,10.036333,26.726494,29.18,85.85492,27.120285,20.697,-0.05452688,34.42898
-1.5459205,-4.7460546,-1.5834445,-3.4475706,-1.1806067,-1.7450019,-0.2755099,-2.0762813,bg_rep01_5760,0,xgboost,12.371667,22.762117,27.144001,102.34004,28.397274,107.67627,0.34819627,36.0068
-3.5715563,-5.485966,-3.0831537,-2.4512525,-0.8263162,-0.21181539,-0.2874627,-0.36142886,bg_rep05_1422,0,xgboost,7.3686666,23.856083,31.788,47.986214,0.0,0.0,0.0,0.0
1.6190188,-0.49565718,0.20129605,2.002879,0.33677885,0.93185854,-0.83040607,-0.28671056,presence_113,1,xgboost,10.608334,24.567701,22.352,71.75159,20.835901,796.69965,0.21138142,41.549046
-0.7540797,-1.7816724,-1.9997216,-3.803217,-1.2468191,-1.5436331,-2.6463168,-2.5956233,bg_rep05_9417,0,xgboost,9.198,23.253109,27.08,104.6143,18.145397,144.30573,0.055137254,47.28983
-0.78164685,-2.799192,-1.3903692,-3.288987,-2.361012,-1.9024497,-3.125574,-1.9432416,bg_rep01_5259,0,xgboost,10.988,26.745205,28.084,100.474266,24.34479,38.998882,-0.23180005,32.988323
-1.3853111,-2.408357,-1.4853362,-3.100243,-0.9610448,-1.065594,-1.5554619,0.45033878,bg_rep02_4456,0,xgboost,12.145,25.581347,25.556,101.4578,17.515709,565.2627,-0.3967008,30.87792
0.51935476,-3.6172247,0.59224105,-1.3002142,0.10514221,-1.291854,-1.7812009,-2.496462,bg_rep04_6720,0,xgboost,10.764999,29.906101,28.372,84.14729,27.962523,277.29376,0.23150426,36.715614
-2.0854354,-2.9964907,-2.1884518,-3.4156048,-0.7400642,-1.1151265,-1.6503227,-2.103707,bg_rep05_9481,0,xgboost,12.692333,26.526361,29.56,124.566,17.700727,235.24692,-0.6516344,46.21085
-4.43421,-2.3994088,-1.3105233,-2.8801796,-2.0309794,-1.6935039,-1.4355514,-1.7293668,bg_rep04_6838,0,xgboost,8.004,27.787807,28.564,40.647076,32.843666,309.49487,-0.42304692,34.074696
-2.2647948,-3.1577182,-1.50244,-1.0233781,-1.5017859,-2.9219239,-1.8585849,-3.1698241,bg_rep05_7713,0,xgboost,7.7943335,23.153318,21.988,27.285862,19.480446,546.9206,-0.037484705,44.946705
-1.5553949,-2.1952457,-2.4376018,-1.4011638,-1.3393161,-2.3793397,-2.0482724,-2.395474,bg_rep02_1981,0,xgboost,11.856667,24.676712,19.54,60.767868,22.877672,896.88416,-0.33116066,41.039593
-2.5125546,-2.0463736,-2.0607483,-3.3251631,-0.8660636,-1.5903567,-1.7616237,-2.4381146,bg_rep04_1440,0,xgboost,12.797,25.790005,29.592001,120.76578,19.299837,160.19691,0.2143221,53.248577
-5.1684275,-1.2494496,-1.6024446,-4.364508,-1.0429454,-0.6370104,-0.0951473,-0.27972835,bg_rep02_152,0,xgboost,14.682333,33.257072,29.12,87.51569,0.0,0.0,0.0,0.0
-1.6893741,8.130107,1.3999505,-3.268066,0.39871606,0.037994996,0.120995566,0.86044157,presence_103,1,xgboost,13.378,55.85338,37.28,114.0274,0.0,0.0,0.0,0.0
-2.9249763,-4.0912423,-1.1656365,-3.288852,-1.9437329,-2.3638668,-2.8157399,-0.5838786,bg_rep03_5391,0,xgboost,12.75,28.786236,22.524,101.33309,21.289145,1062.5682,-0.3050715,33.438046
-1.5647417,-4.926837,-1.5545133,-2.9169145,-1.1971575,-1.3166337,-2.217443,-0.69024926,bg_rep05_6951,0,xgboost,11.289,21.44078,27.208,96.22435,30.417955,61.355515,0.030754011,27.961855
-1.2261354,-1.8808315,-0.5774741,-2.8951013,-0.7380363,0.38575366,-3.660367,-1.1722493,bg_rep03_3702,0,xgboost,12.308001,25.931232,24.416,101.41554,19.961983,964.8434,-0.19610044,31.42069
-1.149726,-5.6872654,-1.406722,-0.44306576,-2.162867,-1.7724179,-1.4433442,-0.7508668,bg_rep01_8526,0,xgboost,11.575666,21.84088,26.796,74.37975,31.37712,53.489998,0.1160132,22.745754
-1.7157482,8.219625,-0.93171346,0.4198756,0.28329483,0.26372957,0.49044648,1.194586,presence_237,1,xgboost,12.656,51.606586,28.676,31.779926,0.0,0.0,0.0,0.0
-1.4668189,-3.2968786,-1.633661,-4.696861,-2.060385,-1.7886052,-1.2741501,-2.2693963,bg_rep05_397,0,xgboost,12.324333,23.709759,27.196001,119.489876,24.26011,157.30322,-0.43763888,44.66132
-1.8961209,-2.663594,-1.0313201,-3.640272,-1.4995761,-1.2287747,-0.12819876,-1.7354399,bg_rep05_4115,0,xgboost,12.123667,25.994139,24.752,99.01613,22.198957,521.7573,0.856074,34.066483
-2.5962203,-3.5230172,-0.97586966,0.39298883,-1.4122728,-1.1948974,-1.9827313,-2.6882584,bg_rep05_3373,0,xgboost,12.762334,28.715538,24.6,64.44265,25.646017,173.71017,0.17017405,38.178646
-2.3668416,-1.3482118,-1.137453,-3.5916104,-1.7745442,-0.86104035,-1.2895072,-1.1425216,bg_rep02_682,0,xgboost,12.755,25.901632,26.104,98.26808,22.110706,649.0904,-0.036364127,25.401327
-3.1386714,-2.25773,-1.8966632,-2.460287,-1.5261312,-2.5000572,-1.601522,-2.0856109,bg_rep02_1376,0,xgboost,7.8816667,26.932978,26.172,63.818886,28.5463,1426.0704,0.5381715,25.839697
-0.08911957,-4.659678,-0.85738266,-0.3001929,-1.3286829,-0.98940295,-1.2513591,-2.66652,bg_rep03_6536,0,xgboost,10.825,21.84221,22.676,72.76425,18.830208,629.5777,0.533253,43.730614
-1.5353893,-1.4325713,-1.4824469,-3.2940266,-0.6969274,-0.33583578,-1.2803363,-0.2909281,bg_rep05_9832,0,xgboost,12.135667,25.875622,25.732,95.20518,21.075224,285.41992,-0.014287886,33.402798
-0.6882787,-3.012322,-1.8572696,-4.6513,-1.8109608,-1.6806014,-0.21383289,-1.2840387,bg_rep05_6347,0,xgboost,11.729333,27.280058,25.855999,106.61537,23.21852,583.54114,0.72538126,33.841827
-0.9331648,-2.7275367,-1.9980285,-5.049555,-1.2112174,-0.71735394,-1.9540942,-1.8462263,bg_rep04_5899,0,xgboost,11.743,23.46535,26.396,106.620476,23.353706,283.7557,0.08778965,34.07316
-1.9374218,-3.8316293,-2.0986204,-2.3155966,-1.3094783,-2.1327796,-2.211972,-1.6914145,bg_rep03_7319,0,xgboost,14.064667,32.01463,30.096,96.89357,19.406713,1264.6791,-0.8029711,38.49763
-3.1697538,-3.8133998,-1.6167911,-3.145795,-1.5483302,-2.003314,-1.1458571,-1.3275435,bg_rep02_427,0,xgboost,14.385333,31.091324,30.88,91.63348,20.575924,1302.2323,0.55950516,41.85351
-1.0617666,-4.2651286,-1.5789578,-4.027551,-2.5278535,-1.4310488,-0.63710165,-1.3450991,bg_rep05_7588,0,xgboost,11.317666,22.812357,26.932,114.47154,29.343874,176.72733,0.48180354,36.462154
-3.3288841,-2.6299276,-2.7384932,-1.4722116,-2.0840662,-0.52385587,-1.2969508,-2.6689222,bg_rep01_6,0,xgboost,7.493,23.577723,29.3,24.83681,29.0107,83.40754,0.48613915,29.159588
-3.6339693,-4.702653,-3.2564511,-2.5721424,-0.82646376,-0.34155333,-0.22414865,-0.59694153,bg_rep04_6380,0,xgboost,7.5283337,24.777296,31.024,50.584816,0.0,0.0,0.0,0.0
-1.6641257,-3.047475,-1.8352156,-3.7706215,-1.4129207,-2.1710753,-2.5118132,-2.1778846,bg_rep05_3450,0,xgboost,12.354,25.048662,28.9,116.83499,16.796352,130.66417,-0.80992717,39.36385
-2.6933424,-3.1811867,-1.4347965,-4.586773,-1.3955647,-0.88259566,-0.21175073,-0.70081973,bg_rep02_7253,0,xgboost,13.179,30.430868,28.064,90.895325,0.0,0.0,0.0,0.0
-0.58309853,-2.442897,-0.87492484,-2.62036,-0.6878264,-1.3772868,-1.2754571,-1.0127803,bg_rep01_134,0,xgboost,11.794333,24.998587,25.768,101.655334,17.887722,474.60474,0.12071163,33.06758
-1.539575,-4.1621423,-1.7391396,-3.1443214,-0.98593473,-1.1645195,-0.61856437,-2.630562,bg_rep04_839,0,xgboost,12.699,31.939135,26.156,90.76587,17.235071,1862.8427,0.45878872,37.44885
-3.762316,-3.7732131,-1.9378777,-3.7348678,-0.73797196,-0.704679,-1.6128311,-1.4500649,bg_rep05_2757,0,xgboost,13.619666,23.828936,26.472,93.53665,26.278877,240.90186,0.47062314,34.016632
-0.8219142,-2.6372156,-1.0550561,-2.3400187,-0.9707961,-1.4983732,-1.9106903,-2.9250386,bg_rep04_9760,0,xgboost,8.566333,23.695324,22.952,34.454712,20.403728,101.16331,0.25646812,47.179726
-3.1668122,-2.7195048,-0.9357169,-3.13895,-1.7570208,-1.6119033,-1.6170826,-1.9444462,bg_rep01_9448,0,xgboost,8.059,26.168982,28.408,38.90185,31.79761,535.0903,-0.3585554,35.22143
-3.4774897,-2.6683156,-1.3013958,-2.7529807,-2.4970503,-1.4014109,-0.82520974,-1.4513053,bg_rep04_4747,0,xgboost,7.394792,26.469053,29.345833,37.90649,31.203535,51.73311,0.34693474,31.586592
-0.4112097,-2.4956594,-1.6502917,-3.2657554,-0.91245645,-0.6940816,-2.8846054,-1.2829177,bg_rep03_7224,0,xgboost,11.711,24.936123,26.956,101.47077,17.609592,257.4925,-0.058405016,33.85688
-2.6611972,-2.7533224,-1.2071807,-4.252561,-1.0076029,-1.502126,-2.750475,-1.9657009,bg_rep01_9024,0,xgboost,12.860333,26.166544,28.048,125.3418,26.323828,173.44598,-0.6320377,52.66986
0.8826672,-0.85917366,1.0544071,-0.41164854,1.1637944,0.55865765,0.40001598,0.48749512,presence_64,1,xgboost,9.021334,24.794783,28.588,89.83822,28.2398,15.473362,-0.045163684,38.32266
-3.6689079,-2.1835823,-1.2811414,-2.7893584,-1.1441716,-2.0731823,-2.501263,-2.4787269,bg_rep05_9073,0,xgboost,8.138333,27.632532,25.608,51.894108,28.090622,469.8025,0.06429962,37.617897
-1.1790425,-2.7220786,-0.5779674,-4.1319165,-2.370297,-1.9276097,-1.1209822,-1.4452002,bg_rep05_1025,0,xgboost,11.891666,23.020882,27.484,112.97021,28.756767,196.23979,0.7307489,32.063637
-3.1717293,-3.385982,-1.949498,-2.8759732,-2.1342633,-1.2395632,-1.4304175,-2.4879258,bg_rep01_2175,0,xgboost,6.4546294,25.21887,27.855555,39.38746,33.133305,173.87244,-0.41003832,30.250479
-2.4106483,6.599264,-1.7068415,2.3918307,0.4067824,0.21896167,0.33569777,1.1701267,presence_199,1,xgboost,12.920667,48.07511,25.008,19.476679,0.0,0.0,0.0,0.0
-3.1823597,-3.7746458,-2.798527,-4.8585396,-1.0013828,-1.2555752,-0.46387258,-0.6804151,bg_rep05_9256,0,xgboost,13.206,32.870373,23.64,92.09099,0.0,0.0,0.0,0.0
-1.3205595,-3.4187298,-2.6924868,-3.9852803,-0.98997736,-1.0024599,-0.4283825,-0.5101859,bg_rep05_738,0,xgboost,9.877666,29.248095,14.124,96.68929,0.0,0.0,0.0,0.0
-2.463221,-3.9783113,-2.1582406,-1.3108658,-1.2782091,-2.171536,-2.2547297,-1.6751857,bg_rep04_9536,0,xgboost,14.332,30.657995,30.74,85.499596,18.49862,1326.2013,-0.94396,38.917812
0.12720354,-1.533583,0.6903383,3.6327636,0.607392,0.9186431,0.2862793,1.6132945,presence_17,1,xgboost,6.1214285,29.470427,2.5,15.510457,0.0,0.0,0.0,0.0
-0.30545497,8.03904,-1.2703347,0.39742357,0.15040952,0.14006858,0.4773429,1.3405064,presence_231,1,xgboost,12.247334,51.468033,27.935999,34.424828,0.0,0.0,0.0,0.0
-1.6595403,-3.634548,-1.054799,-1.4690962,-1.5616461,-1.3238188,-2.6568797,-2.4456062,bg_rep01_5323,0,xgboost,9.375334,29.683807,28.476,45.000572,21.435785,57.936802,-0.12478671,42.10399
-2.5677226,-2.2545586,-1.535443,-3.3344047,-1.1927546,-1.0482968,-1.9111497,-1.4497937,bg_rep05_5901,0,xgboost,12.690001,24.648436,26.92,98.44607,19.455692,371.5929,-0.57974154,34.717922
-3.4894145,-4.3518476,-2.5984693,-2.8589895,-0.7431288,-0.2827567,-0.073571466,0.026947415,bg_rep04_9853,0,xgboost,7.9110003,25.355768,32.608,48.969967,0.0,0.0,0.0,0.0
-3.367717,-2.7362778,-1.0154703,-0.25790557,-1.4753457,-1.4665904,-1.8846006,-0.15108253,bg_rep03_3293,0,xgboost,13.511333,25.683039,26.064001,68.92616,20.3984,514.5136,0.177063,32.368378
-2.914409,-2.8703184,-0.874179,-4.0822277,-2.1666503,-1.9199299,-2.755455,-2.1756926,bg_rep04_21,0,xgboost,13.038667,25.159515,27.456,122.71912,24.333206,192.02348,-0.58414704,44.85563
0.015799817,-3.370959,-0.5832899,-0.90699226,-1.92035,-1.807987,-1.4216858,-2.391189,bg_rep03_2441,0,xgboost,8.739583,20.305723,23.865,74.61115,27.451874,10.170926,-0.16993062,29.368105
-1.0000844,7.9618287,1.168818,-3.091206,0.4010835,0.3752331,0.22335954,1.0151838,presence_144,1,xgboost,11.916667,56.498512,36.824,113.34315,0.0,0.0,0.0,0.0
-1.3493681,-2.1290705,-1.5038677,-3.4261174,-1.0548446,-0.7227769,-1.7301209,-0.9389425,bg_rep02_4143,0,xgboost,12.159,24.715424,26.164,96.75711,21.737558,473.0648,-0.32025573,32.677303
-1.761385,-2.7564106,-0.85181916,-3.844722,-1.5649993,-2.2146893,-2.1591995,-1.9402924,bg_rep03_162,0,xgboost,12.073999,25.156263,28.140001,107.2396,20.673218,122.08351,-0.3834921,38.311462
-0.14920127,-2.7709522,-2.1039033,-1.3264745,-1.8575433,-1.9266213,-1.2533873,-2.9036524,bg_rep05_5804,0,xgboost,6.700333,20.943777,27.032,93.03092,18.041834,35.568237,-0.44912055,45.12854
-2.1243298,-2.267176,-0.49283752,2.210224,-1.5226167,-1.5299646,-1.9376616,-1.6911976,bg_rep03_8494,0,xgboost,15.568,26.703259,26.632,66.477455,21.270237,355.282,0.07738057,39.564316
-0.865695,-2.1057994,-1.6252902,-3.4734428,-1.1086633,-1.3023455,-0.2294935,-2.265719,bg_rep05_5192,0,xgboost,10.866333,27.86811,25.748,98.59117,26.970049,468.55328,-0.4735725,37.052002
-1.512184,-1.7693467,-0.080394946,-1.9339352,-1.6541134,-0.22177349,-1.9454974,0.52952385,bg_rep04_6965,0,xgboost,9.371333,24.516884,24.432,37.430103,27.09361,251.69933,0.21511258,32.466408
-4.2468257,-3.6145592,-0.52190226,-4.2592115,-0.9187375,-0.6990123,-0.044824816,-0.1728757,bg_rep02_550,0,xgboost,13.942333,30.364868,30.7,88.27348,0.0,0.0,0.0,0.0
-1.0526997,-2.6627872,-1.263025,-3.897495,-1.2066282,-1.161161,-0.519156,-1.769112,bg_rep02_6160,0,xgboost,12.257667,24.578255,25.996,100.88967,26.259413,477.3363,-0.0067157387,31.55556
-1.3627802,-4.623053,-2.1048067,-4.4421735,-2.5494676,-1.346462,-1.2756099,0.04143469,bg_rep02_5282,0,xgboost,11.488334,21.667925,27.1,118.39397,33.73057,169.91606,-0.37569973,28.581581
-0.8590464,-2.949029,-1.2428824,-4.8762484,-2.4739957,-0.7266744,-1.4404769,-1.5841516,bg_rep03_3600,0,xgboost,11.647333,27.519453,25.696,103.94942,24.389599,508.724,-0.4955974,30.161602
-1.0649825,-2.7224956,-1.0443292,-2.9641776,-1.294375,-1.0481079,-0.83271176,-2.5600266,bg_rep02_6144,0,xgboost,11.891334,25.614624,24.568,91.92604,19.785421,525.505,0.47818735,36.61783
-3.6502814,-3.0278754,-0.6064555,-2.7865958,-1.0893654,-1.0046178,-2.3378947,-2.1302435,bg_rep04_9537,0,xgboost,7.725,26.802685,28.539131,38.800694,26.937727,7.628226,-0.08407552,34.63125
-2.997834,-3.3513696,-1.4356544,-3.559762,-0.7586455,-0.9464274,-0.07989002,-0.32431632,bg_rep04_2175,0,xgboost,14.119,30.481434,29.928,94.695724,0.0,0.0,0.0,0.0
-1.4151706,-3.088124,-1.4475285,-5.3201284,-1.7548404,-1.8361982,-1.561694,-2.0499043,bg_rep05_5466,0,xgboost,12.110666,23.275421,26.744,111.53841,28.628263,198.5288,0.43651566,26.199165
-0.6664439,-3.9625893,-1.2656564,-0.4779572,-2.496705,-3.477579,-1.7496383,-1.6259066,bg_rep05_518,0,xgboost,10.619333,29.331932,24.960001,82.31334,23.976753,1702.7617,0.031202719,25.936361
-1.6731905,-5.0029,-1.8785415,-0.3052771,-2.033532,-2.3534298,-2.488185,-1.7012894,bg_rep02_7528,0,xgboost,11.7543335,20.643368,26.576,79.62496,28.907003,23.091564,0.18700007,29.875227
-2.016084,-4.6585712,-4.3178062,0.058590695,-1.644289,-0.42160296,-1.9484804,-0.46433097,bg_rep01_2547,0,xgboost,9.085,29.141006,29.48,66.85104,23.350445,719.0682,-0.30087036,33.5579
-1.7569085,-2.0875392,-1.5438977,-3.8331869,-1.8775656,-0.00254165,-2.3913865,-0.7615068,bg_rep01_4769,0,xgboost,12.672,27.598223,25.504,102.18443,22.420218,663.99414,-0.15901858,29.23051
-3.632834,-4.893687,-2.853871,-2.5825849,-0.7486585,-0.35653794,-0.24686725,-0.61102885,bg_rep03_7216,0,xgboost,7.476667,24.536186,31.728,51.698364,0.0,0.0,0.0,0.0
-1.1683553,-3.6288426,-1.4739168,-2.4030983,-1.4830611,-2.271917,-1.174325,-2.9297585,bg_rep01_6803,0,xgboost,8.698334,24.007322,21.892,33.67621,19.629896,593.27936,-0.3699787,45.055786
-2.4211252,-4.9862595,-0.68462163,-4.8582044,-0.99866486,-1.685237,-1.3390197,-0.87634563,bg_rep03_4326,0,xgboost,12.551,22.93174,27.392,105.84148,31.08571,129.97948,-0.14895216,19.115108
-2.4331584,-3.3546135,-0.9850628,-3.3000827,-0.7514496,-1.914554,-2.4470832,-2.4773552,bg_rep05_2612,0,xgboost,12.63,25.227709,29.359999,121.054115,19.697657,151.88663,0.044015475,52.55242
-1.8286226,6.743391,-0.86671335,2.2723768,0.10974858,0.12152727,0.52964574,0.96125156,presence_203,1,xgboost,14.376333,49.917824,26.66,26.89414,0.0,0.0,0.0,0.0
-2.193565,-3.3213167,-1.6316582,-4.2307363,-1.0677469,-1.4312994,-0.16143869,-0.10864532,bg_rep03_2443,0,xgboost,12.743334,31.665176,26.42,92.25232,0.0,0.0,0.0,0.0
-0.5932312,-2.1418755,-0.949081,-3.9585087,-1.1811851,0.080311015,-0.5688549,-2.1726923,bg_rep02_7627,0,xgboost,11.697333,24.873125,24.252,98.66087,20.576567,675.4122,-0.41036245,37.139755
-2.0745883,-3.026532,-1.941478,-3.12561,-0.667974,-1.4901851,-2.0970664,-2.2228649,bg_rep03_5117,0,xgboost,12.618333,25.572174,29.5,117.85833,18.986744,170.40279,0.13732216,54.73085
-1.1392244,-3.5347955,-0.7948042,-3.9948382,-2.2117913,-1.3673924,-2.1071603,-2.1060047,bg_rep02_3102,0,xgboost,11.04,21.78202,28.140001,118.47107,24.718267,125.966354,0.08842985,43.21983
-2.8229074,-1.4534822,-3.241186,-4.359674,-0.23783773,-1.0859535,-0.44575527,0.089067414,bg_rep01_481,0,xgboost,12.602333,33.706894,17.16,97.31708,0.0,0.0,0.0,0.0
-0.94776547,-3.4603987,-1.8140051,-4.801361,-1.2033285,-1.4900757,-0.27302554,0.022557894,bg_rep03_2124,0,xgboost,12.2786665,31.387184,25.54,90.25313,0.0,0.0,0.0,0.0
-1.101389,-4.0603065,-1.654043,-3.663916,-2.237375,-1.6167552,-0.8306229,-1.2884028,bg_rep01_4404,0,xgboost,11.671333,28.98126,23.312,98.00549,22.969826,858.0956,0.42551062,31.70738
-2.794855,8.766002,-0.3871658,0.3825394,0.32444414,0.41000712,0.6084618,1.3831484,presence_160,1,xgboost,13.797667,50.801422,30.696001,28.846127,0.0,0.0,0.0,0.0
-2.3219745,-5.180241,-1.0213416,-3.1917272,-1.2438976,-1.6293902,-2.0400324,-1.5767471,bg_rep05_3094,0,xgboost,12.133667,22.501421,24.324,89.23286,22.232328,572.0617,0.109676726,40.560303
-0.99903756,-4.652061,-2.0521674,-4.809662,-1.52864,-1.6977623,-1.7845818,-2.1128888,bg_rep04_6627,0,xgboost,11.654667,22.677979,26.528,111.61706,26.143078,154.88858,0.41100547,25.360424
-0.6863223,7.5102973,-1.4647205,0.5214042,0.46881443,0.534284,0.2752064,1.2207457,presence_227,1,xgboost,9.749001,44.30558,23.504,31.054985,0.0,0.0,0.0,0.0
-3.873816,-2.8822665,-3.8774674,-0.28512803,-1.8454962,-2.5852602,-2.077874,-2.990987,bg_rep05_9452,0,xgboost,7.077,24.692953,32.308,67.15543,26.52275,418.82556,0.043959294,29.608158
-2.0880537,-1.5043188,-1.6732957,-4.4276133,-1.127292,-0.2695812,-1.1079729,-1.2032276,bg_rep05_1272,0,xgboost,13.308666,27.49952,26.536,122.17266,17.768908,699.66925,0.54890454,52.069317
-0.8089135,8.455313,-1.2334377,-0.011083842,0.27872002,0.5342571,0.5982674,1.6052711,presence_156,1,xgboost,12.0720005,49.21722,30.208,42.706165,0.0,0.0,0.0,0.0
-0.45560703,-3.0053873,-0.34577844,-3.879267,-0.8671952,-1.3564329,-0.74825686,-2.6393838,bg_rep01_2332,0,xgboost,11.544666,24.880747,27.58,103.15394,17.558203,218.41371,0.28904167,50.810493
-1.9869955,-5.1659374,-2.9797328,-2.5301158,-0.6692003,-0.03061248,-0.025932489,-0.07998226,bg_rep01_9257,0,xgboost,7.644,25.128206,31.644,49.70336,0.0,0.0,0.0,0.0
-0.62466174,-2.3977551,-1.973453,-3.0866668,-0.82024467,-2.175179,-2.4105356,-1.9834223,bg_rep02_9471,0,xgboost,10.066334,26.80924,26.216,98.857025,27.347176,441.6276,0.2499703,35.722885
-1.0945159,-2.8672311,-1.6577492,-3.2119298,-1.3383731,-1.9470367,-0.84745866,-2.1292095,bg_rep04_8402,0,xgboost,11.674,23.91625,25.9,96.87705,25.603186,452.3131,-0.39901718,34.05711
-1.902801,-3.0458314,-1.2301155,-0.23416817,-1.8897775,-2.1008105,-2.032638,-2.1596076,bg_rep02_1286,0,xgboost,14.151334,25.53102,25.272,69.0382,19.918686,485.83466,0.21919319,39.325485
-3.9175308,-2.0640368,-2.3201015,1.6829071,-0.75491107,-1.1659275,-1.5309315,-2.2930539,bg_rep05_8194,0,xgboost,13.623,27.064129,22.732,66.6351,20.895924,657.33765,0.018590357,37.86447
-1.2486808,-5.3122325,-0.45661795,-1.9152532,-1.4825362,-1.954204,-0.735659,-2.0978947,bg_rep05_3102,0,xgboost,11.223333,22.15598,27.416,96.09969,27.637455,109.71906,0.32887143,30.318064
-1.5057408,-5.1146426,-0.32911658,-4.4421186,-1.2501447,-1.791305,-1.5802997,-1.774463,bg_rep02_3440,0,xgboost,11.818,22.232674,27.407999,117.0317,29.020613,154.23738,-0.059209187,39.4164
-1.4064469,-5.152805,-1.8132719,0.69897825,-2.868201,-1.7721808,-1.2546461,-1.1453849,bg_rep03_281,0,xgboost,12.299666,21.843552,25.504,72.16539,29.60707,71.73984,0.28189158,31.316696
-4.007833,-3.086313,-0.9267131,-0.96727335,-1.9745995,-0.63715965,-2.3935108,-2.6032088,bg_rep04_8863,0,xgboost,13.856,25.052433,25.184,75.86643,19.659468,670.75555,0.044105843,40.809677
-2.6420548,-3.271529,-2.417158,-2.9326966,-2.1538987,-2.199763,-3.0065677,-1.1782824,bg_rep05_3147,0,xgboost,12.667,26.893843,21.548,95.297806,23.260004,1332.0343,-0.20818362,31.81151
-1.1450108,-2.846555,-1.8044144,-1.9047441,-1.2155889,-1.3284413,-2.9818203,-2.715427,bg_rep02_6177,0,xgboost,7.925333,21.917404,26.524,101.756645,19.075178,160.62871,-0.24416722,49.39701
-3.337298,-3.5053823,-1.4915421,-3.4085796,-0.7717714,-0.8640366,-0.0962627,-0.300121,bg_rep04_2055,0,xgboost,14.228666,30.10466,30.34,94.46036,0.0,0.0,0.0,0.0
-1.1219459,-4.4912066,-1.2990061,-3.9569972,-2.1959383,-1.6056111,-0.9645465,-1.4970561,bg_rep04_9339,0,xgboost,11.696,22.036325,27.756,119.54427,29.224485,145.31354,-0.037761215,34.11491
-3.9054265,-3.4097037,-1.8018755,-2.7156234,-0.7230576,-1.5101231,-0.60912716,-1.0026313,bg_rep03_9895,0,xgboost,13.719334,30.924475,29.692,99.109634,14.772035,1347.453,0.5086398,53.211124
-1.7652599,-2.5452785,-1.4453833,-5.26862,-0.8876564,-0.97335494,-1.1732277,-0.113178246,bg_rep03_1496,0,xgboost,13.302,27.144722,25.252,126.330864,28.383028,497.38907,-0.3190327,27.80232
-3.6192186,-3.4755938,-1.9259431,-2.743158,-0.8208891,-1.6229703,-2.5506575,-1.8322668,bg_rep02_8719,0,xgboost,13.884334,31.259756,30.616001,100.41842,16.351006,1286.9786,-0.053586595,46.649853
0.5214961,-3.0191267,-1.9698029,-0.627433,-1.3029649,-1.5637113,-1.2097771,-1.8616005,bg_rep05_8463,0,xgboost,10.454666,29.082748,28.912,82.57993,25.82287,184.79825,0.48072004,39.513447
-0.8378469,-6.0053525,-2.2424138,-2.3464968,-1.6549187,-2.4028037,-1.3853991,-0.25421706,bg_rep02_4352,0,xgboost,10.618667,20.103497,26.5,87.85952,31.428661,47.961475,-0.37160364,28.295742
-3.231265,-3.609908,-2.2584023,-3.1038387,-1.3235427,-1.9958274,0.4888012,-1.5550851,bg_rep01_2439,0,xgboost,14.428667,30.952175,30.488,91.51526,19.693424,1336.2118,0.6142806,41.21482
-3.3982418,-2.6836824,-1.5827174,0.13054557,-0.893835,-1.811165,-1.6365741,-3.292456,bg_rep01_639,0,xgboost,14.94,26.3883,28.088,64.96,26.088991,181.75801,0.60424685,29.03048
-4.5160966,-3.2777562,-1.5442597,-3.9451506,-1.0184875,-1.250394,-0.18732971,-0.32413667,bg_rep05_1719,0,xgboost,13.532667,31.380825,27.072,95.30755,0.0,0.0,0.0,0.0
-1.5920031,-5.223972,-1.9654542,-0.23915693,-1.517958,-2.2097917,-0.36213174,-1.0830456,bg_rep02_7449,0,xgboost,11.524333,20.332273,26.988,80.13375,27.459158,24.103277,0.9029027,32.251656
-1.26224,-1.7586668,-1.1560075,-2.0426617,-1.1160233,-1.1681672,-2.474118,-3.0040913,bg_rep03_6073,0,xgboost,8.430667,24.813593,22.916,39.313183,22.564447,168.50903,-0.08404276,45.864365
-0.8235905,-3.4608912,-1.5869801,-5.5813017,-1.7613903,-1.7268727,-1.1505618,-1.4319841,bg_rep04_9203,0,xgboost,12.262667,23.369925,26.556,109.73257,26.604868,202.10718,0.11579989,24.730257
-1.5788939,-3.3233812,-1.8139678,-3.51966,-2.231767,-2.465412,0.3637736,-1.7679135,bg_rep05_1016,0,xgboost,15.17,32.14528,31.359999,90.554375,22.57788,1216.7705,0.7762223,37.494987
-1.7418674,-3.3348613,-2.99837,-1.0550871,-0.64188164,-1.3840679,-2.0632825,-2.535248,bg_rep03_3217,0,xgboost,9.262667,28.236395,28.924,75.0118,26.101252,86.533325,-0.07585334,40.879086
-0.32284123,1.2252545,1.4913467,-0.9648686,-0.43867943,0.07254377,0.11015659,1.0531461,presence_12,1,xgboost,15.0946665,33.248165,30.672,94.30892,0.0,0.0,0.0,0.0
-1.5396456,-4.2552595,-0.82160556,-4.2217436,-0.736067,-1.73647,-0.95277166,-1.4225591,bg_rep04_1909,0,xgboost,11.843,22.741762,27.876,117.56303,27.60293,148.07619,-0.013742799,38.565704
-0.9469367,-2.0063376,-1.6367333,-4.8786464,-1.060546,-1.9751564,-2.8451047,-1.8292693,bg_rep01_2491,0,xgboost,11.281667,24.583078,27.803999,102.99082,23.232252,96.583115,-0.29248986,39.7146
-3.3543656,-3.1693149,-1.2690786,-3.534702,-0.9618755,-0.5368918,-0.043165617,-0.3779447,bg_rep02_3503,0,xgboost,12.961333,31.034704,28.828,93.80991,0.0,0.0,0.0,0.0
-2.6553082,8.668595,0.08216789,-0.050873175,0.28248367,0.37323523,0.6052694,1.3066385,presence_39,1,xgboost,13.9713335,49.53671,32.912,47.134716,0.0,0.0,0.0,0.0
0.004604537,7.70064,-0.64952594,-0.22982946,0.05480985,0.45664668,0.48083264,0.93545574,presence_250,1,xgboost,10.259001,50.161358,28.532,48.71069,0.0,0.0,0.0,0.0
-2.2039099,-2.3128674,-0.48941872,-3.9601355,-0.7101337,-1.9114438,-1.3964493,-1.922524,bg_rep05_295,0,xgboost,12.761666,27.0214,28.404,125.66662,18.20671,385.4538,0.27669433,50.358116
-0.9932441,7.5951796,-0.8947418,1.4673207,0.2645081,0.7053105,0.55130464,1.4593835,presence_238,1,xgboost,12.132667,48.41447,28.712,25.121042,0.0,0.0,0.0,0.0
0.7146148,-3.9766273,-2.3667612,-1.1531619,0.22730078,-1.5644969,-2.0181181,-1.1648455,bg_rep03_1978,0,xgboost,10.418667,29.747221,28.812,83.56374,27.961105,161.70323,-0.118197255,32.05739
0.41226435,-0.594651,-0.34882265,3.8793113,0.1846749,1.0851,-0.032439984,-0.7031106,presence_142,1,xgboost,14.418333,25.092817,26.936,66.68183,23.253899,283.53287,-0.046085693,36.280956
-1.2224791,7.848695,-1.6932652,0.40372244,0.3826106,0.72571105,0.38032407,1.2152741,presence_244,1,xgboost,9.477,47.177418,26.236,28.723368,0.0,0.0,0.0,0.0
-3.640036,-1.1783043,-3.306379,-3.8334458,-0.32539126,-0.90345335,-0.36420202,0.009881316,bg_rep04_6954,0,xgboost,12.963667,35.067265,17.676,94.78732,0.0,0.0,0.0,0.0
-2.3761802,-2.990734,-0.8270727,-2.9059072,-1.0893103,-0.78954166,-1.0650144,-3.035555,bg_rep02_9588,0,xgboost,7.317,21.018614,22.348,32.971344,23.635485,289.08304,0.31962785,41.81855
-1.4507407,-4.6129208,-1.7147362,0.41256493,-1.2772218,-1.4487323,-1.6263975,0.105659425,bg_rep05_6173,0,xgboost,11.736334,22.189241,25.264,72.92997,26.752693,144.9988,0.17028387,32.631657
0.013848465,-2.3886452,-1.7830486,-1.8322212,0.20864701,-1.9187715,-1.6400868,-0.54216474,bg_rep03_3547,0,xgboost,10.755,28.092676,28.872,92.79781,30.745003,91.52607,0.12087585,32.529507
-1.2725736,-4.541221,-0.97825485,-3.9726925,-2.8261542,-1.9308097,-0.95223355,-1.3948787,bg_rep05_2377,0,xgboost,11.128333,21.392414,27.392,110.64583,29.689629,122.323524,-0.0044990294,29.001953
-1.2588614,-3.1668818,-1.9046679,-0.9999249,-2.14607,-3.0754635,-2.05905,-1.5769771,bg_rep02_9060,0,xgboost,14.112666,29.160812,32.084,85.777504,22.074564,1034.0009,-0.12150991,39.64416
-0.9790348,-2.4491503,-1.8190278,-2.7204728,0.48426512,-2.5061955,-2.6738572,-1.8720003,bg_rep01_7542,0,xgboost,10.064333,26.93591,26.296,94.82953,27.850765,342.91074,0.035238266,35.864433
-1.5602236,-3.4196262,-1.2912438,-4.988397,-0.9383829,-1.8935442,-2.0894566,-1.8253919,bg_rep04_1205,0,xgboost,12.18,23.75751,25.072,103.785706,21.32011,337.1934,0.14025934,34.44037
-2.07734,-3.759676,-1.6689587,-1.1264412,-0.9251516,-1.946958,-0.78523856,-2.0451648,bg_rep05_4187,0,xgboost,8.337334,25.206594,27.776,27.25926,21.285534,488.87723,0.40911075,44.890972
0.63114834,-0.023275215,-0.15320453,0.6188216,2.1405537,-0.20958535,0.7536827,-0.19872862,presence_66,1,xgboost,9.493334,25.749521,28.756,92.83329,30.333118,88.0567,-0.67380905,35.83418
-1.5513946,-4.8701816,-1.82609,-2.2197716,-1.5118083,-2.2798116,-1.3289276,-1.8466321,bg_rep04_6754,0,xgboost,11.644667,21.110708,26.544,87.54203,27.424107,47.036953,-0.41386983,29.71863
-1.2249573,-2.1056774,-0.43236524,-3.781319,-2.1672058,-1.6330961,-0.40043578,-2.796656,bg_rep03_8794,0,xgboost,12.412,24.693617,27.416,102.28312,23.745117,317.5463,0.30746517,37.3644
-1.2454953,-3.2683053,-1.1975127,-3.0242813,-1.811801,-1.227294,-3.0783474,-2.1865191,bg_rep01_6236,0,xgboost,11.545667,26.72608,23.896,93.22466,22.892488,566.69745,-0.29355496,34.242348
-0.9735811,-4.178457,-1.5754641,-3.114235,0.21669039,-1.588474,-2.8889563,-1.8809396,bg_rep02_3573,0,xgboost,11.543333,22.14931,27.98,121.31125,19.990345,139.95576,0.07319756,58.47071
-3.7267282,-3.3428996,-3.58676,-3.2328532,-1.3223362,-2.3194592,-1.7415236,-2.0426834,bg_rep03_5281,0,xgboost,8.008333,25.69079,31.12,59.934063,26.58207,138.39488,-0.43029416,37.59976
-2.258058,-5.3143826,-2.06075,-2.4762566,-2.6931398,-1.4803432,-0.27772844,-1.2244242,bg_rep01_5841,0,xgboost,11.949333,22.556126,25.92,91.32335,29.404789,182.95195,-0.4787714,31.607718
-4.5590625,-2.3188105,-1.1061627,0.2679424,-2.166578,-0.81020457,-3.0297685,-2.380123,bg_rep02_4793,0,xgboost,14.813666,26.398294,25.216,71.59843,19.059221,655.84894,-0.07933778,40.927826
-2.626239,-2.0938003,-1.3207302,-3.1583948,-0.09744653,1.2252266,-2.116481,-1.9536201,bg_rep01_1764,0,xgboost,8.173667,26.147366,25.552,48.350433,27.83793,726.1946,-0.20787464,36.752434
-3.3631163,-2.8048499,-1.9522578,-2.1110346,-1.6533641,-1.2380624,-1.0309191,-2.030236,bg_rep04_5695,0,xgboost,13.093667,25.452272,22.104,63.502697,19.252508,773.16895,-0.43128228,42.757652
-2.5197024,-3.5948734,-3.2085676,-2.5871136,-1.3813885,-1.7103035,-1.6560416,-1.566194,bg_rep02_1867,0,xgboost,9.165334,28.71345,30.568,48.709248,33.59277,189.77777,-0.14806738,38.34418
-3.2019277,-3.0271394,-0.92140263,0.5150805,-0.659924,-1.3995392,-2.0512834,-1.884829,bg_rep03_9179,0,xgboost,13.064334,25.452644,22.392,68.738884,20.829426,822.051,0.19611529,40.96079
-2.219716,-2.1253145,-1.6686231,-4.505075,-2.2961223,-1.8656522,-0.40794978,-2.0873632,bg_rep05_3562,0,xgboost,13.347,27.801617,23.128,123.031845,25.76894,806.9858,0.43173066,35.19702
-4.1425185,-3.781208,-0.5294321,-2.7736077,-0.6497418,-0.62826866,-0.14035068,-0.07347254,bg_rep05_7079,0,xgboost,13.989667,29.526524,31.356,94.80878,0.0,0.0,0.0,0.0
-0.6314876,-3.4209464,-1.4169117,-4.286807,-1.2881049,-1.178723,-0.09193062,-0.25272635,bg_rep02_3778,0,xgboost,12.371333,30.692005,27.752,91.01546,0.0,0.0,0.0,0.0
-1.2820197,-2.485742,-1.7802508,-3.2859802,-1.3382028,-1.8144559,-3.1622906,-2.098584,bg_rep04_6818,0,xgboost,12.474334,24.532595,27.748,123.34025,20.646011,163.91714,-0.6170444,49.347885
-0.9583095,-1.7727947,-1.4603152,-3.4749515,-1.404029,-1.9062326,-2.5194283,-1.5405043,bg_rep02_690,0,xgboost,11.367,24.691545,25.148,88.87772,22.165092,421.25797,0.20013429,34.205288
-4.7091417,-3.2140837,-0.1976919,-3.3337479,-0.8007114,-0.5731315,-0.15466201,-0.1541127,bg_rep05_1385,0,xgboost,14.832,31.275305,31.46,97.02788,0.0,0.0,0.0,0.0
-2.0140717,-4.3708105,-3.1773045,-2.825375,-0.55142546,-0.13544892,0.039443213,0.12717581,bg_rep04_1011,0,xgboost,7.658,25.56075,30.588,56.40923,0.0,0.0,0.0,0.0
-3.6620283,-3.4385288,-0.81233364,-4.3724394,-1.261497,-0.98735905,-0.20406508,-0.9634651,bg_rep04_9885,0,xgboost,14.224,32.030266,28.224,93.05236,0.0,0.0,0.0,0.0
-0.067257635,-3.954331,-1.8875557,-3.2376392,-1.6239746,-1.5703849,-2.2115557,-2.421014,bg_rep02_8241,0,xgboost,8.343333,22.341831,27.004,103.15736,18.648252,45.74558,-0.15675083,51.404102
-3.3979092,-2.460998,-1.2028048,-4.283748,-1.1893926,-1.7269093,-0.39266026,-1.8825723,bg_rep03_726,0,xgboost,13.409666,28.105438,27.699999,120.65018,16.845938,582.3318,0.38986093,53.265915
-1.8056755,-3.4598703,-0.9985887,-3.6419814,-0.7220091,-1.4956582,-1.9229115,-1.9152846,bg_rep01_6692,0,xgboost,12.163667,23.993345,24.364,102.799965,20.873264,492.25302,-0.028503576,34.57106
-0.69087434,-3.8440347,-1.7054714,-5.392789,-1.6978228,-1.2250112,-1.102128,-0.9600543,bg_rep02_5080,0,xgboost,12.437,23.70578,26.284,104.55069,25.56021,226.61978,0.120352656,22.835793
-0.90394133,-3.1836858,-1.5835747,-4.844609,-2.2822964,-1.1507719,-0.034846168,-1.8159199,bg_rep02_3095,0,xgboost,12.298,27.311895,24.068,104.43902,22.029095,890.70526,0.48468244,32.311264
-3.655625,-2.890983,-1.1239841,-1.2431045,-2.367336,-1.6935627,-2.6946716,-3.1411405,bg_rep01_8403,0,xgboost,13.956333,25.013144,25.576,74.555855,19.522154,485.26636,-0.09514824,42.157814
-2.1248143,-3.0680296,-1.1704469,-2.7471175,-2.2428133,-1.8955129,-1.4081248,-1.8288668,bg_rep05_6253,0,xgboost,8.852667,28.29051,26.724,50.720467,30.983963,861.22253,0.40106982,41.32145
-2.7684948,-2.1877348,-0.4092166,-3.662205,-0.9453596,-1.8920465,-0.30784798,-1.4910944,bg_rep01_4300,0,xgboost,13.115334,27.597284,28.392,124.713165,16.481955,386.96066,0.5231745,45.51664
-3.5732515,-4.1104994,-3.5695825,-1.0794089,-1.5076785,-1.6638834,-1.1209488,-2.657122,bg_rep02_1217,0,xgboost,7.3256664,24.157982,29.776,20.954739,31.023527,184.20363,-0.071224146,30.242344
-1.1036131,-3.1401746,-1.6106324,-2.5027068,-1.1469945,-2.362363,-1.9931997,-3.3348734,bg_rep05_5450,0,xgboost,8.359,23.126936,22.016,33.796944,18.470612,387.05374,0.1703762,44.625435
-3.0511994,-3.2446861,-1.181543,-4.963158,-0.19938332,-1.9725013,-2.4268763,-0.962176,bg_rep05_9993,0,xgboost,13.931334,28.94642,25.652,126.22682,26.841454,588.216,0.075018145,40.16681
-3.1845882,-4.4921083,-2.97801,-1.0515299,-2.1042926,-1.9077214,-1.730175,-2.1434464,bg_rep05_372,0,xgboost,6.9136667,24.190577,31.7,65.88103,29.00903,508.16812,0.4724884,23.987797
-0.66055286,-6.345897,-1.6746364,-1.1628146,-2.2574253,-1.641192,-0.93692964,-1.5375996,bg_rep01_8300,0,xgboost,10.716,20.171675,26.82,86.470245,29.971151,54.76428,0.0068940916,26.547647
-2.6376522,-2.4202561,-1.0555879,-5.010444,-1.6127095,-1.2575475,-0.7511961,0.1765142,bg_rep04_3640,0,xgboost,13.053667,26.207972,27.02,126.2573,22.484728,337.41016,-0.0014943171,30.608112
-1.1269902,-4.9963007,-1.2563115,-1.0681155,-2.528615,-1.6336889,-1.7067248,-1.9805362,bg_rep05_3750,0,xgboost,10.954667,20.568281,27.204,86.0318,32.82437,50.979893,0.56878895,23.405888
-3.0163422,-4.366914,-2.943414,-1.9480659,-0.8186065,-0.3139657,-0.27513584,-0.63690585,bg_rep01_4150,0,xgboost,6.7636666,24.67051,28.904,62.27215,0.0,0.0,0.0,0.0
-1.3503686,-3.1688323,-1.0442892,-5.2468023,0.04636899,-1.6995406,-1.4096334,-0.69517916,bg_rep03_4170,0,xgboost,12.327666,22.96168,27.32,109.11478,30.510757,132.54742,-0.17930089,20.34318
-4.214925,-2.7974267,-1.8965465,-3.1279597,-3.009752,-1.7703944,-1.2200236,-0.96776235,bg_rep01_4892,0,xgboost,7.279333,25.286,28.64,59.282463,31.840214,343.33124,0.32806954,33.15155
-0.84112275,-3.263016,-1.5309262,-4.476742,-1.5404202,-1.1528357,-3.2535589,-2.4032507,bg_rep04_8199,0,xgboost,12.247666,23.711893,27.3,123.81062,23.094316,160.90973,-0.26580906,45.240364
-1.6103389,-2.7841396,-1.3458085,-4.916975,-2.1713707,-1.8400097,-1.0542225,-1.3844012,bg_rep03_4307,0,xgboost,12.544333,23.52474,26.692001,104.375336,30.172789,205.35687,0.5953863,31.08746
-1.6397322,-2.7482114,-1.5047802,-5.614651,-0.7192515,-1.4656181,-0.85718435,0.066909686,bg_rep01_1861,0,xgboost,12.140667,23.352825,25.572,105.88408,23.206118,209.39926,0.33018962,27.862911
-2.7767785,-3.1346464,-3.414296,-0.8011571,-2.680455,-2.0909457,-2.2277071,-2.4738169,bg_rep02_9497,0,xgboost,9.702333,29.411705,30.988,65.04362,31.161657,372.0635,0.19961302,29.45073
-3.7118006,-3.0760283,-1.2857448,-0.5482055,-1.175722,-1.9219351,-1.1243551,-2.5211453,bg_rep03_9114,0,xgboost,15.353,29.095285,24.64,69.96443,20.873365,587.3419,0.36694744,38.37241
-2.931617,-3.568423,-0.7287932,-4.7169533,-1.0288417,-0.8272708,-2.1945896,-1.0279471,bg_rep04_5662,0,xgboost,12.578,23.764359,24.876,103.87249,20.369467,238.7614,-0.5960829,33.183483
-1.1647013,-4.334591,-2.552928,-0.947416,-1.5911779,-1.2671078,-1.3341246,0.31550875,bg_rep03_8072,0,xgboost,11.53,21.429632,26.236,77.92757,25.589447,74.13265,0.2943745,31.037954
-2.0112786,-4.9316444,-2.8511305,-2.3739116,-0.52817917,-0.08217188,-0.13559681,-0.49545425,bg_rep04_7445,0,xgboost,7.651666,24.49631,32.239998,47.023434,0.0,0.0,0.0,0.0
-0.34321192,-4.905514,-2.8772304,-0.27950922,-1.2960292,-2.4748523,-1.9716558,-1.0579941,bg_rep05_3288,0,xgboost,10.568666,19.47208,26.464,81.02807,26.412863,29.022423,0.20090656,33.202328
-0.5901318,-3.1957881,-0.38593218,-3.614114,-1.6427401,-1.522799,-2.672024,-2.3752701,bg_rep01_3870,0,xgboost,11.619333,25.187145,28.292,105.547165,20.644531,54.90865,-0.13377343,48.531773
0.44920772,-1.4806929,-1.7593545,-5.020701,-0.76385665,-1.7667444,-2.752678,-1.941292,bg_rep05_5277,0,xgboost,10.372666,24.626463,26.464,105.42579,21.10011,335.58908,-0.26594087,38.53645
0.100339584,-0.23948649,0.31738317,3.6339195,-0.24655557,-0.6138652,-0.72794324,0.9757878,presence_124,1,xgboost,13.277333,27.84442,24.988,67.50535,22.473827,384.69244,0.14615723,40.54712
0.20281902,-3.7396412,-1.164227,-3.2277246,-0.4975498,-1.1705184,-0.8717138,-1.8854101,bg_rep05_3219,0,xgboost,9.205556,22.049234,27.566668,110.76593,16.644148,0.48507178,0.39797458,9.8697605
0.004254275,-5.2477565,-2.6471326,-0.7050946,-1.4204841,-2.3115098,-0.4089103,-1.4729564,bg_rep01_4304,0,xgboost,10.470333,19.843706,26.116001,77.89562,26.619696,34.783363,-0.019421464,31.341175
-1.4784518,-2.3548284,-1.51043,-2.8451529,-1.4198351,-1.746142,-2.165913,-1.3039123,bg_rep03_9254,0,xgboost,12.184,24.834896,26.484001,93.6882,25.575102,380.11438,-0.100469165,34.889584
0.12381626,-3.5694973,-1.0067161,-4.2755737,-1.925439,-1.1667947,-1.1667979,-1.5030141,bg_rep02_5236,0,xgboost,10.768333,24.172428,28.056,103.99209,29.335482,24.057098,0.4047317,39.461117
-3.086868,-3.6471908,-1.0099869,-2.6056716,-1.2641691,-1.5735689,-1.3033303,-2.3154843,bg_rep02_3020,0,xgboost,7.626,22.62371,24.136,34.65124,25.878897,100.650055,0.1131053,39.424156
1.7531102,0.01136181,1.6277707,1.1116625,0.06830223,-0.0050791465,-0.525196,0.1079608,presence_93,1,xgboost,8.926333,21.28967,23.828,80.44902,23.504942,87.68909,0.12176821,33.895252
-1.2496862,-3.0938985,-1.3825977,-5.744878,-2.1474185,-1.4564748,-1.9224834,-1.8228445,bg_rep01_4993,0,xgboost,12.337,28.158953,27.096,104.72034,23.838627,340.18085,-0.31255576,33.257645
0.42428848,-2.388381,-1.66111,-4.114635,-1.1488847,-1.5376846,-2.78019,-2.3958335,bg_rep02_8096,0,xgboost,10.309334,23.526546,27.776001,105.43058,17.724691,141.20193,0.055449296,44.806583
-3.1893585,-2.7668324,-1.6152352,-4.6592684,-1.1835843,-1.4582556,-2.4831533,-2.285328,bg_rep04_9746,0,xgboost,13.5876665,28.1598,27.136,124.550095,20.260519,521.4636,-0.33084798,50.42856
-0.8182354,-1.1256192,-1.4339098,-3.656723,-0.6826045,-1.6521765,-2.7230325,-1.5598177,bg_rep01_2741,0,xgboost,11.623,23.179243,28.888,107.65329,28.279789,126.702896,-0.29240522,37.706745
-3.2855437,-3.425703,-0.79943746,-5.015817,-1.3233532,-1.4405557,-0.15814705,-0.81884,bg_rep04_3604,0,xgboost,14.072666,32.867775,27.396,86.74759,0.0,0.0,0.0,0.0
-2.4288473,-2.4606113,-1.1360421,-4.8921833,-1.9795315,-1.7557858,-0.95669025,-0.48963022,bg_rep05_9435,0,xgboost,12.884666,26.235271,25.872,127.02719,25.96073,395.6199,0.3943907,30.822977
-1.2527676,-2.503812,-1.1008689,-2.7351158,-0.8536426,-1.699278,-0.50532717,-1.9888908,bg_rep03_8977,0,xgboost,5.816228,20.803526,22.984211,37.09499,22.380106,145.77255,0.7110301,36.331554
-1.3865411,-6.3252797,-1.1365683,-0.21471517,-1.2605165,-1.0160981,-0.66150254,-0.4468853,bg_rep05_2330,0,xgboost,12.036333,22.17943,27.307999,77.41491,29.339277,71.50265,-0.06995217,25.223635
-1.8161435,-3.5440419,-1.227071,-2.8818364,-0.8561148,-0.9062436,-2.6446605,-2.641599,bg_rep04_9097,0,xgboost,7.378333,20.814526,19.964,31.988348,20.663332,791.0116,-0.24020702,45.544373
-2.7741146,-5.1932063,-1.4592983,-2.2298298,-1.6015723,-1.6287338,-1.637576,-1.633653,bg_rep01_3003,0,xgboost,12.671,22.861937,26.752,92.5195,29.981287,70.22945,-0.21109208,29.701765
-0.9683302,-2.479284,-1.4675409,-3.4144483,-1.0425256,0.096814476,-1.4951875,-2.338687,bg_rep02_2288,0,xgboost,11.453667,26.696035,23.088,94.46529,20.645464,767.4027,0.52191037,38.11564
-3.5659444,-2.9447768,-1.9914136,-3.3367684,-1.2431777,-1.8683127,-1.2302362,-1.6275786,bg_rep04_1151,0,xgboost,12.8463335,23.372267,26.26,90.68267,28.71646,186.02856,-0.39728752,32.814934
-1.5855521,-2.9188812,-1.3890738,-3.3504598,-0.2870832,0.12430938,-2.7960935,-2.6527932,bg_rep04_8346,0,xgboost,12.283,25.279905,22.948,102.84666,19.911102,983.10675,-0.33374733,36.0459
-4.1192913,-2.5263083,-2.392349,-3.1379285,-2.7579722,-0.82633096,-1.1712126,-1.1588377,bg_rep04_5032,0,xgboost,7.2323337,25.44088,29.284,54.508614,32.649723,210.64885,0.32699916,33.267693
-0.34467816,-3.6901457,-2.1433933,0.05738884,-1.4805641,-2.3405428,-1.3486527,-0.34583095,bg_rep02_8854,0,xgboost,9.529667,18.176674,25.728,80.53588,25.865053,29.137758,-0.13214205,32.607983
-2.8169756,-5.0726957,-1.579258,-2.1904755,-1.1220404,-1.9095374,-1.0137985,-1.9136127,bg_rep05_5596,0,xgboost,12.624,22.664272,26.859999,93.03983,30.205235,70.721405,-0.44171664,29.480583
0.44999593,-3.2253604,-1.795573,-4.438241,-1.5734862,-1.3774285,-3.110492,-2.6531887,bg_rep05_2751,0,xgboost,10.369,24.331238,26.816,105.65642,17.541073,274.10037,-0.20199573,49.48712
-1.5234202,-1.9972078,-1.5439,-0.93221444,-0.5492596,-1.4323918,-0.60151106,-2.2981517,bg_rep02_1595,0,xgboost,9.243,27.016836,25.464,77.0239,27.265772,503.61417,0.33860257,38.475494
-0.39974084,-3.1315396,-0.9029988,-0.22634579,-0.45627508,-1.3836088,-2.1073318,-1.823151,bg_rep05_7810,0,xgboost,10.623,29.342062,28.624,86.102776,28.671013,161.29637,-0.093324035,32.947906
-2.6246555,-3.6830688,-0.6303357,-3.3366377,-0.53543794,-0.74760485,-0.3893119,-0.63578814,bg_rep04_2715,0,xgboost,13.266667,29.828823,29.376,101.924904,0.0,0.0,0.0,0.0
-2.2247066,-3.029192,-1.2850957,-2.7110288,-1.000076,-1.5231894,-2.3392527,-3.1194253,bg_rep05_8086,0,xgboost,7.6299996,21.105331,20.316,52.447025,22.494864,109.48095,-0.10552195,41.856583
-0.73455465,-4.238929,-1.5108846,-0.5674371,-2.9733398,-3.351962,-1.642605,-1.4537237,bg_rep01_8024,0,xgboost,10.152333,29.149918,22.84,83.08357,24.685053,1998.1531,-0.08265404,25.444712
-1.7564775,-4.019435,-1.8568962,-0.10549857,-2.0807228,-1.6133602,-0.8508817,-0.15339,bg_rep04_2500,0,xgboost,11.096,21.859732,25.524,80.27721,27.073685,382.5904,0.3833577,33.758286
-1.149247,-4.0231023,-0.5190578,-3.9992065,-1.4367849,-1.4783621,-2.2176397,-1.9937243,bg_rep01_3324,0,xgboost,11.75,22.927725,28.324,119.96522,23.504917,133.4995,-0.13515443,53.44426
-1.1493124,-4.7531247,-1.5612028,-4.2654924,-2.2378807,-1.5292974,-1.3462533,-1.677252,bg_rep01_9765,0,xgboost,11.640333,22.94114,26.952,114.834625,31.817278,196.59677,-0.07595588,30.520243
-1.822384,-4.7745295,-1.3573316,-0.8465794,-1.2490829,-2.0403273,-1.5454569,-1.464546,bg_rep01_756,0,xgboost,12.088667,22.69405,26.792,75.5087,26.231098,106.30985,-0.16811277,28.827034
-1.0782809,-2.4509125,-2.3357892,-0.5527303,-0.8606824,-0.48244312,-0.76593417,-2.2530348,bg_rep02_5217,0,xgboost,12.224999,24.498999,21.324,65.17788,20.691494,774.9411,0.39816612,40.803364
-4.303676,-3.316754,-0.74168605,0.560659,-1.421884,-1.7492605,-2.4206207,-2.0849683,bg_rep05_8675,0,xgboost,13.8793335,25.481628,22.404,70.84079,19.526482,1096.831,0.021462668,41.920673
-0.011941867,-3.850637,-1.2221829,0.5451752,-0.87585515,-1.5477521,-0.66148275,-2.348937,bg_rep01_2249,0,xgboost,10.493333,28.533102,25.144,71.71896,27.508722,817.073,0.35750166,36.494263
-0.7651834,-3.1191022,-1.1064059,-1.2083615,-1.430708,-1.7237204,-1.9595646,-2.6620042,bg_rep05_1960,0,xgboost,7.1093335,21.877565,27.616,96.15745,19.150532,104.186485,0.10824458,47.358307
-2.879615,-2.8639607,-2.1807017,-1.1496722,-2.67602,-2.058804,-1.3302591,-2.6869621,bg_rep04_325,0,xgboost,8.104333,26.44327,29.192,64.51355,31.447626,39.160603,0.4279842,29.513655
-3.490801,-3.1997573,-1.7288549,-2.8304057,-2.2273576,-2.320246,-2.6040618,-1.5766248,bg_rep05_9274,0,xgboost,13.969,28.745163,31.424,100.00371,22.840933,1198.1473,-0.8734379,43.73532
-0.012905749,-3.3208146,-2.9212291,-4.5945883,-0.7719211,-0.93625396,-0.2308139,-0.2908637,bg_rep04_7668,0,xgboost,10.436334,31.291475,15.232,96.52701,0.0,0.0,0.0,0.0
-0.9730568,-3.783901,-0.12988487,0.11696224,-1.3399979,-0.53957754,-2.750424,-0.9662253,bg_rep04_554,0,xgboost,11.050333,29.689236,27.432,79.1437,32.07823,467.29297,-0.6174617,25.965078
-1.5292636,-4.9869714,-0.63798255,-4.389197,-2.5218213,-1.1693698,-1.6061587,-1.7519089,bg_rep02_7791,0,xgboost,12.046333,22.880894,27.388,109.578964,29.771208,164.7687,0.38588923,22.676477
-2.7105927,-2.6476321,-0.8644991,-5.6318216,-1.2460028,-1.420641,-2.284601,-0.5688877,bg_rep01_6508,0,xgboost,13.023666,26.183487,27.276001,125.388504,23.202324,322.5423,-0.059956722,31.91199
-0.741322,-3.721717,-0.21940225,-3.33371,-0.8067144,-1.5605931,-2.1972964,-1.7112672,bg_rep05_4822,0,xgboost,11.511,22.722069,28.468,121.59017,20.46176,133.57921,0.10744203,56.823383
-0.97411245,7.0381093,-0.7389992,1.5133147,0.56384856,1.0081602,0.29432794,1.450413,presence_164,1,xgboost,7.0438404,43.075867,23.3,21.796717,0.0,0.0,0.0,0.0
-2.939915,-4.795443,-1.9503669,-2.6756506,-1.1365539,-0.4954074,-0.11180167,-0.41693962,bg_rep02_7315,0,xgboost,7.1426663,25.231972,27.316,59.76222,0.0,0.0,0.0,0.0
-1.0846393,-5.3821907,-1.5113223,-4.5460577,-2.3216178,-1.6308292,-1.1662259,-1.9715118,bg_rep04_6779,0,xgboost,11.894,22.338667,26.907999,108.07283,27.085178,191.02757,0.3797816,26.046005
-3.151829,-4.224831,-1.5357146,-3.545663,-0.45009723,-2.1379294,-0.10096122,-2.105688,bg_rep04_1121,0,xgboost,13.201667,23.577774,23.552,93.06256,21.067413,890.56134,0.29996872,44.420113
-3.0630789,-3.6157894,-1.6633716,-2.1803675,-1.185601,-1.6658906,-2.2939465,-2.6247625,bg_rep04_7190,0,xgboost,12.632,23.04773,24.048,84.97576,20.070723,461.86615,-0.29502073,43.01655
-0.26762447,-2.0809073,-0.0029789251,-1.9617212,-0.34166163,-1.826556,-2.2576663,-0.7946309,bg_rep05_3731,0,xgboost,10.470333,27.87035,28.596,87.92009,28.85897,151.1138,-0.11967086,39.829197
-1.1114746,-2.6102655,-0.6358328,-2.1997428,-1.9897071,-1.8666126,-1.7586151,-3.2684112,bg_rep03_8608,0,xgboost,9.2960005,24.488935,23.132,39.021416,13.918155,144.04932,-0.048521876,51.46821
-1.3014997,-3.1939802,-1.7203898,-2.9198792,-1.996419,-2.2831137,-1.7991154,-1.5763413,bg_rep03_637,0,xgboost,11.542667,23.58727,25.844,94.337685,24.196667,428.53592,0.10265184,34.761387
-0.8382149,-1.9742783,-0.06298903,-5.306704,-1.1654648,-1.8594092,-1.5990216,-1.9720314,bg_rep04_1923,0,xgboost,13.270666,26.892006,27.524,128.72675,28.592588,302.6857,0.119208924,43.260876
-3.6452198,-4.0729384,-1.8617541,-0.6122747,-1.3355595,-0.8165908,-1.8486837,-1.5501254,bg_rep03_6344,0,xgboost,7.383667,23.70815,29.388,27.753181,27.56489,26.090158,0.15680017,26.846249
0.19328152,-1.1494237,-0.6487727,3.029509,0.27736259,0.65161246,0.49215713,1.402908,presence_2,1,xgboost,11.415667,29.978115,31.732,19.425259,0.0,0.0,0.0,0.0
-0.15370211,-2.3123975,-1.5939583,-2.5308104,-2.0301883,-1.5275706,-3.374281,-0.9972779,bg_rep01_4030,0,xgboost,10.013095,24.780508,27.742857,100.704124,18.291573,6.4714975,-0.20259099,35.081512
-1.6052672,-3.247398,-1.273527,-4.236594,-1.6009523,-0.46289778,-0.9030557,-1.3016217,bg_rep02_9935,0,xgboost,9.792666,27.223026,25.8,99.98336,25.97608,250.19467,-0.018035892,31.98459
-4.2600174,-2.922664,-1.4940047,-1.0173963,-1.8789986,-2.0362027,-1.9923521,-2.4175649,bg_rep03_3689,0,xgboost,14.878667,25.647568,26.092001,72.29287,19.737669,396.33865,0.5494792,38.281506
-1.3214917,-5.507427,-2.2465656,-2.410508,-1.7698402,-1.673666,-1.7005769,-0.3944152,bg_rep03_7091,0,xgboost,11.472667,21.311983,26.388,90.23095,31.814487,57.704487,-0.26653543,27.53637
-0.66587037,-2.8466804,-2.1241412,-4.501871,-2.5351298,-1.9267898,-0.3485749,0.091760084,bg_rep03_1774,0,xgboost,11.612333,23.815285,28.016,111.9644,25.205153,141.14687,0.7013848,33.60925
-2.9699385,-3.7476377,-0.7107397,-4.5000606,-0.95987684,-0.94556856,-0.020133274,-0.33716306,bg_rep03_2863,0,xgboost,14.008667,29.95353,31.232,88.74233,0.0,0.0,0.0,0.0
-3.6746862,-2.7863123,-1.9488068,-2.3465848,-2.3037803,-1.9080595,-1.3267294,-1.2848133,bg_rep02_1931,0,xgboost,7.4666667,26.395172,28.816,36.23391,32.446907,110.49683,0.50698745,35.264397
-0.92293805,-3.014214,-0.17857754,-5.3795753,-1.6386771,-1.7998431,-2.3657455,-1.5866445,bg_rep05_7893,0,xgboost,11.210667,27.044935,27.368,103.087036,25.892645,180.29938,-0.1829613,32.043156
-0.2591847,-2.688085,-1.1075821,-2.6736808,-0.2407006,-1.3478812,-2.6929743,-2.3422134,bg_rep01_8365,0,xgboost,11.806,24.89457,23.688,100.404,20.244177,859.1059,0.041627318,35.502247
-2.5770605,-3.416359,-2.9879987,-3.1315534,-0.8097534,-1.4083076,-2.9040802,-1.7957817,bg_rep02_7325,0,xgboost,8.562667,26.94018,31.496,58.48898,28.442541,81.15628,-0.2777338,34.129932
-4.1782904,-2.4349089,-0.99607044,-2.6842203,-2.3736029,-2.4798493,-0.8486353,-2.0236015,bg_rep04_3122,0,xgboost,7.4290004,27.168667,27.864,41.57837,33.646072,394.83606,0.34421042,35.60476
-3.4052842,-3.142901,-2.235925,-2.5612233,-0.8972493,-0.49283746,-0.15015802,-0.14239031,bg_rep03_3679,0,xgboost,7.3556666,26.095028,27.912,58.577812,0.0,0.0,0.0,0.0
-2.1064022,-4.147091,-3.1052277,-3.077174,-0.55597264,-0.1685497,-0.10221014,0.17605346,bg_rep02_6691,0,xgboost,7.645334,25.511658,30.744,57.145798,0.0,0.0,0.0,0.0
-0.6522194,-2.0770795,-0.12445724,-3.927777,-0.51977926,-1.0568982,-0.27863532,-1.3463165,bg_rep02_1430,0,xgboost,11.591667,24.707277,28.316,102.83466,26.793703,74.62176,0.68210477,36.7551
-3.3288057,-2.3303027,-0.8914932,-1.5319602,-1.5781754,-1.4951167,-2.1478596,-3.0560834,bg_rep05_9270,0,xgboost,13.494,25.066875,25.592001,75.45313,20.55826,341.71518,0.061449707,40.94422
-1.2884641,-3.2315125,-0.62533087,-2.6036868,-0.4290224,-1.4001455,-2.250785,-1.2669183,bg_rep01_2580,0,xgboost,6.638889,20.32313,22.777777,33.54937,19.673634,1.6870493,0.20647776,34.180965
-2.759309,-3.5486562,-1.4612967,-3.4590971,-0.82570535,-1.7039744,-2.064331,-1.0473514,bg_rep04_1512,0,xgboost,13.004,28.946667,29.392,109.56766,16.289124,1189.1782,-0.660174,59.3298
-1.3741883,-5.02221,-1.3450183,-0.9520493,-1.2417655,-1.7342095,-2.8451526,-4.0333514,bg_rep02_7674,0,xgboost,11.498667,22.320574,24.256,75.84018,19.748789,357.6461,-0.0779609,44.036945
-1.2934195,-4.547674,-2.141485,-0.79337424,-1.5134829,-3.2289932,-1.5337741,-0.020860521,bg_rep05_9881,0,xgboost,9.288,29.907265,27.736,67.134384,27.217196,1038.2205,-0.42937985,31.072697
-1.2208741,7.85788,-1.4846112,-0.93339336,0.2242167,0.7787058,0.36274913,1.2971576,presence_15,1,xgboost,5.025666,77.46096,26.476,57.915096,0.0,0.0,0.0,0.0
0.12524447,7.570859,-0.6161624,0.5955494,0.06997607,0.50634557,0.5721328,1.2304791,presence_242,1,xgboost,10.583,48.652996,27.416,29.758171,0.0,0.0,0.0,0.0
-3.6316395,-4.7393446,-3.4247415,-2.5721424,-0.8123353,-0.37225658,-0.23001091,-0.5965453,bg_rep05_3918,0,xgboost,7.4983335,24.733915,30.876,50.93028,0.0,0.0,0.0,0.0
1.1569945,-1.0210569,0.9943925,-1.0102499,2.0414314,0.5341048,0.2441386,1.3366377,presence_76,1,xgboost,10.396,27.704935,27.584,92.07609,30.614717,245.4099,-0.35584968,31.025122
-1.4542634,-3.5743716,-1.8613739,-3.5288987,-0.79821527,-1.6361971,-1.7345763,-1.8471906,bg_rep03_7760,0,xgboost,12.079333,23.722178,29.02,122.03583,18.233051,138.04912,0.11959464,60.678078
-0.8090342,-4.3502107,-0.89874506,-4.1995344,-1.1982296,-1.4994885,-0.834367,-1.8737148,bg_rep02_3795,0,xgboost,11.621333,22.856844,27.788,117.931145,26.254099,198.40385,0.36946207,44.809128
0.6232064,-1.1707201,0.68620545,0.8711302,-0.43260667,1.9274085,0.5088169,0.6539209,presence_71,1,xgboost,9.323667,27.604412,24.544,79.538635,27.243698,952.3314,0.39308944,31.903605
-3.6668947,-3.660596,-2.970115,-2.3556988,-0.5644322,-0.22417624,0.08801828,0.028245907,bg_rep04_53,0,xgboost,8.010333,26.920061,31.06,58.71085,0.0,0.0,0.0,0.0
-0.68515337,6.535859,-1.4131955,2.2819927,0.57341844,0.821145,0.30819428,1.5775458,presence_251,1,xgboost,9.537001,48.867596,21.596,10.661762,0.0,0.0,0.0,0.0
-1.455981,-4.697641,-1.675642,-4.832125,-2.1385267,-1.3558794,-1.4039588,-0.35171574,bg_rep04_4754,0,xgboost,11.039667,21.140686,26.672,114.28144,32.228443,191.73404,-0.13549192,27.129263
-1.0842667,-2.2289965,-1.4448727,-4.0788894,-0.99805814,-1.6088251,-0.6262412,-1.9400816,bg_rep04_4545,0,xgboost,11.854,23.281483,28.872,111.43661,27.75561,133.11987,0.40440515,42.58759
-1.6772884,-3.6584668,-1.499198,-4.07279,-1.2857022,-1.1911343,-1.7727841,-1.2285912,bg_rep04_8678,0,xgboost,11.991,24.247755,25.872,98.1354,26.512348,491.20242,0.2505239,33.120205
-2.4197302,-2.3320415,-1.2345645,-5.1246467,-1.973923,-1.5297775,-2.6876776,-1.8519169,bg_rep04_8294,0,xgboost,13.124667,27.51041,27.168,122.30158,22.314638,459.82938,-0.5600049,47.065342
0.13958777,-3.4219797,-0.67497873,-2.9971774,-2.3041136,-0.2578067,-0.5536592,-2.2529454,bg_rep02_7883,0,xgboost,9.878667,23.592537,22.248,87.6539,18.852598,723.9938,-0.42543507,38.590218
-5.0245185,-3.3009534,-0.6988632,-4.5081058,-1.0744083,-0.693467,-0.14000314,-0.2755004,bg_rep05_1280,0,xgboost,15.043333,32.880165,30.752,90.82273,0.0,0.0,0.0,0.0
-1.8416047,-2.903276,-1.8632869,-4.620651,-1.5651641,-2.1520498,-2.4343452,0.023213865,bg_rep05_9838,0,xgboost,11.979,23.072035,25.428,105.75152,22.82519,370.91794,-0.176566,30.942778
-0.57456285,-2.7484722,-1.188099,-0.6295514,-1.0329778,-1.247235,-1.3196528,-2.0829127,bg_rep04_485,0,xgboost,9.646667,26.233728,24.088,73.91459,26.685286,296.6676,-0.3437616,35.71703
-3.77293,-4.475179,-3.1576853,-3.1854606,-0.83389926,-0.35629705,-0.14051937,0.014179608,bg_rep03_6705,0,xgboost,7.590667,25.363092,30.652,57.61017,0.0,0.0,0.0,0.0
-4.104951,-2.783155,-3.3145628,-2.76074,-1.8878242,-1.1751945,-0.18353426,-2.248103,bg_rep02_2855,0,xgboost,7.9569445,28.095728,29.529167,41.236267,33.85584,89.59105,-0.024180189,29.976625
-2.0854783,-3.8769774,-0.65050715,-2.8249156,-1.1348634,-1.7732259,-1.6172622,-1.5533928,bg_rep01_4965,0,xgboost,12.6970005,29.872482,28.4,98.055984,15.983645,1537.5514,-0.012565491,43.40353
-4.1815653,-2.611269,-1.7645171,-0.3549591,-1.2113599,-0.57807595,-1.6619279,-2.0476403,bg_rep05_6553,0,xgboost,15.292,28.316422,24.232,69.24276,20.404976,742.7836,0.26927426,40.747593
-0.8654655,-1.9753817,-0.92491746,-3.2171996,-2.0501318,-2.0835207,-2.5241883,-2.4229443,bg_rep05_695,0,xgboost,11.396,24.494884,24.636,91.64101,18.99857,594.1354,-0.15105295,38.436394
-3.0290394,-4.979546,-3.54826,-2.0122144,-0.90185523,-0.15362546,-0.3880629,-0.37446246,bg_rep01_9511,0,xgboost,6.5333333,23.569023,30.892,62.491875,0.0,0.0,0.0,0.0
-3.530464,-3.8406255,-2.7009182,-2.4697163,-0.5177012,-0.28133222,0.03185515,0.06995787,bg_rep05_9501,0,xgboost,7.999666,26.425959,31.768,60.549416,0.0,0.0,0.0,0.0
0.56230557,-4.2423124,-1.8852547,-0.7580987,-1.6516567,-2.7522655,-1.2293054,-0.58900684,bg_rep04_786,0,xgboost,10.314,19.414953,25.664001,82.76662,24.94525,47.205498,-0.45742142,32.388554
-2.9288027,-3.075415,-2.7846704,-2.9337025,-2.197169,-1.0567012,-1.9746224,-1.4641039,bg_rep04_6714,0,xgboost,8.588333,28.188044,30.764,48.970333,32.642612,49.850986,0.1790567,34.78788
-1.1803237,-4.229141,-1.5815817,-3.7334774,-2.1086295,-1.6380391,-2.2942207,-2.1593015,bg_rep05_779,0,xgboost,11.247666,22.233864,27.828,122.78909,25.20356,127.16356,-0.061213322,37.81209
-0.9807457,-2.4475095,-1.7255675,-4.5208135,-2.339878,-1.7676591,-1.5323215,-2.2995334,bg_rep03_1819,0,xgboost,12.220333,23.211391,25.364,106.025024,24.386456,185.08995,0.47473615,30.29791
-4.4407845,-1.1663467,-3.2265656,-4.7947764,-0.32403263,-1.091033,-0.4372542,-0.3357405,bg_rep04_8456,0,xgboost,14.444667,36.18041,17.6,98.272,0.0,0.0,0.0,0.0
-4.108622,-3.0930748,-1.0530647,0.28611588,-1.3647572,-1.8019575,0.10627372,-3.0458624,bg_rep01_3993,0,xgboost,13.778333,25.292482,24.664,70.4112,19.982864,585.84937,0.33664662,40.672318
-0.44243166,8.114028,-0.7048335,1.3201249,0.37159264,0.33408117,0.6250752,1.6354805,presence_147,1,xgboost,12.319333,46.495068,31.292,27.980043,0.0,0.0,0.0,0.0
-2.1462953,-1.122539,-1.8564174,-3.0691464,-1.5007278,-1.0903331,-1.4950074,-0.8535132,bg_rep01_2277,0,xgboost,12.550334,25.430243,25.496,99.50926,23.41254,667.1246,-0.031283356,31.16747
-1.0642893,-2.7899525,-1.1679748,-4.542066,-1.8760997,-2.0271645,-2.18706,-1.2164888,bg_rep02_2685,0,xgboost,11.768667,23.261913,26.62,113.969345,26.740557,188.86816,0.028679933,28.854803
-1.0816778,-4.0474815,-1.3485297,-2.8603764,-1.5067137,-2.418637,-2.113466,-1.992254,bg_rep01_8520,0,xgboost,11.512667,24.188307,25.664,87.018166,28.02509,396.0766,-0.28099707,30.356493
-2.422206,-3.2089965,-1.513771,-3.8544803,-1.4030012,-1.592637,-1.6446924,-0.6285032,bg_rep02_5001,0,xgboost,12.598333,23.304354,27.212,98.85626,27.376997,175.41452,0.46842223,28.323343
-1.0728437,-2.9064274,-1.4247808,-0.8180966,-0.5455225,-1.5873183,-1.9646312,-2.0467596,bg_rep02_7129,0,xgboost,10.022333,29.097473,26.816,83.3211,28.11049,536.9709,-0.10025763,34.197147
-1.7748014,-4.8072505,-1.7147588,-5.0505643,-0.886667,-1.7719681,-1.1548219,-0.56623966,bg_rep04_5353,0,xgboost,12.083667,22.89614,27.056,110.86724,30.033724,146.7712,-0.38588,27.521032
-2.4000046,-2.376773,-1.6272273,-1.7391348,-1.0150301,-2.1685932,-0.8549545,-1.2205842,bg_rep05_412,0,xgboost,8.645,27.444447,28.668,43.35519,20.583185,146.39392,0.54312754,41.698784
-0.19114113,-1.7942698,-1.3229,-1.5096039,-2.029488,-1.5544783,-0.043742277,-1.809427,bg_rep05_5038,0,xgboost,9.973001,25.802029,27.932,99.62708,22.398733,46.053097,0.34130937,38.015247
-3.9983628,-2.5660048,-1.0192853,-0.07753717,-1.25698,-2.0719273,-1.7061206,-2.276324,bg_rep04_969,0,xgboost,14.443,26.327015,24.792,69.44652,20.995354,601.65814,0.2239996,40.755817
-0.96340585,-1.5139954,-1.927015,-2.7115889,-1.8688023,-0.9597624,-0.9290553,-2.861547,bg_rep04_8169,0,xgboost,11.643,25.461424,24.044,93.71336,17.632301,617.6198,-0.3695369,39.673286
-1.3897513,-4.6012406,-2.1962519,-2.493176,-2.2057266,-1.4769223,0.08794309,-0.5804418,bg_rep02_8004,0,xgboost,10.925333,22.11785,26.168,89.05211,27.02506,317.94495,-0.42036834,31.257103
-0.4237201,7.6819525,-1.1142889,0.40910733,0.2847709,0.33351994,0.4954691,1.4508326,presence_50,1,xgboost,11.584333,56.32212,27.272,33.54204,0.0,0.0,0.0,0.0
1.1326388,-3.1081066,-0.6425043,-3.5136735,-1.9647037,-0.7548277,-1.9517403,-1.4007554,bg_rep05_1580,0,xgboost,10.271,26.54005,24.58,90.18963,24.863556,264.58002,-0.506885,32.8728
-0.4592016,-4.6291127,-2.649848,-0.439571,-0.7490338,-2.4352093,-2.1172392,-1.5355163,bg_rep03_6356,0,xgboost,10.146667,29.506416,28.812,81.7801,27.24027,133.95647,-0.64210975,35.10477
-0.4023221,-3.3378527,-1.7648184,-5.132603,-2.0826302,-1.5778743,-1.7991302,-1.699891,bg_rep04_534,0,xgboost,10.607667,26.816833,26.532,106.80419,25.202675,349.3799,-0.7417876,34.21598
-2.5188034,-5.09457,-3.2130275,-2.6613362,-0.540023,-0.20021823,-0.19681662,-0.33717385,bg_rep02_2311,0,xgboost,6.2539997,20.924786,31.96,47.536606,0.0,0.0,0.0,0.0
-0.31038356,-3.3339753,-1.9169108,-4.0879107,-1.3307579,-1.8826288,-0.92570496,-2.7955987,bg_rep02_9321,0,xgboost,9.978,23.832045,26.3,105.04042,18.31096,329.1299,-0.42832845,47.875546
-0.5694422,-1.2361797,-1.9400929,-4.4653807,-0.8581472,-1.9831113,-1.102279,-2.336461,bg_rep05_3347,0,xgboost,10.863667,24.798363,26.32,105.52667,20.261158,435.33856,-0.4134224,38.761395
-2.462433,-3.1337497,-1.7807063,-0.19735518,-2.542776,-3.7559674,-1.7294395,-1.8590256,bg_rep05_4334,0,xgboost,8.425667,28.239935,27.24,66.87347,24.090141,1047.3165,-0.064383276,28.717924
-1.9567384,-3.799095,-0.6278964,-0.25828797,-0.50540406,-0.38363045,-3.267852,-2.126817,bg_rep01_6142,0,xgboost,12.066,23.82137,22.836,73.81677,20.349493,765.4531,-0.2729709,42.07168
-2.2442956,-2.42169,-1.2881677,-0.7121477,-0.7586932,-2.4429922,-1.1539125,-1.2967919,bg_rep01_8922,0,xgboost,9.158,27.971899,27.768,74.11841,28.944145,314.27057,-0.047881167,40.131954
-1.6542304,-4.133,-1.563775,-3.0866258,-0.75436825,-1.3542315,-0.36988702,-2.9510815,bg_rep04_1348,0,xgboost,6.6123333,19.919065,21.78,33.408375,17.668274,288.454,0.7429193,46.00351
-0.7160469,-0.6236452,0.60723555,-1.2516184,1.1211053,0.92522585,2.8201292,0.403476,presence_75,1,xgboost,12.026,24.468952,23.848,101.93833,21.070683,649.7819,0.5980293,34.810123
-3.3325477,-2.4297738,-1.1653112,1.1361601,-1.031952,-1.8795805,-0.22292171,-1.7474346,bg_rep03_158,0,xgboost,14.177334,26.338213,23.28,71.19664,20.790218,894.34515,0.6008351,41.32861
-0.6956695,-1.0848509,-1.1388632,-3.0719826,-2.2656984,-0.6371222,-0.41899073,-1.1586267,bg_rep04_6547,0,xgboost,12.412666,25.32577,24.92,101.522575,23.78883,554.9818,0.38361016,33.062664
0.87654555,-2.0107782,-2.2688468,-2.8920858,-1.1063354,-1.4557328,-2.668511,-2.529957,bg_rep03_177,0,xgboost,10.391334,25.85166,21.864,92.55777,20.835962,879.50323,0.070503436,38.03907
0.61955327,-0.0350195,0.97889,3.213001,-0.5347279,0.64711577,-0.71524495,0.20112345,presence_110,1,xgboost,10.8046665,24.756363,24.584,67.10985,25.015743,251.11292,-0.31002358,33.80725
-2.0183675,-2.2794771,-1.5471867,-3.276976,-1.372019,-1.3365098,-1.6994504,-2.9952915,bg_rep03_3539,0,xgboost,12.755667,26.157957,26.264,100.64394,21.630308,585.7402,0.2701391,37.516087
-0.114638165,-2.7967381,-1.4855897,-3.0356333,-2.300557,-1.3624922,-3.3249016,-0.59474355,bg_rep03_1322,0,xgboost,10.751333,26.340977,27.816,101.82586,21.428905,69.51702,-0.2260378,40.36545
0.24598683,-2.7271814,-0.16755104,-2.4877486,-2.3179526,-2.057017,-2.1469498,-0.14911985,bg_rep02_5849,0,xgboost,10.339334,27.289204,28.2,96.88255,32.34109,132.20128,0.2522139,33.59476
-1.3775101,-5.049101,-3.7703638,-0.34118924,-2.1899068,-1.6643242,-2.1279097,-2.2707005,bg_rep03_7088,0,xgboost,9.889,29.854486,30.74,65.985245,24.00202,497.0456,-0.5553943,37.874786
-1.6292222,-5.640165,-2.3203368,-3.464105,-2.7404306,-2.0675447,-1.8985323,-1.8245032,bg_rep01_5923,0,xgboost,11.065667,22.403763,25.44,98.9263,27.984362,353.57367,0.1650585,30.308245
-3.8075686,-4.1313396,-2.5952017,-2.4888203,-0.8221698,-0.3067065,-0.078438126,-0.012829425,bg_rep02_14,0,xgboost,7.546,25.600489,29.312,52.777416,0.0,0.0,0.0,0.0
-2.1144295,-3.5482018,-1.4492247,-2.577337,-2.780183,-2.7312574,-2.0629828,-2.0392017,bg_rep01_1407,0,xgboost,14.210667,29.013203,32.0,89.32971,25.119125,1050.0042,0.18581696,35.902264
-2.0069408,-2.2497032,-0.8424711,-3.796177,-0.98968554,-1.1275076,-0.73575854,-1.5338364,bg_rep03_3676,0,xgboost,12.5946665,26.717579,28.736,116.94171,16.395864,249.40427,0.49255437,48.815346
-1.2434266,-2.7590053,-1.8999023,-2.3245425,-1.3190012,-1.3635081,-1.5599246,-2.2257648,bg_rep01_6287,0,xgboost,7.493561,21.081629,26.709091,101.41084,17.981491,54.75124,-0.011527504,54.9718
-3.3677454,-3.9563582,-0.82587767,-2.3509972,-1.0133858,-1.8383206,-1.439235,-2.572997,bg_rep01_2800,0,xgboost,12.923,23.724115,23.88,84.34917,21.907375,449.01413,0.12440989,45.5476
-0.8249724,-4.2484465,-2.1200964,-0.7651921,-0.3718635,-1.8394953,-2.8407657,-0.7810959,bg_rep02_4996,0,xgboost,11.242,30.479342,29.251999,79.02672,30.691912,105.2612,-0.29275763,33.53458
-1.1273952,-2.047692,-1.3953904,-4.5389276,-2.6216397,-1.918826,-2.0676548,-2.0719147,bg_rep02_9377,0,xgboost,11.843333,24.720993,27.831999,109.25815,24.793493,151.14095,-0.06654431,37.44335
-2.3615549,-2.97189,-0.893371,-2.4216256,-1.1863569,-2.1656153,-1.8988421,-3.05434,bg_rep05_7404,0,xgboost,7.759333,23.123535,22.64,31.10741,19.512424,317.20166,0.10687169,43.49931
-3.428621,-3.3162143,-0.41477308,-3.638112,-0.84571326,-0.68391675,-0.011455675,-0.20080772,bg_rep03_3199,0,xgboost,14.288,30.405176,31.328,93.8086,0.0,0.0,0.0,0.0
-2.0058675,-2.7500625,-0.61178297,-4.9039006,-1.4363414,-0.9821025,-2.5531182,-2.0101154,bg_rep02_5162,0,xgboost,13.157666,27.221258,27.376,130.59268,25.694502,293.81104,-0.60966504,44.503197
0.20159303,-3.2013314,-1.3266374,-1.1461757,-0.2493202,-0.46067747,-1.7799196,-1.1265283,bg_rep05_8814,0,xgboost,8.341001,22.812056,28.656,84.72983,28.370607,13.615501,-0.08754061,32.239
-1.2757401,-4.723015,-1.8758633,-1.9250793,-1.6747208,-1.6951438,-1.8810478,-1.7834905,bg_rep03_1583,0,xgboost,10.917,20.469887,27.012,83.51521,26.354483,47.934208,0.027407499,25.851133
-0.43714473,-4.7162676,-1.7325109,-2.4813607,-1.0792571,-1.6949793,-1.9495779,-2.0561817,bg_rep05_9105,0,xgboost,10.673,20.366766,26.84,87.71746,30.534126,54.602146,0.4005427,26.61201
-3.9155414,-3.676948,-2.2202234,-3.222477,-0.3818732,-1.6624426,0.6530722,-1.0018361,bg_rep02_8330,0,xgboost,13.896333,30.301641,29.2,104.91879,17.891333,1316.7582,0.72663844,51.620106
-1.879562,-1.8612924,-1.8183286,-2.6729548,-0.28644264,-0.079380974,-2.502019,-1.2062832,bg_rep04_2321,0,xgboost,12.606334,25.958187,24.716,94.86201,27.895617,627.4594,0.18698068,29.32709
-3.6767008,-3.7742932,-3.0020697,-2.1523457,-0.56641805,-0.3488146,-0.11505562,0.11924951,bg_rep04_7167,0,xgboost,7.345667,25.87231,31.02,61.508045,0.0,0.0,0.0,0.0
-3.0917375,-2.4585042,-1.0917463,-1.1504844,-1.7894988,-2.0144053,-1.1723706,-3.5803444,bg_rep03_6187,0,xgboost,14.510333,25.494295,25.96,73.334145,19.695068,423.248,0.0034120556,41.158344
-3.3516858,-3.9250743,-2.4777982,-2.8346765,-1.4168527,-1.880583,-2.1177561,-1.9553938,bg_rep01_6927,0,xgboost,14.555333,32.0998,29.816,89.99388,18.147482,1376.1218,-0.41745523,44.30092
-2.2316346,-3.6776187,-1.5621742,-2.9373667,-0.67590326,-1.6256528,-1.6846228,-1.8138001,bg_rep01_2922,0,xgboost,14.017,31.03853,30.712,98.78811,18.587854,1223.1808,0.13757356,46.39693
-0.68730795,6.535859,-1.3825853,2.2413623,0.5740248,0.821145,0.30819428,1.5891141,presence_200,1,xgboost,9.497334,40.69123,20.192,14.867857,0.0,0.0,0.0,0.0
0.68827474,-2.6334567,1.4514109,2.6943939,0.39376402,0.5021981,-0.016517075,1.130588,presence_10,1,xgboost,-3.4e+38,-3.4e+38,-3.4e+38,-3.4e+38,0.0,0.0,0.0,0.0
0.5959944,-3.48516,-1.978047,-0.6739225,-1.0462443,-1.380723,-1.9590325,-1.4538343,bg_rep05_3205,0,xgboost,10.452333,28.918585,28.688,82.89808,26.00611,224.69913,-0.19131581,39.378075
-4.5779734,-3.5131645,-0.9692726,-0.073919006,-1.1795962,-1.8482994,-0.9930774,-2.2654457,bg_rep01_9095,0,xgboost,13.657,25.715523,23.088,69.63989,20.44876,863.3879,0.42699066,41.483116
-1.0988163,-2.2544055,-0.6220822,-5.2107453,-2.8434005,-1.6718875,-1.9318225,-2.359359,bg_rep03_3730,0,xgboost,13.329333,27.948784,27.355999,129.64114,24.650429,352.8497,0.1280682,44.122425
-3.914569,8.197432,0.5443626,-1.3174857,-0.1251398,0.111660965,0.304692,1.3421464,presence_119,1,xgboost,14.627334,48.021446,36.476,78.85551,0.0,0.0,0.0,0.0
-1.1781785,-3.3048131,-0.8582238,-4.7694564,-2.1966057,-1.7249084,-2.3166628,-1.4241562,bg_rep05_6029,0,xgboost,12.031667,24.978548,28.364,111.84428,32.27779,106.23346,0.044320893,25.284924
-2.2126977,-3.0599163,-2.346039,-2.9940104,-3.050676,-2.223289,-2.4457855,-1.4614671,bg_rep03_9490,0,xgboost,12.604667,27.055609,21.6,97.297585,23.939388,1319.2015,-0.33793524,30.452084
1.1200829,-3.2506175,-0.38040072,-0.5016609,-1.1256639,-1.0518708,-2.4856117,1.2654556,bg_rep04_1002,0,xgboost,10.215333,22.558372,24.196001,77.30745,23.950294,211.59627,0.20549093,33.50707
-2.3243444,-3.233263,-0.99282295,-0.9093984,-2.4193292,-0.5304493,-2.2221107,-1.9726025,bg_rep02_2056,0,xgboost,14.248,25.537712,25.036,74.76711,18.793428,693.79425,0.039670464,40.071312
-1.6154124,-4.6603355,-1.6637852,-2.312377,-1.7478675,-1.2724034,-2.194346,-1.7970215,bg_rep03_7987,0,xgboost,11.108666,21.119139,27.144001,96.683556,28.4754,60.991436,0.07100141,29.100157
-3.268496,-4.1017556,-1.4997466,-2.001248,-1.4241979,-2.5781667,-2.4365122,-2.724414,bg_rep04_2166,0,xgboost,7.6113334,23.661196,27.112,30.212635,18.89717,441.85928,0.026481293,45.64417
-3.4274468,-1.7221422,-3.023836,-4.9401164,-0.3950213,-1.1287674,-0.38492742,-0.38876092,bg_rep04_8032,0,xgboost,14.259,34.23365,22.94,98.00459,0.0,0.0,0.0,0.0
-5.0537567,-0.8467779,-1.2889768,-3.8413527,-0.85368747,-0.53035355,-0.058271762,0.012723662,bg_rep01_3961,0,xgboost,14.864,33.342304,29.796,92.41115,0.0,0.0,0.0,0.0
-1.6367246,-2.4229338,-0.84749824,-4.5906153,-1.3484931,-1.7336904,-1.6798253,-2.2116015,bg_rep01_2949,0,xgboost,12.192667,25.09812,28.768,114.38506,23.540884,118.268036,0.014300944,36.177982
-1.0245228,-2.9203835,0.13870223,-1.9145176,-1.4645696,-1.1854069,-1.2486604,-1.4528235,bg_rep02_8743,0,xgboost,9.286,24.36503,24.556,37.083992,27.329714,206.93988,0.47958043,31.330835
-1.4646895,-2.8498116,-1.2297281,-4.696767,-1.5361456,-1.6983284,-1.9840124,-2.2139797,bg_rep05_3956,0,xgboost,11.92,24.987421,27.888,104.22525,23.389229,157.56747,0.17619759,42.6171
-2.1578734,-2.3780146,-1.3817561,1.8258499,-1.1520507,-1.3489939,-0.52775055,-3.1858108,bg_rep02_5315,0,xgboost,13.360333,24.646423,27.1,67.43974,25.986795,112.66092,-0.039622445,30.237436
-3.775727,-3.2202284,-3.472496,-2.6931932,-1.7199441,-1.4222677,-1.2632885,-2.5572414,bg_rep05_7647,0,xgboost,7.570667,24.60565,31.588001,49.602825,25.623344,34.602436,0.016178485,29.627165
-2.869632,-3.5236793,-1.495644,-4.2065716,-1.4392097,-1.2632842,-0.8291992,-0.99477786,bg_rep04_3318,0,xgboost,13.035666,23.680546,25.924,98.3439,23.295006,332.15274,0.43013784,33.134842
-4.357542,-3.5548306,-1.061352,-4.699511,-1.2582116,-1.3052793,-0.18773702,-0.60030335,bg_rep04_2347,0,xgboost,13.416,31.334082,26.636,89.64649,0.0,0.0,0.0,0.0
-1.3622496,-5.732296,-1.7726405,-3.0805771,-2.8844779,-1.9865171,-1.8461785,-0.44740418,bg_rep03_9852,0,xgboost,10.942,22.429485,25.564001,91.448654,30.922297,339.49786,0.104517065,30.902922
-2.9430532,-5.475948,-3.6447763,-1.9852914,-0.7257622,-0.18168986,-0.3406671,-0.52678144,bg_rep02_9385,0,xgboost,6.670334,24.10151,29.964,61.34271,0.0,0.0,0.0,0.0
-3.1189888,-0.5672528,-1.3700768,-4.7154617,-0.94095665,-0.35505584,-0.08800077,0.0999497,bg_rep05_9820,0,xgboost,15.189667,33.342846,30.456,89.04134,0.0,0.0,0.0,0.0
-2.9545496,-4.769964,-1.6297219,-1.1334153,-0.9632137,-0.17182976,-0.19693437,-0.5165632,bg_rep02_7937,0,xgboost,6.971,25.184248,28.18,60.69117,0.0,0.0,0.0,0.0
-2.2868283,-2.2360945,-1.5951089,0.94005746,-1.9076229,-2.5820987,-2.0811074,-2.1312704,bg_rep01_9243,0,xgboost,9.218333,27.596495,26.104,68.20549,25.49986,443.88083,0.03633928,39.146946
-0.52247196,-0.9088745,1.3288711,0.20156778,-0.010775138,0.69703054,0.2816703,1.1654652,presence_16,1,xgboost,7.666,26.135279,29.448,60.711132,0.0,0.0,0.0,0.0
-0.8872315,-4.9989133,-1.3969636,-4.0645566,-3.0289843,-1.3375609,-1.3362575,-1.7334799,bg_rep01_7329,0,xgboost,11.622,22.125343,27.859999,112.7767,35.220085,118.34104,0.3672636,20.704369
-0.94786227,8.159285,0.5916763,-2.8403275,0.39105508,0.53011745,0.11487287,0.83037406,presence_145,1,xgboost,9.778334,59.623978,34.304,110.520134,0.0,0.0,0.0,0.0
-4.5018997,-2.9849026,-1.1013176,-0.24640611,-1.1784117,-2.0259147,-2.0610895,-1.5721407,bg_rep05_5395,0,xgboost,13.418,25.330362,22.888,68.91951,20.50878,843.42786,0.08874082,42.31047
-0.5495332,-3.7856474,-0.83906525,-5.1097074,-1.8948495,-1.0747776,-1.783745,-1.8327037,bg_rep04_1351,0,xgboost,12.389333,23.717999,25.784,105.38437,25.944387,249.36021,0.7312777,22.441284
-2.1688564,-4.7508006,-0.7099869,-1.5722622,-1.2437704,-1.9694673,-2.6592612,-2.8984702,bg_rep05_1984,0,xgboost,7.206333,22.65003,23.428,25.9517,20.408102,654.52014,-0.06231214,45.743587
-4.4416246,-3.700236,-1.6827712,-3.878684,-0.68030363,-0.7295945,-0.22838654,-0.38148564,bg_rep01_3482,0,xgboost,13.513666,29.518713,29.548,98.86394,0.0,0.0,0.0,0.0
-1.6298039,-3.740576,-1.2748162,-2.6881208,-1.1786528,-0.88186926,-2.3942409,-3.3090146,bg_rep02_9668,0,xgboost,6.5443335,19.735626,19.74,55.00813,20.482124,199.29561,-0.09387804,40.97779
0.3070927,0.47649002,-0.20862193,0.2517003,0.49648568,-0.0145996325,0.17842706,1.8296427,presence_95,1,xgboost,12.149333,25.786003,25.907999,83.13389,28.779491,235.33005,-0.13076004,27.610733
-0.32853463,-2.1762083,-1.5545504,-4.0867743,-2.1799617,-0.4973568,-1.5388031,-0.72307575,bg_rep04_3710,0,xgboost,12.402667,25.066021,25.42,98.190384,23.798328,671.08185,-0.3324811,27.43047
-1.0567491,-3.1876478,-1.4130845,-3.5053236,-1.6061263,-2.067177,-1.0026232,-1.7471068,bg_rep03_6401,0,xgboost,11.1796665,26.359678,25.812,90.38417,17.301266,57.03558,-0.022486191,33.147167
-0.74136704,-2.7398107,-0.0031947833,-3.4210553,-1.0544145,-1.5794369,-2.805755,-2.2016704,bg_rep03_2492,0,xgboost,11.865,23.478312,28.448,120.367714,19.288336,148.23187,-0.07372757,52.271175
-1.4691315,-2.9123688,-1.2919142,-5.2187066,-1.529451,-1.91647,-1.4805584,-0.19602558,bg_rep01_2435,0,xgboost,12.117333,23.288233,27.0,112.0852,29.615978,177.37569,-0.14170018,27.034605
-4.4488926,-2.9677472,-1.5040215,-3.6865416,-1.0422713,-1.0754031,-0.25536555,-0.5447112,bg_rep03_7927,0,xgboost,13.690333,32.54025,27.848,95.89966,0.0,0.0,0.0,0.0
-1.4869978,-2.6183002,-1.6756195,-2.0237596,-1.4240218,-2.0044723,-1.9606222,-2.8544104,bg_rep05_7895,0,xgboost,11.942667,25.533796,26.372,101.99168,18.750114,454.657,-0.36283377,38.83221
-3.545141,-3.438487,-3.0848174,-2.5956922,-0.5423319,-0.36243698,-0.024554808,0.17735827,bg_rep04_8375,0,xgboost,7.8630004,26.043324,30.768,57.14394,0.0,0.0,0.0,0.0
-2.132781,-3.276492,-1.6497856,-3.44783,-0.89496475,-1.4056052,-0.29367504,-0.0047101397,bg_rep03_8358,0,xgboost,12.707,31.341259,26.508,96.164375,0.0,0.0,0.0,0.0
-0.8308117,-2.297657,-1.9403061,-3.9857726,-1.2222221,-1.258488,-1.8842725,-1.0255169,bg_rep03_3943,0,xgboost,11.420667,23.167532,25.992,110.14497,23.345993,253.26753,0.42658374,29.020569
-0.70909184,-2.2732408,-1.307229,-3.8713973,-0.64671665,-2.2080548,-2.1450646,-2.091178,bg_rep04_1599,0,xgboost,11.6779995,23.328007,24.188,105.434715,20.32375,594.7736,-0.32929498,36.278908
-0.6823826,-2.4646044,-1.3487777,-3.1951804,-2.1475716,-1.6310697,-2.495679,-0.7857712,bg_rep02_1708,0,xgboost,12.506333,25.228624,25.223999,100.66442,25.020123,430.07156,-0.2925741,29.484482
-3.9464896,-3.4897037,-3.6278367,-2.5985327,-1.0952907,-1.6361347,-1.218411,-2.0743392,bg_rep03_6385,0,xgboost,7.840667,25.737482,30.908,59.436317,22.584398,309.73798,-0.3539907,36.199387
-2.6488845,-3.374293,-1.4795383,-4.415171,-1.2147627,-1.2119198,-0.23804191,-0.52631366,bg_rep02_2011,0,xgboost,13.280666,32.13168,27.092001,93.039375,0.0,0.0,0.0,0.0
-3.2693884,-4.0195017,-1.1552668,-3.4151874,-1.164552,-1.928559,-1.2787429,-1.4259256,bg_rep03_6994,0,xgboost,13.014334,23.881264,25.676,93.840645,20.943794,404.5292,-0.3993771,40.352192
-0.96856785,-3.003699,-1.496916,-4.9895287,-1.4493062,-1.6396737,-1.5985161,-1.3667979,bg_rep01_2253,0,xgboost,11.825999,23.334648,25.988,107.2729,25.763094,213.44072,-0.15840045,26.214369
-1.175479,-4.135978,-0.81098807,-1.0177462,-0.8139982,-2.169328,-2.6964467,-2.3026772,bg_rep02_7311,0,xgboost,5.7373333,18.64708,24.76,25.89002,22.832914,46.504364,-0.51629233,41.56326
0.107949,-5.079085,-1.568482,-0.6343845,-1.4991971,-2.5440588,-2.350639,-0.9410324,bg_rep05_498,0,xgboost,10.327333,19.4547,25.796,82.74684,27.598446,41.353485,-0.57442164,30.782896
-1.8692185,7.7840176,-0.5546397,1.741578,0.44270086,0.76285094,0.6066425,1.5575957,presence_194,1,xgboost,12.959666,44.88041,31.26,16.730202,0.0,0.0,0.0,0.0
-0.7368172,-2.0652277,-2.4528449,0.06356657,-0.9188749,-2.175221,-2.076866,-1.4860647,bg_rep02_9677,0,xgboost,9.749333,26.14884,29.052,86.09218,26.476768,21.691168,-0.36060166,37.052082
-3.609901,-2.3531241,-0.92160326,0.41429856,-1.6840261,-2.5134373,-2.6592388,-2.5342073,bg_rep04_7160,0,xgboost,13.868333,26.462246,23.8,64.50625,19.39553,393.653,-0.07553445,41.311913
-2.47589,-4.8517237,-1.9909444,-0.58482987,-1.817195,-1.5141675,-2.2725837,-0.9999079,bg_rep03_5185,0,xgboost,12.077,21.470985,25.916,85.80785,27.183996,72.42263,-0.6487794,30.67914
0.7283207,-2.7366533,-1.1244625,-2.8277624,-0.47904325,-1.6835167,-1.9836264,-0.98089486,bg_rep03_1294,0,xgboost,10.264,27.17069,27.94,97.87887,31.170778,163.40692,-0.5844229,35.273907
-1.3373207,-4.6847386,-1.3564874,-0.32251787,-0.64076924,-2.6630476,-1.0561035,-1.3683281,bg_rep02_2107,0,xgboost,7.2785716,22.504417,24.171429,72.667114,18.826937,35.007526,0.35554332,23.634573
-0.8901748,-2.4766548,-0.8834904,-2.9070132,-1.0130777,-1.9796816,-2.17512,-1.9483237,bg_rep03_109,0,xgboost,9.308001,25.056532,27.48,99.559685,23.089956,137.06812,0.23289381,39.392307
0.36658335,-4.166466,-0.41426474,-0.09121916,-1.4721607,-2.5241282,0.34635055,-2.524991,bg_rep02_2550,0,xgboost,10.543333,22.582533,24.84,75.30982,24.97557,57.26894,-0.42155054,30.147434
-3.0088243,-3.450697,-1.420827,-5.1673174,-1.3616966,-1.682779,-1.2002566,-1.7002506,bg_rep01_7313,0,xgboost,13.742666,28.750349,25.48,126.41334,25.997202,591.9204,-0.315797,38.748238
-1.1556821,-5.030643,-0.7137544,-4.129639,-2.347568,-1.4488863,-1.1714752,-1.7782704,bg_rep01_1123,0,xgboost,11.78,22.29878,28.088001,117.79469,30.917076,145.67465,0.31682295,39.777637
-2.2413952,-4.4958177,-0.7069622,-0.44268966,-1.0375283,-1.6020067,-2.053372,-2.9007993,bg_rep03_3246,0,xgboost,12.034333,22.940018,24.708,73.050896,22.0333,311.81647,0.26408723,41.21546
-1.2691349,-1.8892945,-0.5946967,-2.267199,-1.5050615,-2.3123438,-2.0190814,-2.4222589,bg_rep05_629,0,xgboost,8.6536665,23.46439,23.164,35.807095,23.893793,336.8261,-0.071840204,37.903294
-2.0849118,-3.7254245,-1.0913222,-2.8636873,-0.88466305,-2.0131028,-0.41628724,-2.0588167,bg_rep04_4410,0,xgboost,13.3,31.742243,28.008,97.90998,18.110323,1755.6754,0.48507288,37.144253
-1.1437818,-5.967873,-2.0645802,1.2282757,-1.6618375,-0.7003255,-0.6543978,0.18073612,bg_rep03_1105,0,xgboost,11.453,22.490377,26.424,71.42833,29.818096,158.41858,-0.12449811,27.310297
-1.4690006,-3.4719157,-2.4042964,-4.8354597,-1.1903694,-1.0315467,-0.23253429,-0.2493482,bg_rep02_6217,0,xgboost,12.016334,30.985903,25.412,90.967636,0.0,0.0,0.0,0.0
-3.3392215,-4.328642,-2.5907536,-1.3237113,-1.106426,-0.98212564,-1.0398813,-0.9460547,bg_rep04_8854,0,xgboost,7.6,25.249168,29.0,64.31379,7.7559786,5.214626,0.29428002,7.7898784
-0.77533275,-4.092933,-1.131257,-2.975384,-1.9737773,-2.6032526,-1.6581497,-1.0678135,bg_rep05_2695,0,xgboost,12.325666,31.449446,26.487999,86.80222,21.65027,1649.461,-0.04620124,30.51259
-0.026054088,-2.1649754,0.00045871083,1.0832107,-0.64875513,-1.8473377,-2.2601168,-1.9418945,bg_rep05_3995,0,xgboost,10.870001,25.92045,23.912,65.10325,22.619852,422.43253,-0.56742054,40.89354
-0.7916226,-3.7888584,-1.5018638,-3.3118417,-1.2554051,-1.3731014,-2.899837,-2.2831745,bg_rep04_4489,0,xgboost,11.449333,22.778399,27.984,123.058914,21.37868,130.56413,0.07567133,49.571163
-1.7508916,-2.9869905,-2.5516567,0.89796513,-0.9077256,-0.7694785,-3.2785826,-2.3023775,bg_rep04_1971,0,xgboost,12.43,25.365276,21.532,67.32531,20.342657,782.1058,-0.21059398,41.341354
-1.5969853,-4.5875554,-1.1762488,-0.67076,-1.1347249,-1.4093411,-2.070304,-3.187753,bg_rep02_7459,0,xgboost,6.1903334,20.017895,24.692,26.450777,17.943914,63.659428,-0.122528255,45.735657
-4.513832,-2.9609852,-0.72969264,-4.003522,-1.085822,-1.152454,-0.25169462,-0.64932674,bg_rep01_3402,0,xgboost,13.694667,32.81889,27.548,96.68304,0.0,0.0,0.0,0.0
-0.8568718,-2.8510385,-1.0172627,-3.3294332,-2.0710683,-1.0984898,-2.00091,-2.653909,bg_rep03_2216,0,xgboost,11.762,25.175514,24.42,90.13596,17.94819,610.0756,-0.3001268,37.629524
-4.5563946,-2.1545103,-0.60042703,-2.8138566,-1.219969,-2.1362286,-2.286376,-2.1933963,bg_rep05_4598,0,xgboost,8.007334,26.863035,27.716,50.640427,30.229269,509.02905,0.14222099,37.766766
-3.5895035,-4.7908163,-2.6805542,-2.5069852,-0.74590343,-0.32498625,-0.0888801,-0.37119687,bg_rep03_3001,0,xgboost,7.686,24.909256,32.52,49.49306,0.0,0.0,0.0,0.0
-1.4177617,-2.4388492,-0.028068202,-5.0223227,-2.1228738,-1.3282325,-0.035402913,-2.1297185,bg_rep04_2971,0,xgboost,11.988333,27.663681,27.54,104.04222,22.345268,224.41547,0.34013003,35.21612
-2.438178,-3.6681933,-1.0889643,-2.843545,-1.7291397,-2.193118,-2.9908724,-1.8950967,bg_rep02_5188,0,xgboost,13.247,31.54348,27.732,91.17432,18.809473,1531.1613,-0.23202793,38.603363
-0.6426999,-2.5722349,-0.5546218,-1.3380187,-0.94082236,-1.1519307,-2.412305,-2.1696234,bg_rep03_46,0,xgboost,8.802667,24.103687,24.88,75.43157,27.690853,75.83236,0.06571038,37.252472
-4.205325,-1.7605948,-2.2631402,-4.744314,-1.0762011,-1.2451396,-0.20102026,-0.36281005,bg_rep05_1324,0,xgboost,14.462999,33.72901,25.56,89.87144,0.0,0.0,0.0,0.0
-3.96926,-3.8745275,-1.6938266,-2.8628423,-1.6050442,-2.1064525,-2.0011868,-2.018621,bg_rep02_6082,0,xgboost,14.833333,31.243856,31.164,91.55163,19.233952,1329.3275,-0.5007375,37.22322
-2.162194,-1.9761963,-1.3415843,-3.5313754,-1.6555855,0.74913126,-1.1814474,-1.3526797,bg_rep02_8951,0,xgboost,8.246667,25.822477,26.964,35.964252,30.93581,724.7975,-0.4984517,33.18197
-1.3346075,-1.4848359,-1.3370072,-3.4667904,-1.5280176,-1.6475279,-0.18557526,0.2900183,bg_rep01_438,0,xgboost,12.206,24.559357,26.008,96.84329,25.909433,461.185,0.30993977,33.46513
-1.0369244,-2.3598607,-2.0574892,-3.2978592,-0.4923697,-0.77982247,-0.46807015,-2.312585,bg_rep04_1952,0,xgboost,11.082334,26.45706,22.04,91.68285,20.085512,914.68945,0.42689547,38.21034
-2.5595968,-2.3396301,-1.9298258,-1.2312313,-1.7624986,-2.57474,-0.9523681,-2.246472,bg_rep05_8902,0,xgboost,8.117333,27.312695,26.416,65.14745,28.488592,1336.7305,0.4028849,26.815832
-0.9143203,-2.5485954,-1.1135644,-4.564972,-0.91694224,-1.0506837,-1.7043393,-2.3124452,bg_rep03_5035,0,xgboost,11.474333,23.131872,27.328,116.84846,27.587795,245.05171,-0.33350182,43.75749
-0.6422379,8.010823,-0.9269948,-0.07105483,0.5612029,0.9167152,0.35705665,1.6717066,presence_162,1,xgboost,6.2432294,45.821865,21.15625,38.919594,0.0,0.0,0.0,0.0
-1.6813452,-1.2434388,-1.5048565,-3.198588,-1.6436546,-1.2679112,-3.0778475,-1.2789212,bg_rep04_4633,0,xgboost,12.099667,25.836323,25.496,95.65443,22.570843,334.24594,-0.28164542,32.17103
-2.2597802,-3.5385644,-3.6636982,0.40523604,-1.3756809,-1.8910477,-2.3921545,-1.9000404,bg_rep03_3774,0,xgboost,9.280666,29.454954,30.024,66.724174,22.116678,615.81714,-0.056429297,34.375244
-1.7378414,-0.9154202,-0.94723946,-2.2546067,-2.6402316,-1.4335097,-1.2093811,-0.7832281,bg_rep03_4279,0,xgboost,12.567,25.385828,25.988,98.65478,25.100182,433.3379,0.4000012,29.199951
0.3416799,-4.1648316,-1.434307,-1.1410407,-0.4875665,-1.2808331,-1.5881269,-1.7585063,bg_rep05_7292,0,xgboost,10.257,29.92822,27.912,60.523216,26.181072,196.7812,-0.13460036,36.45255
-3.2842662,-2.4450521,-2.8117573,-2.568894,-0.45255738,-0.16556369,0.103143066,0.33557186,bg_rep03_5042,0,xgboost,7.853,26.127895,31.244,59.556084,0.0,0.0,0.0,0.0
0.5112655,-2.737165,-0.63175243,-2.9629312,-0.7982145,0.105114564,-0.5730651,-1.721851,bg_rep02_6513,0,xgboost,10.209667,27.234493,24.404,95.26636,26.41516,632.2834,-0.45098883,36.899853
-1.401734,-2.0927787,-1.674578,-3.0836477,-2.2232318,-1.2398213,-0.80884826,-0.83136535,bg_rep05_9647,0,xgboost,12.178333,25.262058,25.192,99.51319,25.104116,476.74683,0.32044202,31.165108
-1.2636734,-3.2665658,-1.1392566,-2.855783,-2.0406823,-0.28488126,-2.4471,-2.5649686,bg_rep04_8038,0,xgboost,11.206667,25.118044,23.016,95.06801,18.34353,739.0091,-0.19392772,39.10232
-0.83838093,-5.3816247,-1.7646757,-0.34155673,-1.7871712,-1.5127573,-1.0696564,-0.69226587,bg_rep02_3119,0,xgboost,10.835,20.897623,26.932,76.72219,32.312553,56.99444,-0.13943747,21.55121
-3.6506271,-2.1569915,-2.978892,-2.6575706,-0.7328595,-2.424933,-1.4653009,-0.95425516,bg_rep01_3399,0,xgboost,7.501333,25.809708,29.236,61.313354,30.95765,838.78455,-0.13921803,24.226995
-3.7016392,-3.5066838,-1.2560904,-2.556552,-2.4947033,-1.5592135,-1.9325062,-1.9096893,bg_rep05_9976,0,xgboost,6.6376667,24.05649,29.432,53.673183,34.276363,149.50789,0.15555638,34.494995
0.40013382,-1.0068928,-0.03322037,2.5743735,0.26953104,-0.25574362,1.3150965,0.3760613,presence_130,1,xgboost,12.301333,26.83537,23.82,67.17983,21.740105,538.8923,0.4639373,43.481216
-0.12159526,-4.771642,-1.788127,-0.22911757,-3.186194,-1.3431135,-1.2732276,-1.8518971,bg_rep03_1026,0,xgboost,10.517,20.616718,26.676,79.39447,38.32658,63.922794,0.67161626,18.11525
-1.6272212,-1.8580467,-1.0986392,-4.1811023,-1.9361624,0.3330086,-1.7673067,-0.68040484,bg_rep02_7108,0,xgboost,12.029667,24.488369,24.072,100.138794,23.386856,725.5769,0.14026918,32.72363
-0.42584977,-2.0204716,-2.00642,-3.2811515,-1.5884525,-2.1641278,-2.320867,-0.58838356,bg_rep02_4104,0,xgboost,11.406,24.660555,27.74,102.41847,25.70327,101.53122,-0.5089429,34.78982
0.33194542,-3.884447,-0.8456175,-1.1511551,-1.202255,-1.5005269,-2.3141842,-2.5406537,bg_rep05_3617,0,xgboost,10.762,30.071533,28.704,83.807076,28.900124,202.9731,0.030134022,37.11528
-3.8803005,-2.95135,-1.6454446,-3.3934247,-1.6864741,-1.803037,-1.8072753,-2.000276,bg_rep03_2082,0,xgboost,13.853,23.3593,26.304,89.97462,23.423391,341.79623,0.5235469,41.25224
-3.1145353,-2.8551526,-3.8130925,-2.621144,-1.823311,-2.0250123,-1.3921692,-2.3060994,bg_rep02_532,0,xgboost,8.022333,26.99668,29.7,63.85575,26.354544,887.1855,0.09557076,29.773823
-1.51055,-1.9395212,-1.5698804,-0.35133284,-1.0642914,-0.3341523,-1.8293269,-0.53988147,bg_rep02_1845,0,xgboost,14.080667,25.221514,27.032,72.57089,22.868345,257.89783,0.25894427,33.841385
0.18400641,-0.37198117,-0.23767313,2.4716427,0.42429894,0.68752885,0.60664636,-0.22296067,presence_131,1,xgboost,14.032666,27.873564,23.964,66.0648,20.107199,672.19604,-0.65817374,41.74464
-3.073193,-3.1098762,-2.5815203,-2.0991251,-1.9424286,-1.3493199,-2.131891,-1.9964143,bg_rep03_3956,0,xgboost,7.7386665,26.347088,28.944,40.142212,24.351583,15.397017,0.09202989,42.8174
-4.9028373,-3.3579247,-0.42379734,-4.2534065,-1.060429,-0.62047374,-0.12967044,-0.2724385,bg_rep05_8239,0,xgboost,14.693,31.000505,31.288,91.81977,0.0,0.0,0.0,0.0
1.1569945,-1.0210569,0.9943925,-1.0102499,2.0414314,0.5341048,0.2441386,1.3366377,presence_77,1,xgboost,10.396,27.704935,27.584,92.07609,30.614717,245.4099,-0.35584968,31.025122
-1.2624196,-3.480006,-1.4707949,-3.132892,-1.1002389,-2.0703602,-2.2860262,-1.4206688,bg_rep03_7022,0,xgboost,11.875667,23.014858,25.944,102.433975,26.821655,208.99188,0.043938395,29.564285
-1.2533765,-4.1668916,-0.5943052,-4.0075364,-2.456198,-1.5959005,-2.3497894,-2.2222037,bg_rep03_4864,0,xgboost,11.297999,21.63373,27.592001,117.69909,29.983831,146.5823,0.020991921,44.0277
-3.8223443,-3.424869,-1.1038928,-3.8401458,-1.3244102,-1.4974911,-0.6747454,-1.7533319,bg_rep01_1572,0,xgboost,13.7560005,23.63574,25.56,90.48285,22.363834,511.5631,0.56726736,42.234844
-2.4506984,-3.109878,-1.8031118,-3.604537,-0.89411527,-1.974353,0.10433199,-2.1082113,bg_rep02_6066,0,xgboost,12.595,26.089567,29.288,113.913506,13.438056,207.66833,0.6439203,41.90009
-1.0362079,-3.905987,-2.7304323,-1.6028382,-1.5236567,-2.307239,-1.9831092,-2.601192,bg_rep05_3889,0,xgboost,9.825,30.134338,28.92,46.97938,22.957655,99.15766,-0.65422195,45.258423
-3.3739643,-2.353625,-1.9832163,-3.223742,-0.2956835,-1.7543792,0.72326785,-1.6993363,bg_rep05_6618,0,xgboost,12.950334,27.72853,21.528,102.785995,20.101177,1438.798,0.60742253,32.15985
-3.1174757,-1.2766211,-3.2951922,-3.9330363,-0.4099072,-1.0293261,-0.45216894,-0.21482873,bg_rep04_5159,0,xgboost,13.346666,35.735962,16.688,96.94056,0.0,0.0,0.0,0.0
-1.656227,-2.9231,-2.9809623,-0.5369805,-1.8837501,-1.5028006,-0.57097405,0.23925166,bg_rep01_7734,0,xgboost,9.270636,26.625183,28.838095,77.74851,23.698275,11.784951,-0.040130224,28.291449
-3.4299476,-4.795503,-2.7680495,-2.486756,-0.7634157,-0.2651182,-0.08971191,-0.3851143,bg_rep05_3732,0,xgboost,7.8079996,24.990398,32.031998,51.48516,0.0,0.0,0.0,0.0
-3.1030014,6.97075,-0.8203361,2.1566086,0.2870589,0.22546889,0.4706103,1.1695422,presence_221,1,xgboost,13.521999,49.911415,25.772,22.65351,0.0,0.0,0.0,0.0
-4.767056,-2.6901963,-0.952462,0.10681451,-1.3050936,-2.1779058,-3.1178758,-2.3323727,bg_rep03_9799,0,xgboost,14.597333,26.310984,25.788,68.53111,20.210905,410.75504,-0.5860244,40.93585
-2.7971673,-2.35178,-1.5897276,-4.3703837,-0.7743134,-0.78113157,-3.500933,-1.7099112,bg_rep03_6621,0,xgboost,13.053,27.537975,26.192,126.41518,20.070942,609.34296,-0.2546722,48.784004
-4.5767264,-5.2001653,-1.1625403,-0.52387106,-1.6354476,-2.3547478,-1.9688993,-1.7497379,bg_rep01_9249,0,xgboost,13.417334,21.811129,26.6,80.83141,29.132,22.9314,-0.27680612,28.98774
-1.7939152,-2.4139142,-1.2346052,-4.09626,-1.3661089,-1.3719939,-2.997056,-2.1984599,bg_rep03_3463,0,xgboost,13.266334,27.950306,27.708,127.08809,17.430843,481.79156,-0.5113992,49.311382
-3.4164484,-2.6647022,-3.748394,-2.383271,-2.4525373,-0.59726036,-0.68215966,-2.4014077,bg_rep04_3426,0,xgboost,7.9443336,26.62667,29.844,63.72949,24.117767,693.2071,0.3626758,30.446785
-0.9013583,-2.8417566,-1.0872835,0.978446,-2.161293,-1.3210639,-1.4514203,-2.4869254,bg_rep05_9594,0,xgboost,12.3203335,23.736769,26.652,71.84461,25.095222,201.14316,0.4463996,30.17112
-1.4760368,-3.1412513,-1.2428229,-2.4749098,-1.3189517,-2.0221357,-0.95580846,-1.9160987,bg_rep03_5189,0,xgboost,9.690667,28.288961,27.28,48.154953,28.259642,865.2586,0.3914886,36.561394
-4.594723,-2.9165478,-1.2881328,-3.2041762,-1.322466,-1.7133051,-2.729834,-2.00019,bg_rep04_7643,0,xgboost,13.632,25.266903,22.624,89.105286,20.965683,905.444,-0.15760058,44.125202
-1.4224232,-1.7217882,-1.2650653,-0.3954398,-1.6927732,-1.9110523,-0.9990997,-1.4813973,bg_rep05_4442,0,xgboost,11.956667,25.325483,25.58,81.411736,28.718775,305.27463,-0.36388427,29.229958
-1.2921298,-4.047727,-3.3278642,-1.8571401,-1.1169076,-2.0058055,-2.5745869,-2.4255126,bg_rep04_5861,0,xgboost,9.68,29.773623,29.76,47.798363,19.642714,43.68347,-0.398675,51.555866
-1.222318,-2.8262568,-0.3773451,-3.6436486,-1.2890483,-1.8978701,-1.8244487,-2.1040592,bg_rep03_2909,0,xgboost,12.0,25.660767,28.355999,109.963905,14.050534,131.34949,-0.030608697,64.85263
-1.5906628,-2.991658,-1.4291929,-3.5400534,-0.58278394,-1.2670822,-2.3225138,-2.7452173,bg_rep03_4675,0,xgboost,12.211,24.902113,23.556,103.219124,17.649952,861.3835,0.18983832,37.590282
-2.8192327,-3.3455977,-3.3587172,-2.3189142,0.038930926,-1.4990789,-1.5567374,-1.2170404,bg_rep03_8692,0,xgboost,8.911667,28.337786,30.084,48.402573,27.843079,227.59348,0.12523483,39.9573
-3.5715563,-5.464788,-3.0831537,-2.4494636,-0.8263162,-0.21181539,-0.2823966,-0.35158816,bg_rep01_2184,0,xgboost,7.351667,23.788723,31.888,47.861546,0.0,0.0,0.0,0.0
-0.7895244,-2.2755182,-0.40428805,-2.9382274,-2.4567366,-0.94461465,-0.64322,-1.1510979,bg_rep01_9910,0,xgboost,11.576333,24.603275,28.192,102.52152,29.67804,56.747803,0.76811934,32.723373
-2.5866926,-3.825523,-2.108685,-2.9791298,-1.3282799,-1.8808949,-2.3871763,-1.7045612,bg_rep04_899,0,xgboost,14.170667,31.832748,29.268,89.75967,16.35781,1528.2267,-0.9050954,46.365253
-1.8666185,-3.7961414,-3.5790207,-2.1222486,-1.7720158,-0.8153288,-1.9895375,-0.46832648,bg_rep01_7844,0,xgboost,8.855333,28.241272,29.868,48.109303,23.935589,10.562225,-0.13225164,40.56951
-3.2533753,-3.3944137,-1.465584,-4.3700953,-1.0272918,-1.0084707,-0.12999998,-0.4318924,bg_rep03_3865,0,xgboost,12.915334,31.467043,26.992,97.16434,0.0,0.0,0.0,0.0
-2.753335,-3.4955268,-2.6754718,-1.8361257,-2.0658195,-0.9526558,-2.1586063,-0.7920089,bg_rep02_560,0,xgboost,8.056111,28.59481,29.08,42.779922,24.239359,51.16835,-0.16289659,24.179949
-4.1960034,-2.281395,-1.1775542,0.58209664,-1.4840486,-0.72288835,-0.8691655,-2.5239186,bg_rep05_4853,0,xgboost,14.896667,25.678595,26.556,70.97575,22.93774,253.82405,0.34853274,36.990322
-3.7200658,-3.6527631,-0.41126052,-3.7034764,-0.83983713,-0.67072505,-0.04150427,-0.25409338,bg_rep01_9639,0,xgboost,14.44,30.479568,31.0,93.94788,0.0,0.0,0.0,0.0
-2.800543,-3.1400347,-0.94612306,-4.7835937,-1.1635201,-0.5236495,-0.1532743,-0.19235612,bg_rep02_5584,0,xgboost,15.103666,32.44751,30.96,89.5233,0.0,0.0,0.0,0.0
-3.9877,-3.2339582,-2.4528315,-3.4073882,-1.8975742,-0.9724693,-0.5627881,-2.3468444,bg_rep01_5413,0,xgboost,7.889,25.445103,31.672,54.31034,29.080519,52.12804,-0.04741571,30.348047
-2.6599784,-3.2705877,-0.97281647,-2.1968255,-1.7023137,-1.953502,-2.063751,-2.021735,bg_rep05_2004,0,xgboost,7.594,24.098755,25.224,32.531284,18.094025,46.27331,-0.7683404,37.186607
-1.5875083,-2.830412,-0.9061977,-0.39388317,-2.2779033,-2.058122,-1.3693675,-1.0260631,bg_rep03_12,0,xgboost,9.479334,26.29934,28.616,82.099815,29.288422,107.18426,0.2935169,33.87979
-2.8235998,-3.2688112,-3.661393,-0.9653625,-1.2188492,-1.421545,-1.8910241,-1.0907718,bg_rep01_2251,0,xgboost,8.65303,27.025366,29.80909,65.90612,28.978426,4.5452127,-0.3159377,22.558674
-2.453136,-2.9504719,-2.1524942,-1.2542899,-2.026001,-3.3517485,-1.848995,-2.6267722,bg_rep01_5375,0,xgboost,8.498333,28.203682,27.644,65.12751,26.380783,986.30896,-0.43079758,28.683924
-1.7709571,-3.6859384,-1.528917,-2.85403,-1.4450136,-2.5640419,-2.1357768,-2.7461548,bg_rep04_606,0,xgboost,7.9343333,21.6714,18.252,33.129505,22.905704,1275.0001,0.19067562,40.68601
-3.0248663,-3.4273548,-1.2522069,-2.5207093,-1.0544676,-2.0022972,0.753101,-1.0050088,bg_rep03_7909,0,xgboost,14.218667,31.080412,29.348,94.59965,15.19621,1401.352,0.66148585,63.827435
