Climate_phi,Soil_phi,Terrain_phi,Climate_pct,Soil_pct,Terrain_pct
0.1650821982254502,0.09598526805595711,0.0895950156661792,47.077234299084495,27.37255138412669,25.5502143167888
0.16861667463927751,0.0905202637822405,0.09526567574185936,47.57771751693296,25.54164674996196,26.880635733105084
0.16956351176795537,0.09159103177098996,0.08470238358692919,49.027068266943445,26.482347059556048,24.49058467350049
0.16986223115021568,0.08876797737802312,0.09647589811179393,47.83421855440048,24.997592471144483,27.168188974455038
0.16423645765626585,0.09501857259774012,0.09913831133817098,45.82575583760533,26.51237106571686,27.66187309667781
0.1535508195526968,0.08877196198233714,0.0840825802634121,47.04298321162806,27.196845509282248,25.760171279089693
0.16260997290098012,0.07695228995837115,0.08811082359565353,49.625672544610794,23.484470693304267,26.889856762084936
0.1710066911016601,0.08691161844327347,0.09870611696466677,47.95148015388581,24.370629710899458,27.677890135214728
0.17347891642613034,0.10594459654085953,0.10019030903519233,45.69878818193641,27.908519237281755,26.39269258078184
0.1802491498715246,0.09783764238639292,0.09975811466168817,47.70453341319652,25.893598297782503,26.401868289020967
0.17032704347505234,0.06991610379265406,0.07711533706721911,53.67023472903186,22.030639558660052,24.299125712308083
0.16355681002965802,0.07802305794712061,0.07754753144072336,51.2512590044589,24.448874678117523,24.299866317423575
0.17070797171939994,0.0897346728362403,0.08693260243980205,49.1422383131518,25.83220123263925,25.025560454208946
0.17586893288851302,0.10233595120189254,0.10363075025799971,46.058805692305214,26.80104788452412,27.14014642317066
0.17233445647468573,0.10780095547560917,0.09796009018231953,45.57961031079407,28.511567809605605,25.908821879600332
0.17701339283995754,0.10047959226714284,0.1058609691108726,46.17492291192298,26.21065758200336,27.614419506073652
0.1734789164261303,0.10594459654085955,0.10019030903519231,45.6987881819364,27.90851923728176,26.39269258078184
0.17586893288851302,0.1023359512018925,0.10363075025799973,46.058805692305214,26.80104788452411,27.140146423170663
0.18979032802364915,0.10594061193654555,0.11258362688357412,46.48140023284243,25.945832095939164,27.572767671218397
0.1607019812424387,0.10048357687145683,0.0934676512624908,45.31242830849133,28.33291063350159,26.35466105800708
0.15632176425942712,0.10498188568695632,0.09734028685880246,43.58689725858673,29.27189753217049,27.14120520924277
0.1586106841623162,0.10126916781745703,0.10180072456454817,43.85380206970544,27.99961468349606,28.146583246798496
0.16632775473638842,0.0942329816517398,0.09080523803611365,47.33746772405544,26.81904012081779,25.843492155126757
0.17462337637757477,0.10408823760610983,0.1024205278880653,45.817016512959206,27.310275406038905,26.872708081001882
0.18024914987152454,0.09783764238639289,0.09975811466168802,47.704533413196536,25.893598297782518,26.401868289020943
0.17138761934600788,0.10673018748685964,0.10852338233724973,44.327305043177766,27.60445355445555,28.068241402366677
0.163556810029658,0.0780230579471206,0.07754753144072339,51.251259004458895,24.448874678117516,24.299866317423582
0.1647012699811026,0.07616669901237091,0.07977775029359621,51.365497829599214,23.75416056753276,24.880341602868018
0.1723344564746858,0.10780095547560925,0.0979600901823196,45.57961031079405,28.51156780960561,25.908821879600332
0.17910468992008008,0.09969400132114255,0.09752789580881534,47.5928876894009,26.491352126520578,25.915760184078522
0.16632775473638842,0.09423298165173985,0.0908052380361136,47.33746772405544,26.8190401208178,25.843492155126746
0.17701339283995743,0.10047959226714284,0.1058609691108726,46.17492291192296,26.21065758200337,27.614419506073663
0.17253207929745226,0.10487382855211007,0.11075360119012262,44.44875760593895,27.01822990542475,28.533012488636288
0.1918816251037717,0.10515502099054536,0.10425055358151697,47.81653271242558,26.20442941501528,25.979037872559147
0.1627932783225612,0.09969798592545655,0.08513457796043351,46.83002773566628,28.679681951169034,24.49029031316469
0.1802491498715246,0.09783764238639295,0.09975811466168813,47.70453341319652,25.893598297782518,26.401868289020957
0.1535508195526968,0.08877196198233714,0.0840825802634121,47.04298321162806,27.196845509282248,25.760171279089693
0.1490695060101916,0.09316619826730431,0.08897521234266209,45.00742533832261,28.128963627774965,26.863611033902412
0.17557021350625282,0.10515900559485931,0.09185723573313499,47.122006511041555,28.224054908716823,24.653938580241626
0.1730979881817827,0.08612602749727322,0.09037304366260947,49.513570997349824,24.6357986132547,25.85063038939547
0.1734789164261303,0.10594459654085953,0.10019030903519235,45.6987881819364,27.908519237281755,26.39269258078185
0.18024914987152457,0.09783764238639296,0.09975811466168814,47.704533413196515,25.893598297782518,26.401868289020964
0.18263916633390728,0.09422899704742589,0.10319855588449552,48.05450124302113,24.792751448863285,27.152747308115583
0.1766324645956099,0.0806610232235566,0.0960437037382896,49.989774305116626,22.828342204231372,27.181883490652005
0.1781578527914021,0.09862323333239317,0.10809118796374549,46.29012396743325,25.624925455129283,28.084950577437468
0.15260398242401887,0.08770119399358772,0.09464587241834224,45.56008495998492,26.183286870835182,28.256628169179898
0.1558397394555858,0.08505924411283776,0.08854301796915773,47.304150268710735,25.819186295568503,26.87666343572076
0.18234044695164708,0.09705205144039271,0.09142504135963082,49.17255183607468,26.17245438427389,24.65499377965142
0.16602903535412825,0.09705603604470674,0.07903172351124893,48.52992832397031,28.369269643782108,23.10080203224757
0.1564878572020036,0.08895306649455399,0.06620621128936295,50.21315444118339,28.54287959315675,21.243965965659843
0.16823574639492977,0.07070169473865415,0.08544841036927643,51.86284963277639,21.795554402603383,26.34159596462023
0.16299090114532772,0.0967708590019574,0.09792808896823647,45.56766191390778,27.054404602548203,27.37793348354402
0.17032704347505226,0.06991610379265398,0.07711533706721904,53.670234729031876,22.030639558660038,24.29912571230808
0.16717349530557274,0.09519967710995698,0.08126194236412194,48.64854845022721,27.703710422900652,23.64774112687213
0.15955752129099413,0.10233993580620654,0.0912374324096179,45.18316542266019,28.9804091431273,25.836425434212508
0.1802491498715246,0.09783764238639292,0.09975811466168817,47.70453341319652,25.893598297782503,26.401868289020967
0.16632775473638842,0.09423298165173985,0.0908052380361136,47.33746772405544,26.8190401208178,25.843492155126746
0.16070198124243867,0.10048357687145668,0.09346765126249074,45.31242830849135,28.33291063350157,26.35466105800708
0.17815785279140206,0.09862323333239321,0.10809118796374548,46.29012396743324,25.624925455129294,28.08495057743746
0.1702431593945633,0.10858654642160934,0.10629316348437687,44.204894844015534,28.195299494631804,27.59980566135266
0.15746622421087164,0.10312552675220671,0.0995705057116753,43.72091225346589,28.633074354966276,27.64601339156783
0.19541610151759886,0.09969001671682863,0.10992121365719713,48.24763321648807,24.613157895107985,27.139208888403942
0.15583973945558588,0.08505924411283784,0.08854301796915781,47.30415026871073,25.819186295568507,26.876663435720765
0.1702431593945633,0.10858654642160935,0.10629316348437684,44.204894844015534,28.195299494631808,27.59980566135265
0.1777769245470544,0.07880466428880682,0.09827392259116251,50.098397466658575,22.207535673294185,27.694066860047233
0.17701339283995754,0.10047959226714288,0.10586096911087259,46.17492291192298,26.21065758200337,27.614419506073652
0.167472214687833,0.09237662271699011,0.0930354568889865,47.45810946984126,26.177595379203193,26.36429515095553
0.1607019812424387,0.1004835768714568,0.09346765126249083,45.31242830849133,28.332910633501584,26.35466105800709
0.1627932783225612,0.09969798592545655,0.08513457796043351,46.83002773566628,28.679681951169034,24.49029031316469
0.16926479238569522,0.09441408616395676,0.07292886906206443,50.28547131985371,28.048696690387903,21.665831989758388
0.15230526304175862,0.09052424838655448,0.08287235789347758,46.762170373447354,27.793591905091986,25.44423772146066
0.1674722146878329,0.0923766227169902,0.09303545688898651,47.45810946984124,26.17759537920322,26.364295150955535
0.16184644119388322,0.09862721793670717,0.09569787011536365,45.44058912752688,27.690932553062147,26.868478319410965
0.1826391663339072,0.09422899704742593,0.10319855588449556,48.05450124302111,24.792751448863296,27.152747308115593
0.16652537755915492,0.09130585472824072,0.10359874904391676,46.07403540397107,25.262390904019465,28.663573692009457
0.16909869944311878,0.11044290535635916,0.10406294463150402,44.08151563737984,28.79082261151077,27.127661751109393
0.1502139659616361,0.09130983933255464,0.09120543119553497,45.14600747033377,27.442685919598826,27.411306610067392
0.15230526304175865,0.09052424838655446,0.0828723578934776,46.76217037344736,27.793591905091976,25.444237721460674
0.1702431593945633,0.10858654642160934,0.10629316348437687,44.204894844015534,28.195299494631804,27.59980566135266
0.19788832684206897,0.11872299481441481,0.11140540572772278,46.233783443803524,27.737933407411862,26.028283148784602
0.15975514411376063,0.09941280888270727,0.10403094341742099,43.985580818425504,27.37145125281985,28.642967928754643
0.16184644119388314,0.09862721793670708,0.09569787011536361,45.440589127526884,27.69093255306214,26.868478319410972
0.18234044695164708,0.09705205144039275,0.09142504135963081,49.17255183607468,26.1724543842739,24.654993779651416
0.16184644119388322,0.0986272179367071,0.09569787011536353,45.440589127526906,27.690932553062147,26.868478319410944
0.1627932783225612,0.09969798592545655,0.08513457796043351,46.83002773566628,28.679681951169034,24.49029031316469
0.16070198124243873,0.10048357687145683,0.09346765126249079,45.312428308491334,28.33291063350159,26.35466105800708
0.16279327832256113,0.09969798592545658,0.08513457796043354,46.83002773566625,28.679681951169044,24.4902903131647
0.1674722146878329,0.09237662271699015,0.09303545688898657,47.45810946984124,26.177595379203204,26.364295150955552
0.18378362628535178,0.09237263811267624,0.10542877473736832,48.163215911654376,24.207615246650175,27.629168841695456
0.1627932783225612,0.09969798592545655,0.08513457796043351,46.83002773566628,28.679681951169034,24.49029031316469
0.1663277547363885,0.09423298165173993,0.09080523803611368,47.337467724055436,26.81904012081781,25.84349215512675
0.15021396596163614,0.09130983933255465,0.09120543119553493,45.146007470333785,27.44268591959883,27.41130661006738
0.1858749233654743,0.091587047166676,0.09709570143531093,49.62518118748391,24.452054789210777,25.9227640233053
0.1802491498715246,0.09783764238639295,0.09975811466168813,47.70453341319652,25.893598297782518,26.401868289020957
0.17215115105310463,0.08505525950852373,0.1009363358175396,48.067747509493636,23.748982875804273,28.183269614702084
0.15230526304175865,0.09052424838655446,0.0828723578934776,46.76217037344736,27.793591905091976,25.444237721460674
0.15469527950414136,0.08691560304758744,0.08631279911628498,47.174171355136565,26.50482655155714,26.321002093306294
0.16602903535412813,0.09705603604470667,0.07903172351124889,48.5299283239703,28.369269643782108,23.100802032247575
0.1647012699811026,0.07616669901237091,0.07977775029359621,51.365497829599214,23.75416056753276,24.880341602868018
0.16632775473638842,0.09423298165173985,0.0908052380361136,47.33746772405544,26.8190401208178,25.843492155126746
0.15116080309031404,0.09238060732130417,0.08064213904060472,46.62815350924881,28.496389615512836,24.875456875238353
0.16184644119388317,0.09862721793670713,0.09569787011536354,45.44058912752689,27.690932553062154,26.868478319410947
0.16184644119388314,0.09862721793670708,0.09569787011536361,45.440589127526884,27.69093255306214,26.868478319410972
0.17233445647468573,0.10780095547560917,0.09796009018231953,45.57961031079407,28.511567809605605,25.908821879600332
0.17138761934600774,0.10673018748685979,0.10852338233724972,44.32730504317773,27.60445355445559,28.068241402366677
0.17663246459560997,0.08066102322355653,0.09604370373828965,49.98977430511664,22.82834220423135,27.181883490652016
0.15583973945558577,0.08505924411283772,0.08854301796915781,47.30415026871073,25.819186295568485,26.876663435720783
0.1574662242108717,0.10312552675220672,0.09957050571167522,43.720912253465904,28.633074354966283,27.64601339156781
0.15822975591796853,0.08145059877387074,0.09198345919196511,47.70787444825169,24.558180713198414,27.733944838549903
0.18263916633390728,0.09422899704742589,0.10319855588449552,48.05450124302113,24.792751448863285,27.152747308115583
0.18024914987152454,0.09783764238639285,0.09975811466168803,47.704533413196536,25.893598297782503,26.401868289020946
0.16632775473638842,0.09423298165173985,0.0908052380361136,47.33746772405544,26.8190401208178,25.843492155126746
0.16538091760771037,0.09316221366299038,0.1013685301910439,45.950419315682225,25.884744407730913,28.164836276586847
0.15355081955269687,0.08877196198233714,0.08408258026341205,47.04298321162808,27.196845509282248,25.76017127908968
0.18625585160982192,0.11140561621026238,0.10691296680789394,46.03747436021045,27.53649431969277,26.426031320096765
0.18587492336547431,0.09158704716667593,0.09709570143531097,49.62518118748392,24.452054789210756,25.922764023305312
0.1730979881817827,0.08612602749727322,0.09037304366260947,49.513570997349824,24.6357986132547,25.85063038939547
0.163556810029658,0.0780230579471206,0.07754753144072339,51.251259004458895,24.448874678117516,24.299866317423582
0.1479250460587471,0.09502255720205408,0.08674499348978928,44.867566793030264,28.82156230943147,26.310870897538262
0.1710066911016601,0.08691161844327344,0.09870611696466679,47.95148015388581,24.37062971089945,27.67789013521473
0.17671467345769726,0.10330264666010966,0.09408745458600797,47.23667950979917,27.613292757863388,25.15002773233745
0.15861068416231613,0.10126916781745696,0.10180072456454808,43.85380206970545,27.99961468349606,28.14658324679849
0.15975514411376063,0.09941280888270727,0.10403094341742099,43.985580818425504,27.37145125281985,28.642967928754643
0.14583374897862453,0.09580814814805427,0.09507806679184654,43.310098778078775,28.453361372786485,28.236539849134743
0.1647012699811026,0.07616669901237091,0.07977775029359621,51.365497829599214,23.75416056753276,24.880341602868018
0.17557021350625282,0.10515900559485931,0.09185723573313499,47.122006511041555,28.224054908716823,24.653938580241626
0.15583973945558577,0.08505924411283773,0.08854301796915777,47.30415026871073,25.819186295568493,26.876663435720772
0.1674722146878329,0.09237662271699015,0.09303545688898657,47.45810946984124,26.177595379203204,26.364295150955552
0.15907549648715286,0.08241729423208777,0.08244016351997335,49.10753734850971,25.442701384196088,25.449761267294207
0.15116080309031404,0.09238060732130414,0.08064213904060474,46.62815350924881,28.496389615512825,24.87545687523836
0.16747221468783294,0.09237662271699017,0.09303545688898653,47.458109469841254,26.17759537920321,26.36429515095554
0.16823574639492983,0.07070169473865419,0.08544841036927635,51.86284963277641,21.795554402603393,26.3415959646202
0.1639377382740057,0.0978416269907069,0.08736479681330638,46.95416852978126,28.023274514566687,25.022556955652036
0.1707079717193999,0.08973467283624033,0.08693260243980207,49.14223831315178,25.832201232639264,25.02556045420895
0.1618464411938833,0.09862721793670715,0.09569787011536363,45.440589127526906,27.69093255306214,26.868478319410954
0.16116679356727528,0.0816317032860876,0.074107090217916,50.85640649529647,25.75899782660722,23.384595678096304
0.15822975591796853,0.08145059877387072,0.09198345919196513,47.70787444825169,24.558180713198407,27.733944838549906
0.16747221468783297,0.09237662271699014,0.09303545688898651,47.45810946984126,26.1775953792032,26.364295150955535
0.182340446951647,0.09705205144039263,0.0914250413596308,49.17255183607469,26.172454384273884,24.654993779651427
0.16184644119388325,0.09862721793670709,0.0956978701153637,45.440589127526884,27.690932553062126,26.868478319410976
0.1734789164261303,0.10594459654085955,0.10019030903519231,45.6987881819364,27.90851923728176,26.39269258078184
0.17100669110166025,0.08691161844327341,0.09870611696466679,47.95148015388584,24.370629710899436,27.67789013521472
0.17138761934600777,0.10673018748685975,0.10852338233724973,44.32730504317774,27.604453554455578,28.068241402366677
0.16956351176795537,0.09159103177099,0.08470238358692918,49.027068266943445,26.482347059556062,24.490584673500486
0.1851113916583774,0.11326197514501196,0.10468274795502112,45.92695281879847,28.100795645514655,25.972251535686873
0.18187563462681042,0.11590392502576187,0.11078560240420557,44.515698233109596,28.368528643578973,27.11577312331143
0.17138761934600774,0.10673018748685979,0.10852338233724972,44.32730504317773,27.60445355445559,28.068241402366677
0.18378362628535183,0.09237263811267621,0.10542877473736828,48.16321591165439,24.207615246650168,27.629168841695446
0.18587492336547431,0.09158704716667593,0.09709570143531097,49.62518118748392,24.452054789210756,25.922764023305312
0.16538091760771045,0.09316221366299035,0.10136853019104386,45.950419315682254,25.88474440773091,28.16483627658683
0.18864586807220463,0.10779697087129525,0.11035340803070137,46.3735517412894,26.49900820695911,27.12744005175149
0.1574662242108717,0.10312552675220672,0.09957050571167522,43.720912253465904,28.633074354966283,27.64601339156781
0.1543965601218811,0.08973865744055425,0.07453928459142026,48.44961208956048,28.159974153573337,23.39041375686618
0.1823404469516471,0.09705205144039271,0.09142504135963082,49.17255183607469,26.17245438427389,24.65499377965142
0.1500163431388695,0.09423696625605388,0.078411920187732,46.49287539686411,29.20580143635021,24.301323166785668
0.1647012699811026,0.07616669901237091,0.07977775029359621,51.365497829599214,23.75416056753276,24.880341602868018
0.1642364576562659,0.09501857259774008,0.09913831133817094,45.82575583760535,26.51237106571685,27.66187309667779
0.15469527950414136,0.08691560304758744,0.08631279911628498,47.174171355136565,26.50482655155714,26.321002093306294
0.16184644119388314,0.09862721793670705,0.09569787011536363,45.440589127526884,27.69093255306213,26.868478319410972
0.1503150625211297,0.09141391186308707,0.09018543471259656,45.287296484102185,27.541411086019863,27.171292429877948
0.15793103653570825,0.08427365316683741,0.08020994466710056,48.98383004371984,26.13828411715897,24.877885839121184
0.1647012699811026,0.07616669901237091,0.07977775029359621,51.365497829599214,23.75416056753276,24.880341602868018
0.15698419940703034,0.08320288517808805,0.09077323682203065,47.432936594809384,25.139836952155797,27.42722645303482
0.1630919977048214,0.09687493153248979,0.09690809248529822,45.700031601424044,27.145338181664165,27.15463021691179
0.18511139165837745,0.11326197514501193,0.10468274795502111,45.926952818798476,28.100795645514644,25.97225153568687
0.15955752129099415,0.10233993580620644,0.09123743240961797,45.183165422660196,28.98040914312727,25.836425434212522
0.16355681002965802,0.07802305794712061,0.07754753144072335,51.2512590044589,24.448874678117523,24.299866317423568
0.1721511510531046,0.08505525950852377,0.10093633581753957,48.06774750949363,23.748982875804284,28.183269614702073
0.16032105299809105,0.0806650078278706,0.08365038588990786,49.38479786233253,24.847797788543062,25.767404349124394
0.17910468992008,0.09969400132114266,0.09752789580881528,47.592887689400875,26.491352126520606,25.915760184078508
0.1639377382740057,0.09784162699070685,0.08736479681330626,46.9541685297813,28.023274514566687,25.022556955652025
0.16184644119388314,0.09862721793670708,0.09569787011536361,45.440589127526884,27.69093255306214,26.868478319410972
0.16909869944311878,0.11044290535635916,0.10406294463150402,44.08151563737984,28.79082261151077,27.127661751109393
0.15344972299320322,0.08866788945180477,0.08510257674635041,46.89494354624488,27.097316235567536,26.007740218187582
0.1502139659616361,0.09130983933255464,0.09120543119553497,45.14600747033377,27.442685919598826,27.411306610067392
0.1777769245470544,0.07880466428880682,0.09827392259116251,50.098397466658575,22.207535673294185,27.694066860047233
0.1730979881817827,0.08612602749727322,0.09037304366260947,49.513570997349824,24.6357986132547,25.85063038939547
0.17100669110166014,0.0869116184432734,0.09870611696466682,47.951480153885825,24.37062971089944,27.67789013521474
0.1574662242108717,0.10312552675220667,0.09957050571167526,43.720912253465904,28.633074354966265,27.64601339156782
0.1702431593945633,0.10858654642160935,0.10629316348437684,44.204894844015534,28.195299494631808,27.59980566135265
0.1502139659616361,0.09130983933255464,0.09120543119553497,45.14600747033377,27.442685919598826,27.411306610067392
0.163556810029658,0.0780230579471206,0.07754753144072339,51.251259004458895,24.448874678117516,24.299866317423582
0.17100669110166022,0.0869116184432734,0.0987061169646667,47.951480153885846,24.37062971089944,27.67789013521471
0.1639377382740057,0.0978416269907069,0.08736479681330638,46.95416852978126,28.023274514566687,25.022556955652036
0.16823574639492983,0.07070169473865419,0.08544841036927635,51.86284963277641,21.795554402603393,26.3415959646202
0.17557021350625282,0.10515900559485931,0.09185723573313499,47.122006511041555,28.224054908716823,24.653938580241626
0.16146551294953557,0.07880864889312081,0.08588060474278067,49.50579586493312,24.16296095199844,26.331243183068437
0.17586893288851302,0.1023359512018925,0.10363075025799973,46.058805692305214,26.80104788452411,27.140146423170663
0.18024914987152457,0.09783764238639296,0.09975811466168814,47.704533413196515,25.893598297782518,26.401868289020964
0.17100669110166017,0.08691161844327347,0.09870611696466673,47.951480153885825,24.370629710899458,27.677890135214717
0.18834714868994443,0.11062002526426207,0.0985798935058367,47.37732060088077,27.82564237513343,24.797037023985794
0.16747221468783297,0.0923766227169901,0.09303545688898654,47.45810946984126,26.17759537920319,26.36429515095554
0.16184644119388325,0.09862721793670721,0.09569787011536363,45.440589127526884,27.690932553062165,26.868478319410954
0.16299090114532772,0.0967708590019574,0.09792808896823647,45.56766191390778,27.054404602548203,27.37793348354402
0.17233445647468573,0.10780095547560917,0.09796009018231953,45.57961031079407,28.511567809605605,25.908821879600332
0.1502139659616361,0.09130983933255464,0.09120543119553497,45.14600747033377,27.442685919598826,27.411306610067392
0.17024315939456328,0.10858654642160942,0.1062931634843768,44.20489484401553,28.195299494631826,27.599805661352644
0.15230526304175862,0.09052424838655448,0.08287235789347758,46.762170373447354,27.793591905091986,25.44423772146066
0.1730979881817826,0.08612602749727324,0.09037304366260944,49.51357099734981,24.635798613254718,25.85063038939547
0.16632775473638842,0.09423298165173985,0.0908052380361136,47.33746772405544,26.8190401208178,25.843492155126746
0.16861667463927751,0.0905202637822405,0.09526567574185936,47.57771751693296,25.54164674996196,26.880635733105084
0.16089960406520531,0.09755644994795766,0.10626116227029368,44.11626237576754,26.74851791809499,29.135219706137473
0.18979032802364915,0.10594061193654555,0.11258362688357412,46.48140023284243,25.945832095939164,27.572767671218397
0.1639377382740057,0.0978416269907069,0.08736479681330638,46.95416852978126,28.023274514566687,25.022556955652036
0.17462337637757486,0.1040882376061098,0.10242052788806527,45.81701651295923,27.310275406038897,26.87270808100187
0.1886458680722047,0.10779697087129529,0.11035340803070134,46.373551741289404,26.499008206959118,27.12744005175147
0.17880597053781982,0.1025170557141094,0.08575438128395056,48.710698851806214,27.927912099599574,23.361389048594212
0.1730979881817826,0.08612602749727324,0.09037304366260944,49.51357099734981,24.635798613254718,25.85063038939547
0.1730979881817827,0.08612602749727322,0.09037304366260947,49.513570997349824,24.6357986132547,25.85063038939547
0.1653809176077104,0.09316221366299042,0.10136853019104386,45.95041931568224,25.884744407730924,28.16483627658683
0.1653809176077104,0.09316221366299042,0.10136853019104386,45.95041931568224,25.884744407730924,28.16483627658683
0.17138761934600774,0.10673018748685979,0.10852338233724972,44.32730504317773,27.60445355445559,28.068241402366677
0.16679256706122514,0.07538110806637066,0.07144467699153889,53.183292984673734,24.035936531461502,22.780770483864764
0.1707079717194,0.08973467283624037,0.08693260243980216,49.14223831315178,25.832201232639257,25.02556045420896
0.1503150625211297,0.09141391186308707,0.09018543471259656,45.287296484102185,27.541411086019863,27.171292429877948
0.1653809176077104,0.09316221366299042,0.10136853019104386,45.95041931568224,25.884744407730924,28.16483627658683
0.16184644119388325,0.09862721793670709,0.0956978701153637,45.440589127526884,27.690932553062126,26.868478319410976
0.1629909011453277,0.09677085900195742,0.09792808896823646,45.56766191390776,27.05440460254821,27.377933483544016
0.20142280325589623,0.11325799054069799,0.11707606580340295,46.65190576068789,26.231891404256157,27.11620283505594
0.17557021350625276,0.10515900559485929,0.09185723573313506,47.12200651104153,28.224054908716816,24.653938580241643
0.1627932783225612,0.09969798592545656,0.08513457796043349,46.83002773566628,28.67968195116904,24.49029031316468
0.17215115105310463,0.08505525950852373,0.1009363358175396,48.067747509493636,23.748982875804273,28.183269614702084
0.17100669110166017,0.08691161844327347,0.09870611696466673,47.951480153885825,24.370629710899458,27.677890135214717
0.1894093997793015,0.08612204289295927,0.10276636151099122,50.06886048102709,22.76567348279947,27.16546603617344
0.16002233361583082,0.08348806222083738,0.07187687136504323,50.73836208913461,26.471602028068286,22.79003588279711
0.1618464411938832,0.09862721793670716,0.0956978701153637,45.44058912752687,27.690932553062147,26.868478319410976
0.16146551294953557,0.07880864889312081,0.08588060474278068,49.50579586493312,24.16296095199844,26.33124318306844
0.1674722146878329,0.09237662271699015,0.09303545688898657,47.45810946984124,26.177595379203204,26.364295150955552
0.18187563462681036,0.11590392502576188,0.11078560240420558,44.51569823310958,28.368528643578976,27.11577312331144
0.1649999893633628,0.07334364461940414,0.09155126481846082,50.01592627316755,22.23242762647143,27.751646100361004
0.18378362628535178,0.09237263811267624,0.10542877473736832,48.163215911654376,24.207615246650175,27.629168841695456
0.15135842591308074,0.089453480397805,0.09343565004840772,45.28333058338972,26.762643045817384,27.95402637079289
0.17663246459560988,0.08066102322355657,0.09604370373828963,49.98977430511662,22.828342204231365,27.18188349065201
0.1535508195526968,0.08877196198233714,0.0840825802634121,47.04298321162806,27.196845509282248,25.760171279089693
0.1546952795041413,0.08691560304758747,0.08631279911628502,47.174171355136544,26.504826551557155,26.321002093306305
0.1674722146878329,0.09237662271699015,0.09303545688898657,47.45810946984124,26.177595379203204,26.364295150955552
0.16747221468783297,0.0923766227169902,0.09303545688898646,47.45810946984126,26.17759537920322,26.36429515095552
0.17032704347505226,0.06991610379265398,0.07711533706721904,53.670234729031876,22.030639558660038,24.29912571230808
0.17024315939456333,0.10858654642160949,0.10629316348437688,44.20489484401552,28.195299494631826,27.59980566135265
0.16747221468783294,0.09237662271699017,0.09303545688898653,47.458109469841254,26.17759537920321,26.36429515095554
0.18302009457825494,0.11404756609101217,0.11301582125707837,44.629960153119974,27.81081685009105,27.55922299678898
0.16986223115021568,0.08876797737802312,0.09647589811179393,47.83421855440048,24.997592471144483,27.168188974455038
0.1674722146878329,0.0923766227169902,0.09303545688898651,47.45810946984124,26.17759537920322,26.364295150955535
0.160321052998091,0.08066500782787053,0.08365038588990778,49.384797862332555,24.847797788543055,25.767404349124384
0.1671734953055726,0.09519967710995704,0.08126194236412182,48.6485484502272,27.703710422900684,23.64774112687211
0.16956351176795545,0.09159103177099008,0.08470238358692926,49.02706826694344,26.482347059556073,24.490584673500493
0.1674722146878329,0.09237662271699015,0.09303545688898657,47.45810946984124,26.177595379203204,26.364295150955552
0.16747221468783297,0.09237662271699014,0.09303545688898651,47.45810946984126,26.1775953792032,26.364295150955535
0.1770133928399575,0.10047959226714281,0.10586096911087267,46.17492291192297,26.210657582003353,27.614419506073673
0.17633374521334977,0.08348407761652334,0.08427018921342497,51.24669824043766,24.262419699183873,24.49088206037846
0.16032105299809107,0.08066500782787049,0.08365038588990774,49.384797862332576,24.84779778854304,25.767404349124373
0.16823574639492975,0.07070169473865417,0.08544841036927642,51.862849632776374,21.79555440260339,26.341595964620225
0.15955752129099413,0.10233993580620654,0.0912374324096179,45.18316542266019,28.9804091431273,25.836425434212508
0.18234044695164708,0.09705205144039275,0.09142504135963081,49.17255183607468,26.1724543842739,24.654993779651416
0.178157852791402,0.0986232333323931,0.10809118796374541,46.29012396743325,25.624925455129276,28.08495057743746
0.18940939977930152,0.08612204289295923,0.10276636151099125,50.0688604810271,22.76567348279946,27.16546603617345
0.18187563462681045,0.11590392502576184,0.11078560240420555,44.5156982331096,28.368528643578966,27.11577312331143
0.16747221468783308,0.0923766227169902,0.09303545688898657,47.45810946984126,26.1775953792032,26.364295150955535
0.15937421586941308,0.07959423983912106,0.09421367804483798,47.833962185795045,23.889108021031603,28.276929793173355
0.15135842591308074,0.089453480397805,0.09343565004840772,45.28333058338972,26.762643045817384,27.95402637079289
0.16956351176795545,0.0915910317709899,0.08470238358692918,49.027068266943466,26.482347059556034,24.490584673500486
0.16956351176795545,0.0915910317709899,0.08470238358692918,49.027068266943466,26.482347059556034,24.490584673500486
0.1830200945782549,0.11404756609101219,0.11301582125707849,44.62996015311996,27.810816850091047,27.559222996788996
0.15698419940703037,0.08320288517808808,0.09077323682203058,47.43293659480939,25.139836952155807,27.4272264530348
0.15469527950414133,0.08691560304758751,0.08631279911628495,47.17417135513655,26.504826551557166,26.321002093306284
0.18024914987152454,0.09783764238639285,0.09975811466168803,47.704533413196536,25.893598297782503,26.401868289020946
0.17586893288851302,0.1023359512018925,0.10363075025799973,46.058805692305214,26.80104788452411,27.140146423170663
0.15793103653570828,0.08427365316683753,0.08020994466710041,48.98383004371985,26.13828411715901,24.877885839121134
0.18024914987152454,0.09783764238639285,0.09975811466168803,47.704533413196536,25.893598297782503,26.401868289020946
0.15583973945558577,0.08505924411283773,0.08854301796915777,47.30415026871073,25.819186295568493,26.876663435720772
0.17024315939456328,0.10858654642160942,0.1062931634843768,44.20489484401553,28.195299494631826,27.599805661352644
0.15469527950414133,0.08691560304758741,0.0863127991162848,47.174171355136586,26.504826551557155,26.321002093306255
0.17910468992008,0.0996940013211426,0.09752789580881534,47.592887689400875,26.491352126520596,25.915760184078522
0.1558397394555858,0.08505924411283776,0.08854301796915773,47.304150268710735,25.819186295568503,26.87666343572076
0.17557021350625282,0.10515900559485931,0.09185723573313499,47.122006511041555,28.224054908716823,24.653938580241626
0.1647012699811026,0.07616669901237091,0.07977775029359621,51.365497829599214,23.75416056753276,24.880341602868018
0.19188162510377169,0.10515502099054537,0.10425055358151698,47.81653271242557,26.204429415015284,25.979037872559154
0.15116080309031404,0.09238060732130415,0.08064213904060474,46.62815350924881,28.49638961551283,24.87545687523836
0.18979032802364906,0.1059406119365456,0.11258362688357416,46.481400232842404,25.945832095939174,27.5727676712184
0.15955752129099413,0.10233993580620653,0.09123743240961794,45.18316542266019,28.980409143127297,25.83642543421252
0.19188162510377163,0.10515502099054529,0.1042505535815169,47.81653271242558,26.20442941501528,25.97903787255914
0.1894093997793015,0.08612204289295927,0.10276636151099122,50.06886048102709,22.76567348279947,27.16546603617344
0.1886458680722046,0.10779697087129524,0.11035340803070136,46.37355174128939,26.499008206959108,27.127440051751485
0.15230526304175862,0.09052424838655448,0.08287235789347758,46.762170373447354,27.793591905091986,25.44423772146066
0.15746622421087164,0.10312552675220671,0.0995705057116753,43.72091225346589,28.633074354966276,27.64601339156783
0.15355081955269675,0.0887719619823371,0.08408258026341217,47.04298321162805,27.196845509282237,25.760171279089718
0.17557021350625285,0.1051590055948592,0.09185723573313505,47.12200651104156,28.224054908716795,24.65393858024164
0.1826391663339072,0.09422899704742593,0.10319855588449556,48.05450124302111,24.792751448863296,27.152747308115593
0.17100669110166017,0.08691161844327347,0.0987061169646668,47.95148015388581,24.370629710899454,27.677890135214728
0.16299090114532774,0.09677085900195732,0.09792808896823652,45.567661913907784,27.054404602548182,27.37793348354403
0.16260997290098012,0.07695228995837115,0.08811082359565353,49.625672544610794,23.484470693304267,26.889856762084936
0.15135842591308074,0.089453480397805,0.09343565004840772,45.28333058338972,26.762643045817384,27.95402637079289
0.16632775473638844,0.09423298165173982,0.09080523803611361,47.33746772405546,26.819040120817796,25.843492155126746
0.16747221468783297,0.0923766227169902,0.09303545688898646,47.45810946984126,26.17759537920322,26.36429515095552
0.17633374521334966,0.08348407761652328,0.0842701892134249,51.24669824043766,24.262419699183873,24.490882060378453
0.17347891642613034,0.1059445965408595,0.10019030903519237,45.69878818193641,27.90851923728174,26.39269258078185
0.17100669110166022,0.0869116184432734,0.0987061169646667,47.951480153885846,24.37062971089944,27.67789013521471
0.1660290353541282,0.09705603604470658,0.07903172351124893,48.529928323970324,28.36926964378208,23.100802032247586
0.18263916633390728,0.09422899704742585,0.10319855588449553,48.05450124302113,24.792751448863275,27.152747308115586
0.1558397394555858,0.08505924411283776,0.08854301796915773,47.304150268710735,25.819186295568503,26.87666343572076
0.1502139659616361,0.09130983933255464,0.09120543119553497,45.14600747033377,27.442685919598826,27.411306610067392
0.16632775473638847,0.0942329816517399,0.09080523803611372,47.33746772405543,26.8190401208178,25.843492155126764
0.1723344564746858,0.10780095547560925,0.0979600901823196,45.57961031079405,28.51156780960561,25.908821879600332
0.17910468992008008,0.09969400132114255,0.09752789580881534,47.5928876894009,26.491352126520578,25.915760184078522
0.1500163431388695,0.0942369662560538,0.07841192018773188,46.49287539686414,29.205801436350203,24.301323166785647
0.1682357463949298,0.07070169473865422,0.08544841036927633,51.862849632776395,21.7955544026034,26.341595964620197
0.17024315939456325,0.1085865464216094,0.10629316348437683,44.20489484401553,28.19529949463182,27.59980566135265
0.16956351176795553,0.09159103177098998,0.08470238358692926,49.027068266943466,26.482347059556044,24.490584673500493
0.15145952247257422,0.08955755292833739,0.09241565356546945,45.42431180708879,26.85925680000273,27.716431392908465
0.16709128644348537,0.07255805367340383,0.08321819151640364,51.752273013709114,22.47301031056104,25.774716675729834
0.160321052998091,0.08066500782787053,0.08365038588990778,49.384797862332555,24.847797788543055,25.767404349124384
0.16070198124243865,0.10048357687145668,0.09346765126249076,45.31242830849134,28.33291063350157,26.354661058007085
0.15955752129099415,0.10233993580620648,0.09123743240961796,45.183165422660196,28.980409143127282,25.83642543421252
0.1642364576562659,0.09501857259774008,0.09913831133817094,45.82575583760535,26.51237106571685,27.66187309667779
0.16116679356727528,0.0816317032860876,0.074107090217916,50.85640649529647,25.75899782660722,23.384595678096304
0.17309798818178268,0.08612602749727317,0.09037304366260944,49.51357099734984,24.635798613254696,25.85063038939547
0.17100669110166017,0.08691161844327341,0.09870611696466677,47.951480153885825,24.370629710899443,27.677890135214728
0.16747221468783297,0.0923766227169901,0.09303545688898654,47.45810946984126,26.17759537920319,26.36429515095554
0.16260997290098012,0.07695228995837115,0.08811082359565353,49.625672544610794,23.484470693304267,26.889856762084936
0.1770133928399575,0.1004795922671428,0.10586096911087256,46.174922911922984,26.21065758200336,27.614419506073652
0.1543965601218811,0.08973865744055425,0.07453928459142026,48.44961208956048,28.159974153573337,23.39041375686618
0.17100669110166022,0.08691161844327337,0.09870611696466675,47.951480153885846,24.37062971089943,27.67789013521472
0.1730979881817827,0.08612602749727322,0.09037304366260947,49.513570997349824,24.6357986132547,25.85063038939547
0.1826391663339072,0.09422899704742593,0.10319855588449556,48.05450124302111,24.792751448863296,27.152747308115593
0.15374844237546342,0.08584483505883803,0.09687609127121515,45.69463275868851,25.513417577684706,28.791949663626788
0.167472214687833,0.09237662271699011,0.0930354568889865,47.45810946984126,26.177595379203193,26.36429515095553
0.16709128644348528,0.07255805367340387,0.08321819151640368,51.75227301370909,22.473010310561055,25.77471667572985
0.17557021350625285,0.10515900559485934,0.09185723573313516,47.12200651104153,28.224054908716813,24.653938580241654
0.1767146734576973,0.10330264666010966,0.09408745458600791,47.23667950979918,27.613292757863388,25.15002773233743
0.16393773827400568,0.09784162699070693,0.08736479681330636,46.954168529781256,28.023274514566694,25.022556955652036
0.19579702976194652,0.11950858576041488,0.11973847902978005,45.00624930066247,27.470453514245186,27.52329718509235
0.16747221468783294,0.09237662271699017,0.09303545688898653,47.458109469841254,26.17759537920321,26.36429515095554
0.16956351176795553,0.09159103177098998,0.08470238358692926,49.027068266943466,26.482347059556044,24.490584673500493
0.18378362628535186,0.0923726381126762,0.10542877473736827,48.1632159116544,24.207615246650164,27.62916884169544
0.15230526304175862,0.09052424838655448,0.08287235789347758,46.762170373447354,27.793591905091986,25.44423772146066
0.16423645765626588,0.0950185725977401,0.09913831133817097,45.82575583760534,26.512371065716856,27.6618730966778
0.16717349530557268,0.09519967710995708,0.08126194236412192,48.64854845022719,27.70371042290068,23.64774112687212
0.17910468992008005,0.09969400132114259,0.09752789580881531,47.59288768940089,26.49135212652059,25.91576018407851
0.1600223336158308,0.08348806222083725,0.07187687136504314,50.73836208913464,26.471602028068265,22.7900358827971
0.1858749233654743,0.09158704716667598,0.09709570143531097,49.62518118748391,24.452054789210774,25.922764023305312
0.16538091760771037,0.0931622136629904,0.10136853019104389,45.950419315682225,25.88474440773092,28.16483627658684
0.17663246459560988,0.08066102322355657,0.09604370373828963,49.98977430511662,22.828342204231365,27.18188349065201
0.15583973945558588,0.08505924411283784,0.08854301796915781,47.30415026871073,25.819186295568507,26.876663435720765
0.1607019812424387,0.10048357687145686,0.09346765126249078,45.31242830849133,28.3329106335016,26.35466105800707
0.1546952795041413,0.08691560304758739,0.08631279911628487,47.17417135513657,26.50482655155714,26.321002093306276
0.17070797171939997,0.08973467283624026,0.08693260243980207,49.1422383131518,25.83220123263924,25.02556045420895
0.15861068416231625,0.10126916781745697,0.10180072456454817,43.85380206970545,27.999614683496045,28.146583246798496
0.15260398242401882,0.08770119399358764,0.09464587241834237,45.560084959984906,26.183286870835154,28.256628169179937
0.17177022280875712,0.06523669046493748,0.09111907044495661,52.34886334269706,19.881598441430995,27.769538215871947
0.182340446951647,0.09705205144039263,0.0914250413596308,49.17255183607469,26.172454384273884,24.654993779651427
0.16956351176795537,0.09159103177098996,0.08470238358692919,49.027068266943445,26.482347059556048,24.49058467350049
0.16279327832256113,0.09969798592545658,0.08513457796043354,46.83002773566625,28.679681951169044,24.4902903131647
0.167472214687833,0.09237662271699015,0.09303545688898647,47.45810946984126,26.177595379203204,26.364295150955524
0.17671467345769734,0.10330264666010958,0.09408745458600798,47.23667950979919,27.613292757863366,25.15002773233745
0.18302009457825497,0.11404756609101221,0.11301582125707842,44.62996015311997,27.81081685009105,27.55922299678898
0.17347891642613034,0.1059445965408595,0.10019030903519237,45.69878818193641,27.90851923728174,26.39269258078185
0.17100669110166022,0.08691161844327337,0.09870611696466675,47.951480153885846,24.37062971089943,27.67789013521472
0.16709128644348528,0.07255805367340387,0.08321819151640368,51.75227301370909,22.473010310561055,25.77471667572985
0.1862558516098219,0.11140561621026236,0.10691296680789399,46.03747436021045,27.536494319692768,26.426031320096776
0.16538091760771048,0.09316221366299038,0.10136853019104379,45.95041931568226,25.884744407730913,28.16483627658681
0.16393773827400573,0.09784162699070688,0.0873647968133064,46.95416852978128,28.023274514566676,25.022556955652046
0.18024914987152457,0.09783764238639296,0.09975811466168814,47.704533413196515,25.893598297782518,26.401868289020964
0.16747221468783305,0.09237662271699024,0.09303545688898654,47.458109469841254,26.17759537920321,26.364295150955524
0.16355681002965802,0.07802305794712061,0.07754753144072336,51.2512590044589,24.448874678117523,24.299866317423575
0.16184644119388317,0.09862721793670709,0.09569787011536357,45.44058912752689,27.69093255306214,26.86847831941096
0.18625585160982197,0.11140561621026225,0.10691296680789406,46.037474360210474,27.53649431969274,26.426031320096794
0.1567865765842638,0.08613001210158719,0.07797972581422771,48.858952097508535,26.84044914500446,24.300598757487002
0.1841645545296994,0.11219120715626253,0.11524604010995139,44.743379092644176,27.25721963964844,27.999401267707384
0.17671467345769729,0.10330264666010973,0.09408745458600808,47.236679509799146,27.613292757863388,25.15002773233746
0.1490695060101916,0.09316619826730431,0.08897521234266209,45.00742533832261,28.128963627774965,26.863611033902412
0.16747221468783285,0.09237662271699014,0.09303545688898662,47.458109469841226,26.1775953792032,26.36429515095557
0.16116679356727542,0.0816317032860877,0.074107090217916,50.85640649529647,25.75899782660724,23.384595678096286
0.16632775473638842,0.0942329816517398,0.09080523803611365,47.33746772405544,26.81904012081779,25.843492155126757
0.17100669110166017,0.08691161844327347,0.0987061169646668,47.95148015388581,24.370629710899454,27.677890135214728
0.15822975591796853,0.08145059877387074,0.09198345919196511,47.70787444825169,24.558180713198414,27.733944838549903
0.1647012699811026,0.07616669901237091,0.07977775029359621,51.365497829599214,23.75416056753276,24.880341602868018
0.1607019812424387,0.10048357687145683,0.0934676512624908,45.31242830849133,28.33291063350159,26.35466105800708
0.1639377382740057,0.09784162699070685,0.08736479681330626,46.9541685297813,28.023274514566687,25.022556955652025
0.18979032802364912,0.10594061193654551,0.11258362688357419,46.481400232842425,25.945832095939153,27.57276767121841
0.1526039824240188,0.08770119399358771,0.09464587241834233,45.5600849599849,26.183286870835175,28.256628169179926
0.16709128644348528,0.07255805367340387,0.08321819151640357,51.75227301370911,22.47301031056106,25.774716675729824
0.17777692454705435,0.0788046642888069,0.09827392259116248,50.09839746665856,22.207535673294206,27.694066860047222
0.16823574639492977,0.07070169473865415,0.08544841036927643,51.86284963277639,21.795554402603383,26.34159596462023
0.16146551294953565,0.07880864889312077,0.08588060474278063,49.50579586493314,24.162960951998425,26.331243183068427
0.1546952795041413,0.08691560304758739,0.08631279911628487,47.17417135513657,26.50482655155714,26.321002093306276
0.15344972299320322,0.0886678894518048,0.08510257674635038,46.89494354624488,27.097316235567543,26.00774021818757
0.182340446951647,0.09705205144039263,0.0914250413596308,49.17255183607469,26.172454384273884,24.654993779651427
0.16538091760771045,0.09316221366299035,0.10136853019104386,45.950419315682254,25.88474440773091,28.16483627658683
0.1767146734576973,0.10330264666010962,0.09408745458600797,47.23667950979918,27.613292757863377,25.15002773233745
0.19579702976194654,0.119508585760415,0.11973847902978012,45.006249300662446,27.470453514245197,27.523297185092353
0.17070797171939991,0.08973467283624029,0.08693260243980208,49.14223831315179,25.83220123263925,25.02556045420895
0.15355081955269687,0.08877196198233714,0.08408258026341205,47.04298321162808,27.196845509282248,25.76017127908968
0.16538091760771045,0.09316221366299038,0.10136853019104385,45.950419315682254,25.884744407730913,28.16483627658683
0.16508219822545023,0.09598526805595714,0.08959501566617915,47.07723429908451,27.3725513841267,25.55021431678879
0.18834714868994437,0.11062002526426208,0.09857989350583671,47.37732060088076,27.825642375133437,24.797037023985798
0.17910468992008005,0.09969400132114259,0.09752789580881532,47.59288768940089,26.49135212652059,25.91576018407852
0.16070198124243873,0.10048357687145677,0.0934676512624908,45.312428308491334,28.332910633501573,26.35466105800708
0.15678657658426384,0.08613001210158723,0.07797972581422764,48.85895209750855,26.84044914500447,24.30059875748698
0.17910468992008005,0.09969400132114259,0.09752789580881532,47.59288768940089,26.49135212652059,25.91576018407852
0.15746622421087164,0.10312552675220671,0.0995705057116753,43.72091225346589,28.633074354966276,27.64601339156783
0.17701339283995754,0.10047959226714288,0.10586096911087259,46.17492291192298,26.21065758200337,27.614419506073652
0.1767146734576973,0.10330264666010963,0.09408745458600792,47.23667950979918,27.613292757863384,25.15002773233744
0.16260997290098012,0.07695228995837115,0.08811082359565353,49.625672544610794,23.484470693304267,26.889856762084936
0.18263916633390728,0.09422899704742589,0.10319855588449552,48.05450124302113,24.792751448863285,27.152747308115583
0.16299090114532774,0.09677085900195746,0.0979280889682364,45.567661913907784,27.05440460254822,27.377933483544005
0.16747221468783297,0.0923766227169902,0.09303545688898646,47.45810946984126,26.17759537920322,26.36429515095552
0.17070797171940003,0.0897346728362402,0.08693260243980208,49.14223831315182,25.832201232639225,25.02556045420895
0.18234044695164708,0.09705205144039272,0.09142504135963085,49.17255183607468,26.172454384273898,24.654993779651427
0.1546952795041413,0.08691560304758747,0.08631279911628502,47.174171355136544,26.504826551557155,26.321002093306305
0.16309199770482138,0.09687493153248977,0.09690809248529814,45.700031601424044,27.14533818166417,27.154630216911773
0.1957970297619465,0.11950858576041491,0.11973847902978003,45.00624930066246,27.47045351424519,27.52329718509235
0.1546952795041413,0.08691560304758739,0.08631279911628487,47.17417135513657,26.50482655155714,26.321002093306276
0.15793103653570836,0.0842736531668375,0.08020994466710059,48.98383004371985,26.13828411715898,24.877885839121173
0.15975514411376074,0.09941280888270736,0.10403094341742103,43.985580818425504,27.371451252819856,28.642967928754633
0.1663277547363885,0.09423298165173993,0.09080523803611368,47.337467724055436,26.81904012081781,25.84349215512675
0.1802491498715246,0.09783764238639295,0.09975811466168813,47.70453341319652,25.893598297782518,26.401868289020957
0.14354482907573557,0.09952086601755362,0.09061762908610083,43.01828070933657,29.824944432659343,27.156774858004074
0.18187563462681045,0.11590392502576184,0.11078560240420555,44.5156982331096,28.368528643578966,27.11577312331143
0.16070198124243867,0.10048357687145668,0.09346765126249074,45.31242830849135,28.33291063350157,26.35466105800708
0.1663277547363885,0.09423298165173988,0.09080523803611373,47.337467724055436,26.819040120817796,25.843492155126768
0.1546952795041413,0.08691560304758747,0.08631279911628502,47.174171355136544,26.504826551557155,26.321002093306305
0.1590754964871529,0.08241729423208792,0.08244016351997338,49.10753734850969,25.442701384196116,25.449761267294203
0.18024914987152454,0.09783764238639285,0.09975811466168803,47.704533413196536,25.893598297782503,26.401868289020946
0.18187563462681045,0.11590392502576184,0.11078560240420555,44.5156982331096,28.368528643578966,27.11577312331143
0.16184644119388322,0.09862721793670717,0.09569787011536365,45.44058912752688,27.690932553062147,26.868478319410965
0.1674722146878329,0.09237662271699015,0.09303545688898654,47.45810946984124,26.177595379203204,26.36429515095554
0.17100669110166017,0.08691161844327341,0.09870611696466677,47.951480153885825,24.370629710899443,27.677890135214728
0.1535508195526968,0.08877196198233714,0.0840825802634121,47.04298321162806,27.196845509282248,25.760171279089693
0.15861068416231622,0.10126916781745701,0.10180072456454815,43.85380206970545,27.99961468349606,28.14658324679849
0.16861667463927746,0.09052026378224051,0.09526567574185939,47.577717516932935,25.54164674996196,26.88063573310509
0.17253207929745226,0.10487382855211007,0.11075360119012262,44.44875760593895,27.01822990542475,28.533012488636288
0.16116679356727534,0.08163170328608751,0.07410709021791603,50.85640649529648,25.7589978266072,23.38459567809631
0.1702431593945633,0.10858654642160935,0.10629316348437684,44.204894844015534,28.195299494631808,27.59980566135265
0.1702431593945633,0.10858654642160948,0.10629316348437691,44.20489484401551,28.195299494631826,27.599805661352654
0.17462337637757475,0.10408823760610984,0.10242052788806531,45.8170165129592,27.310275406038908,26.872708081001882
0.15907549648715288,0.0824172942320878,0.08244016351997328,49.107537348509716,25.44270138419609,25.449761267294186
0.16051867582085763,0.07773788090437135,0.09644389689771089,47.95890596601687,23.226105630543223,28.814988403439905
0.17070797171939991,0.08973467283624029,0.08693260243980208,49.14223831315179,25.83220123263925,25.02556045420895
0.15135842591308074,0.089453480397805,0.09343565004840772,45.28333058338972,26.762643045817384,27.95402637079289
0.15230526304175865,0.09052424838655453,0.0828723578934776,46.76217037344735,27.793591905091986,25.44423772146066
0.16146551294953554,0.07880864889312085,0.08588060474278066,49.50579586493311,24.16296095199845,26.33124318306843
0.17701339283995754,0.10047959226714288,0.10586096911087257,46.17492291192298,26.21065758200337,27.614419506073645
0.15678657658426384,0.08613001210158723,0.07797972581422764,48.85895209750855,26.84044914500447,24.30059875748698
0.17100669110166022,0.08691161844327346,0.09870611696466676,47.951480153885825,24.370629710899447,27.677890135214717
0.18263916633390728,0.09422899704742589,0.10319855588449552,48.05450124302113,24.792751448863285,27.152747308115583
0.1500163431388695,0.0942369662560538,0.07841192018773188,46.49287539686414,29.205801436350203,24.301323166785647
0.19541610151759875,0.09969001671682863,0.10992121365719713,48.24763321648805,24.61315789510799,27.13920888840395
0.17663246459560988,0.08066102322355657,0.09604370373828963,49.98977430511662,22.828342204231365,27.18188349065201
0.15021396596163614,0.09130983933255465,0.09120543119553493,45.146007470333785,27.44268591959883,27.41130661006738
0.16051867582085763,0.07773788090437135,0.09644389689771089,47.95890596601687,23.226105630543223,28.814988403439905
0.17462337637757477,0.10408823760610983,0.1024205278880653,45.817016512959206,27.310275406038905,26.872708081001882
0.1642364576562659,0.09501857259774008,0.09913831133817094,45.82575583760535,26.51237106571685,27.66187309667779
0.15937421586941308,0.07959423983912099,0.09421367804483805,47.833962185795045,23.88910802103158,28.276929793173373
0.1710066911016602,0.0869116184432734,0.09870611696466675,47.95148015388584,24.37062971089944,27.67789013521472
0.16861667463927746,0.09052026378224051,0.09526567574185939,47.577717516932935,25.54164674996196,26.88063573310509
0.18024914987152457,0.09783764238639295,0.09975811466168817,47.704533413196515,25.893598297782518,26.401868289020967
0.18024914987152457,0.09783764238639296,0.09975811466168814,47.704533413196515,25.893598297782518,26.401868289020964
0.16956351176795545,0.09159103177098991,0.08470238358692915,49.027068266943466,26.482347059556037,24.490584673500475
0.1546952795041413,0.08691560304758747,0.08631279911628502,47.174171355136544,26.504826551557155,26.321002093306305
0.1767146734576973,0.10330264666010962,0.09408745458600797,47.23667950979918,27.613292757863377,25.15002773233745
0.18234044695164708,0.09705205144039275,0.09142504135963081,49.17255183607468,26.1724543842739,24.654993779651416
0.15861068416231622,0.10126916781745701,0.10180072456454815,43.85380206970545,27.99961468349606,28.14658324679849
0.1582297559179686,0.0814505987738707,0.09198345919196509,47.7078744482517,24.558180713198404,27.73394483854989
0.17671467345769726,0.10330264666010966,0.09408745458600797,47.23667950979917,27.613292757863388,25.15002773233745
0.167472214687833,0.09237662271699015,0.09303545688898647,47.45810946984126,26.177595379203204,26.364295150955524
0.1826391663339073,0.09422899704742593,0.10319855588449554,48.05450124302112,24.79275144886329,27.152747308115583
0.15145952247257424,0.08955755292833738,0.09241565356546944,45.4243118070888,26.85925680000273,27.716431392908465
0.18625585160982197,0.11140561621026225,0.10691296680789406,46.037474360210474,27.53649431969274,26.426031320096794
0.16423645765626585,0.09501857259774012,0.09913831133817098,45.82575583760533,26.51237106571686,27.66187309667781
0.14906950601019162,0.09316619826730435,0.08897521234266201,45.007425338322626,28.12896362777498,26.86361103390239
0.14906950601019162,0.09316619826730435,0.08897521234266201,45.007425338322626,28.12896362777498,26.86361103390239
0.15793103653570828,0.08427365316683742,0.08020994466710053,48.98383004371985,26.13828411715897,24.877885839121173
0.1710066911016601,0.08691161844327344,0.09870611696466679,47.95148015388581,24.37062971089945,27.67789013521473
0.182340446951647,0.09705205144039263,0.0914250413596308,49.17255183607469,26.172454384273884,24.654993779651427
0.1558397394555858,0.08505924411283776,0.08854301796915773,47.304150268710735,25.819186295568503,26.87666343572076
0.16184644119388314,0.09862721793670708,0.09569787011536361,45.440589127526884,27.69093255306214,26.868478319410972
0.14792504605874707,0.09502255720205398,0.0867449934897892,44.867566793030285,28.82156230943146,26.31087089753825
0.17986822162717694,0.07801907334280658,0.08994084928910516,51.71180785566262,22.43035091625365,25.85784122808372
0.17777692454705435,0.07880466428880684,0.09827392259116252,50.09839746665856,22.20753567329419,27.694066860047233
0.18024914987152457,0.09783764238639281,0.09975811466168805,47.70453341319654,25.893598297782493,26.401868289020953
0.1546952795041414,0.08691560304758747,0.08631279911628494,47.174171355136565,26.504826551557155,26.321002093306284
0.1667925670612251,0.07538110806637069,0.07144467699153886,53.18329298467373,24.03593653146151,22.78077048386475
0.1730979881817827,0.08612602749727322,0.09037304366260947,49.513570997349824,24.6357986132547,25.85063038939547
0.1579310365357084,0.08427365316683753,0.08020994466710052,48.98383004371985,26.13828411715899,24.877885839121152
0.1607019812424387,0.1004835768714568,0.09346765126249083,45.31242830849133,28.332910633501584,26.35466105800709
0.16279327832256105,0.0996979859254565,0.08513457796043347,46.830027735666256,28.67968195116904,24.490290313164696
0.16299090114532774,0.09677085900195732,0.09792808896823652,45.567661913907784,27.054404602548182,27.37793348354403
0.1730979881817827,0.08612602749727322,0.09037304366260947,49.513570997349824,24.6357986132547,25.85063038939547
0.17100669110166017,0.08691161844327347,0.09870611696466673,47.951480153885825,24.370629710899458,27.677890135214717
0.17347891642613036,0.10594459654085964,0.10019030903519238,45.698788181936386,27.908519237281766,26.39269258078184
0.18979032802364915,0.10594061193654546,0.11258362688357428,46.48140023284243,25.945832095939142,27.57276767121843
0.1647012699811026,0.07616669901237091,0.07977775029359621,51.365497829599214,23.75416056753276,24.880341602868018
0.16632775473638842,0.09423298165173985,0.0908052380361136,47.33746772405544,26.8190401208178,25.843492155126746
0.15583973945558588,0.08505924411283784,0.08854301796915781,47.30415026871073,25.819186295568507,26.876663435720765
0.1535508195526968,0.08877196198233714,0.0840825802634121,47.04298321162806,27.196845509282248,25.760171279089693
0.1627932783225612,0.09969798592545655,0.08513457796043351,46.83002773566628,28.679681951169034,24.49029031316469
0.17424244813322717,0.08426966856252358,0.0926032625154822,49.625410463265965,24.00056321993987,26.374026316794165
0.1564878572020036,0.08895306649455399,0.06620621128936295,50.21315444118339,28.54287959315675,21.243965965659843
0.17910468992008,0.09969400132114266,0.09752789580881528,47.592887689400875,26.491352126520606,25.915760184078508
0.17777692454705435,0.0788046642888069,0.09827392259116248,50.09839746665856,22.207535673294206,27.694066860047222
0.1500163431388695,0.09423696625605388,0.078411920187732,46.49287539686411,29.20580143635021,24.301323166785668
0.1674722146878329,0.09237662271699015,0.09303545688898654,47.45810946984124,26.177595379203204,26.36429515095554
0.1763337452133497,0.08348407761652334,0.08427018921342501,51.24669824043765,24.262419699183873,24.49088206037847
0.1546952795041414,0.08691560304758747,0.08631279911628494,47.174171355136565,26.504826551557155,26.321002093306284
0.16632775473638842,0.09423298165173985,0.0908052380361136,47.33746772405544,26.8190401208178,25.843492155126746
0.178157852791402,0.0986232333323931,0.10809118796374541,46.29012396743325,25.624925455129276,28.08495057743746
0.15822975591796853,0.08145059877387072,0.09198345919196513,47.70787444825169,24.558180713198407,27.733944838549906
0.1629909011453277,0.09677085900195742,0.09792808896823646,45.56766191390776,27.05440460254821,27.377933483544016
0.1707079717193999,0.08973467283624033,0.08693260243980207,49.14223831315178,25.832201232639264,25.02556045420895
0.16602903535412816,0.0970560360447067,0.07903172351124904,48.52992832397028,28.369269643782097,23.100802032247604
0.1579310365357084,0.08427365316683753,0.08020994466710052,48.98383004371985,26.13828411715899,24.877885839121152
0.15145952247257435,0.0895575529283373,0.09241565356546944,45.42431180708883,26.8592568000027,27.716431392908465
0.164236457656266,0.09501857259774014,0.09913831133817101,45.82575583760534,26.512371065716856,27.661873096677798
0.1638555294119182,0.07520000355415377,0.08932104596558807,49.89866510730015,22.90053809525922,27.200796797440624
0.18234044695164708,0.0970520514403927,0.09142504135963087,49.17255183607468,26.17245438427389,24.65499377965143
0.17910468992008002,0.09969400132114256,0.09752789580881525,47.5928876894009,26.49135212652059,25.915760184078508
0.1883471486899444,0.11062002526426204,0.09857989350583655,47.37732060088079,27.82564237513344,24.797037023985773
0.16747221468783297,0.09237662271699014,0.09303545688898651,47.45810946984126,26.1775953792032,26.364295150955535
0.15554102007332565,0.08788229850580453,0.07676950344429316,48.57729760786056,27.446679769534498,23.976022622604944
0.15355081955269675,0.0887719619823371,0.08408258026341217,47.04298321162805,27.196845509282237,25.760171279089718
0.18378362628535186,0.0923726381126762,0.10542877473736827,48.1632159116544,24.207615246650164,27.62916884169544
0.17557021350625282,0.10515900559485931,0.09185723573313499,47.122006511041555,28.224054908716823,24.653938580241626
0.16747221468783288,0.09237662271699011,0.09303545688898661,47.45810946984123,26.177595379203193,26.364295150955563
0.1723344564746858,0.10780095547560925,0.0979600901823196,45.57961031079405,28.51156780960561,25.908821879600332
0.15975514411376063,0.09941280888270727,0.10403094341742099,43.985580818425504,27.37145125281985,28.642967928754643
0.1770133928399575,0.10047959226714281,0.10586096911087267,46.17492291192297,26.210657582003353,27.614419506073673
0.17586893288851302,0.1023359512018925,0.10363075025799973,46.058805692305214,26.80104788452411,27.140146423170663
0.15145952247257422,0.08955755292833739,0.09241565356546945,45.42431180708879,26.85925680000273,27.716431392908465
0.16956351176795537,0.09159103177098996,0.08470238358692919,49.027068266943445,26.482347059556048,24.49058467350049
0.1576323171534481,0.08709670755980442,0.06843643014223576,50.33515501452365,27.81172259245376,21.853122393022588
0.17070797171939994,0.0897346728362403,0.08693260243980205,49.1422383131518,25.83220123263925,25.025560454208946
0.1618464411938831,0.09862721793670709,0.09569787011536361,45.44058912752688,27.69093255306214,26.868478319410972
0.1546952795041414,0.08691560304758747,0.08631279911628494,47.174171355136565,26.504826551557155,26.321002093306284
0.17070797171939991,0.08973467283624029,0.08693260243980208,49.14223831315179,25.83220123263925,25.02556045420895
0.1710066911016601,0.08691161844327344,0.09870611696466679,47.95148015388581,24.37062971089945,27.67789013521473
0.15861068416231622,0.10126916781745701,0.10180072456454815,43.85380206970545,27.99961468349606,28.14658324679849
0.17910468992008002,0.09969400132114256,0.09752789580881525,47.5928876894009,26.49135212652059,25.915760184078508
0.16184644119388317,0.09862721793670706,0.0956978701153636,45.44058912752689,27.690932553062137,26.868478319410965
0.17701339283995754,0.10047959226714288,0.10586096911087259,46.17492291192298,26.21065758200337,27.614419506073652
0.17910468992008,0.0996940013211426,0.09752789580881534,47.592887689400875,26.491352126520596,25.915760184078522
0.18587492336547431,0.09158704716667591,0.09709570143531102,49.62518118748392,24.452054789210752,25.922764023305323
0.16355681002965808,0.07802305794712056,0.07754753144072336,51.251259004458916,24.448874678117505,24.299866317423575
0.17986822162717694,0.07801907334280658,0.08994084928910516,51.71180785566262,22.43035091625365,25.85784122808372
0.1647012699811026,0.07616669901237091,0.07977775029359621,51.365497829599214,23.75416056753276,24.880341602868018
0.15937421586941308,0.07959423983912099,0.09421367804483805,47.833962185795045,23.88910802103158,28.276929793173373
0.16538091760771037,0.09316221366299038,0.1013685301910439,45.950419315682225,25.884744407730913,28.164836276586847
0.1567865765842638,0.08613001210158719,0.07797972581422771,48.858952097508535,26.84044914500446,24.300598757487002
0.1777769245470544,0.07880466428880682,0.09827392259116251,50.098397466658575,22.207535673294185,27.694066860047233
0.16260997290098012,0.07695228995837115,0.08811082359565353,49.625672544610794,23.484470693304267,26.889856762084936
0.1663277547363885,0.09423298165173988,0.09080523803611373,47.337467724055436,26.819040120817796,25.843492155126768
0.1734789164261303,0.10594459654085955,0.10019030903519231,45.6987881819364,27.90851923728176,26.39269258078184
0.17910468992008002,0.09969400132114252,0.09752789580881531,47.5928876894009,26.491352126520578,25.915760184078522
0.1543965601218811,0.08973865744055425,0.07453928459142026,48.44961208956048,28.159974153573337,23.39041375686618
0.17253207929745235,0.10487382855211004,0.11075360119012256,44.44875760593897,27.018229905424747,28.533012488636274
0.17986822162717692,0.07801907334280661,0.08994084928910513,51.71180785566262,22.430350916253662,25.85784122808371
0.15554102007332563,0.08788229850580458,0.07676950344429315,48.57729760786055,27.44667976953451,23.976022622604937
0.16602903535412822,0.09705603604470667,0.07903172351124901,48.5299283239703,28.369269643782086,23.100802032247596
0.1858749233654743,0.09158704716667604,0.09709570143531092,49.62518118748391,24.452054789210788,25.9227640233053
0.1758689328885131,0.10233595120189246,0.10363075025799974,46.058805692305235,26.8010478845241,27.140146423170663
0.1851113916583774,0.11326197514501196,0.10468274795502112,45.92695281879847,28.100795645514655,25.972251535686873
0.17100669110166014,0.0869116184432734,0.09870611696466682,47.951480153885825,24.37062971089944,27.67789013521474
0.17424244813322723,0.08426966856252353,0.09260326251548215,49.625410463265986,24.00056321993986,26.37402631679415
0.17557021350625285,0.10515900559485934,0.09185723573313516,47.12200651104153,28.224054908716813,24.653938580241654
0.17701339283995743,0.10047959226714284,0.1058609691108726,46.17492291192296,26.21065758200337,27.614419506073663
0.1590754964871529,0.08241729423208792,0.08244016351997338,49.10753734850969,25.442701384196116,25.449761267294203
0.15344972299320317,0.08866788945180476,0.08510257674635047,46.89494354624487,27.097316235567533,26.007740218187596
0.14583374897862453,0.09580814814805427,0.09507806679184654,43.310098778078775,28.453361372786485,28.236539849134743
0.17986822162717694,0.07801907334280658,0.08994084928910516,51.71180785566262,22.43035091625365,25.85784122808372
0.1642364576562659,0.09501857259774008,0.09913831133817094,45.82575583760535,26.51237106571685,27.66187309667779
0.16538091760771045,0.09316221366299038,0.10136853019104385,45.950419315682254,25.884744407730913,28.16483627658683
0.16986223115021568,0.08876797737802312,0.09647589811179393,47.83421855440048,24.997592471144483,27.168188974455038
0.1639377382740057,0.0978416269907069,0.08736479681330638,46.95416852978126,28.023274514566687,25.022556955652036
0.1642364576562659,0.09501857259774008,0.09913831133817094,45.82575583760535,26.51237106571685,27.66187309667779
0.18340269804100423,0.07255406906908991,0.09561150936478537,52.16702140476228,20.63726278052681,27.1957158147109
0.17910468992008005,0.09969400132114259,0.09752789580881532,47.59288768940089,26.49135212652059,25.91576018407852
0.15260398242401874,0.08770119399358765,0.0946458724183422,45.560084959984906,26.183286870835175,28.256628169179905
0.15955752129099413,0.10233993580620653,0.09123743240961794,45.18316542266019,28.980409143127297,25.83642543421252
0.16184644119388322,0.09862721793670717,0.09569787011536365,45.44058912752688,27.690932553062147,26.868478319410965
0.1788059705378198,0.10251705571410942,0.08575438128395058,48.71069885180621,27.927912099599578,23.361389048594212
0.15937421586941306,0.07959423983912103,0.09421367804483803,47.83396218579503,23.889108021031593,28.276929793173373
0.18864586807220465,0.10779697087129529,0.1103534080307014,46.37355174128939,26.499008206959118,27.12744005175149
0.1490695060101916,0.09316619826730432,0.08897521234266205,45.00742533832261,28.128963627774965,26.8636110339024
0.16861667463927754,0.09052026378224044,0.09526567574185936,47.577717516932964,25.541646749961945,26.880635733105084
0.1558397394555858,0.08505924411283776,0.08854301796915773,47.304150268710735,25.819186295568503,26.87666343572076
0.15260398242401874,0.08770119399358765,0.0946458724183422,45.560084959984906,26.183286870835175,28.256628169179905
0.17138761934600788,0.10673018748685964,0.10852338233724973,44.327305043177766,27.60445355445555,28.068241402366677
0.17671467345769729,0.10330264666010958,0.09408745458600803,47.236679509799174,27.613292757863366,25.150027732337467
0.15260398242401882,0.0877011939935877,0.09464587241834231,45.560084959984906,26.183286870835172,28.25662816917992
0.1593742158694131,0.07959423983912103,0.09421367804483798,47.833962185795045,23.889108021031593,28.276929793173355
0.16279327832256113,0.09969798592545658,0.08513457796043354,46.83002773566625,28.679681951169044,24.4902903131647
0.16909869944311878,0.11044290535635903,0.10406294463150406,44.081515637379844,28.79082261151074,27.12766175110941
0.1698622311502156,0.08876797737802314,0.09647589811179388,47.834218554400465,24.997592471144497,27.168188974455038
0.16393773827400573,0.09784162699070688,0.0873647968133064,46.95416852978128,28.023274514566676,25.022556955652046
0.14697820893006908,0.09395178921330456,0.0973082856447194,43.454042896619946,27.77680520403939,28.76915189934065
0.1558397394555858,0.08505924411283776,0.08854301796915773,47.304150268710735,25.819186295568503,26.87666343572076
0.16747221468783294,0.09237662271699017,0.09303545688898653,47.458109469841254,26.17759537920321,26.36429515095554
0.17633374521334966,0.08348407761652328,0.0842701892134249,51.24669824043766,24.262419699183873,24.490882060378453
0.16032105299809107,0.08066500782787044,0.0836503858899078,49.384797862332576,24.847797788543026,25.76740434912439
0.16861667463927751,0.0905202637822405,0.09526567574185936,47.57771751693296,25.54164674996196,26.880635733105084
0.18187563462681045,0.11590392502576184,0.11078560240420555,44.5156982331096,28.368528643578966,27.11577312331143
0.16279327832256113,0.09969798592545658,0.08513457796043354,46.83002773566625,28.679681951169044,24.4902903131647
0.16861667463927746,0.09052026378224051,0.09526567574185939,47.577717516932935,25.54164674996196,26.88063573310509
0.15678657658426387,0.08613001210158716,0.07797972581422767,48.858952097508556,26.840449145004445,24.30059875748699
0.1639377382740057,0.09784162699070685,0.08736479681330626,46.9541685297813,28.023274514566687,25.022556955652025
0.14792504605874707,0.09502255720205402,0.08674499348978919,44.867566793030285,28.821562309431474,26.310870897538248
0.16423645765626602,0.09501857259774013,0.099138311338171,45.82575583760536,26.51237106571685,27.66187309667779
0.16299090114532774,0.09677085900195732,0.09792808896823652,45.567661913907784,27.054404602548182,27.37793348354403
0.1642364576562659,0.09501857259774005,0.09913831133817097,45.82575583760535,26.512371065716845,27.6618730966778
0.17462337637757477,0.10408823760610983,0.1024205278880653,45.817016512959206,27.310275406038905,26.872708081001882
0.18378362628535178,0.09237263811267624,0.10542877473736832,48.163215911654376,24.207615246650175,27.629168841695456
0.17215115105310463,0.08505525950852373,0.1009363358175396,48.067747509493636,23.748982875804273,28.183269614702084
0.1781578527914021,0.09862323333239306,0.10809118796374537,46.290123967433274,25.624925455129265,28.08495057743745
0.1627932783225612,0.09969798592545655,0.08513457796043351,46.83002773566628,28.679681951169034,24.49029031316469
0.17070797171940003,0.0897346728362402,0.08693260243980208,49.14223831315182,25.832201232639225,25.02556045420895
0.15355081955269675,0.08877196198233711,0.08408258026341214,47.04298321162805,27.196845509282237,25.760171279089704
0.16393773827400562,0.09784162699070684,0.0873647968133063,46.95416852978128,28.023274514566683,25.022556955652036
0.16423645765626585,0.09501857259774012,0.09913831133817098,45.82575583760533,26.51237106571686,27.66187309667781
0.16861667463927751,0.0905202637822405,0.09526567574185936,47.57771751693296,25.54164674996196,26.880635733105084
0.15955752129099418,0.1023399358062064,0.09123743240961799,45.1831654226602,28.98040914312726,25.83642543421253
0.1770133928399575,0.10047959226714281,0.10586096911087267,46.17492291192297,26.210657582003353,27.614419506073673
0.18378362628535178,0.09237263811267624,0.10542877473736832,48.163215911654376,24.207615246650175,27.629168841695456
0.16861667463927746,0.09052026378224051,0.09526567574185939,47.577717516932935,25.54164674996196,26.88063573310509
0.17701339283995754,0.10047959226714288,0.10586096911087259,46.17492291192298,26.21065758200337,27.614419506073652
0.16116679356727534,0.08163170328608763,0.07410709021791592,50.85640649529648,25.75899782660723,23.384595678096275
0.17024315939456325,0.1085865464216094,0.10629316348437683,44.20489484401553,28.19529949463182,27.59980566135265
0.1639377382740057,0.0978416269907069,0.08736479681330638,46.95416852978126,28.023274514566687,25.022556955652036
0.16146551294953565,0.07880864889312077,0.08588060474278063,49.50579586493314,24.162960951998425,26.331243183068427
0.1686166746392775,0.09052026378224053,0.09526567574185937,47.57771751693295,25.541646749961966,26.88063573310509
0.16355681002965802,0.07802305794712061,0.07754753144072335,51.2512590044589,24.448874678117523,24.299866317423568
0.18263916633390728,0.09422899704742589,0.10319855588449552,48.05450124302113,24.792751448863285,27.152747308115583
0.1781578527914021,0.09862323333239306,0.10809118796374537,46.290123967433274,25.624925455129265,28.08495057743745
0.15230526304175857,0.09052424838655444,0.08287235789347765,46.76217037344734,27.79359190509197,25.444237721460684
0.1742424481332272,0.08426966856252356,0.09260326251548236,49.62541046326594,24.000563219939853,26.37402631679419
0.16146551294953557,0.07880864889312088,0.08588060474278061,49.50579586493312,24.162960951998457,26.33124318306842
0.17815785279140195,0.09862323333239316,0.10809118796374541,46.29012396743324,25.624925455129294,28.08495057743746
0.15793103653570828,0.08427365316683742,0.08020994466710053,48.98383004371985,26.13828411715897,24.877885839121173
0.16709128644348534,0.07255805367340391,0.08321819151640361,51.75227301370911,22.47301031056107,25.77471667572983
0.17309798818178268,0.08612602749727317,0.09037304366260944,49.51357099734984,24.635798613254696,25.85063038939547
0.1802491498715246,0.09783764238639295,0.09975811466168813,47.70453341319652,25.893598297782518,26.401868289020957
0.15955752129099415,0.10233993580620648,0.09123743240961796,45.183165422660196,28.980409143127282,25.83642543421252
0.17663246459560988,0.08066102322355657,0.09604370373828963,49.98977430511662,22.828342204231365,27.18188349065201
0.18587492336547431,0.09158704716667593,0.09709570143531097,49.62518118748392,24.452054789210756,25.922764023305312
0.16184644119388328,0.09862721793670699,0.09569787011536357,45.44058912752692,27.690932553062115,26.86847831941096
0.17424244813322715,0.08426966856252349,0.09260326251548229,49.625410463265965,24.000563219939846,26.37402631679419
0.17424244813322717,0.08426966856252358,0.0926032625154822,49.625410463265965,24.00056321993987,26.374026316794165
0.17701339283995754,0.10047959226714288,0.10586096911087259,46.17492291192298,26.21065758200337,27.614419506073652
0.1630919977048214,0.09687493153248979,0.09690809248529822,45.700031601424044,27.145338181664165,27.15463021691179
0.17100669110166022,0.08691161844327344,0.09870611696466679,47.951480153885825,24.370629710899443,27.67789013521472
0.18234044695164708,0.0970520514403927,0.09142504135963087,49.17255183607468,26.17245438427389,24.65499377965143
0.16070198124243873,0.10048357687145675,0.09346765126249083,45.312428308491334,28.33291063350157,26.35466105800709
0.16926479238569522,0.09441408616395676,0.07292886906206443,50.28547131985371,28.048696690387903,21.665831989758388
0.16499998936336274,0.07334364461940414,0.09155126481846089,50.01592627316753,22.23242762647143,27.75164610036103
0.17910468992008,0.09969400132114266,0.09752789580881528,47.592887689400875,26.491352126520606,25.915760184078508
0.15355081955269678,0.08877196198233712,0.08408258026341213,47.042983211628055,27.19684550928224,25.760171279089704
0.17910468992008005,0.09969400132114259,0.09752789580881532,47.59288768940089,26.49135212652059,25.91576018407852
0.16956351176795537,0.09159103177099,0.08470238358692918,49.027068266943445,26.482347059556062,24.490584673500486
0.16393773827400573,0.0978416269907069,0.08736479681330633,46.95416852978128,28.023274514566687,25.022556955652025
0.17233445647468573,0.10780095547560917,0.09796009018231953,45.57961031079407,28.511567809605605,25.908821879600332
0.15583973945558588,0.08505924411283784,0.08854301796915781,47.30415026871073,25.819186295568507,26.876663435720765
0.1707079717193999,0.08973467283624034,0.08693260243980203,49.14223831315178,25.832201232639267,25.025560454208932
0.1755702135062528,0.10515900559485948,0.0918572357331351,47.12200651104151,28.22405490871685,24.65393858024164
0.16861667463927746,0.09052026378224051,0.09526567574185939,47.577717516932935,25.54164674996196,26.88063573310509
0.1674722146878329,0.09237662271699015,0.09303545688898654,47.45810946984124,26.177595379203204,26.36429515095554
0.16747221468783285,0.09237662271699014,0.09303545688898662,47.458109469841226,26.1775953792032,26.36429515095557
0.18834714868994448,0.11062002526426204,0.09857989350583665,47.377320600880786,27.825642375133423,24.797037023985784
0.16355681002965808,0.07802305794712056,0.07754753144072336,51.251259004458916,24.448874678117505,24.299866317423575
0.17138761934600782,0.10673018748685971,0.10852338233724969,44.32730504317776,27.604453554455567,28.068241402366674
0.1707079717193999,0.08973467283624034,0.08693260243980203,49.14223831315178,25.832201232639267,25.025560454208932
0.15975514411376068,0.09941280888270726,0.10403094341742097,43.98558081842552,27.37145125281985,28.642967928754636
0.15907549648715288,0.0824172942320878,0.08244016351997328,49.107537348509716,25.44270138419609,25.449761267294186
0.1638555294119182,0.07520000355415377,0.08932104596558807,49.89866510730015,22.90053809525922,27.200796797440624
0.15469527950414136,0.08691560304758744,0.08631279911628498,47.174171355136565,26.50482655155714,26.321002093306294
0.1543965601218811,0.08973865744055425,0.07453928459142026,48.44961208956048,28.159974153573337,23.39041375686618
0.17701339283995754,0.10047959226714288,0.10586096911087259,46.17492291192298,26.21065758200337,27.614419506073652
0.17910468992008008,0.0996940013211426,0.09752789580881528,47.5928876894009,26.491352126520596,25.915760184078508
0.17347891642613034,0.10594459654085953,0.10019030903519233,45.69878818193641,27.908519237281755,26.39269258078184
0.15793103653570836,0.0842736531668375,0.08020994466710056,48.98383004371985,26.13828411715898,24.877885839121166
0.15975514411376074,0.09941280888270736,0.10403094341742103,43.985580818425504,27.371451252819856,28.642967928754633
0.16393773827400573,0.0978416269907069,0.08736479681330633,46.95416852978128,28.023274514566687,25.022556955652025
0.17701339283995746,0.10047959226714288,0.10586096911087264,46.174922911922955,26.21065758200337,27.614419506073663
0.1546952795041413,0.08691560304758739,0.08631279911628487,47.17417135513657,26.50482655155714,26.321002093306276
0.15439656012188113,0.08973865744055427,0.0745392845914203,48.449612089560475,28.159974153573337,23.390413756866185
0.15145952247257427,0.0895575529283374,0.0924156535654694,45.424311807088806,26.859256800002733,27.716431392908447
0.1767146734576973,0.10330264666010963,0.09408745458600792,47.23667950979918,27.613292757863384,25.15002773233744
0.16070198124243873,0.1004835768714568,0.09346765126249079,45.312428308491334,28.332910633501584,26.35466105800708
0.15469527950414128,0.08691560304758736,0.08631279911628491,47.174171355136565,26.504826551557137,26.32100209330629
0.18024914987152457,0.09783764238639281,0.09975811466168805,47.70453341319654,25.893598297782493,26.401868289020953
0.16652537755915497,0.09130585472824072,0.10359874904391671,46.07403540397109,25.262390904019465,28.663573692009443
0.17309798818178268,0.08612602749727317,0.09037304366260944,49.51357099734984,24.635798613254696,25.85063038939547
0.16393773827400568,0.09784162699070681,0.08736479681330633,46.954168529781285,28.023274514566676,25.022556955652043
0.17663246459560997,0.08066102322355653,0.09604370373828965,49.98977430511664,22.82834220423135,27.181883490652016
0.16184644119388322,0.09862721793670717,0.09569787011536365,45.44058912752688,27.690932553062147,26.868478319410965
0.15907549648715297,0.08241729423208786,0.08244016351997335,49.10753734850971,25.4427013841961,25.449761267294193
0.1647012699811026,0.07616669901237091,0.07977775029359621,51.365497829599214,23.75416056753276,24.880341602868018
0.1686166746392775,0.09052026378224053,0.09526567574185937,47.57771751693295,25.541646749961966,26.88063573310509
0.16861667463927746,0.09052026378224051,0.09526567574185939,47.577717516932935,25.54164674996196,26.88063573310509
0.1770133928399575,0.10047959226714284,0.10586096911087253,46.174922911922984,26.21065758200337,27.614419506073638
0.1707079717193999,0.08973467283624034,0.08693260243980203,49.14223831315178,25.832201232639267,25.025560454208932
0.178157852791402,0.09862323333239313,0.10809118796374537,46.29012396743325,25.624925455129286,28.08495057743745
0.1702431593945633,0.1085865464216094,0.10629316348437678,44.204894844015534,28.19529949463182,27.59980566135264
0.1579310365357084,0.08427365316683753,0.08020994466710052,48.98383004371985,26.13828411715899,24.877885839121152
0.17663246459560988,0.08066102322355657,0.09604370373828963,49.98977430511662,22.828342204231365,27.18188349065201
0.16393773827400576,0.09784162699070692,0.08736479681330633,46.954168529781285,28.023274514566687,25.022556955652025
0.14792504605874707,0.09502255720205398,0.0867449934897892,44.867566793030285,28.82156230943146,26.31087089753825
0.17100669110166022,0.08691161844327346,0.09870611696466676,47.951480153885825,24.370629710899447,27.677890135214717
0.1479250460587471,0.09502255720205408,0.08674499348978928,44.867566793030264,28.82156230943147,26.310870897538262
0.18378362628535183,0.09237263811267621,0.10542877473736828,48.16321591165439,24.207615246650168,27.629168841695446
0.14697820893006908,0.09395178921330456,0.0973082856447194,43.454042896619946,27.77680520403939,28.76915189934065
0.18024914987152452,0.09783764238639289,0.09975811466168807,47.70453341319653,25.893598297782518,26.401868289020957
0.1686166746392775,0.09052026378224048,0.0952656757418594,47.57771751693295,25.541646749961956,26.880635733105095
0.15230526304175857,0.09052424838655444,0.08287235789347765,46.76217037344734,27.79359190509197,25.444237721460684
0.1707079717193999,0.08973467283624033,0.08693260243980207,49.14223831315178,25.832201232639264,25.02556045420895
0.18416455452969938,0.11219120715626253,0.11524604010995139,44.74337909264417,27.25721963964844,27.999401267707384
0.18378362628535178,0.09237263811267624,0.10542877473736832,48.163215911654376,24.207615246650175,27.629168841695456
0.17253207929745235,0.10487382855211004,0.11075360119012256,44.44875760593897,27.018229905424747,28.533012488636274
0.1490695060101916,0.09316619826730432,0.08897521234266205,45.00742533832261,28.128963627774965,26.8636110339024
0.17910468992008008,0.0996940013211426,0.09752789580881528,47.5928876894009,26.491352126520596,25.915760184078508
0.15116080309031404,0.09238060732130417,0.08064213904060472,46.62815350924881,28.496389615512836,24.875456875238353
0.17880597053781985,0.10251705571410938,0.08575438128395055,48.71069885180622,27.927912099599567,23.361389048594205
0.1695635117679555,0.09159103177099003,0.08470238358692925,49.02706826694345,26.482347059556055,24.49058467350049
0.16146551294953557,0.07880864889312088,0.08588060474278061,49.50579586493312,24.162960951998457,26.33124318306842
0.16632775473638847,0.0942329816517399,0.09080523803611372,47.33746772405543,26.8190401208178,25.843492155126764
0.1798682216271769,0.07801907334280665,0.0899408492891051,51.711807855662606,22.430350916253676,25.857841228083707
0.16116679356727534,0.08163170328608763,0.07410709021791592,50.85640649529648,25.75899782660723,23.384595678096275
0.16184644119388317,0.09862721793670706,0.0956978701153636,45.44058912752689,27.690932553062137,26.868478319410965
0.1639377382740056,0.09784162699070686,0.08736479681330629,46.95416852978126,28.023274514566694,25.022556955652032
0.16956351176795537,0.09159103177098996,0.08470238358692919,49.027068266943445,26.482347059556048,24.49058467350049
0.16385552941191828,0.07520000355415375,0.08932104596558811,49.89866510730016,22.900538095259208,27.20079679744063
0.16299090114532774,0.09677085900195732,0.09792808896823652,45.567661913907784,27.054404602548182,27.37793348354403
0.1763337452133497,0.08348407761652332,0.08427018921342483,51.24669824043768,24.262419699183884,24.490882060378436
0.1674722146878329,0.09237662271699015,0.09303545688898657,47.45810946984124,26.177595379203204,26.364295150955552
0.16632775473638847,0.0942329816517399,0.09080523803611372,47.33746772405543,26.8190401208178,25.843492155126764
0.16032105299809107,0.08066500782787044,0.0836503858899078,49.384797862332576,24.847797788543026,25.76740434912439
0.17253207929745226,0.10487382855211007,0.11075360119012262,44.44875760593895,27.01822990542475,28.533012488636288
0.1730979881817827,0.08612602749727322,0.09037304366260947,49.513570997349824,24.6357986132547,25.85063038939547
0.18024914987152466,0.09783764238639288,0.09975811466168813,47.704533413196536,25.893598297782493,26.401868289020957
0.15955752129099415,0.10233993580620644,0.09123743240961797,45.183165422660196,28.98040914312727,25.836425434212522
0.1502139659616361,0.09130983933255464,0.09120543119553497,45.14600747033377,27.442685919598826,27.411306610067392
0.16956351176795542,0.09159103177098989,0.08470238358692923,49.027068266943466,26.482347059556034,24.4905846735005
0.15469527950414128,0.08691560304758736,0.08631279911628491,47.174171355136565,26.504826551557137,26.32100209330629
0.17233445647468573,0.10780095547560917,0.09796009018231953,45.57961031079407,28.511567809605605,25.908821879600332
0.14697820893006908,0.09395178921330456,0.0973082856447194,43.454042896619946,27.77680520403939,28.76915189934065
0.17701339283995748,0.10047959226714286,0.10586096911087266,46.17492291192296,26.210657582003368,27.614419506073666
0.1618464411938831,0.09862721793670712,0.09569787011536358,45.44058912752688,27.690932553062154,26.86847831941096
0.1582297559179685,0.08145059877387073,0.09198345919196516,47.70787444825167,24.558180713198414,27.733944838549913
0.15678657658426384,0.08613001210158723,0.07797972581422764,48.85895209750855,26.84044914500447,24.30059875748698
0.17557021350625274,0.10515900559485931,0.09185723573313505,47.12200651104153,28.224054908716823,24.65393858024164
0.16747221468783297,0.09237662271699014,0.09303545688898651,47.45810946984126,26.1775953792032,26.364295150955535
0.15955752129099418,0.10233993580620646,0.09123743240961793,45.1831654226602,28.98040914312727,25.83642543421251
0.18378362628535178,0.09237263811267624,0.10542877473736832,48.163215911654376,24.207615246650175,27.629168841695456
0.14583374897862464,0.0958081481480543,0.09507806679184658,43.31009877807878,28.453361372786475,28.23653984913474
0.15975514411376074,0.09941280888270736,0.10403094341742103,43.985580818425504,27.371451252819856,28.642967928754633
0.17424244813322715,0.08426966856252353,0.09260326251548227,49.625410463265965,24.00056321993986,26.374026316794186
0.17309798818178268,0.08612602749727317,0.09037304366260944,49.51357099734984,24.635798613254696,25.85063038939547
0.18024914987152454,0.09783764238639285,0.09975811466168803,47.704533413196536,25.893598297782503,26.401868289020946
0.1798682216271769,0.07801907334280665,0.0899408492891051,51.711807855662606,22.430350916253676,25.857841228083707
0.15793103653570836,0.08427365316683762,0.08020994466710048,48.98383004371985,26.138284117159017,24.87788583912114
0.16632775473638847,0.0942329816517399,0.09080523803611372,47.33746772405543,26.8190401208178,25.843492155126764
0.16861667463927746,0.09052026378224051,0.09526567574185939,47.577717516932935,25.54164674996196,26.88063573310509
0.1639377382740057,0.09784162699070685,0.08736479681330626,46.9541685297813,28.023274514566687,25.022556955652025
0.1558397394555858,0.08505924411283776,0.08854301796915773,47.304150268710735,25.819186295568503,26.87666343572076
0.15763231715344814,0.0870967075598043,0.06843643014223587,50.33515501452366,27.81172259245372,21.853122393022623
0.1674722146878329,0.09237662271699021,0.09303545688898651,47.45810946984124,26.177595379203222,26.364295150955535
0.15793103653570828,0.08427365316683753,0.08020994466710041,48.98383004371985,26.13828411715901,24.877885839121134
0.1590754964871529,0.08241729423208792,0.08244016351997338,49.10753734850969,25.442701384196116,25.449761267294203
0.15260398242401887,0.08770119399358767,0.0946458724183423,45.56008495998492,26.183286870835165,28.256628169179915
0.17253207929745226,0.10487382855211007,0.11075360119012262,44.44875760593895,27.01822990542475,28.533012488636288
0.18378362628535183,0.09237263811267621,0.10542877473736828,48.16321591165439,24.207615246650168,27.629168841695446
0.16823574639492983,0.07070169473865419,0.08544841036927635,51.86284963277641,21.795554402603393,26.3415959646202
0.1647012699811026,0.07616669901237091,0.07977775029359621,51.365497829599214,23.75416056753276,24.880341602868018
0.16538091760771045,0.09316221366299035,0.10136853019104386,45.950419315682254,25.88474440773091,28.16483627658683
0.15135842591308074,0.089453480397805,0.09343565004840772,45.28333058338972,26.762643045817384,27.95402637079289
0.1742424481332272,0.08426966856252353,0.09260326251548222,49.62541046326598,24.00056321993986,26.37402631679417
0.16184644119388314,0.09862721793670705,0.09569787011536363,45.440589127526884,27.69093255306213,26.868478319410972
0.183020094578255,0.11404756609101215,0.11301582125707844,44.629960153119974,27.810816850091037,27.55922299678899
0.17138761934600782,0.10673018748685971,0.10852338233724969,44.32730504317776,27.604453554455567,28.068241402366674
0.16423645765626602,0.09501857259774013,0.099138311338171,45.82575583760536,26.51237106571685,27.66187309667779
0.1674722146878329,0.09237662271699015,0.09303545688898657,47.45810946984124,26.177595379203204,26.364295150955552
0.16632775473638842,0.0942329816517398,0.09080523803611365,47.33746772405544,26.81904012081779,25.843492155126757
0.17070797171940003,0.08973467283624027,0.08693260243980203,49.14223831315182,25.832201232639246,25.025560454208932
0.16423645765626588,0.0950185725977401,0.09913831133817097,45.82575583760534,26.512371065716856,27.6618730966778
0.18187563462681036,0.11590392502576188,0.11078560240420558,44.51569823310958,28.368528643578976,27.11577312331144
0.1546952795041413,0.08691560304758747,0.08631279911628502,47.174171355136544,26.504826551557155,26.321002093306305
0.17701339283995754,0.10047959226714284,0.1058609691108726,46.17492291192298,26.21065758200336,27.614419506073652
0.17910468992008008,0.0996940013211426,0.09752789580881528,47.5928876894009,26.491352126520596,25.915760184078508
0.16184644119388314,0.09862721793670705,0.09569787011536363,45.440589127526884,27.69093255306213,26.868478319410972
0.16823574639492975,0.07070169473865417,0.08544841036927642,51.862849632776374,21.79555440260339,26.341595964620225
0.16508219822545023,0.09598526805595714,0.08959501566617915,47.07723429908451,27.3725513841267,25.55021431678879
0.1826391663339072,0.09422899704742593,0.10319855588449556,48.05450124302111,24.792751448863296,27.152747308115593
0.1858749233654743,0.091587047166676,0.09709570143531093,49.62518118748391,24.452054789210777,25.9227640233053
0.17701339283995743,0.10047959226714284,0.1058609691108726,46.17492291192296,26.21065758200337,27.614419506073663
0.18024914987152454,0.09783764238639289,0.09975811466168802,47.704533413196536,25.893598297782518,26.401868289020943
0.1730979881817827,0.08612602749727324,0.09037304366260943,49.513570997349824,24.635798613254707,25.850630389395455
0.17586893288851302,0.1023359512018925,0.10363075025799973,46.058805692305214,26.80104788452411,27.140146423170663
0.16070198124243876,0.10048357687145675,0.09346765126249082,45.31242830849134,28.33291063350157,26.354661058007085
0.18024914987152457,0.09783764238639296,0.09975811466168814,47.704533413196515,25.893598297782518,26.401868289020964
0.16499998936336277,0.07334364461940412,0.09155126481846086,50.015926273167544,22.232427626471427,27.751646100361015
0.17777692454705438,0.07880466428880686,0.09827392259116248,50.098397466658575,22.207535673294196,27.694066860047222
0.16116679356727542,0.0816317032860877,0.074107090217916,50.85640649529647,25.75899782660724,23.384595678096286
0.16538091760771048,0.09316221366299038,0.10136853019104379,45.95041931568226,25.884744407730913,28.16483627658681
0.15907549648715288,0.0824172942320878,0.08244016351997328,49.107537348509716,25.44270138419609,25.449761267294186
0.1479250460587471,0.09502255720205408,0.08674499348978928,44.867566793030264,28.82156230943147,26.310870897538262
0.17138761934600788,0.10673018748685964,0.10852338233724973,44.327305043177766,27.60445355445555,28.068241402366677
0.17777692454705443,0.07880466428880684,0.09827392259116247,50.09839746665858,22.20753567329419,27.694066860047222
0.1826391663339072,0.09422899704742593,0.10319855588449556,48.05450124302111,24.792751448863296,27.152747308115593
0.15698419940703034,0.08320288517808805,0.09077323682203065,47.432936594809384,25.139836952155797,27.42722645303482
0.15583973945558577,0.08505924411283773,0.08854301796915777,47.30415026871073,25.819186295568493,26.876663435720772
0.19188162510377169,0.10515502099054534,0.10425055358151679,47.81653271242559,26.20442941501529,25.979037872559115
0.16538091760771037,0.0931622136629904,0.10136853019104389,45.950419315682225,25.88474440773092,28.16483627658684
0.16184644119388314,0.09862721793670708,0.09569787011536361,45.440589127526884,27.69093255306214,26.868478319410972
0.17910468992008008,0.0996940013211426,0.09752789580881528,47.5928876894009,26.491352126520596,25.915760184078508
0.1642364576562659,0.09501857259774005,0.09913831133817097,45.82575583760535,26.512371065716845,27.6618730966778
0.1626099729009801,0.07695228995837114,0.08811082359565356,49.62567254461079,23.48447069330426,26.889856762084946
0.17462337637757475,0.10408823760610984,0.10242052788806531,45.8170165129592,27.310275406038908,26.872708081001882
0.19188162510377163,0.10515502099054534,0.10425055358151684,47.81653271242558,26.20442941501529,25.97903787255913
0.16470126998110257,0.0761666990123709,0.07977775029359625,51.36549782959921,23.754160567532757,24.880341602868032
0.1674722146878329,0.0923766227169902,0.09303545688898651,47.45810946984124,26.17759537920322,26.364295150955535
0.1558397394555858,0.08505924411283776,0.08854301796915773,47.304150268710735,25.819186295568503,26.87666343572076
0.1742424481332271,0.08426966856252355,0.09260326251548229,49.62541046326594,24.000563219939863,26.37402631679419
0.1686166746392775,0.09052026378224048,0.0952656757418594,47.57771751693295,25.541646749961956,26.880635733105095
0.17701339283995746,0.10047959226714288,0.10586096911087264,46.174922911922955,26.21065758200337,27.614419506073663
0.1537484423754633,0.08584483505883793,0.09687609127121509,45.69463275868851,25.513417577684695,28.791949663626788
0.16823574639492977,0.07070169473865415,0.08544841036927643,51.86284963277639,21.795554402603383,26.34159596462023
0.182340446951647,0.09705205144039268,0.09142504135963074,49.17255183607469,26.1724543842739,24.65499377965141
0.17100669110166017,0.08691161844327344,0.09870611696466673,47.951480153885825,24.37062971089945,27.677890135214717
0.16146551294953554,0.07880864889312084,0.0858806047427807,49.50579586493311,24.162960951998446,26.33124318306844
0.17701339283995748,0.10047959226714286,0.10586096911087266,46.17492291192296,26.210657582003368,27.614419506073666
0.17910468992008008,0.09969400132114255,0.09752789580881534,47.5928876894009,26.491352126520578,25.915760184078522
0.16986223115021562,0.08876797737802318,0.09647589811179391,47.83421855440046,24.9975924711445,27.168188974455038
0.16470126998110263,0.07616669901237087,0.07977775029359623,51.36549782959923,23.754160567532747,24.880341602868018
0.16146551294953557,0.07880864889312088,0.08588060474278061,49.50579586493312,24.162960951998457,26.33124318306842
0.1558397394555858,0.08505924411283776,0.08854301796915773,47.304150268710735,25.819186295568503,26.87666343572076
0.17557021350625285,0.10515900559485934,0.09185723573313516,47.12200651104153,28.224054908716813,24.653938580241654
0.16747221468783297,0.0923766227169902,0.09303545688898646,47.45810946984126,26.17759537920322,26.36429515095552
0.1593742158694131,0.07959423983912103,0.09421367804483798,47.833962185795045,23.889108021031593,28.276929793173355
0.16070198124243867,0.10048357687145668,0.09346765126249074,45.31242830849135,28.33291063350157,26.35466105800708
0.1734789164261303,0.10594459654085955,0.10019030903519231,45.6987881819364,27.90851923728176,26.39269258078184
0.16956351176795545,0.09159103177099004,0.08470238358692928,49.02706826694344,26.482347059556055,24.4905846735005
0.15746622421087164,0.10312552675220671,0.0995705057116753,43.72091225346589,28.633074354966276,27.64601339156783
0.16747221468783285,0.09237662271699014,0.09303545688898662,47.458109469841226,26.1775953792032,26.36429515095557
0.17138761934600788,0.10673018748685964,0.10852338233724973,44.327305043177766,27.60445355445555,28.068241402366677
0.17910468992008008,0.0996940013211426,0.09752789580881528,47.5928876894009,26.491352126520596,25.915760184078508
0.17347891642613034,0.1059445965408596,0.10019030903519245,45.69878818193638,27.908519237281755,26.39269258078186
0.15907549648715288,0.0824172942320878,0.08244016351997328,49.107537348509716,25.44270138419609,25.449761267294186
0.15678657658426381,0.08613001210158731,0.0779797258142276,48.85895209750854,26.8404491450045,24.30059875748697
0.17424244813322723,0.08426966856252364,0.09260326251548227,49.62541046326596,24.000563219939878,26.37402631679417
0.17138761934600774,0.10673018748685979,0.10852338233724972,44.32730504317773,27.60445355445559,28.068241402366677
0.15861068416231622,0.10126916781745701,0.10180072456454815,43.85380206970545,27.99961468349606,28.14658324679849
0.1777769245470544,0.07880466428880685,0.09827392259116248,50.098397466658575,22.207535673294192,27.694066860047222
0.1671734953055726,0.09519967710995704,0.08126194236412182,48.6485484502272,27.703710422900684,23.64774112687211
0.17309798818178262,0.08612602749727329,0.09037304366260947,49.5135709973498,24.63579861325472,25.85063038939547
0.15135842591308074,0.089453480397805,0.09343565004840772,45.28333058338972,26.762643045817384,27.95402637079289
0.17986822162717694,0.0780190733428066,0.08994084928910512,51.71180785566262,22.43035091625366,25.85784122808371
0.16747221468783285,0.09237662271699015,0.09303545688898658,47.458109469841226,26.177595379203204,26.364295150955552
0.1695635117679554,0.09159103177098987,0.08470238358692926,49.02706826694345,26.482347059556027,24.49058467350051
0.178157852791402,0.0986232333323931,0.10809118796374541,46.29012396743325,25.624925455129276,28.08495057743746
0.1734789164261303,0.10594459654085955,0.10019030903519231,45.6987881819364,27.90851923728176,26.39269258078184
0.16470126998110257,0.0761666990123709,0.07977775029359625,51.36549782959921,23.754160567532757,24.880341602868032
0.18587492336547431,0.09158704716667593,0.09709570143531097,49.62518118748392,24.452054789210756,25.922764023305312
0.16355681002965802,0.07802305794712061,0.07754753144072335,51.2512590044589,24.448874678117523,24.299866317423568
0.18378362628535183,0.09237263811267621,0.10542877473736828,48.16321591165439,24.207615246650168,27.629168841695446
0.17279926879952245,0.08894908189024005,0.0785995291377447,50.771366311169444,26.134754221275188,23.093879467555364
0.15230526304175865,0.09052424838655446,0.0828723578934776,46.76217037344736,27.793591905091976,25.444237721460674
0.16070198124243873,0.10048357687145675,0.09346765126249083,45.312428308491334,28.33291063350157,26.35466105800709
0.18024914987152457,0.09783764238639281,0.09975811466168805,47.70453341319654,25.893598297782493,26.401868289020953
0.15975514411376066,0.09941280888270729,0.10403094341742096,43.985580818425504,27.371451252819856,28.642967928754633
0.17777692454705443,0.07880466428880682,0.0982739225911625,50.09839746665858,22.207535673294185,27.69406686004723
0.1713876193460078,0.10673018748685972,0.10852338233724974,44.327305043177745,27.60445355445557,28.068241402366684
0.1546952795041413,0.08691560304758747,0.08631279911628502,47.174171355136544,26.504826551557155,26.321002093306305
0.17910468992008005,0.09969400132114259,0.09752789580881532,47.59288768940089,26.49135212652059,25.91576018407852
0.17910468992008,0.09969400132114266,0.09752789580881528,47.592887689400875,26.491352126520606,25.915760184078508
0.15230526304175865,0.09052424838655446,0.0828723578934776,46.76217037344736,27.793591905091976,25.444237721460674
0.1579310365357084,0.08427365316683753,0.08020994466710052,48.98383004371985,26.13828411715899,24.877885839121152
0.1734789164261303,0.10594459654085955,0.10019030903519231,45.6987881819364,27.90851923728176,26.39269258078184
0.18187563462681045,0.11590392502576184,0.11078560240420555,44.5156982331096,28.368528643578966,27.11577312331143
0.1639377382740057,0.0978416269907069,0.08736479681330638,46.95416852978126,28.023274514566687,25.022556955652036
0.16652537755915495,0.0913058547282407,0.10359874904391674,46.074035403971074,25.262390904019455,28.663573692009447
0.15260398242401887,0.08770119399358767,0.0946458724183423,45.56008495998492,26.183286870835165,28.256628169179915
0.16423645765626602,0.09501857259774013,0.099138311338171,45.82575583760536,26.51237106571685,27.66187309667779
0.16632775473638844,0.09423298165173982,0.09080523803611361,47.33746772405546,26.819040120817796,25.843492155126746
0.17100669110166022,0.08691161844327346,0.09870611696466676,47.951480153885825,24.370629710899447,27.677890135214717
0.1826391663339072,0.09422899704742593,0.10319855588449556,48.05450124302111,24.792751448863296,27.152747308115593
0.1798682216271769,0.07801907334280665,0.0899408492891051,51.711807855662606,22.430350916253676,25.857841228083707
0.17701339283995754,0.10047959226714288,0.10586096911087259,46.17492291192298,26.21065758200337,27.614419506073652
0.1695635117679554,0.09159103177098991,0.08470238358692925,49.02706826694345,26.482347059556037,24.490584673500503
0.1607019812424387,0.10048357687145683,0.0934676512624908,45.31242830849133,28.33291063350159,26.35466105800708
0.18979032802364906,0.1059406119365456,0.11258362688357416,46.481400232842404,25.945832095939174,27.5727676712184
0.1721511510531046,0.08505525950852377,0.10093633581753957,48.06774750949363,23.748982875804284,28.183269614702073
0.15583973945558588,0.08505924411283784,0.08854301796915781,47.30415026871073,25.819186295568507,26.876663435720765
0.19188162510377163,0.10515502099054534,0.10425055358151684,47.81653271242558,26.20442941501529,25.97903787255913
0.16070198124243873,0.10048357687145675,0.09346765126249083,45.312428308491334,28.33291063350157,26.35466105800709
0.178157852791402,0.09862323333239313,0.10809118796374537,46.29012396743325,25.624925455129286,28.08495057743745
0.1713876193460078,0.10673018748685975,0.10852338233724967,44.327305043177745,27.604453554455578,28.068241402366667
0.17910468992008005,0.09969400132114259,0.09752789580881532,47.59288768940089,26.49135212652059,25.91576018407852
0.18263916633390728,0.09422899704742585,0.10319855588449553,48.05450124302113,24.792751448863275,27.152747308115586
0.17557021350625282,0.1051590055948594,0.09185723573313513,47.122006511041526,28.224054908716827,24.65393858024165
0.18378362628535178,0.09237263811267624,0.10542877473736832,48.163215911654376,24.207615246650175,27.629168841695456
0.1830200945782549,0.11404756609101219,0.11301582125707849,44.62996015311996,27.810816850091047,27.559222996788996
0.15135842591308074,0.089453480397805,0.09343565004840772,45.28333058338972,26.762643045817384,27.95402637079289
0.15021396596163614,0.09130983933255465,0.09120543119553493,45.146007470333785,27.44268591959883,27.41130661006738
0.167472214687833,0.09237662271699011,0.0930354568889865,47.45810946984126,26.177595379203193,26.36429515095553
0.17815785279140206,0.09862323333239321,0.10809118796374548,46.29012396743324,25.624925455129294,28.08495057743746
0.1723344564746858,0.10780095547560925,0.0979600901823196,45.57961031079405,28.51156780960561,25.908821879600332
0.15116080309031413,0.09238060732130421,0.0806421390406048,46.628153509248804,28.496389615512825,24.87545687523836
0.17424244813322717,0.08426966856252362,0.09260326251548236,49.625410463265936,24.00056321993987,26.37402631679419
0.15975514411376063,0.09941280888270727,0.10403094341742099,43.985580818425504,27.37145125281985,28.642967928754643
0.14697820893006908,0.09395178921330456,0.0973082856447194,43.454042896619946,27.77680520403939,28.76915189934065
0.18378362628535178,0.09237263811267624,0.10542877473736832,48.163215911654376,24.207615246650175,27.629168841695456
0.1647012699811026,0.07616669901237091,0.07977775029359621,51.365497829599214,23.75416056753276,24.880341602868018
0.18263916633390725,0.09422899704742592,0.10319855588449549,48.05450124302112,24.79275144886329,27.152747308115575
0.18625585160982186,0.11140561621026222,0.10691296680789394,46.03747436021047,27.53649431969275,26.426031320096776
0.18263916633390728,0.09422899704742589,0.10319855588449552,48.05450124302113,24.792751448863285,27.152747308115583
0.14792504605874704,0.09502255720205399,0.08674499348978922,44.86756679303027,28.821562309431464,26.31087089753826
0.15145952247257422,0.08955755292833739,0.09241565356546945,45.42431180708879,26.85925680000273,27.716431392908465
0.1618464411938832,0.09862721793670716,0.0956978701153637,45.44058912752687,27.690932553062147,26.868478319410976
0.17663246459560988,0.08066102322355657,0.09604370373828963,49.98977430511662,22.828342204231365,27.18188349065201
0.1503150625211297,0.09141391186308707,0.09018543471259656,45.287296484102185,27.541411086019863,27.171292429877948
0.1763337452133497,0.08348407761652327,0.08427018921342488,51.24669824043768,24.26241969918387,24.490882060378453
0.16499998936336277,0.07334364461940411,0.09155126481846088,50.015926273167544,22.232427626471424,27.75164610036102
0.17462337637757483,0.10408823760610982,0.10242052788806529,45.81701651295922,27.310275406038905,26.87270808100188
0.16260997290098014,0.07695228995837111,0.08811082359565355,49.62567254461081,23.484470693304253,26.88985676208494
0.1642364576562659,0.09501857259774008,0.09913831133817094,45.82575583760535,26.51237106571685,27.66187309667779
0.15793103653570836,0.08427365316683752,0.08020994466710056,48.98383004371985,26.13828411715899,24.877885839121166
0.15439656012188113,0.0897386574405542,0.07453928459142027,48.44961208956049,28.159974153573327,23.390413756866185
0.16709128644348534,0.07255805367340391,0.08321819151640361,51.75227301370911,22.47301031056107,25.77471667572983
0.16146551294953554,0.07880864889312084,0.0858806047427807,49.50579586493311,24.162960951998446,26.33124318306844
0.15698419940703034,0.08320288517808805,0.09077323682203065,47.432936594809384,25.139836952155797,27.42722645303482
0.1682357463949298,0.07070169473865422,0.08544841036927633,51.862849632776395,21.7955544026034,26.341595964620197
0.1767146734576973,0.10330264666010963,0.09408745458600792,47.23667950979918,27.613292757863384,25.15002773233744
0.16909869944311878,0.11044290535635916,0.10406294463150403,44.08151563737984,28.79082261151077,27.127661751109393
0.17070797171939994,0.0897346728362403,0.08693260243980205,49.1422383131518,25.83220123263925,25.025560454208946
0.1626099729009801,0.07695228995837114,0.08811082359565356,49.62567254461079,23.48447069330426,26.889856762084946
0.1502139659616361,0.09130983933255464,0.09120543119553497,45.14600747033377,27.442685919598826,27.411306610067392
0.17138761934600774,0.10673018748685979,0.10852338233724972,44.32730504317773,27.60445355445559,28.068241402366677
0.1503150625211299,0.09141391186308694,0.09018543471259655,45.28729648410224,27.541411086019824,27.17129242987794
0.18378362628535183,0.09237263811267621,0.10542877473736828,48.16321591165439,24.207615246650168,27.629168841695446
0.15374844237546334,0.08584483505883796,0.09687609127121506,45.69463275868852,25.5134175776847,28.791949663626777
0.17663246459560988,0.08066102322355657,0.09604370373828963,49.98977430511662,22.828342204231365,27.18188349065201
0.1674722146878329,0.09237662271699015,0.09303545688898657,47.45810946984124,26.177595379203204,26.364295150955552
0.15145952247257427,0.0895575529283374,0.0924156535654694,45.424311807088806,26.859256800002733,27.716431392908447
0.16499998936336271,0.07334364461940412,0.09155126481846093,50.01592627316752,22.232427626471427,27.75164610036104
0.15344972299320322,0.08866788945180477,0.08510257674635041,46.89494354624488,27.097316235567536,26.007740218187582
0.1653809176077104,0.0931622136629904,0.10136853019104383,45.95041931568224,25.88474440773092,28.164836276586826
0.1674722146878329,0.09237662271699021,0.09303545688898651,47.45810946984124,26.177595379203222,26.364295150955535
0.14906950601019162,0.09316619826730435,0.08897521234266201,45.007425338322626,28.12896362777498,26.86361103390239
0.18234044695164708,0.09705205144039275,0.09142504135963081,49.17255183607468,26.1724543842739,24.654993779651416
0.17663246459560988,0.08066102322355657,0.09604370373828963,49.98977430511662,22.828342204231365,27.18188349065201
0.1639377382740057,0.09784162699070689,0.08736479681330642,46.95416852978126,28.023274514566683,25.022556955652053
0.1763337452133497,0.08348407761652327,0.08427018921342488,51.24669824043768,24.26241969918387,24.490882060378453
0.1695635117679554,0.09159103177098987,0.08470238358692926,49.02706826694345,26.482347059556027,24.49058467350051
0.16032105299809107,0.08066500782787044,0.0836503858899078,49.384797862332576,24.847797788543026,25.76740434912439
0.163556810029658,0.0780230579471206,0.07754753144072339,51.251259004458895,24.448874678117516,24.299866317423582
0.1627932783225612,0.09969798592545655,0.08513457796043351,46.83002773566628,28.679681951169034,24.49029031316469
0.17910468992008,0.09969400132114266,0.09752789580881528,47.592887689400875,26.491352126520606,25.915760184078508
0.1723344564746858,0.10780095547560925,0.0979600901823196,45.57961031079405,28.51156780960561,25.908821879600332
0.15021396596163614,0.09130983933255465,0.09120543119553493,45.146007470333785,27.44268591959883,27.41130661006738
0.16747221468783294,0.09237662271699017,0.09303545688898653,47.458109469841254,26.17759537920321,26.36429515095554
0.16823574639492983,0.07070169473865419,0.08544841036927635,51.86284963277641,21.795554402603393,26.3415959646202
0.17347891642613034,0.1059445965408596,0.10019030903519245,45.69878818193638,27.908519237281755,26.39269258078186
0.1642364576562659,0.09501857259774008,0.09913831133817094,45.82575583760535,26.51237106571685,27.66187309667779
0.18378362628535178,0.09237263811267624,0.10542877473736832,48.163215911654376,24.207615246650175,27.629168841695456
0.17557021350625274,0.10515900559485934,0.09185723573313503,47.12200651104153,28.224054908716827,24.65393858024164
0.1526039824240189,0.08770119399358765,0.09464587241834228,45.560084959984934,26.18328687083516,28.25662816917991
0.16747221468783297,0.09237662271699014,0.09303545688898651,47.45810946984126,26.1775953792032,26.364295150955535
0.18024914987152463,0.09783764238639292,0.09975811466168812,47.70453341319653,25.893598297782503,26.401868289020953
0.1639377382740057,0.09784162699070685,0.08736479681330626,46.9541685297813,28.023274514566687,25.022556955652025
0.17701339283995746,0.10047959226714288,0.10586096911087264,46.174922911922955,26.21065758200337,27.614419506073663
0.1603210529980911,0.08066500782787053,0.08365038588990789,49.384797862332555,24.847797788543037,25.7674043491244
0.1558397394555858,0.08505924411283776,0.08854301796915773,47.304150268710735,25.819186295568503,26.87666343572076
0.15937421586941308,0.07959423983912099,0.09421367804483805,47.833962185795045,23.88910802103158,28.276929793173373
0.18625585160982194,0.11140561621026229,0.10691296680789403,46.03747436021047,27.53649431969275,26.426031320096783
0.15793103653570834,0.08427365316683749,0.08020994466710038,48.98383004371987,26.138284117158996,24.877885839121127
0.18378362628535183,0.09237263811267621,0.10542877473736828,48.16321591165439,24.207615246650168,27.629168841695446
0.1770133928399575,0.1004795922671428,0.10586096911087256,46.174922911922984,26.21065758200336,27.614419506073652
0.1639377382740057,0.09784162699070686,0.08736479681330622,46.9541685297813,28.023274514566694,25.022556955652007
0.16393773827400565,0.09784162699070688,0.08736479681330624,46.954168529781285,28.023274514566697,25.022556955652014
0.1742424481332271,0.08426966856252355,0.09260326251548229,49.62541046326594,24.000563219939863,26.37402631679419
0.1607019812424387,0.1004835768714568,0.09346765126249083,45.31242830849133,28.332910633501584,26.35466105800709
0.16423645765626588,0.0950185725977401,0.09913831133817097,45.82575583760534,26.512371065716856,27.6618730966778
0.16385552941191825,0.07520000355415378,0.08932104596558814,49.89866510730015,22.900538095259215,27.200796797440635
0.18024914987152454,0.09783764238639289,0.09975811466168802,47.704533413196536,25.893598297782518,26.401868289020943
0.16538091760771037,0.0931622136629904,0.10136853019104389,45.950419315682225,25.88474440773092,28.16483627658684
0.15469527950414133,0.08691560304758751,0.08631279911628495,47.17417135513655,26.504826551557166,26.321002093306284
0.17777692454705443,0.07880466428880684,0.09827392259116247,50.09839746665858,22.20753567329419,27.694066860047222
0.17701339283995754,0.10047959226714284,0.1058609691108726,46.17492291192298,26.21065758200336,27.614419506073652
0.18378362628535178,0.09237263811267624,0.10542877473736832,48.163215911654376,24.207615246650175,27.629168841695456
0.164236457656266,0.09501857259774014,0.09913831133817101,45.82575583760534,26.512371065716856,27.661873096677798
0.16602903535412813,0.09705603604470667,0.07903172351124889,48.5299283239703,28.369269643782108,23.100802032247575
0.17671467345769729,0.10330264666010958,0.09408745458600803,47.236679509799174,27.613292757863366,25.150027732337467
0.15907549648715297,0.08241729423208786,0.08244016351997335,49.10753734850971,25.4427013841961,25.449761267294193
0.16747221468783294,0.09237662271699017,0.09303545688898653,47.458109469841254,26.17759537920321,26.36429515095554
0.1766324645956099,0.0806610232235566,0.0960437037382896,49.989774305116626,22.828342204231372,27.181883490652005
0.17462337637757477,0.10408823760610983,0.1024205278880653,45.817016512959206,27.310275406038905,26.872708081001882
0.16709128644348534,0.07255805367340391,0.08321819151640361,51.75227301370911,22.47301031056107,25.77471667572983
0.15793103653570828,0.08427365316683744,0.08020994466710052,48.98383004371985,26.138284117158978,24.87788583912117
0.18234044695164708,0.09705205144039271,0.09142504135963082,49.17255183607468,26.17245438427389,24.65499377965142
0.16823574639492989,0.07070169473865429,0.08544841036927642,51.86284963277639,21.795554402603408,26.341595964620208
0.16184644119388325,0.09862721793670703,0.09569787011536356,45.44058912752691,27.69093255306213,26.868478319410954
0.1798682216271769,0.07801907334280665,0.0899408492891051,51.711807855662606,22.430350916253676,25.857841228083707
0.1826391663339072,0.09422899704742593,0.10319855588449556,48.05450124302111,24.792751448863296,27.152747308115593
0.16070198124243865,0.10048357687145665,0.09346765126249078,45.31242830849134,28.332910633501555,26.35466105800709
0.15116080309031404,0.09238060732130417,0.08064213904060472,46.62815350924881,28.496389615512836,24.875456875238353
0.1639377382740057,0.0978416269907069,0.08736479681330638,46.95416852978126,28.023274514566687,25.022556955652036
0.1546952795041413,0.08691560304758739,0.08631279911628487,47.17417135513657,26.50482655155714,26.321002093306276
0.16632775473638844,0.09423298165173982,0.09080523803611361,47.33746772405546,26.819040120817796,25.843492155126746
0.16508219822545023,0.09598526805595714,0.08959501566617915,47.07723429908451,27.3725513841267,25.55021431678879
0.167472214687833,0.09237662271699011,0.0930354568889865,47.45810946984126,26.177595379203193,26.36429515095553
0.15955752129099415,0.10233993580620648,0.09123743240961796,45.183165422660196,28.980409143127282,25.83642543421252
0.16956351176795537,0.09159103177098996,0.08470238358692919,49.027068266943445,26.482347059556048,24.49058467350049
0.17070797171940003,0.0897346728362402,0.08693260243980208,49.14223831315182,25.832201232639225,25.02556045420895
0.1490695060101916,0.09316619826730432,0.08897521234266205,45.00742533832261,28.128963627774965,26.8636110339024
0.17557021350625282,0.10515900559485931,0.09185723573313499,47.122006511041555,28.224054908716823,24.653938580241626
0.1734789164261303,0.10594459654085955,0.10019030903519231,45.6987881819364,27.90851923728176,26.39269258078184
0.17586893288851302,0.1023359512018925,0.10363075025799973,46.058805692305214,26.80104788452411,27.140146423170663
0.17215115105310463,0.08505525950852379,0.10093633581753954,48.067747509493636,23.748982875804288,28.183269614702066
0.16002233361583082,0.08348806222083738,0.07187687136504323,50.73836208913461,26.471602028068286,22.79003588279711
0.1502139659616361,0.09130983933255464,0.09120543119553497,45.14600747033377,27.442685919598826,27.411306610067392
0.1582297559179686,0.0814505987738707,0.09198345919196509,47.7078744482517,24.558180713198404,27.73394483854989
0.1858749233654743,0.09158704716667598,0.09709570143531097,49.62518118748391,24.452054789210774,25.922764023305312
0.15001634313886963,0.09423696625605388,0.07841192018773191,46.49287539686415,29.20580143635021,24.301323166785636
0.18340269804100418,0.07255406906908993,0.09561150936478531,52.16702140476228,20.63726278052682,27.195715814710898
0.17100669110166017,0.08691161844327347,0.0987061169646668,47.95148015388581,24.370629710899454,27.677890135214728
0.15439656012188113,0.0897386574405542,0.07453928459142027,48.44961208956049,28.159974153573327,23.390413756866185
0.18263916633390728,0.09422899704742589,0.10319855588449552,48.05450124302113,24.792751448863285,27.152747308115583
0.16299090114532772,0.0967708590019574,0.09792808896823647,45.56766191390778,27.054404602548203,27.37793348354402
0.16602903535412813,0.09705603604470667,0.07903172351124889,48.5299283239703,28.369269643782108,23.100802032247575
0.17070797171939991,0.08973467283624029,0.08693260243980208,49.14223831315179,25.83220123263925,25.02556045420895
0.17462337637757477,0.10408823760610983,0.1024205278880653,45.817016512959206,27.310275406038905,26.872708081001882
0.19188162510377163,0.10515502099054534,0.10425055358151684,47.81653271242558,26.20442941501529,25.97903787255913
0.1674722146878329,0.0923766227169902,0.09303545688898651,47.45810946984124,26.17759537920322,26.364295150955535
0.1730979881817827,0.08612602749727322,0.09037304366260947,49.513570997349824,24.6357986132547,25.85063038939547
0.1746233763775748,0.10408823760610986,0.10242052788806523,45.81701651295921,27.310275406038915,26.87270808100186
0.1742424481332272,0.08426966856252356,0.09260326251548236,49.62541046326594,24.000563219939853,26.37402631679419
0.15861068416231622,0.10126916781745701,0.10180072456454815,43.85380206970545,27.99961468349606,28.14658324679849
0.15374844237546342,0.08584483505883803,0.09687609127121515,45.69463275868851,25.513417577684706,28.791949663626788
0.17100669110166014,0.08691161844327343,0.09870611696466677,47.951480153885825,24.370629710899447,27.677890135214728
0.1802491498715246,0.0978376423863929,0.09975811466168816,47.70453341319652,25.893598297782503,26.401868289020964
0.16423645765626602,0.09501857259774013,0.099138311338171,45.82575583760536,26.51237106571685,27.66187309667779
0.15583973945558577,0.08505924411283773,0.08854301796915777,47.30415026871073,25.819186295568493,26.876663435720772
0.16538091760771037,0.0931622136629904,0.10136853019104389,45.950419315682225,25.88474440773092,28.16483627658684
0.17557021350625282,0.10515900559485931,0.09185723573313499,47.122006511041555,28.224054908716823,24.653938580241626
0.15344972299320317,0.08866788945180476,0.08510257674635047,46.89494354624487,27.097316235567533,26.007740218187596
0.15583973945558577,0.08505924411283773,0.08854301796915777,47.30415026871073,25.819186295568493,26.876663435720772
0.17701339283995746,0.10047959226714288,0.10586096911087264,46.174922911922955,26.21065758200337,27.614419506073663
0.15793103653570828,0.08427365316683753,0.08020994466710041,48.98383004371985,26.13828411715901,24.877885839121134
0.1686166746392775,0.09052026378224048,0.0952656757418594,47.57771751693295,25.541646749961956,26.880635733105095
0.1629909011453277,0.09677085900195742,0.09792808896823646,45.56766191390776,27.05440460254821,27.377933483544016
0.17424244813322723,0.08426966856252353,0.09260326251548215,49.625410463265986,24.00056321993986,26.37402631679415
0.16309199770482138,0.09687493153248977,0.09690809248529814,45.700031601424044,27.14533818166417,27.154630216911773
0.1627932783225612,0.09969798592545655,0.08513457796043351,46.83002773566628,28.679681951169034,24.49029031316469
0.16184644119388317,0.09862721793670713,0.09569787011536354,45.44058912752689,27.690932553062154,26.868478319410947
0.16538091760771037,0.0931622136629904,0.10136853019104389,45.950419315682225,25.88474440773092,28.16483627658684
0.17347891642613028,0.10594459654085951,0.10019030903519238,45.698788181936386,27.908519237281748,26.39269258078186
0.17815785279140206,0.09862323333239321,0.10809118796374548,46.29012396743324,25.624925455129294,28.08495057743746
0.17701339283995754,0.10047959226714284,0.1058609691108726,46.17492291192298,26.21065758200336,27.614419506073652
0.1707079717193999,0.08973467283624033,0.08693260243980207,49.14223831315178,25.832201232639264,25.02556045420895
0.1798682216271769,0.07801907334280665,0.0899408492891051,51.711807855662606,22.430350916253676,25.857841228083707
0.16956351176795545,0.09159103177098991,0.08470238358692915,49.027068266943466,26.482347059556037,24.490584673500475
0.1674722146878329,0.09237662271699015,0.09303545688898657,47.45810946984124,26.177595379203204,26.364295150955552
0.15763231715344814,0.0870967075598043,0.06843643014223587,50.33515501452366,27.81172259245372,21.853122393022623
0.15708529596652404,0.08330695770862047,0.08975324033909234,47.5806269704078,25.233407457933687,27.18596557165851
0.1734789164261303,0.10594459654085953,0.10019030903519235,45.6987881819364,27.908519237281755,26.39269258078185
0.1674722146878329,0.0923766227169902,0.09303545688898651,47.45810946984124,26.17759537920322,26.364295150955535
0.1639377382740057,0.0978416269907069,0.08736479681330638,46.95416852978126,28.023274514566687,25.022556955652036
0.167472214687833,0.09237662271699015,0.09303545688898647,47.45810946984126,26.177595379203204,26.364295150955524
0.15822975591796853,0.08145059877387072,0.09198345919196513,47.70787444825169,24.558180713198407,27.733944838549906
0.17070797171939991,0.08973467283624029,0.08693260243980208,49.14223831315179,25.83220123263925,25.02556045420895
0.1546952795041413,0.08691560304758747,0.08631279911628502,47.174171355136544,26.504826551557155,26.321002093306305
0.18378362628535178,0.09237263811267624,0.10542877473736832,48.163215911654376,24.207615246650175,27.629168841695456
0.17663246459560988,0.08066102322355657,0.09604370373828963,49.98977430511662,22.828342204231365,27.18188349065201
0.17100669110166025,0.08691161844327341,0.09870611696466679,47.95148015388584,24.370629710899436,27.67789013521472
0.178157852791402,0.0986232333323931,0.10809118796374541,46.29012396743325,25.624925455129276,28.08495057743746
0.1777769245470544,0.07880466428880685,0.09827392259116248,50.098397466658575,22.207535673294192,27.694066860047222
0.15230526304175857,0.09052424838655444,0.08287235789347765,46.76217037344734,27.79359190509197,25.444237721460684
0.1546952795041414,0.08691560304758747,0.08631279911628494,47.174171355136565,26.504826551557155,26.321002093306284
0.1600223336158308,0.08348806222083725,0.07187687136504314,50.73836208913464,26.471602028068265,22.7900358827971
0.15116080309031404,0.09238060732130415,0.08064213904060474,46.62815350924881,28.49638961551283,24.87545687523836
0.1567865765842637,0.08613001210158712,0.07797972581422764,48.85895209750854,26.840449145004452,24.300598757487
0.17701339283995748,0.10047959226714286,0.10586096911087266,46.17492291192296,26.210657582003368,27.614419506073666
0.14906950601019164,0.09316619826730431,0.08897521234266204,45.00742533832263,28.128963627774965,26.863611033902394
0.1798682216271769,0.07801907334280665,0.0899408492891051,51.711807855662606,22.430350916253676,25.857841228083707
0.1897903280236491,0.10594061193654564,0.11258362688357414,46.48140023284242,25.94583209593918,27.572767671218397
0.17663246459560988,0.08066102322355657,0.09604370373828963,49.98977430511662,22.828342204231365,27.18188349065201
0.1618464411938833,0.09862721793670715,0.09569787011536363,45.440589127526906,27.69093255306214,26.868478319410954
0.17671467345769729,0.10330264666010958,0.09408745458600803,47.236679509799174,27.613292757863366,25.150027732337467
0.16747221468783297,0.0923766227169901,0.09303545688898654,47.45810946984126,26.17759537920319,26.36429515095554
0.16747221468783297,0.0923766227169902,0.09303545688898646,47.45810946984126,26.17759537920322,26.36429515095552
0.17701339283995743,0.10047959226714284,0.1058609691108726,46.17492291192296,26.21065758200337,27.614419506073663
0.16538091760771045,0.09316221366299038,0.10136853019104385,45.950419315682254,25.884744407730913,28.16483627658683
0.1686166746392775,0.09052026378224048,0.0952656757418594,47.57771751693295,25.541646749961956,26.880635733105095
0.1639377382740057,0.0978416269907069,0.08736479681330638,46.95416852978126,28.023274514566687,25.022556955652036
0.1660290353541282,0.09705603604470658,0.07903172351124893,48.529928323970324,28.36926964378208,23.100802032247586
0.17100669110166022,0.08691161844327346,0.09870611696466676,47.951480153885825,24.370629710899447,27.677890135214717
0.15907549648715286,0.08241729423208777,0.08244016351997335,49.10753734850971,25.442701384196088,25.449761267294207
0.18263916633390728,0.09422899704742589,0.10319855588449552,48.05450124302113,24.792751448863285,27.152747308115583
0.167472214687833,0.09237662271699011,0.0930354568889865,47.45810946984126,26.177595379203193,26.36429515095553
0.15230526304175862,0.09052424838655448,0.08287235789347758,46.762170373447354,27.793591905091986,25.44423772146066
0.1721511510531046,0.08505525950852372,0.10093633581753962,48.06774750949363,23.74898287580427,28.183269614702088
0.1586106841623162,0.10126916781745703,0.10180072456454817,43.85380206970544,27.99961468349606,28.146583246798496
0.1574662242108717,0.10312552675220671,0.09957050571167525,43.720912253465904,28.633074354966276,27.64601339156782
0.15116080309031416,0.09238060732130422,0.08064213904060477,46.62815350924882,28.49638961551283,24.875456875238353
0.16709128644348537,0.07255805367340383,0.08321819151640364,51.752273013709114,22.47301031056104,25.774716675729834
0.1674722146878329,0.09237662271699015,0.09303545688898654,47.45810946984124,26.177595379203204,26.36429515095554
0.17777692454705443,0.07880466428880684,0.09827392259116247,50.09839746665858,22.20753567329419,27.694066860047222
0.1721511510531046,0.08505525950852377,0.10093633581753957,48.06774750949363,23.748982875804284,28.183269614702073
0.15907549648715297,0.08241729423208786,0.08244016351997335,49.10753734850971,25.4427013841961,25.449761267294193
0.1642364576562659,0.09501857259774008,0.09913831133817094,45.82575583760535,26.51237106571685,27.66187309667779
0.15648785720200356,0.08895306649455406,0.06620621128936291,50.21315444118339,28.542879593156773,21.24396596565983
0.17424244813322717,0.08426966856252353,0.0926032625154822,49.625410463265965,24.00056321993986,26.374026316794165
0.1649999893633628,0.07334364461940414,0.09155126481846082,50.01592627316755,22.23242762647143,27.751646100361004
0.16032105299809105,0.08066500782787048,0.08365038588990778,49.38479786233257,24.847797788543037,25.767404349124384
0.18340269804100418,0.07255406906908993,0.09561150936478531,52.16702140476228,20.63726278052682,27.195715814710898
0.16309199770482136,0.09687493153248973,0.09690809248529822,45.70003160142404,27.145338181664158,27.1546302169118
0.1742424481332271,0.08426966856252353,0.09260326251548226,49.62541046326594,24.00056321993986,26.37402631679418
0.17309798818178262,0.08612602749727329,0.09037304366260947,49.5135709973498,24.63579861325472,25.85063038939547
0.15975514411376066,0.09941280888270729,0.10403094341742096,43.985580818425504,27.371451252819856,28.642967928754633
0.16538091760771037,0.09316221366299038,0.1013685301910439,45.950419315682225,25.884744407730913,28.164836276586847
0.17701339283995754,0.10047959226714288,0.10586096911087259,46.17492291192298,26.21065758200337,27.614419506073652
0.17910468992008002,0.09969400132114256,0.09752789580881525,47.5928876894009,26.49135212652059,25.915760184078508
0.1663277547363885,0.09423298165173993,0.09080523803611368,47.337467724055436,26.81904012081781,25.84349215512675
0.17279926879952245,0.08894908189024005,0.0785995291377447,50.771366311169444,26.134754221275188,23.093879467555364
0.18378362628535178,0.09237263811267624,0.10542877473736832,48.163215911654376,24.207615246650175,27.629168841695456
0.17910468992008002,0.09969400132114252,0.09752789580881531,47.5928876894009,26.491352126520578,25.915760184078522
0.16602903535412813,0.09705603604470667,0.07903172351124889,48.5299283239703,28.369269643782108,23.100802032247575
0.14583374897862456,0.09580814814805426,0.09507806679184651,43.31009877807878,28.45336137278648,28.236539849134733
0.14354482907573557,0.09952086601755362,0.09061762908610083,43.01828070933657,29.824944432659343,27.156774858004074
0.17663246459560997,0.08066102322355653,0.09604370373828965,49.98977430511664,22.82834220423135,27.181883490652016
0.1686166746392775,0.09052026378224053,0.09526567574185937,47.57771751693295,25.541646749961966,26.88063573310509
0.15260398242401887,0.08770119399358767,0.0946458724183423,45.56008495998492,26.183286870835165,28.256628169179915
0.16508219822545023,0.09598526805595714,0.08959501566617915,47.07723429908451,27.3725513841267,25.55021431678879
0.1579310365357083,0.08427365316683746,0.08020994466710045,48.98383004371986,26.13828411715899,24.87788583912115
0.1674722146878329,0.09237662271699021,0.09303545688898651,47.45810946984124,26.177595379203222,26.364295150955535
0.16747221468783297,0.0923766227169902,0.09303545688898646,47.45810946984126,26.17759537920322,26.36429515095552
0.17138761934600788,0.10673018748685964,0.10852338233724973,44.327305043177766,27.60445355445555,28.068241402366677
0.15583973945558585,0.08505924411283769,0.08854301796915773,47.30415026871076,25.819186295568482,26.87666343572076
0.1642364576562659,0.09501857259774008,0.09913831133817094,45.82575583760535,26.51237106571685,27.66187309667779
0.1823404469516471,0.09705205144039271,0.09142504135963082,49.17255183607469,26.17245438427389,24.65499377965142
0.16909869944311876,0.11044290535635914,0.10406294463150406,44.08151563737982,28.790822611510762,27.1276617511094
0.16956351176795537,0.09159103177098989,0.0847023835869293,49.027068266943445,26.482347059556034,24.49058467350052
0.17100669110166022,0.0869116184432734,0.0987061169646667,47.951480153885846,24.37062971089944,27.67789013521471
0.1742424481332271,0.08426966856252355,0.09260326251548229,49.62541046326594,24.000563219939863,26.37402631679419
0.1674722146878329,0.09237662271699015,0.09303545688898657,47.45810946984124,26.177595379203204,26.364295150955552
0.15698419940703034,0.08320288517808805,0.09077323682203065,47.432936594809384,25.139836952155797,27.42722645303482
0.1702431593945633,0.10858654642160935,0.10629316348437684,44.204894844015534,28.195299494631808,27.59980566135265
0.16632775473638844,0.09423298165173982,0.09080523803611361,47.33746772405546,26.819040120817796,25.843492155126746
0.1702431593945633,0.10858654642160934,0.10629316348437687,44.204894844015534,28.195299494631804,27.59980566135266
0.1590754964871529,0.08241729423208775,0.08244016351997331,49.10753734850972,25.44270138419608,25.449761267294196
0.15861068416231625,0.101269167817457,0.10180072456454815,43.85380206970545,27.999614683496056,28.14658324679849
0.1639377382740057,0.09784162699070686,0.08736479681330622,46.9541685297813,28.023274514566694,25.022556955652007
0.16861667463927746,0.09052026378224051,0.09526567574185939,47.577717516932935,25.54164674996196,26.88063573310509
0.1695635117679555,0.09159103177099004,0.08470238358692922,49.02706826694345,26.482347059556055,24.490584673500482
0.15793103653570836,0.0842736531668375,0.08020994466710059,48.98383004371985,26.13828411715898,24.877885839121173
0.16002233361583076,0.08348806222083736,0.07187687136504303,50.73836208913464,26.471602028068304,22.790035882797063
0.1858749233654743,0.091587047166676,0.09709570143531093,49.62518118748391,24.452054789210777,25.9227640233053
0.17671467345769729,0.10330264666010958,0.09408745458600803,47.236679509799174,27.613292757863366,25.150027732337467
0.16393773827400582,0.09784162699070688,0.0873647968133063,46.9541685297813,28.023274514566676,25.02255695565202
0.1586106841623162,0.10126916781745703,0.10180072456454817,43.85380206970544,27.99961468349606,28.146583246798496
0.1766324645956099,0.0806610232235566,0.0960437037382896,49.989774305116626,22.828342204231372,27.181883490652005
0.1674722146878329,0.09237662271699015,0.09303545688898657,47.45810946984124,26.177595379203204,26.364295150955552
0.16002233361583082,0.08348806222083738,0.07187687136504323,50.73836208913461,26.471602028068286,22.79003588279711
0.16652537755915497,0.0913058547282407,0.10359874904391675,46.07403540397109,25.262390904019455,28.663573692009454
0.1802491498715246,0.09783764238639295,0.09975811466168813,47.70453341319652,25.893598297782518,26.401868289020957
0.17070797171939991,0.08973467283624029,0.08693260243980208,49.14223831315179,25.83220123263925,25.02556045420895
0.16508219822545023,0.09598526805595718,0.08959501566617914,47.07723429908451,27.372551384126716,25.550214316788782
0.1618464411938832,0.0986272179367072,0.09569787011536367,45.44058912752687,27.690932553062158,26.868478319410965
0.15469527950414133,0.08691560304758751,0.08631279911628495,47.17417135513655,26.504826551557166,26.321002093306284
0.18302009457825494,0.11404756609101217,0.11301582125707837,44.629960153119974,27.81081685009105,27.55922299678898
0.1767146734576973,0.10330264666010963,0.09408745458600792,47.23667950979918,27.613292757863384,25.15002773233744
0.16299090114532774,0.09677085900195743,0.09792808896823642,45.567661913907784,27.054404602548214,27.377933483544005
0.17880597053781985,0.10251705571410938,0.08575438128395055,48.71069885180622,27.927912099599567,23.361389048594205
0.16956351176795537,0.09159103177098996,0.08470238358692919,49.027068266943445,26.482347059556048,24.49058467350049
0.16070198124243873,0.10048357687145683,0.09346765126249079,45.312428308491334,28.33291063350159,26.35466105800708
0.15583973945558577,0.08505924411283773,0.08854301796915777,47.30415026871073,25.819186295568493,26.876663435720772
0.17557021350625276,0.10515900559485929,0.09185723573313506,47.12200651104153,28.224054908716816,24.653938580241643
0.14468928902718006,0.09766450708280396,0.09284784793897376,43.16485064913569,29.136046560839535,27.699102790024767
0.17032704347505234,0.06991610379265394,0.077115337067219,53.6702347290319,22.030639558660027,24.299125712308065
0.18234044695164708,0.09705205144039275,0.09142504135963081,49.17255183607468,26.1724543842739,24.654993779651416
0.1490695060101917,0.09316619826730443,0.08897521234266208,45.00742533832262,28.128963627774983,26.86361103390239
0.1781578527914021,0.09862323333239317,0.10809118796374549,46.29012396743325,25.624925455129283,28.084950577437468
0.1763337452133497,0.08348407761652332,0.08427018921342483,51.24669824043768,24.262419699183884,24.490882060378436
0.15439656012188113,0.0897386574405542,0.07453928459142027,48.44961208956049,28.159974153573327,23.390413756866185
0.1674722146878329,0.09237662271699015,0.09303545688898657,47.45810946984124,26.177595379203204,26.364295150955552
0.1558397394555858,0.08505924411283776,0.08854301796915773,47.304150268710735,25.819186295568503,26.87666343572076
0.1627932783225612,0.09969798592545655,0.08513457796043351,46.83002773566628,28.679681951169034,24.49029031316469
0.14906950601019164,0.09316619826730431,0.08897521234266204,45.00742533832263,28.128963627774965,26.863611033902394
0.16070198124243873,0.10048357687145683,0.09346765126249079,45.312428308491334,28.33291063350159,26.35466105800708
0.17215115105310463,0.08505525950852379,0.10093633581753954,48.067747509493636,23.748982875804288,28.183269614702066
0.1742424481332271,0.08426966856252355,0.09260326251548229,49.62541046326594,24.000563219939863,26.37402631679419
0.16260997290098012,0.07695228995837115,0.08811082359565353,49.625672544610794,23.484470693304267,26.889856762084936
0.15937421586941308,0.07959423983912099,0.09421367804483805,47.833962185795045,23.88910802103158,28.276929793173373
0.17910468992008005,0.09969400132114259,0.09752789580881532,47.59288768940089,26.49135212652059,25.91576018407852
0.15374844237546337,0.08584483505883789,0.0968760912712151,45.69463275868853,25.513417577684685,28.79194966362679
0.18625585160982186,0.11140561621026222,0.10691296680789394,46.03747436021047,27.53649431969275,26.426031320096776
0.14792504605874704,0.09502255720205399,0.08674499348978922,44.86756679303027,28.821562309431464,26.31087089753826
0.15955752129099415,0.10233993580620648,0.09123743240961796,45.183165422660196,28.980409143127282,25.83642543421252
0.15793103653570828,0.08427365316683742,0.08020994466710053,48.98383004371985,26.13828411715897,24.877885839121173
0.18378362628535178,0.09237263811267624,0.10542877473736832,48.163215911654376,24.207615246650175,27.629168841695456
0.18187563462681045,0.11590392502576184,0.11078560240420555,44.5156982331096,28.368528643578966,27.11577312331143
0.15374844237546337,0.08584483505883789,0.0968760912712151,45.69463275868853,25.513417577684685,28.79194966362679
0.15632176425942712,0.10498188568695632,0.09734028685880246,43.58689725858673,29.27189753217049,27.14120520924277
0.1511608030903141,0.09238060732130425,0.0806421390406048,46.62815350924879,28.49638961551284,24.87545687523836
0.16508219822545023,0.09598526805595714,0.08959501566617915,47.07723429908451,27.3725513841267,25.55021431678879
0.19465256981050208,0.12136494469516455,0.11750826017690719,44.8998839695347,27.994862539379024,27.105253491086284
0.16146551294953557,0.07880864889312088,0.08588060474278061,49.50579586493312,24.162960951998457,26.33124318306842
0.17279926879952245,0.08894908189024005,0.0785995291377447,50.771366311169444,26.134754221275188,23.093879467555364
0.16717349530557274,0.09519967710995696,0.08126194236412176,48.64854845022724,27.703710422900663,23.647741126872095
0.16070198124243873,0.10048357687145683,0.09346765126249079,45.312428308491334,28.33291063350159,26.35466105800708
0.15325210017043658,0.0915950163753039,0.07230906573854741,48.32070403504438,28.88009803737683,22.799197927578803
0.15469527950414133,0.08691560304758751,0.08631279911628495,47.17417135513655,26.504826551557166,26.321002093306284
0.15116080309031407,0.09238060732130424,0.08064213904060483,46.62815350924879,28.496389615512836,24.87545687523837
0.18302009457825497,0.11404756609101221,0.11301582125707842,44.62996015311997,27.81081685009105,27.55922299678898
0.1614655129495356,0.0788086488931208,0.08588060474278066,49.50579586493313,24.162960951998432,26.33124318306843
0.17633374521334977,0.08348407761652336,0.08427018921342494,51.24669824043766,24.262419699183884,24.490882060378453
0.1618464411938832,0.0986272179367072,0.09569787011536367,45.44058912752687,27.690932553062158,26.868478319410965
0.17701339283995754,0.10047959226714288,0.10586096911087259,46.17492291192298,26.21065758200337,27.614419506073652
0.17462337637757486,0.1040882376061098,0.10242052788806527,45.81701651295923,27.310275406038897,26.87270808100187
0.17309798818178268,0.08612602749727317,0.09037304366260944,49.51357099734984,24.635798613254696,25.85063038939547
0.1674722146878329,0.09237662271699015,0.09303545688898657,47.45810946984124,26.177595379203204,26.364295150955552
0.17062576285731257,0.06709304939968719,0.08888885159208382,52.24181234649596,20.542398977719348,27.21578867578469
0.15116080309031404,0.09238060732130414,0.08064213904060474,46.62815350924881,28.496389615512825,24.87545687523836
0.1730979881817826,0.08612602749727324,0.09037304366260944,49.51357099734981,24.635798613254718,25.85063038939547
0.1802491498715246,0.09783764238639295,0.09975811466168813,47.70453341319652,25.893598297782518,26.401868289020957
0.16184644119388317,0.09862721793670709,0.09569787011536357,45.44058912752689,27.69093255306214,26.86847831941096
0.16355681002965802,0.07802305794712061,0.07754753144072336,51.2512590044589,24.448874678117523,24.299866317423575
0.15937421586941306,0.07959423983912103,0.09421367804483803,47.83396218579503,23.889108021031593,28.276929793173373
0.16423645765626585,0.09501857259774012,0.09913831133817098,45.82575583760533,26.51237106571686,27.66187309667781
0.15374844237546337,0.08584483505883789,0.0968760912712151,45.69463275868853,25.513417577684685,28.79194966362679
0.16747221468783297,0.0923766227169902,0.09303545688898646,47.45810946984126,26.17759537920322,26.36429515095552
0.17910468992008002,0.09969400132114256,0.09752789580881525,47.5928876894009,26.49135212652059,25.915760184078508
0.1777769245470544,0.07880466428880685,0.09827392259116248,50.098397466658575,22.207535673294192,27.694066860047222
0.16747221468783297,0.0923766227169902,0.09303545688898646,47.45810946984126,26.17759537920322,26.36429515095552
0.17424244813322717,0.08426966856252362,0.09260326251548236,49.625410463265936,24.00056321993987,26.37402631679419
0.17815785279140195,0.09862323333239316,0.10809118796374541,46.29012396743324,25.624925455129294,28.08495057743746
0.18864586807220465,0.10779697087129529,0.1103534080307014,46.37355174128939,26.499008206959118,27.12744005175149
0.16709128644348528,0.07255805367340387,0.08321819151640357,51.75227301370911,22.47301031056106,25.774716675729824
0.17024315939456328,0.10858654642160942,0.1062931634843768,44.20489484401553,28.195299494631826,27.599805661352644
0.16279327832256113,0.09969798592545658,0.08513457796043354,46.83002773566625,28.679681951169044,24.4902903131647
0.16632775473638844,0.09423298165173982,0.09080523803611361,47.33746772405546,26.819040120817796,25.843492155126746
0.17462337637757477,0.10408823760610983,0.1024205278880653,45.817016512959206,27.310275406038905,26.872708081001882
0.1627932783225612,0.09969798592545655,0.08513457796043351,46.83002773566628,28.679681951169034,24.49029031316469
0.15975514411376068,0.09941280888270726,0.10403094341742097,43.98558081842552,27.37145125281985,28.642967928754636
0.1639377382740057,0.09784162699070685,0.08736479681330626,46.9541685297813,28.023274514566687,25.022556955652025
0.15793103653570828,0.08427365316683753,0.08020994466710041,48.98383004371985,26.13828411715901,24.877885839121134
0.16309199770482136,0.09687493153248976,0.09690809248529819,45.70003160142404,27.14533818166417,27.15463021691179
0.1543965601218811,0.08973865744055425,0.07453928459142026,48.44961208956048,28.159974153573337,23.39041375686618
0.15793103653570825,0.08427365316683741,0.08020994466710056,48.98383004371984,26.13828411715897,24.877885839121184
0.16747221468783288,0.09237662271699011,0.09303545688898661,47.45810946984123,26.177595379203193,26.364295150955563
0.15861068416231622,0.10126916781745701,0.10180072456454815,43.85380206970545,27.99961468349606,28.14658324679849
0.17910468992008002,0.09969400132114256,0.09752789580881525,47.5928876894009,26.49135212652059,25.915760184078508
0.1653809176077104,0.09316221366299042,0.10136853019104386,45.95041931568224,25.884744407730924,28.16483627658683
0.17138761934600782,0.1067301874868598,0.10852338233724962,44.32730504317776,27.604453554455592,28.06824140236665
0.1702431593945633,0.10858654642160934,0.10629316348437687,44.204894844015534,28.195299494631804,27.59980566135266
0.1653809176077104,0.09316221366299042,0.10136853019104386,45.95041931568224,25.884744407730924,28.16483627658683
0.1630919977048214,0.09687493153248979,0.09690809248529822,45.700031601424044,27.145338181664165,27.15463021691179
0.18940939977930152,0.08612204289295923,0.10276636151099125,50.0688604810271,22.76567348279946,27.16546603617345
0.16002233361583074,0.08348806222083731,0.07187687136504316,50.738362089134625,26.47160202806828,22.790035882797103
0.18416455452969938,0.11219120715626253,0.11524604010995139,44.74337909264417,27.25721963964844,27.999401267707384
0.1770133928399575,0.10047959226714281,0.10586096911087267,46.17492291192297,26.210657582003353,27.614419506073673
0.18587492336547431,0.09158704716667593,0.09709570143531097,49.62518118748392,24.452054789210756,25.922764023305312
0.14792504605874715,0.09502255720205412,0.08674499348978922,44.86756679303028,28.821562309431485,26.31087089753824
0.1686166746392775,0.09052026378224053,0.09526567574185937,47.57771751693295,25.541646749961966,26.88063573310509
0.160321052998091,0.08066500782787053,0.08365038588990778,49.384797862332555,24.847797788543055,25.767404349124384
0.16614444931480737,0.0714872856846544,0.09378148367133365,50.13211301020692,21.57043885315428,28.297448136638792
0.19579702976194654,0.119508585760415,0.11973847902978012,45.006249300662446,27.470453514245197,27.523297185092353
0.17233445647468573,0.10780095547560917,0.09796009018231953,45.57961031079407,28.511567809605605,25.908821879600332
0.18187563462681042,0.11590392502576187,0.11078560240420557,44.515698233109596,28.368528643578973,27.11577312331143
0.16652537755915497,0.0913058547282407,0.10359874904391675,46.07403540397109,25.262390904019455,28.663573692009454
0.18263916633390728,0.09422899704742585,0.10319855588449553,48.05450124302113,24.792751448863275,27.152747308115586
0.17100669110166014,0.08691161844327344,0.0987061169646668,47.951480153885825,24.37062971089945,27.67789013521473
0.18302009457825497,0.11404756609101221,0.11301582125707842,44.62996015311997,27.81081685009105,27.55922299678898
0.16823574639492977,0.07070169473865415,0.08544841036927643,51.86284963277639,21.795554402603383,26.34159596462023
0.17347891642613034,0.1059445965408595,0.10019030903519237,45.69878818193641,27.90851923728174,26.39269258078185
0.1770133928399575,0.10047959226714284,0.10586096911087253,46.174922911922984,26.21065758200337,27.614419506073638
0.1858749233654743,0.09158704716667598,0.09709570143531097,49.62518118748391,24.452054789210774,25.922764023305312
0.18864586807220468,0.10779697087129525,0.1103534080307013,46.37355174128942,26.49900820695911,27.12744005175147
0.1639377382740057,0.09784162699070686,0.08736479681330622,46.9541685297813,28.023274514566694,25.022556955652007
0.17910468992008002,0.09969400132114256,0.09752789580881525,47.5928876894009,26.49135212652059,25.915760184078508
0.18340269804100423,0.07255406906908991,0.09561150936478537,52.16702140476228,20.63726278052681,27.1957158147109
0.1618464411938831,0.09862721793670709,0.09569787011536361,45.44058912752688,27.69093255306214,26.868478319410972
0.17910468992008008,0.0996940013211426,0.09752789580881528,47.5928876894009,26.491352126520596,25.915760184078508
0.17910468992008005,0.09969400132114263,0.09752789580881527,47.59288768940089,26.4913521265206,25.9157601840785
0.16470126998110257,0.0761666990123709,0.07977775029359625,51.36549782959921,23.754160567532757,24.880341602868032
0.1767146734576973,0.10330264666010969,0.09408745458600783,47.23667950979918,27.613292757863395,25.15002773233741
0.1653809176077104,0.09316221366299042,0.10136853019104386,45.95041931568224,25.884744407730924,28.16483627658683
0.182340446951647,0.09705205144039263,0.0914250413596308,49.17255183607469,26.172454384273884,24.654993779651427
0.1713876193460078,0.10673018748685972,0.10852338233724974,44.327305043177745,27.60445355445557,28.068241402366684
0.16070198124243876,0.10048357687145675,0.09346765126249082,45.31242830849134,28.33291063350157,26.354661058007085
0.15793103653570828,0.08427365316683745,0.08020994466710049,48.98383004371985,26.13828411715898,24.877885839121163
0.15907549648715288,0.0824172942320878,0.08244016351997328,49.107537348509716,25.44270138419609,25.449761267294186
0.1698622311502156,0.08876797737802322,0.0964758981117939,47.83421855440045,24.99759247114451,27.16818897445503
0.163556810029658,0.0780230579471206,0.07754753144072339,51.251259004458895,24.448874678117516,24.299866317423582
0.16423645765626585,0.09501857259774012,0.09913831133817098,45.82575583760533,26.51237106571686,27.66187309667781
0.1686166746392775,0.09052026378224048,0.0952656757418594,47.57771751693295,25.541646749961956,26.880635733105095
0.1642364576562659,0.09501857259774008,0.09913831133817094,45.82575583760535,26.51237106571685,27.66187309667779
0.17701339283995754,0.10047959226714288,0.10586096911087259,46.17492291192298,26.21065758200337,27.614419506073652
0.17586893288851302,0.10233595120189254,0.10363075025799971,46.058805692305214,26.80104788452412,27.14014642317066
0.1593742158694131,0.07959423983912103,0.09421367804483798,47.833962185795045,23.889108021031593,28.276929793173355
0.18024914987152457,0.09783764238639296,0.09975811466168814,47.704533413196515,25.893598297782518,26.401868289020964
0.16299090114532774,0.09677085900195746,0.0979280889682364,45.567661913907784,27.05440460254822,27.377933483544005
0.1826391663339072,0.09422899704742593,0.10319855588449556,48.05450124302111,24.792751448863296,27.152747308115593
0.16861667463927746,0.09052026378224051,0.09526567574185939,47.577717516932935,25.54164674996196,26.88063573310509
0.17070797171939991,0.0897346728362403,0.08693260243980204,49.14223831315179,25.83220123263925,25.02556045420894
0.1618464411938832,0.09862721793670716,0.0956978701153637,45.44058912752687,27.690932553062147,26.868478319410976
0.16823574639492977,0.07070169473865415,0.08544841036927643,51.86284963277639,21.795554402603383,26.34159596462023
0.16423645765626588,0.0950185725977401,0.09913831133817097,45.82575583760534,26.512371065716856,27.6618730966778
0.16956351176795542,0.09159103177098993,0.08470238358692922,49.027068266943466,26.482347059556044,24.490584673500496
0.16652537755915492,0.09130585472824072,0.10359874904391676,46.07403540397107,25.262390904019465,28.663573692009457
0.17633374521334977,0.08348407761652334,0.08427018921342497,51.24669824043766,24.262419699183873,24.49088206037846
0.16747221468783297,0.0923766227169902,0.09303545688898646,47.45810946984126,26.17759537920322,26.36429515095552
0.15937421586941306,0.07959423983912103,0.09421367804483803,47.83396218579503,23.889108021031593,28.276929793173373
0.15469527950414136,0.08691560304758744,0.08631279911628498,47.174171355136565,26.50482655155714,26.321002093306294
0.1723344564746858,0.10780095547560925,0.0979600901823196,45.57961031079405,28.51156780960561,25.908821879600332
0.15793103653570828,0.08427365316683745,0.08020994466710049,48.98383004371985,26.13828411715898,24.877885839121163
0.17215115105310466,0.08505525950852376,0.10093633581753955,48.06774750949365,23.74898287580428,28.183269614702073
0.15793103653570836,0.0842736531668375,0.08020994466710059,48.98383004371985,26.13828411715898,24.877885839121173
0.15230526304175862,0.09052424838655448,0.08287235789347758,46.762170373447354,27.793591905091986,25.44423772146066
0.1802491498715246,0.09783764238639292,0.09975811466168817,47.70453341319652,25.893598297782503,26.401868289020967
0.17100669110166022,0.08691161844327346,0.09870611696466676,47.951480153885825,24.370629710899447,27.677890135214717
0.17070797171939991,0.08973467283624029,0.08693260243980208,49.14223831315179,25.83220123263925,25.02556045420895
0.1777769245470544,0.07880466428880685,0.09827392259116248,50.098397466658575,22.207535673294192,27.694066860047222
0.16747221468783297,0.09237662271699014,0.09303545688898651,47.45810946984126,26.1775953792032,26.364295150955535
0.1674722146878329,0.09237662271699021,0.09303545688898651,47.45810946984124,26.177595379203222,26.364295150955535
0.15746622421087164,0.10312552675220671,0.0995705057116753,43.72091225346589,28.633074354966276,27.64601339156783
0.14906950601019164,0.09316619826730431,0.08897521234266204,45.00742533832263,28.128963627774965,26.863611033902394
0.1590754964871529,0.08241729423208792,0.08244016351997338,49.10753734850969,25.442701384196116,25.449761267294203
0.16632775473638842,0.0942329816517398,0.09080523803611365,47.33746772405544,26.81904012081779,25.843492155126757
0.18979032802364906,0.1059406119365456,0.11258362688357416,46.481400232842404,25.945832095939174,27.5727676712184
0.15907549648715297,0.08241729423208786,0.08244016351997335,49.10753734850971,25.4427013841961,25.449761267294193
0.17233445647468573,0.10780095547560917,0.09796009018231953,45.57961031079407,28.511567809605605,25.908821879600332
0.18834714868994443,0.11062002526426207,0.0985798935058367,47.37732060088077,27.82564237513343,24.797037023985794
0.15907549648715288,0.0824172942320878,0.08244016351997328,49.107537348509716,25.44270138419609,25.449761267294186
0.16986223115021565,0.08876797737802317,0.0964758981117939,47.83421855440047,24.997592471144497,27.16818897445503
0.1686166746392775,0.09052026378224048,0.0952656757418594,47.57771751693295,25.541646749961956,26.880635733105095
0.17701339283995743,0.10047959226714288,0.10586096911087257,46.17492291192296,26.210657582003382,27.614419506073652
0.17910468992008008,0.0996940013211426,0.09752789580881528,47.5928876894009,26.491352126520596,25.915760184078508
0.1702431593945633,0.10858654642160935,0.10629316348437684,44.204894844015534,28.195299494631808,27.59980566135265
0.17424244813322717,0.08426966856252362,0.09260326251548236,49.625410463265936,24.00056321993987,26.37402631679419
0.17138761934600782,0.10673018748685971,0.10852338233724969,44.32730504317776,27.604453554455567,28.068241402366674
0.16309199770482138,0.09687493153248977,0.09690809248529814,45.700031601424044,27.14533818166417,27.154630216911773
0.17138761934600774,0.10673018748685985,0.10852338233724966,44.32730504317773,27.604453554455606,28.068241402366663
0.16184644119388317,0.09862721793670706,0.0956978701153636,45.44058912752689,27.690932553062137,26.868478319410965
0.1605186758208576,0.07773788090437139,0.09644389689771088,47.95890596601686,23.226105630543238,28.814988403439905
0.16652537755915497,0.0913058547282407,0.10359874904391675,46.07403540397109,25.262390904019455,28.663573692009454
0.17557021350625276,0.10515900559485925,0.09185723573313508,47.12200651104153,28.224054908716806,24.65393858024165
0.1639377382740057,0.09784162699070689,0.08736479681330642,46.95416852978126,28.023274514566683,25.022556955652053
0.16499998936336288,0.07334364461940408,0.09155126481846095,50.01592627316755,22.232427626471406,27.751646100361032
0.17386151988887955,0.06445109951893725,0.08278599714289932,54.14583275272968,20.072057678503725,25.782109568766586
0.17633374521334966,0.08348407761652328,0.0842701892134249,51.24669824043766,24.262419699183873,24.490882060378453
0.17701339283995743,0.10047959226714284,0.1058609691108726,46.17492291192296,26.21065758200337,27.614419506073663
0.1858749233654744,0.09158704716667598,0.0970957014353111,49.62518118748391,24.45205478921076,25.922764023305326
0.1626099729009801,0.07695228995837114,0.08811082359565356,49.62567254461079,23.48447069330426,26.889856762084946
0.15907549648715283,0.0824172942320878,0.08244016351997334,49.107537348509695,25.44270138419609,25.449761267294203
0.1770133928399575,0.10047959226714281,0.10586096911087267,46.17492291192297,26.210657582003353,27.614419506073673
0.1710066911016601,0.08691161844327355,0.09870611696466679,47.951480153885804,24.370629710899475,27.67789013521472
0.1647012699811026,0.07616669901237091,0.07977775029359621,51.365497829599214,23.75416056753276,24.880341602868018
0.16632775473638842,0.0942329816517398,0.09080523803611365,47.33746772405544,26.81904012081779,25.843492155126757
0.16614444931480735,0.07148728568465444,0.09378148367133364,50.13211301020692,21.57043885315429,28.297448136638792
0.15698419940703034,0.08320288517808805,0.09077323682203065,47.432936594809384,25.139836952155797,27.42722645303482
0.15907549648715286,0.08241729423208777,0.08244016351997335,49.10753734850971,25.442701384196088,25.449761267294207
0.1721511510531047,0.08505525950852384,0.10093633581753965,48.06774750949362,23.748982875804288,28.183269614702077
0.15554102007332565,0.08788229850580453,0.07676950344429316,48.57729760786056,27.446679769534498,23.976022622604944
0.17215115105310463,0.08505525950852373,0.1009363358175396,48.067747509493636,23.748982875804273,28.183269614702084
0.1851113916583774,0.11326197514501196,0.10468274795502112,45.92695281879847,28.100795645514655,25.972251535686873
0.16747221468783297,0.09237662271699014,0.09303545688898651,47.45810946984126,26.1775953792032,26.364295150955535
0.163556810029658,0.0780230579471206,0.07754753144072339,51.251259004458895,24.448874678117516,24.299866317423582
0.17100669110166022,0.08691161844327346,0.09870611696466676,47.951480153885825,24.370629710899447,27.677890135214717
0.1502139659616361,0.09130983933255464,0.09120543119553497,45.14600747033377,27.442685919598826,27.411306610067392
0.15374844237546334,0.08584483505883796,0.09687609127121506,45.69463275868852,25.5134175776847,28.791949663626777
0.1702431593945633,0.10858654642160935,0.10629316348437684,44.204894844015534,28.195299494631808,27.59980566135265
0.17279926879952245,0.08894908189024009,0.07859952913774469,50.771366311169444,26.134754221275198,23.09387946755536
0.1618464411938832,0.09862721793670721,0.09569787011536364,45.44058912752687,27.690932553062165,26.86847831941096
0.18378362628535183,0.09237263811267621,0.10542877473736828,48.16321591165439,24.207615246650168,27.629168841695446
0.15469527950414136,0.08691560304758744,0.08631279911628498,47.174171355136565,26.50482655155714,26.321002093306294
0.15260398242401874,0.08770119399358765,0.0946458724183422,45.560084959984906,26.183286870835175,28.256628169179905
0.17586893288851302,0.1023359512018925,0.10363075025799973,46.058805692305214,26.80104788452411,27.140146423170663
0.15230526304175862,0.09052424838655448,0.08287235789347758,46.762170373447354,27.793591905091986,25.44423772146066
0.18263916633390728,0.09422899704742585,0.10319855588449553,48.05450124302113,24.792751448863275,27.152747308115586
0.17100669110166022,0.08691161844327346,0.09870611696466676,47.951480153885825,24.370629710899447,27.677890135214717
0.16823574639492983,0.07070169473865419,0.08544841036927635,51.86284963277641,21.795554402603393,26.3415959646202
0.17586893288851302,0.10233595120189254,0.10363075025799971,46.058805692305214,26.80104788452412,27.14014642317066
0.1742424481332272,0.0842696685625236,0.09260326251548234,49.62541046326594,24.000563219939863,26.37402631679419
0.1647012699811026,0.07616669901237091,0.07977775029359621,51.365497829599214,23.75416056753276,24.880341602868018
0.17138761934600788,0.10673018748685964,0.10852338233724973,44.327305043177766,27.60445355445555,28.068241402366677
0.15355081955269687,0.08877196198233714,0.08408258026341205,47.04298321162808,27.196845509282248,25.76017127908968
0.1653809176077104,0.09316221366299042,0.10136853019104386,45.95041931568224,25.884744407730924,28.16483627658683
0.16709128644348528,0.07255805367340387,0.08321819151640357,51.75227301370911,22.47301031056106,25.774716675729824
0.16538091760771045,0.09316221366299038,0.10136853019104385,45.950419315682254,25.884744407730913,28.16483627658683
0.15260398242401874,0.08770119399358765,0.0946458724183422,45.560084959984906,26.183286870835175,28.256628169179905
0.16956351176795545,0.09159103177098991,0.08470238358692915,49.027068266943466,26.482347059556037,24.490584673500475
0.15793103653570828,0.08427365316683745,0.08020994466710049,48.98383004371985,26.13828411715898,24.877885839121163
0.1858749233654743,0.09158704716667598,0.09709570143531097,49.62518118748391,24.452054789210774,25.922764023305312
0.16823574639492983,0.07070169473865419,0.08544841036927635,51.86284963277641,21.795554402603393,26.3415959646202
0.16002233361583076,0.08348806222083736,0.07187687136504303,50.73836208913464,26.471602028068304,22.790035882797063
0.15469527950414133,0.08691560304758741,0.0863127991162848,47.174171355136586,26.504826551557155,26.321002093306255
0.1642364576562659,0.09501857259774002,0.099138311338171,45.82575583760535,26.512371065716835,27.66187309667781
0.17671467345769734,0.10330264666010958,0.09408745458600798,47.23667950979919,27.613292757863366,25.15002773233745
0.15583973945558588,0.08505924411283784,0.08854301796915781,47.30415026871073,25.819186295568507,26.876663435720765
0.16051867582085763,0.07773788090437135,0.09644389689771089,47.95890596601687,23.226105630543223,28.814988403439905
0.19188162510377163,0.10515502099054534,0.10425055358151684,47.81653271242558,26.20442941501529,25.97903787255913
0.1695635117679555,0.09159103177099003,0.08470238358692925,49.02706826694345,26.482347059556055,24.49058467350049
0.17701339283995754,0.10047959226714284,0.1058609691108726,46.17492291192298,26.21065758200336,27.614419506073652
0.1758689328885131,0.10233595120189246,0.10363075025799974,46.058805692305235,26.8010478845241,27.140146423170663
0.1858749233654743,0.09158704716667602,0.09709570143531095,49.62518118748391,24.452054789210784,25.922764023305305
0.17557021350625285,0.1051590055948592,0.09185723573313505,47.12200651104156,28.224054908716795,24.65393858024164
0.15583973945558588,0.08505924411283784,0.08854301796915781,47.30415026871073,25.819186295568507,26.876663435720765
0.1770133928399575,0.10047959226714284,0.10586096911087253,46.174922911922984,26.21065758200337,27.614419506073638
0.16538091760771045,0.09316221366299035,0.10136853019104386,45.950419315682254,25.88474440773091,28.16483627658683
0.17070797171940003,0.08973467283624022,0.08693260243980207,49.14223831315182,25.83220123263923,25.02556045420895
0.16709128644348537,0.07255805367340383,0.08321819151640364,51.752273013709114,22.47301031056104,25.774716675729834
0.1642364576562659,0.09501857259774008,0.09913831133817094,45.82575583760535,26.51237106571685,27.66187309667779
0.1627932783225612,0.09969798592545655,0.08513457796043351,46.83002773566628,28.679681951169034,24.49029031316469
0.16116679356727534,0.08163170328608751,0.07410709021791603,50.85640649529648,25.7589978266072,23.38459567809631
0.1558397394555858,0.08505924411283776,0.08854301796915773,47.304150268710735,25.819186295568503,26.87666343572076
0.16956351176795537,0.09159103177098996,0.08470238358692919,49.027068266943445,26.482347059556048,24.49058467350049
0.17233445647468573,0.10780095547560917,0.09796009018231953,45.57961031079407,28.511567809605605,25.908821879600332
0.17701339283995754,0.10047959226714288,0.10586096911087257,46.17492291192298,26.21065758200337,27.614419506073645
0.16538091760771037,0.0931622136629904,0.10136853019104389,45.950419315682225,25.88474440773092,28.16483627658684
0.17701339283995754,0.10047959226714288,0.10586096911087257,46.17492291192298,26.21065758200337,27.614419506073645
0.16986223115021568,0.08876797737802312,0.09647589811179393,47.83421855440048,24.997592471144483,27.168188974455038
0.14354482907573557,0.09952086601755362,0.09061762908610083,43.01828070933657,29.824944432659343,27.156774858004074
0.16956351176795537,0.09159103177098998,0.0847023835869292,49.027068266943445,26.482347059556062,24.490584673500493
0.18024914987152466,0.09783764238639288,0.09975811466168813,47.704533413196536,25.893598297782493,26.401868289020957
0.19188162510377169,0.10515502099054537,0.10425055358151698,47.81653271242557,26.204429415015284,25.979037872559154
0.15861068416231622,0.10126916781745701,0.10180072456454815,43.85380206970545,27.99961468349606,28.14658324679849
0.167472214687833,0.09237662271699011,0.0930354568889865,47.45810946984126,26.177595379203193,26.36429515095553
0.16146551294953554,0.07880864889312084,0.0858806047427807,49.50579586493311,24.162960951998446,26.33124318306844
0.17138761934600777,0.10673018748685975,0.10852338233724973,44.32730504317774,27.604453554455578,28.068241402366677
0.18587492336547431,0.09158704716667593,0.09709570143531097,49.62518118748392,24.452054789210756,25.922764023305312
0.17253207929745235,0.10487382855211004,0.11075360119012256,44.44875760593897,27.018229905424747,28.533012488636274
0.15746622421087164,0.10312552675220671,0.0995705057116753,43.72091225346589,28.633074354966276,27.64601339156783
0.14792504605874704,0.09502255720205399,0.08674499348978922,44.86756679303027,28.821562309431464,26.31087089753826
0.1674722146878329,0.09237662271699015,0.09303545688898657,47.45810946984124,26.177595379203204,26.364295150955552
0.1537484423754633,0.08584483505883793,0.09687609127121509,45.69463275868851,25.513417577684695,28.791949663626788
0.1586106841623162,0.10126916781745693,0.10180072456454807,43.853802069705466,27.99961468349605,28.146583246798485
0.16986223115021565,0.08876797737802317,0.0964758981117939,47.83421855440047,24.997592471144497,27.16818897445503
0.16423645765626585,0.09501857259774012,0.09913831133817098,45.82575583760533,26.51237106571686,27.66187309667781
0.16632775473638844,0.09423298165173982,0.09080523803611361,47.33746772405546,26.819040120817796,25.843492155126746
0.15861068416231625,0.10126916781745697,0.10180072456454817,43.85380206970545,27.999614683496045,28.146583246798496
0.15975514411376074,0.09941280888270736,0.10403094341742103,43.985580818425504,27.371451252819856,28.642967928754633
0.17663246459560988,0.08066102322355657,0.09604370373828963,49.98977430511662,22.828342204231365,27.18188349065201
0.17701339283995754,0.10047959226714284,0.1058609691108726,46.17492291192298,26.21065758200336,27.614419506073652
0.1639377382740057,0.0978416269907069,0.08736479681330638,46.95416852978126,28.023274514566687,25.022556955652036
0.17671467345769734,0.10330264666010958,0.09408745458600798,47.23667950979919,27.613292757863366,25.15002773233745
0.17424244813322715,0.08426966856252353,0.09260326251548227,49.625410463265965,24.00056321993986,26.374026316794186
0.17910468992008,0.09969400132114259,0.09752789580881524,47.59288768940089,26.491352126520596,25.9157601840785
0.17462337637757477,0.10408823760610983,0.1024205278880653,45.817016512959206,27.310275406038905,26.872708081001882
0.17100669110166022,0.08691161844327344,0.09870611696466679,47.951480153885825,24.370629710899443,27.67789013521472
0.1503150625211297,0.09141391186308707,0.09018543471259656,45.287296484102185,27.541411086019863,27.171292429877948
0.1798682216271769,0.07801907334280665,0.0899408492891051,51.711807855662606,22.430350916253676,25.857841228083707
0.16470126998110257,0.0761666990123709,0.07977775029359625,51.36549782959921,23.754160567532757,24.880341602868032
0.17347891642613034,0.1059445965408595,0.10019030903519237,45.69878818193641,27.90851923728174,26.39269258078185
0.14812266888151365,0.09209543027855494,0.09953850449759222,43.596700487023426,27.106295885671855,29.297003627304726
0.18263916633390728,0.09422899704742589,0.10319855588449552,48.05450124302113,24.792751448863285,27.152747308115583
0.1502139659616361,0.09130983933255464,0.09120543119553497,45.14600747033377,27.442685919598826,27.411306610067392
0.18979032802364906,0.1059406119365456,0.11258362688357416,46.481400232842404,25.945832095939174,27.5727676712184
0.1851113916583774,0.11326197514501196,0.10468274795502112,45.92695281879847,28.100795645514655,25.972251535686873
0.17586893288851302,0.1023359512018925,0.10363075025799973,46.058805692305214,26.80104788452411,27.140146423170663
0.17309798818178268,0.08612602749727317,0.09037304366260944,49.51357099734984,24.635798613254696,25.85063038939547
0.17633374521334977,0.08348407761652336,0.08427018921342494,51.24669824043766,24.262419699183884,24.490882060378453
0.17347891642613034,0.10594459654085953,0.10019030903519233,45.69878818193641,27.908519237281755,26.39269258078184
0.16709128644348534,0.07255805367340387,0.08321819151640361,51.75227301370911,22.473010310561055,25.77471667572983
0.18378362628535178,0.09237263811267624,0.10542877473736832,48.163215911654376,24.207615246650175,27.629168841695456
0.16652537755915495,0.0913058547282407,0.10359874904391674,46.074035403971074,25.262390904019455,28.663573692009447
0.1647012699811026,0.07616669901237091,0.07977775029359621,51.365497829599214,23.75416056753276,24.880341602868018
0.16393773827400568,0.09784162699070681,0.08736479681330633,46.954168529781285,28.023274514566676,25.022556955652043
0.18378362628535178,0.09237263811267624,0.10542877473736832,48.163215911654376,24.207615246650175,27.629168841695456
0.1742424481332271,0.08426966856252353,0.09260326251548226,49.62541046326594,24.00056321993986,26.37402631679418
0.15648785720200356,0.08895306649455406,0.06620621128936291,50.21315444118339,28.542879593156773,21.24396596565983
0.15145952247257427,0.0895575529283374,0.0924156535654694,45.424311807088806,26.859256800002733,27.716431392908447
0.15937421586941306,0.07959423983912103,0.09421367804483803,47.83396218579503,23.889108021031593,28.276929793173373
0.16393773827400568,0.09784162699070681,0.08736479681330633,46.954168529781285,28.023274514566676,25.022556955652043
0.16632775473638842,0.0942329816517398,0.09080523803611365,47.33746772405544,26.81904012081779,25.843492155126757
0.1618464411938832,0.09862721793670721,0.09569787011536364,45.44058912752687,27.690932553062165,26.86847831941096
0.1802491498715246,0.09783764238639295,0.09975811466168813,47.70453341319652,25.893598297782518,26.401868289020957
0.18864586807220463,0.10779697087129532,0.11035340803070139,46.37355174128939,26.499008206959125,27.127440051751485
0.1826391663339072,0.09422899704742593,0.10319855588449556,48.05450124302111,24.792751448863296,27.152747308115593
0.16070198124243862,0.10048357687145672,0.09346765126249075,45.312428308491334,28.33291063350158,26.354661058007085
0.15145952247257427,0.0895575529283374,0.0924156535654694,45.424311807088806,26.859256800002733,27.716431392908447
0.16709128644348537,0.07255805367340383,0.08321819151640364,51.752273013709114,22.47301031056104,25.774716675729834
0.1730979881817827,0.08612602749727322,0.09037304366260947,49.513570997349824,24.6357986132547,25.85063038939547
0.17462337637757477,0.10408823760610983,0.1024205278880653,45.817016512959206,27.310275406038905,26.872708081001882
0.1490695060101916,0.09316619826730432,0.08897521234266205,45.00742533832261,28.128963627774965,26.8636110339024
0.18263916633390728,0.09422899704742589,0.10319855588449552,48.05450124302113,24.792751448863285,27.152747308115583
0.17910468992008008,0.0996940013211426,0.09752789580881528,47.5928876894009,26.491352126520596,25.915760184078508
0.14906950601019162,0.09316619826730435,0.08897521234266201,45.007425338322626,28.12896362777498,26.86361103390239
0.16602903535412816,0.0970560360447067,0.07903172351124904,48.52992832397028,28.369269643782097,23.100802032247604
0.16146551294953557,0.07880864889312088,0.08588060474278061,49.50579586493312,24.162960951998457,26.33124318306842
0.15678657658426387,0.08613001210158716,0.07797972581422767,48.858952097508556,26.840449145004445,24.30059875748699
0.17910468992008005,0.09969400132114259,0.09752789580881532,47.59288768940089,26.49135212652059,25.91576018407852
0.1674722146878329,0.0923766227169902,0.09303545688898651,47.45810946984124,26.17759537920322,26.364295150955535
0.16861667463927746,0.09052026378224051,0.09526567574185939,47.577717516932935,25.54164674996196,26.88063573310509
0.16538091760771037,0.09316221366299038,0.1013685301910439,45.950419315682225,25.884744407730913,28.164836276586847
0.16325809064739782,0.08084611234008739,0.06577401691585862,52.68459677428143,26.08964010613738,21.225763119581174
0.17910468992008,0.0996940013211426,0.09752789580881534,47.592887689400875,26.491352126520596,25.915760184078522
0.15907549648715288,0.0824172942320878,0.08244016351997328,49.107537348509716,25.44270138419609,25.449761267294186
0.17701339283995754,0.10047959226714288,0.10586096911087257,46.17492291192298,26.21065758200337,27.614419506073645
0.15344972299320322,0.08866788945180477,0.08510257674635041,46.89494354624488,27.097316235567536,26.007740218187582
0.1671734953055727,0.09519967710995704,0.08126194236412193,48.6485484502272,27.703710422900667,23.647741126872127
0.16146551294953554,0.0788086488931208,0.08588060474278071,49.50579586493311,24.162960951998432,26.331243183068448
0.15374844237546337,0.08584483505883789,0.0968760912712151,45.69463275868853,25.513417577684685,28.79194966362679
0.16986223115021565,0.08876797737802317,0.0964758981117939,47.83421855440047,24.997592471144497,27.16818897445503
0.16499998936336274,0.07334364461940408,0.09155126481846095,50.01592627316753,22.232427626471416,27.751646100361043
0.1514595224725743,0.08955755292833732,0.09241565356546945,45.42431180708881,26.85925680000271,27.716431392908465
0.16260997290098014,0.07695228995837111,0.08811082359565355,49.62567254461081,23.484470693304253,26.88985676208494
0.1614655129495356,0.0788086488931208,0.08588060474278066,49.50579586493313,24.162960951998432,26.33124318306843
0.1639377382740057,0.09784162699070689,0.08736479681330642,46.95416852978126,28.023274514566683,25.022556955652053
0.16184644119388328,0.09862721793670713,0.09569787011536365,45.44058912752689,27.690932553062137,26.868478319410965
0.15907549648715286,0.08241729423208777,0.08244016351997335,49.10753734850971,25.442701384196088,25.449761267294207
0.15554102007332563,0.08788229850580458,0.07676950344429315,48.57729760786055,27.44667976953451,23.976022622604937
0.16146551294953554,0.07880864889312085,0.08588060474278066,49.50579586493311,24.16296095199845,26.33124318306843
0.1579310365357083,0.08427365316683746,0.08020994466710045,48.98383004371986,26.13828411715899,24.87788583912115
0.16184644119388314,0.09862721793670713,0.09569787011536356,45.440589127526884,27.690932553062154,26.868478319410954
0.1954161015175989,0.09969001671682867,0.10992121365719706,48.247633216488076,24.613157895107996,27.139208888403925
0.18263916633390728,0.09422899704742589,0.10319855588449552,48.05450124302113,24.792751448863285,27.152747308115583
0.1642364576562659,0.09501857259774008,0.09913831133817094,45.82575583760535,26.51237106571685,27.66187309667779
0.16309199770482136,0.09687493153248976,0.09690809248529819,45.70003160142404,27.14533818166417,27.15463021691179
0.17462337637757477,0.10408823760610983,0.1024205278880653,45.817016512959206,27.310275406038905,26.872708081001882
0.17910468992008008,0.0996940013211426,0.09752789580881528,47.5928876894009,26.491352126520596,25.915760184078508
0.1514595224725743,0.08955755292833731,0.09241565356546948,45.42431180708881,26.859256800002708,27.716431392908476
0.1802491498715246,0.09783764238639292,0.09975811466168817,47.70453341319652,25.893598297782503,26.401868289020967
0.17215115105310466,0.08505525950852376,0.10093633581753955,48.06774750949365,23.74898287580428,28.183269614702073
0.15708529596652404,0.08330695770862047,0.08975324033909234,47.5806269704078,25.233407457933687,27.18596557165851
0.1686166746392775,0.09052026378224053,0.09526567574185937,47.57771751693295,25.541646749961966,26.88063573310509
0.16184644119388317,0.098627217936707,0.09569787011536365,45.44058912752689,27.69093255306212,26.868478319410983
0.1567865765842638,0.08613001210158719,0.07797972581422771,48.858952097508535,26.84044914500446,24.300598757487002
0.15955752129099415,0.10233993580620648,0.09123743240961796,45.183165422660196,28.980409143127282,25.83642543421252
0.1674722146878329,0.09237662271699015,0.09303545688898657,47.45810946984124,26.177595379203204,26.364295150955552
0.17986822162717694,0.0780190733428066,0.08994084928910512,51.71180785566262,22.43035091625366,25.85784122808371
0.15937421586941308,0.07959423983912102,0.094213678044838,47.833962185795045,23.88910802103159,28.276929793173363
0.15116080309031404,0.09238060732130417,0.08064213904060472,46.62815350924881,28.496389615512836,24.875456875238353
0.15116080309031404,0.09238060732130417,0.08064213904060472,46.62815350924881,28.496389615512836,24.875456875238353
0.17424244813322717,0.08426966856252362,0.09260326251548236,49.625410463265936,24.00056321993987,26.37402631679419
0.16260997290098014,0.07695228995837111,0.08811082359565355,49.62567254461081,23.484470693304253,26.88985676208494
0.16747221468783288,0.09237662271699011,0.09303545688898661,47.45810946984123,26.177595379203193,26.364295150955563
0.16146551294953565,0.07880864889312077,0.08588060474278063,49.50579586493314,24.162960951998425,26.331243183068427
0.17586893288851302,0.1023359512018925,0.10363075025799973,46.058805692305214,26.80104788452411,27.140146423170663
0.16823574639492972,0.07070169473865413,0.0854484103692765,51.862849632776374,21.795554402603376,26.34159596462025
0.15145952247257427,0.0895575529283374,0.0924156535654694,45.424311807088806,26.859256800002733,27.716431392908447
0.16747221468783294,0.09237662271699017,0.09303545688898653,47.458109469841254,26.17759537920321,26.36429515095554
0.1558397394555858,0.08505924411283776,0.08854301796915773,47.304150268710735,25.819186295568503,26.87666343572076
0.15230526304175862,0.09052424838655448,0.08287235789347758,46.762170373447354,27.793591905091986,25.44423772146066
0.1830200945782549,0.11404756609101219,0.11301582125707849,44.62996015311996,27.810816850091047,27.559222996788996
0.16070198124243867,0.10048357687145683,0.09346765126249082,45.31242830849132,28.33291063350159,26.354661058007085
0.1639377382740057,0.09784162699070689,0.08736479681330642,46.95416852978126,28.023274514566683,25.022556955652053
0.16747221468783297,0.0923766227169902,0.09303545688898646,47.45810946984126,26.17759537920322,26.36429515095552
0.1730979881817827,0.08612602749727322,0.09037304366260947,49.513570997349824,24.6357986132547,25.85063038939547
0.1479250460587471,0.09502255720205408,0.08674499348978928,44.867566793030264,28.82156230943147,26.310870897538262
0.1713876193460078,0.10673018748685972,0.10852338233724974,44.327305043177745,27.60445355445557,28.068241402366684
0.1579310365357084,0.08427365316683753,0.08020994466710052,48.98383004371985,26.13828411715899,24.877885839121152
0.17671467345769729,0.10330264666010958,0.09408745458600803,47.236679509799174,27.613292757863366,25.150027732337467
0.18234044695164714,0.09705205144039268,0.0914250413596308,49.172551836074696,26.172454384273884,24.65499377965141
0.16652537755915497,0.0913058547282407,0.10359874904391675,46.07403540397109,25.262390904019455,28.663573692009454
0.16986223115021562,0.08876797737802318,0.09647589811179391,47.83421855440046,24.9975924711445,27.168188974455038
0.16602903535412833,0.09705603604470663,0.07903172351124897,48.52992832397033,28.369269643782076,23.100802032247582
0.1763337452133497,0.08348407761652327,0.08427018921342488,51.24669824043768,24.26241969918387,24.490882060378453
0.166525377559155,0.09130585472824075,0.10359874904391662,46.074035403971095,25.262390904019473,28.663573692009418
0.17347891642613034,0.10594459654085953,0.10019030903519233,45.69878818193641,27.908519237281755,26.39269258078184
0.19188162510377163,0.10515502099054534,0.10425055358151684,47.81653271242558,26.20442941501529,25.97903787255913
0.15230526304175857,0.09052424838655444,0.08287235789347765,46.76217037344734,27.79359190509197,25.444237721460684
0.1698622311502157,0.08876797737802317,0.09647589811179386,47.83421855440048,24.997592471144497,27.16818897445502
0.16146551294953554,0.07880864889312084,0.0858806047427807,49.50579586493311,24.162960951998446,26.33124318306844
0.1490695060101916,0.09316619826730432,0.08897521234266205,45.00742533832261,28.128963627774965,26.8636110339024
0.16184644119388314,0.09862721793670705,0.09569787011536363,45.440589127526884,27.69093255306213,26.868478319410972
0.17815785279140206,0.09862323333239321,0.10809118796374548,46.29012396743324,25.624925455129294,28.08495057743746
0.17462337637757477,0.10408823760610983,0.1024205278880653,45.817016512959206,27.310275406038905,26.872708081001882
0.1742424481332271,0.08426966856252353,0.09260326251548226,49.62541046326594,24.00056321993986,26.37402631679418
0.17586893288851302,0.1023359512018925,0.10363075025799973,46.058805692305214,26.80104788452411,27.140146423170663
0.16393773827400568,0.09784162699070693,0.08736479681330636,46.954168529781256,28.023274514566694,25.022556955652036
0.18263916633390728,0.09422899704742589,0.10319855588449552,48.05450124302113,24.792751448863285,27.152747308115583
0.16393773827400565,0.09784162699070688,0.08736479681330624,46.954168529781285,28.023274514566697,25.022556955652014
0.15861068416231622,0.10126916781745701,0.10180072456454815,43.85380206970545,27.99961468349606,28.14658324679849
0.1446892890271801,0.09766450708280398,0.09284784793897372,43.164850649135694,29.136046560839546,27.699102790024753
0.14583374897862456,0.09580814814805423,0.0950780667918465,43.31009877807878,28.453361372786475,28.236539849134733
0.16116679356727534,0.08163170328608763,0.07410709021791592,50.85640649529648,25.75899782660723,23.384595678096275
0.16538091760771048,0.09316221366299038,0.10136853019104379,45.95041931568226,25.884744407730913,28.16483627658681
0.182340446951647,0.09705205144039268,0.09142504135963074,49.17255183607469,26.1724543842739,24.65499377965141
0.17253207929745243,0.10487382855211,0.11075360119012254,44.448757605938994,27.018229905424736,28.533012488636267
0.14583374897862453,0.09580814814805427,0.09507806679184654,43.310098778078775,28.453361372786485,28.236539849134743
0.1535508195526968,0.08877196198233714,0.0840825802634121,47.04298321162806,27.196845509282248,25.760171279089693
0.16002233361583076,0.08348806222083736,0.07187687136504303,50.73836208913464,26.471602028068304,22.790035882797063
0.16116679356727534,0.08163170328608751,0.07410709021791603,50.85640649529648,25.7589978266072,23.38459567809631
0.16146551294953557,0.07880864889312088,0.08588060474278061,49.50579586493312,24.162960951998457,26.33124318306842
0.16652537755915492,0.09130585472824072,0.10359874904391676,46.07403540397107,25.262390904019465,28.663573692009457
0.15793103653570828,0.08427365316683745,0.08020994466710049,48.98383004371985,26.13828411715898,24.877885839121163
0.16861667463927751,0.0905202637822405,0.09526567574185936,47.57771751693296,25.54164674996196,26.880635733105084
0.15975514411376063,0.09941280888270727,0.10403094341742099,43.985580818425504,27.37145125281985,28.642967928754643
0.15861068416231625,0.101269167817457,0.10180072456454815,43.85380206970545,27.999614683496056,28.14658324679849
0.20142280325589615,0.11325799054069803,0.11707606580340298,46.651905760687875,26.231891404256164,27.116202835055947
0.182340446951647,0.09705205144039263,0.0914250413596308,49.17255183607469,26.172454384273884,24.654993779651427
0.1642364576562659,0.09501857259774008,0.09913831133817094,45.82575583760535,26.51237106571685,27.66187309667779
0.16538091760771037,0.0931622136629904,0.10136853019104389,45.950419315682225,25.88474440773092,28.16483627658684
0.18263916633390728,0.09422899704742585,0.10319855588449553,48.05450124302113,24.792751448863275,27.152747308115586
0.18378362628535178,0.09237263811267624,0.10542877473736832,48.163215911654376,24.207615246650175,27.629168841695456
0.16632775473638842,0.09423298165173985,0.0908052380361136,47.33746772405544,26.8190401208178,25.843492155126746
0.17910468992008005,0.09969400132114259,0.09752789580881532,47.59288768940089,26.49135212652059,25.91576018407852
0.18864586807220468,0.10779697087129521,0.11035340803070133,46.37355174128942,26.4990082069591,27.127440051751478
0.15116080309031402,0.09238060732130415,0.08064213904060474,46.628153509248804,28.49638961551283,24.87545687523836
0.17070797171940003,0.0897346728362402,0.08693260243980208,49.14223831315182,25.832201232639225,25.02556045420895
0.18834714868994437,0.11062002526426208,0.09857989350583671,47.37732060088076,27.825642375133437,24.797037023985798
0.1710066911016602,0.08691161844327348,0.09870611696466677,47.951480153885825,24.370629710899454,27.677890135214717
0.17910468992008002,0.09969400132114263,0.0975278958088153,47.59288768940089,26.4913521265206,25.91576018407851
0.1586106841623162,0.101269167817457,0.10180072456454821,43.85380206970544,27.999614683496056,28.146583246798507
0.1858749233654743,0.091587047166676,0.09709570143531093,49.62518118748391,24.452054789210777,25.9227640233053
0.17633374521334977,0.08348407761652336,0.08427018921342494,51.24669824043766,24.262419699183884,24.490882060378453
0.15746622421087164,0.10312552675220671,0.0995705057116753,43.72091225346589,28.633074354966276,27.64601339156783
0.1734789164261303,0.10594459654085955,0.10019030903519231,45.6987881819364,27.90851923728176,26.39269258078184
0.14583374897862453,0.09580814814805427,0.09507806679184654,43.310098778078775,28.453361372786485,28.236539849134743
0.1707079717193999,0.08973467283624034,0.08693260243980203,49.14223831315178,25.832201232639267,25.025560454208932
0.15678657658426384,0.08613001210158723,0.07797972581422764,48.85895209750855,26.84044914500447,24.30059875748698
0.14697820893006908,0.09395178921330456,0.0973082856447194,43.454042896619946,27.77680520403939,28.76915189934065
0.1642364576562659,0.09501857259774008,0.09913831133817094,45.82575583760535,26.51237106571685,27.66187309667779
0.16909869944311878,0.11044290535635916,0.10406294463150403,44.08151563737984,28.79082261151077,27.127661751109393
0.1702431593945633,0.10858654642160948,0.10629316348437691,44.20489484401551,28.195299494631826,27.599805661352654
0.16861667463927746,0.09052026378224051,0.09526567574185939,47.577717516932935,25.54164674996196,26.88063573310509
0.1558397394555858,0.08505924411283776,0.08854301796915773,47.304150268710735,25.819186295568503,26.87666343572076
0.16956351176795545,0.09159103177098991,0.08470238358692915,49.027068266943466,26.482347059556037,24.490584673500475
0.1667925670612251,0.07538110806637069,0.07144467699153886,53.18329298467373,24.03593653146151,22.78077048386475
0.18024914987152457,0.09783764238639296,0.09975811466168814,47.704533413196515,25.893598297782518,26.401868289020964
0.17215115105310458,0.08505525950852376,0.1009363358175396,48.06774750949362,23.74898287580428,28.183269614702084
0.15260398242401887,0.08770119399358772,0.09464587241834224,45.56008495998492,26.183286870835182,28.256628169179898
0.15001634313886963,0.09423696625605388,0.07841192018773191,46.49287539686415,29.20580143635021,24.301323166785636
0.17424244813322717,0.08426966856252358,0.0926032625154822,49.625410463265965,24.00056321993987,26.374026316794165
0.17347891642613034,0.1059445965408595,0.10019030903519237,45.69878818193641,27.90851923728174,26.39269258078185
0.17671467345769734,0.10330264666010958,0.09408745458600798,47.23667950979919,27.613292757863366,25.15002773233745
0.16499998936336274,0.07334364461940408,0.09155126481846095,50.01592627316753,22.232427626471416,27.751646100361043
0.1653809176077104,0.0931622136629904,0.10136853019104383,45.95041931568224,25.88474440773092,28.164836276586826
0.17986822162717694,0.07801907334280658,0.08994084928910516,51.71180785566262,22.43035091625365,25.85784122808372
0.1630919977048214,0.09687493153248979,0.09690809248529822,45.700031601424044,27.145338181664165,27.15463021691179
0.17586893288851296,0.10233595120189246,0.1036307502579997,46.058805692305214,26.80104788452411,27.140146423170663
0.1770133928399575,0.1004795922671428,0.10586096911087256,46.174922911922984,26.21065758200336,27.614419506073652
0.15861068416231622,0.10126916781745701,0.10180072456454815,43.85380206970545,27.99961468349606,28.14658324679849
0.15469527950414128,0.08691560304758736,0.08631279911628491,47.174171355136565,26.504826551557137,26.32100209330629
0.15793103653570836,0.0842736531668375,0.08020994466710059,48.98383004371985,26.13828411715898,24.877885839121173
0.16679256706122514,0.07538110806637066,0.07144467699153889,53.183292984673734,24.035936531461502,22.780770483864764
0.16279327832256113,0.09969798592545658,0.08513457796043354,46.83002773566625,28.679681951169044,24.4902903131647
0.18234044695164708,0.09705205144039275,0.09142504135963081,49.17255183607468,26.1724543842739,24.654993779651416
0.1607019812424387,0.10048357687145683,0.0934676512624908,45.31242830849133,28.33291063350159,26.35466105800708
0.1770133928399575,0.1004795922671428,0.10586096911087256,46.174922911922984,26.21065758200336,27.614419506073652
0.15937421586941308,0.07959423983912108,0.09421367804483796,47.833962185795045,23.889108021031603,28.27692979317335
0.17777692454705443,0.07880466428880682,0.0982739225911625,50.09839746665858,22.207535673294185,27.69406686004723
0.18024914987152452,0.09783764238639285,0.09975811466168809,47.70453341319653,25.893598297782503,26.401868289020964
0.15489290232690792,0.08398847612408823,0.09910631012408794,45.827971716933824,24.849566704093178,29.322461578972998
0.17233445647468573,0.10780095547560917,0.09796009018231953,45.57961031079407,28.511567809605605,25.908821879600332
0.1514595224725743,0.08955755292833732,0.09241565356546945,45.42431180708881,26.85925680000271,27.716431392908465
0.1479250460587471,0.09502255720205408,0.08674499348978928,44.867566793030264,28.82156230943147,26.310870897538262
0.1770133928399575,0.1004795922671428,0.10586096911087256,46.174922911922984,26.21065758200336,27.614419506073652
0.15230526304175865,0.09052424838655446,0.0828723578934776,46.76217037344736,27.793591905091976,25.444237721460674
0.16355681002965802,0.07802305794712061,0.07754753144072336,51.2512590044589,24.448874678117523,24.299866317423575
0.15145952247257424,0.08955755292833738,0.09241565356546944,45.4243118070888,26.85925680000273,27.716431392908465
0.1586106841623162,0.101269167817457,0.10180072456454821,43.85380206970544,27.999614683496056,28.146583246798507
0.1667925670612251,0.07538110806637069,0.07144467699153886,53.18329298467373,24.03593653146151,22.78077048386475
0.1695635117679554,0.09159103177099004,0.08470238358692933,49.02706826694342,26.482347059556055,24.49058467350051
0.15678657658426384,0.08613001210158723,0.07797972581422764,48.85895209750855,26.84044914500447,24.30059875748698
0.15937421586941306,0.07959423983912103,0.09421367804483803,47.83396218579503,23.889108021031593,28.276929793173373
0.16116679356727534,0.08163170328608763,0.07410709021791592,50.85640649529648,25.75899782660723,23.384595678096275
0.17424244813322717,0.08426966856252362,0.09260326251548236,49.625410463265936,24.00056321993987,26.37402631679419
0.17701339283995746,0.10047959226714288,0.10586096911087264,46.174922911922955,26.21065758200337,27.614419506073663
0.1653809176077104,0.09316221366299042,0.10136853019104386,45.95041931568224,25.884744407730924,28.16483627658683
0.16747221468783297,0.09237662271699014,0.09303545688898651,47.45810946984126,26.1775953792032,26.364295150955535
0.1730979881817827,0.08612602749727322,0.09037304366260947,49.513570997349824,24.6357986132547,25.85063038939547
0.17347891642613034,0.10594459654085953,0.10019030903519233,45.69878818193641,27.908519237281755,26.39269258078184
0.18263916633390728,0.09422899704742589,0.10319855588449552,48.05450124302113,24.792751448863285,27.152747308115583
0.19579702976194654,0.119508585760415,0.11973847902978012,45.006249300662446,27.470453514245197,27.523297185092353
0.18234044695164708,0.09705205144039275,0.09142504135963081,49.17255183607468,26.1724543842739,24.654993779651416
0.16070198124243873,0.10048357687145683,0.09346765126249079,45.312428308491334,28.33291063350159,26.35466105800708
0.16299090114532772,0.0967708590019574,0.09792808896823647,45.56766191390778,27.054404602548203,27.37793348354402
0.18263916633390725,0.09422899704742592,0.10319855588449549,48.05450124302112,24.79275144886329,27.152747308115575
0.17024315939456328,0.10858654642160942,0.1062931634843768,44.20489484401553,28.195299494631826,27.599805661352644
0.17671467345769729,0.10330264666010958,0.09408745458600803,47.236679509799174,27.613292757863366,25.150027732337467
0.1802491498715246,0.09783764238639295,0.09975811466168813,47.70453341319652,25.893598297782518,26.401868289020957
0.16184644119388314,0.09862721793670713,0.09569787011536356,45.440589127526884,27.690932553062154,26.868478319410954
0.17070797171939991,0.08973467283624029,0.08693260243980208,49.14223831315179,25.83220123263925,25.02556045420895
0.16260997290098012,0.07695228995837115,0.08811082359565353,49.625672544610794,23.484470693304267,26.889856762084936
0.15648785720200356,0.08895306649455406,0.06620621128936291,50.21315444118339,28.542879593156773,21.24396596565983
0.1574662242108717,0.10312552675220667,0.09957050571167526,43.720912253465904,28.633074354966265,27.64601339156782
0.1702431593945633,0.10858654642160934,0.10629316348437687,44.204894844015534,28.195299494631804,27.59980566135266
0.16747221468783285,0.09237662271699014,0.09303545688898662,47.458109469841226,26.1775953792032,26.36429515095557
0.16986223115021565,0.08876797737802317,0.0964758981117939,47.83421855440047,24.997592471144497,27.16818897445503
0.16393773827400568,0.09784162699070681,0.08736479681330633,46.954168529781285,28.023274514566676,25.022556955652043
0.16823574639492983,0.07070169473865419,0.08544841036927635,51.86284963277641,21.795554402603393,26.3415959646202
0.16260997290098012,0.07695228995837115,0.08811082359565353,49.625672544610794,23.484470693304267,26.889856762084936
0.15374844237546334,0.08584483505883796,0.09687609127121506,45.69463275868852,25.5134175776847,28.791949663626777
0.16861667463927746,0.09052026378224051,0.09526567574185939,47.577717516932935,25.54164674996196,26.88063573310509
0.1788059705378198,0.10251705571410942,0.08575438128395058,48.71069885180621,27.927912099599578,23.361389048594212
0.15116080309031413,0.09238060732130421,0.0806421390406048,46.628153509248804,28.496389615512825,24.87545687523836
0.17138761934600788,0.10673018748685964,0.10852338233724973,44.327305043177766,27.60445355445555,28.068241402366677
0.15583973945558588,0.08505924411283784,0.08854301796915781,47.30415026871073,25.819186295568507,26.876663435720765
0.17253207929745226,0.10487382855211007,0.11075360119012262,44.44875760593895,27.01822990542475,28.533012488636288
0.16632775473638842,0.0942329816517398,0.09080523803611365,47.33746772405544,26.81904012081779,25.843492155126757
0.15439656012188108,0.0897386574405542,0.07453928459142034,48.449612089560475,28.159974153573327,23.390413756866206
0.14906950601019162,0.09316619826730435,0.08897521234266201,45.007425338322626,28.12896362777498,26.86361103390239
0.17215115105310463,0.08505525950852376,0.10093633581753957,48.067747509493636,23.74898287580428,28.183269614702073
0.178157852791402,0.0986232333323931,0.10809118796374541,46.29012396743325,25.624925455129276,28.08495057743746
0.16747221468783285,0.09237662271699015,0.09303545688898658,47.458109469841226,26.177595379203204,26.364295150955552
0.1695635117679555,0.09159103177099003,0.08470238358692925,49.02706826694345,26.482347059556055,24.49058467350049
0.17910468992008005,0.09969400132114259,0.09752789580881532,47.59288768940089,26.49135212652059,25.91576018407852
0.1546952795041414,0.08691560304758747,0.08631279911628494,47.174171355136565,26.504826551557155,26.321002093306284
0.16986223115021562,0.08876797737802318,0.09647589811179391,47.83421855440046,24.9975924711445,27.168188974455038
0.17233445647468573,0.10780095547560917,0.09796009018231953,45.57961031079407,28.511567809605605,25.908821879600332
0.1653809176077104,0.09316221366299042,0.10136853019104386,45.95041931568224,25.884744407730924,28.16483627658683
0.16146551294953554,0.07880864889312084,0.0858806047427807,49.50579586493311,24.162960951998446,26.33124318306844
0.15583973945558585,0.08505924411283769,0.08854301796915773,47.30415026871076,25.819186295568482,26.87666343572076
0.18378362628535186,0.0923726381126762,0.10542877473736827,48.1632159116544,24.207615246650164,27.62916884169544
0.167472214687833,0.09237662271699011,0.0930354568889865,47.45810946984126,26.177595379203193,26.36429515095553
0.1579310365357083,0.08427365316683746,0.08020994466710045,48.98383004371986,26.13828411715899,24.87788583912115
0.15583973945558585,0.08505924411283769,0.08854301796915773,47.30415026871076,25.819186295568482,26.87666343572076
0.1798682216271769,0.07801907334280665,0.08994084928910516,51.711807855662606,22.430350916253676,25.85784122808372
0.15021396596163614,0.09130983933255465,0.09120543119553493,45.146007470333785,27.44268591959883,27.41130661006738
0.1674722146878329,0.0923766227169902,0.09303545688898651,47.45810946984124,26.17759537920322,26.364295150955535
0.19188162510377163,0.10515502099054529,0.1042505535815169,47.81653271242558,26.20442941501528,25.97903787255914
0.1567865765842637,0.08613001210158712,0.07797972581422764,48.85895209750854,26.840449145004452,24.300598757487
0.15632176425942712,0.10498188568695632,0.09734028685880246,43.58689725858673,29.27189753217049,27.14120520924277
0.17253207929745235,0.10487382855211004,0.11075360119012256,44.44875760593897,27.018229905424747,28.533012488636274
0.17701339283995754,0.10047959226714288,0.10586096911087257,46.17492291192298,26.21065758200337,27.614419506073645
0.15793103653570828,0.08427365316683753,0.08020994466710041,48.98383004371985,26.13828411715901,24.877885839121134
0.15955752129099415,0.10233993580620648,0.09123743240961796,45.183165422660196,28.980409143127282,25.83642543421252
0.1777769245470544,0.07880466428880682,0.09827392259116251,50.098397466658575,22.207535673294185,27.694066860047233
0.18024914987152466,0.09783764238639288,0.09975811466168813,47.704533413196536,25.893598297782493,26.401868289020957
0.15793103653570834,0.08427365316683749,0.08020994466710038,48.98383004371987,26.138284117158996,24.877885839121127
0.16861667463927746,0.09052026378224051,0.09526567574185939,47.577717516932935,25.54164674996196,26.88063573310509
0.1653809176077104,0.0931622136629904,0.10136853019104383,45.95041931568224,25.88474440773092,28.164836276586826
0.15489290232690792,0.08398847612408823,0.09910631012408794,45.827971716933824,24.849566704093178,29.322461578972998
0.16146551294953557,0.07880864889312088,0.08588060474278061,49.50579586493312,24.162960951998457,26.33124318306842
0.16279327832256113,0.09969798592545658,0.08513457796043354,46.83002773566625,28.679681951169044,24.4902903131647
0.1707079717193999,0.08973467283624033,0.08693260243980207,49.14223831315178,25.832201232639264,25.02556045420895
0.16355681002965802,0.07802305794712061,0.07754753144072335,51.2512590044589,24.448874678117523,24.299866317423568
0.16260997290098012,0.07695228995837115,0.08811082359565353,49.625672544610794,23.484470693304267,26.889856762084936
0.16861667463927751,0.0905202637822405,0.09526567574185936,47.57771751693296,25.54164674996196,26.880635733105084
0.18024914987152452,0.09783764238639284,0.09975811466168807,47.70453341319653,25.8935982977825,26.401868289020957
0.15374844237546334,0.08584483505883796,0.09687609127121506,45.69463275868852,25.5134175776847,28.791949663626777
0.19541610151759875,0.09969001671682863,0.10992121365719713,48.24763321648805,24.61315789510799,27.13920888840395
0.1710066911016601,0.08691161844327355,0.09870611696466679,47.951480153885804,24.370629710899475,27.67789013521472
0.15632176425942712,0.10498188568695632,0.09734028685880246,43.58689725858673,29.27189753217049,27.14120520924277
0.1526039824240188,0.08770119399358771,0.09464587241834233,45.5600849599849,26.183286870835175,28.256628169179926
0.182340446951647,0.09705205144039263,0.0914250413596308,49.17255183607469,26.172454384273884,24.654993779651427
0.17100669110166014,0.08691161844327344,0.0987061169646668,47.951480153885825,24.37062971089945,27.67789013521473
0.16184644119388322,0.09862721793670717,0.09569787011536365,45.44058912752688,27.690932553062147,26.868478319410965
0.1674722146878329,0.09237662271699015,0.09303545688898657,47.45810946984124,26.177595379203204,26.364295150955552
0.1574662242108717,0.10312552675220667,0.09957050571167526,43.720912253465904,28.633074354966265,27.64601339156782
0.16260997290098012,0.07695228995837115,0.08811082359565353,49.625672544610794,23.484470693304267,26.889856762084936
0.16146551294953554,0.07880864889312084,0.0858806047427807,49.50579586493311,24.162960951998446,26.33124318306844
0.17910468992008002,0.09969400132114256,0.09752789580881525,47.5928876894009,26.49135212652059,25.915760184078508
0.1763337452133497,0.08348407761652331,0.08427018921342481,51.24669824043768,24.262419699183884,24.490882060378432
0.1713876193460078,0.10673018748685975,0.10852338233724967,44.327305043177745,27.604453554455578,28.068241402366667
0.17910468992008005,0.09969400132114259,0.09752789580881532,47.59288768940089,26.49135212652059,25.91576018407852
0.178157852791402,0.09862323333239313,0.10809118796374537,46.29012396743325,25.624925455129286,28.08495057743745
0.178157852791402,0.0986232333323931,0.10809118796374541,46.29012396743325,25.624925455129276,28.08495057743746
0.17100669110166017,0.08691161844327344,0.09870611696466673,47.951480153885825,24.37062971089945,27.677890135214717
0.17215115105310463,0.08505525950852376,0.10093633581753957,48.067747509493636,23.74898287580428,28.183269614702073
0.17032704347505226,0.06991610379265398,0.07711533706721904,53.670234729031876,22.030639558660038,24.29912571230808
0.16747221468783297,0.09237662271699014,0.09303545688898651,47.45810946984126,26.1775953792032,26.364295150955535
0.15678657658426387,0.08613001210158716,0.07797972581422767,48.858952097508556,26.840449145004445,24.30059875748699
0.16823574639492977,0.07070169473865415,0.08544841036927643,51.86284963277639,21.795554402603383,26.34159596462023
0.1546952795041414,0.08691560304758747,0.08631279911628494,47.174171355136565,26.504826551557155,26.321002093306284
0.15583973945558585,0.08505924411283781,0.08854301796915784,47.30415026871072,25.819186295568503,26.876663435720772
0.16260997290098014,0.07695228995837111,0.08811082359565355,49.62567254461081,23.484470693304253,26.88985676208494
0.15116080309031404,0.09238060732130415,0.08064213904060474,46.62815350924881,28.49638961551283,24.87545687523836
0.16632775473638844,0.09423298165173982,0.09080523803611361,47.33746772405546,26.819040120817796,25.843492155126746
0.1674722146878329,0.09237662271699015,0.09303545688898657,47.45810946984124,26.177595379203204,26.364295150955552
0.1660290353541282,0.09705603604470674,0.07903172351124897,48.529928323970296,28.369269643782108,23.100802032247582
0.16861667463927746,0.09052026378224051,0.09526567574185939,47.577717516932935,25.54164674996196,26.88063573310509
0.15374844237546337,0.08584483505883789,0.0968760912712151,45.69463275868853,25.513417577684685,28.79194966362679
0.16986223115021565,0.08876797737802308,0.0964758981117939,47.83421855440048,24.99759247114448,27.168188974455038
0.15746622421087164,0.10312552675220671,0.0995705057116753,43.72091225346589,28.633074354966276,27.64601339156783
0.17424244813322723,0.08426966856252364,0.09260326251548227,49.62541046326596,24.000563219939878,26.37402631679417
0.1653809176077104,0.09316221366299042,0.10136853019104386,45.95041931568224,25.884744407730924,28.16483627658683
0.14792504605874704,0.09502255720205399,0.08674499348978922,44.86756679303027,28.821562309431464,26.31087089753826
0.1653809176077104,0.09316221366299042,0.10136853019104386,45.95041931568224,25.884744407730924,28.16483627658683
0.17701339283995754,0.10047959226714288,0.10586096911087259,46.17492291192298,26.21065758200337,27.614419506073652
0.1763337452133497,0.08348407761652327,0.08427018921342488,51.24669824043768,24.26241969918387,24.490882060378453
0.16508219822545023,0.09598526805595718,0.08959501566617914,47.07723429908451,27.372551384126716,25.550214316788782
0.18511139165837734,0.1132619751450119,0.10468274795502114,45.92695281879846,28.100795645514648,25.972251535686887
0.15907549648715288,0.0824172942320878,0.08244016351997328,49.107537348509716,25.44270138419609,25.449761267294186
0.15260398242401882,0.0877011939935877,0.09464587241834231,45.560084959984906,26.183286870835172,28.25662816917992
0.1653809176077104,0.09316221366299042,0.10136853019104386,45.95041931568224,25.884744407730924,28.16483627658683
0.17462337637757477,0.10408823760610983,0.1024205278880653,45.817016512959206,27.310275406038905,26.872708081001882
0.17279926879952245,0.08894908189024009,0.07859952913774469,50.771366311169444,26.134754221275198,23.09387946755536
0.17671467345769723,0.10330264666010965,0.094087454586008,47.23667950979916,27.613292757863384,25.15002773233746
0.17462337637757477,0.10408823760610983,0.1024205278880653,45.817016512959206,27.310275406038905,26.872708081001882
0.18378362628535178,0.09237263811267624,0.10542877473736832,48.163215911654376,24.207615246650175,27.629168841695456
0.1546952795041414,0.08691560304758747,0.08631279911628494,47.174171355136565,26.504826551557155,26.321002093306284
0.17586893288851302,0.1023359512018925,0.10363075025799973,46.058805692305214,26.80104788452411,27.140146423170663
0.16146551294953557,0.07880864889312088,0.08588060474278061,49.50579586493312,24.162960951998457,26.33124318306842
0.17557021350625276,0.10515900559485925,0.09185723573313508,47.12200651104153,28.224054908716806,24.65393858024165
0.1802491498715246,0.09783764238639295,0.09975811466168813,47.70453341319652,25.893598297782518,26.401868289020957
0.1579310365357084,0.08427365316683753,0.08020994466710052,48.98383004371985,26.13828411715899,24.877885839121152
0.17586893288851307,0.10233595120189246,0.10363075025799975,46.05880569230523,26.8010478845241,27.14014642317067
0.15554102007332565,0.0878822985058046,0.07676950344429309,48.57729760786056,27.446679769534516,23.97602262260492
0.16260997290098012,0.07695228995837115,0.08811082359565353,49.625672544610794,23.484470693304267,26.889856762084936
0.16032105299809105,0.0806650078278706,0.08365038588990786,49.38479786233253,24.847797788543062,25.767404349124394
0.17557021350625274,0.10515900559485934,0.09185723573313503,47.12200651104153,28.224054908716827,24.65393858024164
0.15793103653570836,0.08427365316683752,0.08020994466710056,48.98383004371985,26.13828411715899,24.877885839121166
0.1579310365357084,0.08427365316683753,0.08020994466710052,48.98383004371985,26.13828411715899,24.877885839121152
0.1730979881817827,0.08612602749727322,0.09037304366260947,49.513570997349824,24.6357986132547,25.85063038939547
0.17557021350625274,0.10515900559485931,0.09185723573313505,47.12200651104153,28.224054908716823,24.65393858024164
0.1607019812424387,0.1004835768714568,0.09346765126249083,45.31242830849133,28.332910633501584,26.35466105800709
0.16709128644348528,0.07255805367340387,0.08321819151640357,51.75227301370911,22.47301031056106,25.774716675729824
0.16538091760771045,0.09316221366299035,0.10136853019104386,45.950419315682254,25.88474440773091,28.16483627658683
0.1579310365357084,0.08427365316683753,0.08020994466710052,48.98383004371985,26.13828411715899,24.877885839121152
0.15583973945558588,0.08505924411283784,0.08854301796915781,47.30415026871073,25.819186295568507,26.876663435720765
0.16861667463927746,0.09052026378224051,0.09526567574185939,47.577717516932935,25.54164674996196,26.88063573310509
0.15822975591796848,0.08145059877387074,0.09198345919196517,47.707874448251665,24.558180713198414,27.733944838549917
0.15439656012188108,0.0897386574405542,0.07453928459142034,48.449612089560475,28.159974153573327,23.390413756866206
0.1695635117679554,0.09159103177098991,0.08470238358692925,49.02706826694345,26.482347059556037,24.490584673500503
0.167472214687833,0.09237662271699011,0.0930354568889865,47.45810946984126,26.177595379203193,26.36429515095553
0.17671467345769729,0.10330264666010958,0.09408745458600803,47.236679509799174,27.613292757863366,25.150027732337467
0.16309199770482136,0.09687493153248976,0.09690809248529819,45.70003160142404,27.14533818166417,27.15463021691179
0.16470126998110263,0.07616669901237087,0.07977775029359623,51.36549782959923,23.754160567532747,24.880341602868018
0.17347891642613034,0.1059445965408595,0.10019030903519237,45.69878818193641,27.90851923728174,26.39269258078185
0.1607019812424387,0.10048357687145683,0.0934676512624908,45.31242830849133,28.33291063350159,26.35466105800708
0.16499998936336277,0.07334364461940411,0.09155126481846088,50.015926273167544,22.232427626471424,27.75164610036102
0.15793103653570836,0.08427365316683762,0.08020994466710048,48.98383004371985,26.138284117159017,24.87788583912114
0.1781578527914021,0.09862323333239317,0.10809118796374549,46.29012396743325,25.624925455129283,28.084950577437468
0.15554102007332565,0.08788229850580459,0.07676950344429312,48.57729760786056,27.446679769534516,23.97602262260493
0.17032704347505234,0.06991610379265406,0.07711533706721911,53.67023472903186,22.030639558660052,24.299125712308083
0.17462337637757477,0.10408823760610983,0.1024205278880653,45.817016512959206,27.310275406038905,26.872708081001882
0.16146551294953554,0.07880864889312085,0.08588060474278066,49.50579586493311,24.16296095199845,26.33124318306843
0.15554102007332563,0.08788229850580458,0.07676950344429315,48.57729760786055,27.44667976953451,23.976022622604937
0.16070198124243876,0.10048357687145675,0.09346765126249082,45.31242830849134,28.33291063350157,26.354661058007085
0.15793103653570828,0.08427365316683753,0.08020994466710041,48.98383004371985,26.13828411715901,24.877885839121134
0.1886458680722047,0.10779697087129529,0.11035340803070134,46.373551741289404,26.499008206959118,27.12744005175147
0.1858749233654743,0.09158704716667602,0.09709570143531095,49.62518118748391,24.452054789210784,25.922764023305305
0.16385552941191828,0.07520000355415375,0.08932104596558811,49.89866510730016,22.900538095259208,27.20079679744063
0.16423645765626593,0.09501857259774006,0.09913831133817093,45.82575583760536,26.512371065716845,27.66187309667779
0.1707079717193999,0.08973467283624033,0.08693260243980207,49.14223831315178,25.832201232639264,25.02556045420895
0.1788059705378198,0.10251705571410942,0.08575438128395058,48.71069885180621,27.927912099599578,23.361389048594212
0.17424244813322717,0.08426966856252362,0.09260326251548236,49.625410463265936,24.00056321993987,26.37402631679419
0.18587492336547431,0.09158704716667593,0.09709570143531097,49.62518118748392,24.452054789210756,25.922764023305312
0.17633374521334966,0.08348407761652342,0.08427018921342497,51.246698240437624,24.262419699183898,24.49088206037846
0.1627932783225612,0.09969798592545655,0.08513457796043351,46.83002773566628,28.679681951169034,24.49029031316469
0.15975514411376068,0.09941280888270737,0.10403094341742107,43.98558081842549,27.371451252819863,28.642967928754643
0.17253207929745226,0.10487382855211007,0.11075360119012262,44.44875760593895,27.01822990542475,28.533012488636288
0.16986223115021562,0.08876797737802318,0.09647589811179391,47.83421855440046,24.9975924711445,27.168188974455038
0.16470126998110257,0.0761666990123709,0.07977775029359625,51.36549782959921,23.754160567532757,24.880341602868032
0.17462337637757475,0.10408823760610984,0.10242052788806531,45.8170165129592,27.310275406038908,26.872708081001882
0.1702431593945634,0.10858654642160948,0.10629316348437687,44.204894844015534,28.195299494631826,27.599805661352644
0.17279926879952245,0.08894908189024003,0.07859952913774475,50.771366311169444,26.13475422127518,23.09387946755538
0.16279327832256113,0.09969798592545658,0.08513457796043354,46.83002773566625,28.679681951169044,24.4902903131647
0.1710066911016602,0.08691161844327348,0.09870611696466677,47.951480153885825,24.370629710899454,27.677890135214717
0.17462337637757486,0.1040882376061098,0.10242052788806527,45.81701651295923,27.310275406038897,26.87270808100187
0.1763337452133497,0.08348407761652327,0.08427018921342488,51.24669824043768,24.26241969918387,24.490882060378453
0.1674722146878329,0.0923766227169902,0.09303545688898651,47.45810946984124,26.17759537920322,26.364295150955535
0.18378362628535178,0.09237263811267624,0.10542877473736832,48.163215911654376,24.207615246650175,27.629168841695456
0.16632775473638853,0.0942329816517399,0.09080523803611369,47.33746772405545,26.8190401208178,25.843492155126757
0.15907549648715297,0.08241729423208786,0.08244016351997335,49.10753734850971,25.4427013841961,25.449761267294193
0.16538091760771037,0.09316221366299038,0.1013685301910439,45.950419315682225,25.884744407730913,28.164836276586847
0.16956351176795545,0.09159103177098991,0.08470238358692915,49.027068266943466,26.482347059556037,24.490584673500475
0.17663246459560988,0.08066102322355657,0.09604370373828963,49.98977430511662,22.828342204231365,27.18188349065201
0.1574662242108717,0.10312552675220667,0.09957050571167526,43.720912253465904,28.633074354966265,27.64601339156782
0.17424244813322726,0.0842696685625236,0.09260326251548227,49.625410463265965,24.000563219939863,26.37402631679417
0.17100669110166022,0.0869116184432734,0.0987061169646667,47.951480153885846,24.37062971089944,27.67789013521471
0.16260997290098014,0.07695228995837111,0.08811082359565355,49.62567254461081,23.484470693304253,26.88985676208494
0.17910468992008005,0.09969400132114259,0.09752789580881532,47.59288768940089,26.49135212652059,25.91576018407852
0.17701339283995743,0.10047959226714284,0.1058609691108726,46.17492291192296,26.21065758200337,27.614419506073663
0.1514595224725743,0.08955755292833732,0.09241565356546945,45.42431180708881,26.85925680000271,27.716431392908465
0.1500163431388695,0.0942369662560538,0.07841192018773188,46.49287539686414,29.205801436350203,24.301323166785647
0.1607019812424387,0.10048357687145683,0.0934676512624908,45.31242830849133,28.33291063350159,26.35466105800708
0.16538091760771045,0.09316221366299035,0.10136853019104386,45.950419315682254,25.88474440773091,28.16483627658683
0.15746622421087167,0.1031255267522067,0.09957050571167529,43.7209122534659,28.633074354966276,27.64601339156783
0.1734789164261303,0.10594459654085955,0.10019030903519231,45.6987881819364,27.90851923728176,26.39269258078184
0.18378362628535178,0.09237263811267624,0.10542877473736832,48.163215911654376,24.207615246650175,27.629168841695456
0.1667925670612251,0.07538110806637069,0.07144467699153886,53.18329298467373,24.03593653146151,22.78077048386475
0.18834714868994443,0.11062002526426207,0.0985798935058367,47.37732060088077,27.82564237513343,24.797037023985794
0.16146551294953557,0.07880864889312088,0.08588060474278061,49.50579586493312,24.162960951998457,26.33124318306842
0.1742424481332271,0.08426966856252353,0.09260326251548226,49.62541046326594,24.00056321993986,26.37402631679418
0.1767146734576973,0.10330264666010966,0.09408745458600791,47.23667950979918,27.613292757863388,25.15002773233743
0.16184644119388314,0.09862721793670705,0.09569787011536363,45.440589127526884,27.69093255306213,26.868478319410972
0.19541610151759892,0.09969001671682862,0.10992121365719712,48.247633216488076,24.61315789510798,27.13920888840394
0.15698419940703034,0.08320288517808805,0.09077323682203065,47.432936594809384,25.139836952155797,27.42722645303482
0.15583973945558577,0.08505924411283773,0.08854301796915777,47.30415026871073,25.819186295568493,26.876663435720772
0.16538091760771045,0.09316221366299035,0.10136853019104386,45.950419315682254,25.88474440773091,28.16483627658683
0.17100669110166022,0.08691161844327344,0.09870611696466679,47.951480153885825,24.370629710899443,27.67789013521472
0.17557021350625282,0.1051590055948594,0.09185723573313513,47.122006511041526,28.224054908716827,24.65393858024165
0.14792504605874704,0.09502255720205399,0.08674499348978922,44.86756679303027,28.821562309431464,26.31087089753826
0.15583973945558577,0.08505924411283773,0.08854301796915777,47.30415026871073,25.819186295568493,26.876663435720772
0.17424244813322723,0.08426966856252353,0.09260326251548215,49.625410463265986,24.00056321993986,26.37402631679415
0.1758689328885131,0.10233595120189248,0.10363075025799968,46.058805692305235,26.80104788452411,27.140146423170652
0.1674722146878329,0.09237662271699015,0.09303545688898654,47.45810946984124,26.177595379203204,26.36429515095554
0.14792504605874707,0.09502255720205398,0.0867449934897892,44.867566793030285,28.82156230943146,26.31087089753825
0.17070797171939997,0.08973467283624026,0.08693260243980207,49.1422383131518,25.83220123263924,25.02556045420895
0.16538091760771037,0.09316221366299038,0.1013685301910439,45.950419315682225,25.884744407730913,28.164836276586847
0.1851113916583774,0.11326197514501196,0.10468274795502112,45.92695281879847,28.100795645514655,25.972251535686873
0.17701339283995743,0.10047959226714284,0.1058609691108726,46.17492291192296,26.21065758200337,27.614419506073663
0.1630919977048214,0.09687493153248979,0.09690809248529822,45.700031601424044,27.145338181664165,27.15463021691179
0.1723344564746858,0.10780095547560925,0.0979600901823196,45.57961031079405,28.51156780960561,25.908821879600332
0.16279327832256113,0.09969798592545658,0.08513457796043354,46.83002773566625,28.679681951169044,24.4902903131647
0.16823574639492983,0.07070169473865419,0.08544841036927635,51.86284963277641,21.795554402603393,26.3415959646202
0.17070797171939997,0.08973467283624026,0.08693260243980207,49.1422383131518,25.83220123263924,25.02556045420895
0.15975514411376063,0.09941280888270727,0.10403094341742099,43.985580818425504,27.37145125281985,28.642967928754643
0.1650821982254502,0.09598526805595711,0.0895950156661792,47.077234299084495,27.37255138412669,25.5502143167888
0.16652537755915497,0.0913058547282407,0.10359874904391675,46.07403540397109,25.262390904019455,28.663573692009454
0.17557021350625274,0.10515900559485931,0.09185723573313505,47.12200651104153,28.224054908716823,24.65393858024164
0.1702431593945633,0.10858654642160935,0.10629316348437684,44.204894844015534,28.195299494631808,27.59980566135265
0.18378362628535183,0.09237263811267621,0.10542877473736828,48.16321591165439,24.207615246650168,27.629168841695446
0.16602903535412827,0.0970560360447066,0.07903172351124904,48.52992832397032,28.36926964378207,23.100802032247604
0.1858749233654743,0.09158704716667602,0.09709570143531095,49.62518118748391,24.452054789210784,25.922764023305305
0.16508219822545023,0.09598526805595714,0.08959501566617915,47.07723429908451,27.3725513841267,25.55021431678879
0.17253207929745226,0.10487382855211007,0.11075360119012262,44.44875760593895,27.01822990542475,28.533012488636288
0.15793103653570828,0.08427365316683745,0.08020994466710049,48.98383004371985,26.13828411715898,24.877885839121163
0.15135842591308074,0.089453480397805,0.09343565004840772,45.28333058338972,26.762643045817384,27.95402637079289
0.18625585160982197,0.1114056162102623,0.10691296680789399,46.037474360210474,27.536494319692757,26.426031320096776
0.16146551294953557,0.07880864889312088,0.08588060474278061,49.50579586493312,24.162960951998457,26.33124318306842
0.17100669110166022,0.0869116184432734,0.0987061169646667,47.951480153885846,24.37062971089944,27.67789013521471
0.1607019812424387,0.1004835768714568,0.09346765126249083,45.31242830849133,28.332910633501584,26.35466105800709
0.1642364576562659,0.09501857259774002,0.099138311338171,45.82575583760535,26.512371065716835,27.66187309667781
0.17910468992008005,0.09969400132114259,0.09752789580881532,47.59288768940089,26.49135212652059,25.91576018407852
0.167472214687833,0.09237662271699011,0.0930354568889865,47.45810946984126,26.177595379203193,26.36429515095553
0.17633374521334966,0.08348407761652334,0.08427018921342484,51.24669824043766,24.26241969918389,24.490882060378443
0.19188162510377163,0.10515502099054529,0.1042505535815169,47.81653271242558,26.20442941501528,25.97903787255914
0.1734789164261303,0.10594459654085955,0.10019030903519231,45.6987881819364,27.90851923728176,26.39269258078184
0.15975514411376066,0.09941280888270729,0.10403094341742096,43.985580818425504,27.371451252819856,28.642967928754633
0.16423645765626588,0.0950185725977401,0.09913831133817097,45.82575583760534,26.512371065716856,27.6618730966778
0.17070797171939991,0.08973467283624029,0.08693260243980208,49.14223831315179,25.83220123263925,25.02556045420895
0.17557021350625288,0.10515900559485944,0.09185723573313506,47.12200651104153,28.224054908716838,24.65393858024163
0.17070797171939991,0.08973467283624029,0.08693260243980208,49.14223831315179,25.83220123263925,25.02556045420895
0.1851113916583774,0.11326197514501196,0.10468274795502112,45.92695281879847,28.100795645514655,25.972251535686873
0.182340446951647,0.09705205144039263,0.0914250413596308,49.17255183607469,26.172454384273884,24.654993779651427
0.17233445647468573,0.10780095547560917,0.09796009018231953,45.57961031079407,28.511567809605605,25.908821879600332
0.16614444931480737,0.0714872856846544,0.09378148367133365,50.13211301020692,21.57043885315428,28.297448136638792
0.18024914987152463,0.09783764238639292,0.09975811466168812,47.70453341319653,25.893598297782503,26.401868289020953
0.15793103653570836,0.08427365316683752,0.08020994466710056,48.98383004371985,26.13828411715899,24.877885839121166
0.18834714868994443,0.11062002526426207,0.0985798935058367,47.37732060088077,27.82564237513343,24.797037023985794
0.1546952795041413,0.08691560304758747,0.08631279911628502,47.174171355136544,26.504826551557155,26.321002093306305
0.1802491498715246,0.0978376423863929,0.09975811466168816,47.70453341319652,25.893598297782503,26.401868289020964
0.16002233361583082,0.0834880622208374,0.07187687136504319,50.73836208913461,26.471602028068297,22.790035882797095
0.1574662242108717,0.10312552675220672,0.09957050571167522,43.720912253465904,28.633074354966283,27.64601339156781
0.17309798818178262,0.08612602749727329,0.09037304366260947,49.5135709973498,24.63579861325472,25.85063038939547
0.16260997290098014,0.07695228995837111,0.08811082359565355,49.62567254461081,23.484470693304253,26.88985676208494
0.1618464411938833,0.09862721793670715,0.09569787011536363,45.440589127526906,27.69093255306214,26.868478319410954
0.15746622421087164,0.10312552675220671,0.0995705057116753,43.72091225346589,28.633074354966276,27.64601339156783
0.15230526304175865,0.09052424838655446,0.0828723578934776,46.76217037344736,27.793591905091976,25.444237721460674
0.1481226688815136,0.0920954302785549,0.09953850449759229,43.59670048702341,27.106295885671837,29.29700362730474
0.1546952795041414,0.08691560304758747,0.08631279911628494,47.174171355136565,26.504826551557155,26.321002093306284
0.16070198124243873,0.10048357687145675,0.09346765126249083,45.312428308491334,28.33291063350157,26.35466105800709
0.17910468992008008,0.09969400132114255,0.09752789580881534,47.5928876894009,26.491352126520578,25.915760184078522
0.17663246459560988,0.08066102322355657,0.09604370373828963,49.98977430511662,22.828342204231365,27.18188349065201
0.17910468992008005,0.09969400132114259,0.09752789580881532,47.59288768940089,26.49135212652059,25.91576018407852
0.18302009457825497,0.11404756609101221,0.11301582125707842,44.62996015311997,27.81081685009105,27.55922299678898
0.1627932783225612,0.09969798592545655,0.08513457796043351,46.83002773566628,28.679681951169034,24.49029031316469
0.17701339283995743,0.10047959226714284,0.1058609691108726,46.17492291192296,26.21065758200337,27.614419506073663
0.16986223115021565,0.08876797737802317,0.0964758981117939,47.83421855440047,24.997592471144497,27.16818897445503
0.18263916633390728,0.09422899704742585,0.10319855588449553,48.05450124302113,24.792751448863275,27.152747308115586
0.1777769245470544,0.07880466428880685,0.09827392259116248,50.098397466658575,22.207535673294192,27.694066860047222
0.15698419940703034,0.08320288517808805,0.09077323682203065,47.432936594809384,25.139836952155797,27.42722645303482
0.1734789164261303,0.10594459654085955,0.10019030903519231,45.6987881819364,27.90851923728176,26.39269258078184
0.1894093997793015,0.08612204289295931,0.10276636151099125,50.06886048102708,22.765673482799478,27.16546603617344
0.1798682216271769,0.07801907334280665,0.0899408492891051,51.711807855662606,22.430350916253676,25.857841228083707
0.16184644119388322,0.0986272179367071,0.09569787011536353,45.440589127526906,27.690932553062147,26.868478319410944
0.16747221468783288,0.09237662271699018,0.09303545688898655,47.45810946984123,26.17759537920322,26.364295150955545
0.18234044695164708,0.0970520514403927,0.09142504135963087,49.17255183607468,26.17245438427389,24.65499377965143
0.14697820893006908,0.09395178921330456,0.0973082856447194,43.454042896619946,27.77680520403939,28.76915189934065
0.1723344564746858,0.10780095547560925,0.0979600901823196,45.57961031079405,28.51156780960561,25.908821879600332
0.16032105299809105,0.08066500782787041,0.08365038588990788,49.38479786233257,24.847797788543016,25.767404349124412
0.18263916633390728,0.09422899704742585,0.10319855588449553,48.05450124302113,24.792751448863275,27.152747308115586
0.15230526304175865,0.09052424838655446,0.0828723578934776,46.76217037344736,27.793591905091976,25.444237721460674
0.15355081955269675,0.08877196198233711,0.08408258026341214,47.04298321162805,27.196845509282237,25.760171279089704
0.17100669110166022,0.08691161844327346,0.09870611696466676,47.951480153885825,24.370629710899447,27.677890135214717
0.16146551294953554,0.07880864889312084,0.0858806047427807,49.50579586493311,24.162960951998446,26.33124318306844
0.17701339283995743,0.10047959226714284,0.1058609691108726,46.17492291192296,26.21065758200337,27.614419506073663
0.18378362628535178,0.09237263811267624,0.10542877473736832,48.163215911654376,24.207615246650175,27.629168841695456
0.17910468992008005,0.09969400132114259,0.09752789580881532,47.59288768940089,26.49135212652059,25.91576018407852
0.1674722146878329,0.09237662271699015,0.09303545688898657,47.45810946984124,26.177595379203204,26.364295150955552
0.16070198124243873,0.10048357687145683,0.09346765126249079,45.312428308491334,28.33291063350159,26.35466105800708
0.1618464411938831,0.09862721793670709,0.09569787011536361,45.44058912752688,27.69093255306214,26.868478319410972
0.1734789164261303,0.10594459654085953,0.10019030903519235,45.6987881819364,27.908519237281755,26.39269258078185
0.1755702135062528,0.10515900559485948,0.0918572357331351,47.12200651104151,28.22405490871685,24.65393858024164
0.17279926879952245,0.08894908189024005,0.0785995291377447,50.771366311169444,26.134754221275188,23.093879467555364
0.18378362628535178,0.09237263811267624,0.10542877473736832,48.163215911654376,24.207615246650175,27.629168841695456
0.1479250460587471,0.09502255720205408,0.08674499348978928,44.867566793030264,28.82156230943147,26.310870897538262
0.1502139659616361,0.09130983933255464,0.09120543119553497,45.14600747033377,27.442685919598826,27.411306610067392
0.15260398242401874,0.08770119399358765,0.0946458724183422,45.560084959984906,26.183286870835175,28.256628169179905
0.16184644119388317,0.09862721793670709,0.09569787011536357,45.44058912752689,27.69093255306214,26.86847831941096
0.17633374521334966,0.08348407761652336,0.08427018921342481,51.24669824043766,24.262419699183898,24.490882060378432
0.1653809176077104,0.09316221366299042,0.10136853019104386,45.95041931568224,25.884744407730924,28.16483627658683
0.1500163431388695,0.09423696625605388,0.078411920187732,46.49287539686411,29.20580143635021,24.301323166785668
0.1639377382740056,0.09784162699070686,0.08736479681330629,46.95416852978126,28.023274514566694,25.022556955652032
0.15955752129099415,0.10233993580620648,0.09123743240961796,45.183165422660196,28.980409143127282,25.83642543421252
0.16146551294953565,0.07880864889312077,0.08588060474278063,49.50579586493314,24.162960951998425,26.331243183068427
0.17215115105310466,0.08505525950852376,0.10093633581753955,48.06774750949365,23.74898287580428,28.183269614702073
0.178157852791402,0.0986232333323931,0.10809118796374541,46.29012396743325,25.624925455129276,28.08495057743746
0.16146551294953554,0.07880864889312084,0.0858806047427807,49.50579586493311,24.162960951998446,26.33124318306844
0.18378362628535183,0.09237263811267621,0.10542877473736828,48.16321591165439,24.207615246650168,27.629168841695446
0.1723344564746858,0.10780095547560925,0.0979600901823196,45.57961031079405,28.51156780960561,25.908821879600332
0.18340269804100418,0.0725540690690899,0.09561150936478535,52.16702140476228,20.637262780526815,27.19571581471091
0.17424244813322715,0.08426966856252355,0.09260326251548223,49.625410463265965,24.000563219939863,26.374026316794176
0.14792504605874707,0.09502255720205402,0.08674499348978919,44.867566793030285,28.821562309431474,26.310870897538248
0.15793103653570828,0.08427365316683753,0.08020994466710041,48.98383004371985,26.13828411715901,24.877885839121134
0.1746233763775748,0.10408823760610986,0.10242052788806523,45.81701651295921,27.310275406038915,26.87270808100186
0.14678058610730252,0.09687891613680377,0.08451477463691642,44.72641411822681,29.520569697766575,25.7530161840066
0.15145952247257427,0.0895575529283374,0.0924156535654694,45.424311807088806,26.859256800002733,27.716431392908447
0.17100669110166022,0.0869116184432734,0.0987061169646667,47.951480153885846,24.37062971089944,27.67789013521471
0.1702431593945633,0.10858654642160935,0.10629316348437684,44.204894844015534,28.195299494631808,27.59980566135265
0.16393773827400576,0.09784162699070692,0.08736479681330633,46.954168529781285,28.023274514566687,25.022556955652025
0.17100669110166022,0.08691161844327346,0.09870611696466676,47.951480153885825,24.370629710899447,27.677890135214717
0.15708529596652399,0.08330695770862045,0.08975324033909231,47.5806269704078,25.233407457933694,27.18596557165851
0.17347891642613028,0.10594459654085951,0.10019030903519238,45.698788181936386,27.908519237281748,26.39269258078186
0.1639377382740057,0.09784162699070685,0.08736479681330626,46.9541685297813,28.023274514566687,25.022556955652025
0.15439656012188108,0.08973865744055416,0.07453928459142035,48.449612089560475,28.15997415357331,23.39041375686621
0.17424244813322728,0.08426966856252349,0.09260326251548218,49.625410463266,24.000563219939846,26.374026316794158
0.17777692454705452,0.07880466428880678,0.09827392259116247,50.098397466658604,22.207535673294174,27.694066860047222
