gbifID,datasetKey,countryCode,decimalLatitude,decimalLongitude,coordinateUncertaintyInMeters,basisOfRecord,license,taxon_keep,coord_valid,coordinate_quality,coord_quality_pass,coord_duplicate,status_absent,cultivation_flag,cultivation_reason,geo_flag,is_final_candidate
900408097,984f5236-27fc-11e2-85e3-00145eb45e9a,,,,,HUMAN_OBSERVATION,CC_BY_NC_4_0,True,False,unknown,True,False,False,False,,,False
889849711,961a5ce1-f843-4e75-86a6-51aa959fc12c,KR,,,,PRESERVED_SPECIMEN,CC_BY_4_0,True,False,unknown,True,False,False,False,,,False
889849707,961a5ce1-f843-4e75-86a6-51aa959fc12c,KR,,,,PRESERVED_SPECIMEN,CC_BY_4_0,True,False,unknown,True,False,False,False,,,False
889849705,961a5ce1-f843-4e75-86a6-51aa959fc12c,KR,,,,PRESERVED_SPECIMEN,CC_BY_4_0,True,False,unknown,True,False,False,False,,,False
889849695,961a5ce1-f843-4e75-86a6-51aa959fc12c,KR,,,,PRESERVED_SPECIMEN,CC_BY_4_0,True,False,unknown,True,False,False,False,,,False
889849676,961a5ce1-f843-4e75-86a6-51aa959fc12c,KR,,,,PRESERVED_SPECIMEN,CC_BY_4_0,True,False,unknown,True,False,False,False,,,False
889849670,961a5ce1-f843-4e75-86a6-51aa959fc12c,KR,,,,PRESERVED_SPECIMEN,CC_BY_4_0,True,False,unknown,True,False,False,False,,,False
889849668,961a5ce1-f843-4e75-86a6-51aa959fc12c,KR,,,,PRESERVED_SPECIMEN,CC_BY_4_0,True,False,unknown,True,False,False,False,,,False
889849666,961a5ce1-f843-4e75-86a6-51aa959fc12c,KR,,,,PRESERVED_SPECIMEN,CC_BY_4_0,True,False,unknown,True,False,False,False,,,False
889849665,961a5ce1-f843-4e75-86a6-51aa959fc12c,KR,,,,PRESERVED_SPECIMEN,CC_BY_4_0,True,False,unknown,True,False,False,False,,,False
889849664,961a5ce1-f843-4e75-86a6-51aa959fc12c,KR,,,,PRESERVED_SPECIMEN,CC_BY_4_0,True,False,unknown,True,False,False,False,,,False
889849662,961a5ce1-f843-4e75-86a6-51aa959fc12c,KR,,,,PRESERVED_SPECIMEN,CC_BY_4_0,True,False,unknown,True,False,False,False,,,False
889849660,961a5ce1-f843-4e75-86a6-51aa959fc12c,KR,,,,PRESERVED_SPECIMEN,CC_BY_4_0,True,False,unknown,True,False,False,False,,,False
889849659,961a5ce1-f843-4e75-86a6-51aa959fc12c,KR,,,,PRESERVED_SPECIMEN,CC_BY_4_0,True,False,unknown,True,False,False,False,,,False
889849653,961a5ce1-f843-4e75-86a6-51aa959fc12c,KR,,,,PRESERVED_SPECIMEN,CC_BY_4_0,True,False,unknown,True,False,False,False,,,False
889849650,961a5ce1-f843-4e75-86a6-51aa959fc12c,KR,,,,PRESERVED_SPECIMEN,CC_BY_4_0,True,False,unknown,True,False,False,False,,,False
889849648,961a5ce1-f843-4e75-86a6-51aa959fc12c,KR,,,,PRESERVED_SPECIMEN,CC_BY_4_0,True,False,unknown,True,False,False,False,,,False
889849647,961a5ce1-f843-4e75-86a6-51aa959fc12c,KR,,,,PRESERVED_SPECIMEN,CC_BY_4_0,True,False,unknown,True,False,False,False,,,False
889849646,961a5ce1-f843-4e75-86a6-51aa959fc12c,KR,,,,PRESERVED_SPECIMEN,CC_BY_4_0,True,False,unknown,True,False,False,False,,,False
889849645,961a5ce1-f843-4e75-86a6-51aa959fc12c,KR,,,,PRESERVED_SPECIMEN,CC_BY_4_0,True,False,unknown,True,False,False,False,,,False
889849641,961a5ce1-f843-4e75-86a6-51aa959fc12c,KR,,,,PRESERVED_SPECIMEN,CC_BY_4_0,True,False,unknown,True,False,False,False,,,False
889849640,961a5ce1-f843-4e75-86a6-51aa959fc12c,KR,,,,PRESERVED_SPECIMEN,CC_BY_4_0,True,False,unknown,True,False,False,False,,,False
889849639,961a5ce1-f843-4e75-86a6-51aa959fc12c,KR,,,,PRESERVED_SPECIMEN,CC_BY_4_0,True,False,unknown,True,False,False,False,,,False
889849638,961a5ce1-f843-4e75-86a6-51aa959fc12c,KR,,,,PRESERVED_SPECIMEN,CC_BY_4_0,True,False,unknown,True,False,False,False,,,False
889849636,961a5ce1-f843-4e75-86a6-51aa959fc12c,KR,,,,PRESERVED_SPECIMEN,CC_BY_4_0,True,False,unknown,True,False,False,False,,,False
889849635,961a5ce1-f843-4e75-86a6-51aa959fc12c,KR,,,,PRESERVED_SPECIMEN,CC_BY_4_0,True,False,unknown,True,False,False,False,,,False
889849632,961a5ce1-f843-4e75-86a6-51aa959fc12c,KR,,,,PRESERVED_SPECIMEN,CC_BY_4_0,True,False,unknown,True,False,False,False,,,False
889849631,961a5ce1-f843-4e75-86a6-51aa959fc12c,KR,,,,PRESERVED_SPECIMEN,CC_BY_4_0,True,False,unknown,True,False,False,False,,,False
889849628,961a5ce1-f843-4e75-86a6-51aa959fc12c,KR,,,,PRESERVED_SPECIMEN,CC_BY_4_0,True,False,unknown,True,False,False,False,,,False
889849627,961a5ce1-f843-4e75-86a6-51aa959fc12c,KR,,,,PRESERVED_SPECIMEN,CC_BY_4_0,True,False,unknown,True,False,False,False,,,False
889849625,961a5ce1-f843-4e75-86a6-51aa959fc12c,KR,,,,PRESERVED_SPECIMEN,CC_BY_4_0,True,False,unknown,True,False,False,False,,,False
889849624,961a5ce1-f843-4e75-86a6-51aa959fc12c,KR,,,,PRESERVED_SPECIMEN,CC_BY_4_0,True,False,unknown,True,False,False,False,,,False
889849618,961a5ce1-f843-4e75-86a6-51aa959fc12c,KR,,,,PRESERVED_SPECIMEN,CC_BY_4_0,True,False,unknown,True,False,False,False,,,False
889849616,961a5ce1-f843-4e75-86a6-51aa959fc12c,KR,,,,PRESERVED_SPECIMEN,CC_BY_4_0,True,False,unknown,True,False,False,False,,,False
889849609,961a5ce1-f843-4e75-86a6-51aa959fc12c,KR,,,,PRESERVED_SPECIMEN,CC_BY_4_0,True,False,unknown,True,False,False,False,,,False
889849608,961a5ce1-f843-4e75-86a6-51aa959fc12c,KR,,,,PRESERVED_SPECIMEN,CC_BY_4_0,True,False,unknown,True,False,False,False,,,False
889849602,961a5ce1-f843-4e75-86a6-51aa959fc12c,KR,,,,PRESERVED_SPECIMEN,CC_BY_4_0,True,False,unknown,True,False,False,False,,,False
889849599,961a5ce1-f843-4e75-86a6-51aa959fc12c,KR,,,,PRESERVED_SPECIMEN,CC_BY_4_0,True,False,unknown,True,False,False,False,,,False
889849598,961a5ce1-f843-4e75-86a6-51aa959fc12c,,,,,PRESERVED_SPECIMEN,CC_BY_4_0,True,False,unknown,True,False,False,False,,,False
889849590,961a5ce1-f843-4e75-86a6-51aa959fc12c,KR,,,,PRESERVED_SPECIMEN,CC_BY_4_0,True,False,unknown,True,False,False,False,,,False
889849589,961a5ce1-f843-4e75-86a6-51aa959fc12c,KR,,,,PRESERVED_SPECIMEN,CC_BY_4_0,True,False,unknown,True,False,False,False,,,False
889849575,961a5ce1-f843-4e75-86a6-51aa959fc12c,KR,,,,PRESERVED_SPECIMEN,CC_BY_4_0,True,False,unknown,True,False,False,False,,,False
889849571,961a5ce1-f843-4e75-86a6-51aa959fc12c,KR,,,,PRESERVED_SPECIMEN,CC_BY_4_0,True,False,unknown,True,False,False,False,,,False
79024581,8300bfde-f762-11e1-a439-00145eb45e9a,,,,,OCCURRENCE,CC_BY_4_0,True,False,unknown,True,False,False,False,,,False
735570880,dfcb0ee8-614f-11e2-897a-00145eb45e9a,,,,,LIVING_SPECIMEN,CC_BY_4_0,True,False,unknown,True,False,False,False,,,False
735570879,dfcb0ee8-614f-11e2-897a-00145eb45e9a,,,,,LIVING_SPECIMEN,CC_BY_4_0,True,False,unknown,True,False,False,False,,,False
735570867,dfcb0ee8-614f-11e2-897a-00145eb45e9a,,,,,LIVING_SPECIMEN,CC_BY_4_0,True,False,unknown,True,False,False,False,,,False
735570863,dfcb0ee8-614f-11e2-897a-00145eb45e9a,,,,,LIVING_SPECIMEN,CC_BY_4_0,True,False,unknown,True,False,False,False,,,False
735570847,dfcb0ee8-614f-11e2-897a-00145eb45e9a,,,,,LIVING_SPECIMEN,CC_BY_4_0,True,False,unknown,True,False,False,False,,,False
735570845,dfcb0ee8-614f-11e2-897a-00145eb45e9a,,,,,LIVING_SPECIMEN,CC_BY_4_0,True,False,unknown,True,False,False,False,,,False
735570844,dfcb0ee8-614f-11e2-897a-00145eb45e9a,,,,,LIVING_SPECIMEN,CC_BY_4_0,True,False,unknown,True,False,False,False,,,False
735570843,dfcb0ee8-614f-11e2-897a-00145eb45e9a,,,,,LIVING_SPECIMEN,CC_BY_4_0,True,False,unknown,True,False,False,False,,,False
6430219346,58dd7802-12e3-47c4-af69-90d440fc8305,,,,,MATERIAL_CITATION,CC_BY_4_0,True,False,unknown,True,False,False,False,,,False
6430067032,58dd7802-12e3-47c4-af69-90d440fc8305,,,,,MATERIAL_CITATION,CC_BY_4_0,True,False,unknown,True,False,False,False,,,False
6354530383,d8cd16ba-bb74-4420-821e-083f2bac17c2,,,,,PRESERVED_SPECIMEN,CC_BY_4_0,True,False,unknown,True,False,False,False,,,False
6353352675,50c9509d-22c7-4a22-a47d-8c48425ef4a7,KR,37.550613,128.068787,488.0,HUMAN_OBSERVATION,CC_BY_NC_4_0,True,True,high,True,False,False,False,,,True
6341233352,821cc27a-e3bb-4bc5-ac34-89ada245069d,CN,41.57,126.1,,PRESERVED_SPECIMEN,CC0_1_0,True,True,unknown,True,False,False,False,,,True
6341231331,821cc27a-e3bb-4bc5-ac34-89ada245069d,CN,41.4417,125.894,,PRESERVED_SPECIMEN,CC0_1_0,True,True,unknown,True,False,False,False,,,True
6341229425,821cc27a-e3bb-4bc5-ac34-89ada245069d,CN,,,,PRESERVED_SPECIMEN,CC0_1_0,True,False,unknown,True,False,False,False,,,False
6341215410,821cc27a-e3bb-4bc5-ac34-89ada245069d,CN,41.4504,125.944,,PRESERVED_SPECIMEN,CC0_1_0,True,True,unknown,True,False,False,False,,,True
6341212393,821cc27a-e3bb-4bc5-ac34-89ada245069d,CN,,,,PRESERVED_SPECIMEN,CC0_1_0,True,False,unknown,True,False,False,False,,,False
6341173323,821cc27a-e3bb-4bc5-ac34-89ada245069d,CN,,,,PRESERVED_SPECIMEN,CC0_1_0,True,False,unknown,True,False,False,False,,,False
6341166475,821cc27a-e3bb-4bc5-ac34-89ada245069d,CN,,,,PRESERVED_SPECIMEN,CC0_1_0,True,False,unknown,True,False,False,False,,,False
6341030410,821cc27a-e3bb-4bc5-ac34-89ada245069d,CN,,,,PRESERVED_SPECIMEN,CC0_1_0,True,False,unknown,True,False,False,False,,,False
6336038419,d8cd16ba-bb74-4420-821e-083f2bac17c2,,,,,PRESERVED_SPECIMEN,CC_BY_4_0,True,False,unknown,True,False,False,False,,,False
6335904396,d8cd16ba-bb74-4420-821e-083f2bac17c2,,,,,PRESERVED_SPECIMEN,CC_BY_4_0,True,False,unknown,True,False,False,False,,,False
6334202486,50c9509d-22c7-4a22-a47d-8c48425ef4a7,KR,37.316727,126.992295,,HUMAN_OBSERVATION,CC_BY_NC_4_0,True,True,unknown,True,False,False,False,,,True
6237439599,d8cd16ba-bb74-4420-821e-083f2bac17c2,,,,,PRESERVED_SPECIMEN,CC_BY_4_0,True,False,unknown,True,False,False,False,,,False
6237436544,d8cd16ba-bb74-4420-821e-083f2bac17c2,,,,,PRESERVED_SPECIMEN,CC_BY_4_0,True,False,unknown,True,False,False,False,,,False
6237382542,d8cd16ba-bb74-4420-821e-083f2bac17c2,,,,,PRESERVED_SPECIMEN,CC_BY_4_0,True,False,unknown,True,False,False,False,,,False
6237268586,d8cd16ba-bb74-4420-821e-083f2bac17c2,,,,,PRESERVED_SPECIMEN,CC_BY_4_0,True,False,unknown,True,False,False,False,,,False
6196714780,7aded4b2-f762-11e1-a439-00145eb45e9a,JP,,,,PRESERVED_SPECIMEN,CC_BY_4_0,True,False,unknown,True,False,False,False,,,False
6190431750,d8cd16ba-bb74-4420-821e-083f2bac17c2,CN,,,,MATERIAL_SAMPLE,CC_BY_4_0,True,False,unknown,True,False,False,False,,,False
6190415892,d8cd16ba-bb74-4420-821e-083f2bac17c2,CN,,,,MATERIAL_SAMPLE,CC_BY_4_0,True,False,unknown,True,False,False,False,,,False
6190405838,d8cd16ba-bb74-4420-821e-083f2bac17c2,CN,,,,MATERIAL_SAMPLE,CC_BY_4_0,True,False,unknown,True,False,False,False,,,False
6120859189,7bd65a7a-f762-11e1-a439-00145eb45e9a,RU,,,,PRESERVED_SPECIMEN,CC_BY_4_0,True,False,unknown,True,False,False,False,,,False
5993931757,1d31211e-350e-492a-a597-34d24bbc1769,KR,,,,PRESERVED_SPECIMEN,CC_BY_4_0,True,False,unknown,True,False,False,False,,,False
5956743061,df14206a-0fb5-4119-bb82-8f6b178ae560,RU,,,,PRESERVED_SPECIMEN,CC_BY_4_0,True,False,unknown,True,False,False,False,,,False
5956730080,df14206a-0fb5-4119-bb82-8f6b178ae560,RU,,,,PRESERVED_SPECIMEN,CC_BY_4_0,True,False,unknown,True,False,False,False,,,False
5937640374,e3282b0b-a881-472b-ab98-6881960b2c3f,US,,,,PRESERVED_SPECIMEN,CC0_1_0,True,False,unknown,True,False,False,False,,,False
5932587185,50c9509d-22c7-4a22-a47d-8c48425ef4a7,RU,43.002254,132.801742,27537.0,HUMAN_OBSERVATION,CC_BY_4_0,True,True,very_low,False,False,False,False,,,True
5910606131,902c8fe7-8f38-45b0-854e-c324fed36303,RU,,,,PRESERVED_SPECIMEN,CC_BY_4_0,True,False,unknown,True,False,False,False,,,False
5900718905,c8d12f8a-7e39-4e2c-92d7-825d590ad15b,RU,,,,PRESERVED_SPECIMEN,CC_BY_NC_4_0,True,False,unknown,True,False,False,False,,,False
5900718793,c8d12f8a-7e39-4e2c-92d7-825d590ad15b,RU,,,,PRESERVED_SPECIMEN,CC_BY_NC_4_0,True,False,unknown,True,False,False,False,,,False
5864710235,040c5662-da76-4782-a48e-cdea1892d14c,KR,36.9435,127.754,,MATERIAL_SAMPLE,CC_BY_4_0,True,True,unknown,True,False,False,False,,,True
5864244444,040c5662-da76-4782-a48e-cdea1892d14c,,,,,MATERIAL_SAMPLE,CC_BY_4_0,True,False,unknown,True,False,False,False,,,False
5862499227,040c5662-da76-4782-a48e-cdea1892d14c,KR,36.94351,127.75365,,MATERIAL_SAMPLE,CC_BY_4_0,True,True,unknown,True,False,False,False,,,True
5836634817,cd6e21c8-9e8a-493a-8a76-fbf7862069e5,CN,41.700069,125.574444,,PRESERVED_SPECIMEN,CC_BY_4_0,True,True,unknown,True,False,False,True, locality:farm;,,False
5830753005,50c9509d-22c7-4a22-a47d-8c48425ef4a7,KR,37.555679,128.058366,488.0,HUMAN_OBSERVATION,CC_BY_NC_4_0,True,True,high,True,False,False,False,,,True
574834645,7adf20e0-c955-11de-95c0-b8a03c50a862,,,,,LIVING_SPECIMEN,CC_BY_NC_4_0,True,False,unknown,True,False,False,False,,,False
5730612686,efe230b2-0a42-41ec-b50a-f3c19ca4a99b,AU,-37.807807,145.834398,,MATERIAL_SAMPLE,CC0_1_0,True,True,unknown,True,False,False,False,,,True
5730594308,efe230b2-0a42-41ec-b50a-f3c19ca4a99b,AU,-36.440558,148.869222,,MATERIAL_SAMPLE,CC0_1_0,True,True,unknown,True,False,False,False,,,True
5730591367,efe230b2-0a42-41ec-b50a-f3c19ca4a99b,AU,-36.278453,148.955733,,MATERIAL_SAMPLE,CC0_1_0,True,True,unknown,True,False,False,False,,,True
5730590273,efe230b2-0a42-41ec-b50a-f3c19ca4a99b,AU,-36.878731,149.207533,,MATERIAL_SAMPLE,CC0_1_0,True,True,unknown,True,False,False,False,,,True
5730586191,efe230b2-0a42-41ec-b50a-f3c19ca4a99b,AU,-36.345889,148.864372,,MATERIAL_SAMPLE,CC0_1_0,True,True,unknown,True,False,False,False,,,True
5730580971,efe230b2-0a42-41ec-b50a-f3c19ca4a99b,AU,-28.227608,152.426866,,MATERIAL_SAMPLE,CC0_1_0,True,True,unknown,True,False,False,False,,,True
5730571158,efe230b2-0a42-41ec-b50a-f3c19ca4a99b,AU,-36.278453,148.955733,,MATERIAL_SAMPLE,CC0_1_0,True,True,unknown,True,True,False,False,,,False
5730570975,efe230b2-0a42-41ec-b50a-f3c19ca4a99b,AU,-36.297947,148.960614,,MATERIAL_SAMPLE,CC0_1_0,True,True,unknown,True,False,False,False,,,True
5730552914,efe230b2-0a42-41ec-b50a-f3c19ca4a99b,AU,-28.227565,152.427209,,MATERIAL_SAMPLE,CC0_1_0,True,True,unknown,True,False,False,False,,,True
5730538725,efe230b2-0a42-41ec-b50a-f3c19ca4a99b,AU,-33.80072,150.66628,,MATERIAL_SAMPLE,CC0_1_0,True,True,unknown,True,False,False,False,,,True
5730536213,efe230b2-0a42-41ec-b50a-f3c19ca4a99b,AU,-37.805598,145.866614,,MATERIAL_SAMPLE,CC0_1_0,True,True,unknown,True,False,False,False,,,True
5730493538,efe230b2-0a42-41ec-b50a-f3c19ca4a99b,AU,-42.868305,147.27917,,MATERIAL_SAMPLE,CC0_1_0,True,True,unknown,True,False,False,False,,,True
5730467945,efe230b2-0a42-41ec-b50a-f3c19ca4a99b,AU,-33.652818,150.268179,,MATERIAL_SAMPLE,CC0_1_0,True,True,unknown,True,False,False,False,,,True
5730463925,efe230b2-0a42-41ec-b50a-f3c19ca4a99b,AU,-37.828049,145.778368,,MATERIAL_SAMPLE,CC0_1_0,True,True,unknown,True,False,False,False,,,True
5730463832,efe230b2-0a42-41ec-b50a-f3c19ca4a99b,AU,-37.794083,145.840134,,MATERIAL_SAMPLE,CC0_1_0,True,True,unknown,True,False,False,False,,,True
5730454440,efe230b2-0a42-41ec-b50a-f3c19ca4a99b,AU,-33.61179,150.88022,,MATERIAL_SAMPLE,CC0_1_0,True,True,unknown,True,False,False,False,,,True
5730454381,efe230b2-0a42-41ec-b50a-f3c19ca4a99b,AU,-33.61544,150.87872,,MATERIAL_SAMPLE,CC0_1_0,True,True,unknown,True,False,False,False,,,True
5730440468,efe230b2-0a42-41ec-b50a-f3c19ca4a99b,AU,-37.549526,145.549813,,MATERIAL_SAMPLE,CC0_1_0,True,True,unknown,True,False,False,False,,,True
5730440367,efe230b2-0a42-41ec-b50a-f3c19ca4a99b,AU,-37.499873,145.601307,,MATERIAL_SAMPLE,CC0_1_0,True,True,unknown,True,False,False,False,,,True
5730436221,efe230b2-0a42-41ec-b50a-f3c19ca4a99b,AU,-33.7375,151.155,,MATERIAL_SAMPLE,CC0_1_0,True,True,unknown,True,False,False,False,,,True
5730434014,efe230b2-0a42-41ec-b50a-f3c19ca4a99b,AU,-13.52115,134.50615,,MATERIAL_SAMPLE,CC0_1_0,True,True,unknown,True,False,False,False,,,True
5730414952,efe230b2-0a42-41ec-b50a-f3c19ca4a99b,AU,-34.0492,150.73294,,MATERIAL_SAMPLE,CC0_1_0,True,True,unknown,True,False,False,False,,,True
5730408627,efe230b2-0a42-41ec-b50a-f3c19ca4a99b,AU,-32.57229,116.22374,,MATERIAL_SAMPLE,CC0_1_0,True,True,unknown,True,False,False,False,,,True
5730372388,efe230b2-0a42-41ec-b50a-f3c19ca4a99b,AU,-35.874867,149.01088,,MATERIAL_SAMPLE,CC0_1_0,True,True,unknown,True,False,False,False,,,True
5730355245,efe230b2-0a42-41ec-b50a-f3c19ca4a99b,AU,-37.794852,145.840394,,MATERIAL_SAMPLE,CC0_1_0,True,True,unknown,True,False,False,False,,,True
5730326626,efe230b2-0a42-41ec-b50a-f3c19ca4a99b,AU,-33.652974,150.267825,,MATERIAL_SAMPLE,CC0_1_0,True,True,unknown,True,False,False,False,,,True
5730317849,efe230b2-0a42-41ec-b50a-f3c19ca4a99b,AU,-33.8003,150.67038,,MATERIAL_SAMPLE,CC0_1_0,True,True,unknown,True,False,False,False,,,True
5730313584,efe230b2-0a42-41ec-b50a-f3c19ca4a99b,AU,-33.847139,119.915056,,MATERIAL_SAMPLE,CC0_1_0,True,True,unknown,True,False,False,False,,,True
5730305166,efe230b2-0a42-41ec-b50a-f3c19ca4a99b,AU,-33.652974,150.267825,,MATERIAL_SAMPLE,CC0_1_0,True,True,unknown,True,True,False,False,,,False
5730305098,efe230b2-0a42-41ec-b50a-f3c19ca4a99b,AU,-33.652818,150.268179,,MATERIAL_SAMPLE,CC0_1_0,True,True,unknown,True,True,False,False,,,False
5730279005,efe230b2-0a42-41ec-b50a-f3c19ca4a99b,AU,-28.288659,152.424726,,MATERIAL_SAMPLE,CC0_1_0,True,True,unknown,True,False,False,False,,,True
5730239638,efe230b2-0a42-41ec-b50a-f3c19ca4a99b,AU,-33.652613,150.267756,,MATERIAL_SAMPLE,CC0_1_0,True,True,unknown,True,False,False,False,,,True
5730225635,efe230b2-0a42-41ec-b50a-f3c19ca4a99b,AU,-37.521273,145.512328,,MATERIAL_SAMPLE,CC0_1_0,True,True,unknown,True,False,False,False,,,True
5730225530,efe230b2-0a42-41ec-b50a-f3c19ca4a99b,AU,-37.794852,145.840394,,MATERIAL_SAMPLE,CC0_1_0,True,True,unknown,True,True,False,False,,,False
5730225488,efe230b2-0a42-41ec-b50a-f3c19ca4a99b,AU,-37.817914,145.796225,,MATERIAL_SAMPLE,CC0_1_0,True,True,unknown,True,False,False,False,,,True
5730191252,efe230b2-0a42-41ec-b50a-f3c19ca4a99b,AU,-30.0912,115.15305,,MATERIAL_SAMPLE,CC0_1_0,True,True,unknown,True,False,False,False,,,True
5730190059,efe230b2-0a42-41ec-b50a-f3c19ca4a99b,AU,-33.74123,151.03748,,MATERIAL_SAMPLE,CC0_1_0,True,True,unknown,True,False,False,False,,,True
5730182969,efe230b2-0a42-41ec-b50a-f3c19ca4a99b,AU,-37.86565,145.904712,,MATERIAL_SAMPLE,CC0_1_0,True,True,unknown,True,False,False,False,,,True
5730182922,efe230b2-0a42-41ec-b50a-f3c19ca4a99b,AU,-37.486424,145.584558,,MATERIAL_SAMPLE,CC0_1_0,True,True,unknown,True,False,False,False,,,True
5730182569,efe230b2-0a42-41ec-b50a-f3c19ca4a99b,AU,-37.867826,145.90609,,MATERIAL_SAMPLE,CC0_1_0,True,True,unknown,True,False,False,False,,,True
5730181974,efe230b2-0a42-41ec-b50a-f3c19ca4a99b,AU,-31.9817,151.8161,,MATERIAL_SAMPLE,CC0_1_0,True,True,unknown,True,False,False,False,,,True
5730139686,efe230b2-0a42-41ec-b50a-f3c19ca4a99b,AU,-42.877276,147.301169,,MATERIAL_SAMPLE,CC0_1_0,True,True,unknown,True,False,False,False,,,True
5730129049,efe230b2-0a42-41ec-b50a-f3c19ca4a99b,AU,-36.16972,142.21429,,MATERIAL_SAMPLE,CC0_1_0,True,True,unknown,True,False,False,False,,,True
5730102802,efe230b2-0a42-41ec-b50a-f3c19ca4a99b,AU,-37.867226,145.905587,,MATERIAL_SAMPLE,CC0_1_0,True,True,unknown,True,False,False,False,,,True
5730094405,efe230b2-0a42-41ec-b50a-f3c19ca4a99b,AU,-28.288659,152.424726,,MATERIAL_SAMPLE,CC0_1_0,True,True,unknown,True,True,False,False,,,False
5730082020,efe230b2-0a42-41ec-b50a-f3c19ca4a99b,AU,-37.666565,145.679443,,MATERIAL_SAMPLE,CC0_1_0,True,True,unknown,True,False,False,False,,,True
5730063242,efe230b2-0a42-41ec-b50a-f3c19ca4a99b,AU,-33.652613,150.267756,,MATERIAL_SAMPLE,CC0_1_0,True,True,unknown,True,True,False,False,,,False
5730056542,efe230b2-0a42-41ec-b50a-f3c19ca4a99b,AU,-31.9004,150.78452,,MATERIAL_SAMPLE,CC0_1_0,True,True,unknown,True,False,False,False,,,True
5730044528,efe230b2-0a42-41ec-b50a-f3c19ca4a99b,AU,-32.60501,116.0519,,MATERIAL_SAMPLE,CC0_1_0,True,True,unknown,True,False,False,False,,,True
5730028314,efe230b2-0a42-41ec-b50a-f3c19ca4a99b,AU,-42.947737,147.351494,,MATERIAL_SAMPLE,CC0_1_0,True,True,unknown,True,False,False,False,,,True
5730002206,efe230b2-0a42-41ec-b50a-f3c19ca4a99b,AU,-42.980972,147.299638,,MATERIAL_SAMPLE,CC0_1_0,True,True,unknown,True,False,False,False,,,True
5729998951,efe230b2-0a42-41ec-b50a-f3c19ca4a99b,AU,-37.666565,145.679443,,MATERIAL_SAMPLE,CC0_1_0,True,True,unknown,True,True,False,False,,,False
5729997631,efe230b2-0a42-41ec-b50a-f3c19ca4a99b,AU,-32.93388,116.42781,,MATERIAL_SAMPLE,CC0_1_0,True,True,unknown,True,False,False,False,,,True
5729988553,efe230b2-0a42-41ec-b50a-f3c19ca4a99b,AQ,-66.411376,110.658212,,MATERIAL_SAMPLE,CC0_1_0,True,True,unknown,True,False,False,False,,,True
5729934559,efe230b2-0a42-41ec-b50a-f3c19ca4a99b,AU,-35.8811,149.0083,,MATERIAL_SAMPLE,CC0_1_0,True,True,unknown,True,False,False,False,,,True
5729929768,efe230b2-0a42-41ec-b50a-f3c19ca4a99b,AU,-37.445257,145.630823,,MATERIAL_SAMPLE,CC0_1_0,True,True,unknown,True,False,False,False,,,True
5729926425,efe230b2-0a42-41ec-b50a-f3c19ca4a99b,AU,-34.4029,150.84216,,MATERIAL_SAMPLE,CC0_1_0,True,True,unknown,True,False,False,False,,,True
5729907728,efe230b2-0a42-41ec-b50a-f3c19ca4a99b,AU,-33.2644,151.2917,,MATERIAL_SAMPLE,CC0_1_0,True,True,unknown,True,False,False,False,,,True
5729907634,efe230b2-0a42-41ec-b50a-f3c19ca4a99b,AU,-34.1485,151.03063,,MATERIAL_SAMPLE,CC0_1_0,True,True,unknown,True,False,False,False,,,True
5729907598,efe230b2-0a42-41ec-b50a-f3c19ca4a99b,AU,-34.4036,150.84111,,MATERIAL_SAMPLE,CC0_1_0,True,True,unknown,True,False,False,False,,,True
5729906587,efe230b2-0a42-41ec-b50a-f3c19ca4a99b,AU,-30.895177,132.222578,,MATERIAL_SAMPLE,CC0_1_0,True,True,unknown,True,False,False,False,,,True
5729894798,efe230b2-0a42-41ec-b50a-f3c19ca4a99b,CX,-10.492911,105.569857,,MATERIAL_SAMPLE,CC0_1_0,True,True,unknown,True,False,False,False,,,True
5729861540,efe230b2-0a42-41ec-b50a-f3c19ca4a99b,AU,-37.846614,145.90363,,MATERIAL_SAMPLE,CC0_1_0,True,True,unknown,True,False,False,False,,,True
5729861482,efe230b2-0a42-41ec-b50a-f3c19ca4a99b,AU,-37.587062,145.629566,,MATERIAL_SAMPLE,CC0_1_0,True,True,unknown,True,False,False,False,,,True
5729847536,efe230b2-0a42-41ec-b50a-f3c19ca4a99b,AU,-37.807807,145.796225,,MATERIAL_SAMPLE,CC0_1_0,True,True,unknown,True,False,False,False,,,True
5729796878,efe230b2-0a42-41ec-b50a-f3c19ca4a99b,AU,-36.66735,149.282761,,MATERIAL_SAMPLE,CC0_1_0,True,True,unknown,True,False,False,False,,,True
5729773632,efe230b2-0a42-41ec-b50a-f3c19ca4a99b,AU,-28.227608,152.426866,,MATERIAL_SAMPLE,CC0_1_0,True,True,unknown,True,True,False,False,,,False
5729740323,efe230b2-0a42-41ec-b50a-f3c19ca4a99b,AU,-42.787222,147.399564,,MATERIAL_SAMPLE,CC0_1_0,True,True,unknown,True,False,False,False,,,True
5729736694,efe230b2-0a42-41ec-b50a-f3c19ca4a99b,AU,-36.140736,149.062681,,MATERIAL_SAMPLE,CC0_1_0,True,True,unknown,True,False,False,False,,,True
5729736575,efe230b2-0a42-41ec-b50a-f3c19ca4a99b,AU,-36.44835,148.717181,,MATERIAL_SAMPLE,CC0_1_0,True,True,unknown,True,False,False,False,,,True
5729732093,efe230b2-0a42-41ec-b50a-f3c19ca4a99b,AU,-43.097637,146.683175,,MATERIAL_SAMPLE,CC0_1_0,True,True,unknown,True,False,False,False,,,True
5729679968,efe230b2-0a42-41ec-b50a-f3c19ca4a99b,AU,-13.52115,134.50615,,MATERIAL_SAMPLE,CC0_1_0,True,True,unknown,True,True,False,False,,,False
5729616874,efe230b2-0a42-41ec-b50a-f3c19ca4a99b,AU,-43.167701,146.807225,,MATERIAL_SAMPLE,CC0_1_0,True,True,unknown,True,False,False,False,,,True
5729567150,efe230b2-0a42-41ec-b50a-f3c19ca4a99b,AU,-32.89086,116.44391,,MATERIAL_SAMPLE,CC0_1_0,True,True,unknown,True,False,False,False,,,True
5729460367,efe230b2-0a42-41ec-b50a-f3c19ca4a99b,AU,-36.345889,148.864372,,MATERIAL_SAMPLE,CC0_1_0,True,True,unknown,True,True,False,False,,,False
5729431144,efe230b2-0a42-41ec-b50a-f3c19ca4a99b,AU,-33.61405,150.87895,,MATERIAL_SAMPLE,CC0_1_0,True,True,unknown,True,False,False,False,,,True
5729420214,efe230b2-0a42-41ec-b50a-f3c19ca4a99b,AU,-31.9004,150.78452,,MATERIAL_SAMPLE,CC0_1_0,True,True,unknown,True,True,False,False,,,False
5729418741,efe230b2-0a42-41ec-b50a-f3c19ca4a99b,AU,-36.66735,149.282761,,MATERIAL_SAMPLE,CC0_1_0,True,True,unknown,True,True,False,False,,,False
5729382587,efe230b2-0a42-41ec-b50a-f3c19ca4a99b,AU,-17.52448,146.02815,,MATERIAL_SAMPLE,CC0_1_0,True,True,unknown,True,False,False,False,,,True
5729360263,efe230b2-0a42-41ec-b50a-f3c19ca4a99b,AU,-35.138023,150.70756,,MATERIAL_SAMPLE,CC0_1_0,True,True,unknown,True,False,False,False,,,True
5729340487,efe230b2-0a42-41ec-b50a-f3c19ca4a99b,AU,-37.490139,145.586207,,MATERIAL_SAMPLE,CC0_1_0,True,True,unknown,True,False,False,False,,,True
5729247701,efe230b2-0a42-41ec-b50a-f3c19ca4a99b,AU,-35.876683,149.0097,,MATERIAL_SAMPLE,CC0_1_0,True,True,unknown,True,False,False,False,,,True
5729232215,efe230b2-0a42-41ec-b50a-f3c19ca4a99b,CX,-10.489,105.57078,,MATERIAL_SAMPLE,CC0_1_0,True,True,unknown,True,False,False,False,,,True
5729208603,efe230b2-0a42-41ec-b50a-f3c19ca4a99b,AU,-34.682267,138.676537,,MATERIAL_SAMPLE,CC0_1_0,True,True,unknown,True,False,False,False,,,True
5729200685,efe230b2-0a42-41ec-b50a-f3c19ca4a99b,AU,-32.32096,137.9544,,MATERIAL_SAMPLE,CC0_1_0,True,True,unknown,True,False,False,False,,,True
5729172554,efe230b2-0a42-41ec-b50a-f3c19ca4a99b,AU,-31.586669,115.795397,,MATERIAL_SAMPLE,CC0_1_0,True,True,unknown,True,False,False,False,,,True
5729114820,efe230b2-0a42-41ec-b50a-f3c19ca4a99b,AU,-37.795643,145.842949,,MATERIAL_SAMPLE,CC0_1_0,True,True,unknown,True,False,False,False,,,True
5729114725,efe230b2-0a42-41ec-b50a-f3c19ca4a99b,AU,-37.794083,145.840134,,MATERIAL_SAMPLE,CC0_1_0,True,True,unknown,True,True,False,False,,,False
5729114637,efe230b2-0a42-41ec-b50a-f3c19ca4a99b,AU,-37.540044,145.504315,,MATERIAL_SAMPLE,CC0_1_0,True,True,unknown,True,False,False,False,,,True
5729080999,efe230b2-0a42-41ec-b50a-f3c19ca4a99b,AU,-33.688361,119.761694,,MATERIAL_SAMPLE,CC0_1_0,True,True,unknown,True,False,False,False,,,True
5729080956,efe230b2-0a42-41ec-b50a-f3c19ca4a99b,AU,-33.728389,119.722139,,MATERIAL_SAMPLE,CC0_1_0,True,True,unknown,True,False,False,False,,,True
5729077023,efe230b2-0a42-41ec-b50a-f3c19ca4a99b,AU,-36.429603,148.865994,,MATERIAL_SAMPLE,CC0_1_0,True,True,unknown,True,False,False,False,,,True
5729076886,efe230b2-0a42-41ec-b50a-f3c19ca4a99b,AU,-36.287203,148.965667,,MATERIAL_SAMPLE,CC0_1_0,True,True,unknown,True,False,False,False,,,True
5729076593,efe230b2-0a42-41ec-b50a-f3c19ca4a99b,AU,-36.267561,149.087828,,MATERIAL_SAMPLE,CC0_1_0,True,True,unknown,True,False,False,False,,,True
5728910845,efe230b2-0a42-41ec-b50a-f3c19ca4a99b,AU,-35.371917,148.84465,,MATERIAL_SAMPLE,CC0_1_0,True,True,unknown,True,False,False,False,,,True
5728872878,efe230b2-0a42-41ec-b50a-f3c19ca4a99b,AU,-36.267561,149.087828,,MATERIAL_SAMPLE,CC0_1_0,True,True,unknown,True,True,False,False,,,False
5728872832,efe230b2-0a42-41ec-b50a-f3c19ca4a99b,AU,-36.223378,149.455342,,MATERIAL_SAMPLE,CC0_1_0,True,True,unknown,True,False,False,False,,,True
5728872656,efe230b2-0a42-41ec-b50a-f3c19ca4a99b,AU,-36.273092,149.11115,,MATERIAL_SAMPLE,CC0_1_0,True,True,unknown,True,False,False,False,,,True
5728833187,efe230b2-0a42-41ec-b50a-f3c19ca4a99b,AU,-42.889828,147.334713,,MATERIAL_SAMPLE,CC0_1_0,True,True,unknown,True,False,False,False,,,True
5728832982,efe230b2-0a42-41ec-b50a-f3c19ca4a99b,AU,-42.915483,147.338655,,MATERIAL_SAMPLE,CC0_1_0,True,True,unknown,True,False,False,False,,,True
5728812212,efe230b2-0a42-41ec-b50a-f3c19ca4a99b,AU,-34.734146,138.687703,,MATERIAL_SAMPLE,CC0_1_0,True,True,unknown,True,False,False,False,,,True
5728812065,efe230b2-0a42-41ec-b50a-f3c19ca4a99b,AU,-34.657643,138.705377,,MATERIAL_SAMPLE,CC0_1_0,True,True,unknown,True,False,False,False,,,True
5728723579,efe230b2-0a42-41ec-b50a-f3c19ca4a99b,AU,-35.164264,150.659444,,MATERIAL_SAMPLE,CC0_1_0,True,True,unknown,True,False,False,False,,,True
5728722247,efe230b2-0a42-41ec-b50a-f3c19ca4a99b,AQ,-66.41081,110.656503,,MATERIAL_SAMPLE,CC0_1_0,True,True,unknown,True,False,False,False,,,True
5728643931,efe230b2-0a42-41ec-b50a-f3c19ca4a99b,AU,-36.445069,148.710961,,MATERIAL_SAMPLE,CC0_1_0,True,True,unknown,True,False,False,False,,,True
5728643799,efe230b2-0a42-41ec-b50a-f3c19ca4a99b,AU,-36.226519,149.062625,,MATERIAL_SAMPLE,CC0_1_0,True,True,unknown,True,False,False,False,,,True
5728643663,efe230b2-0a42-41ec-b50a-f3c19ca4a99b,AU,-36.374722,148.849561,,MATERIAL_SAMPLE,CC0_1_0,True,True,unknown,True,False,False,False,,,True
5728641575,efe230b2-0a42-41ec-b50a-f3c19ca4a99b,AU,-32.56602,116.11913,,MATERIAL_SAMPLE,CC0_1_0,True,True,unknown,True,False,False,False,,,True
5728628531,efe230b2-0a42-41ec-b50a-f3c19ca4a99b,AU,-37.859157,145.899465,,MATERIAL_SAMPLE,CC0_1_0,True,True,unknown,True,False,False,False,,,True
5728548887,efe230b2-0a42-41ec-b50a-f3c19ca4a99b,AU,-42.865754,147.307337,,MATERIAL_SAMPLE,CC0_1_0,True,True,unknown,True,False,False,False,,,True
5728540615,efe230b2-0a42-41ec-b50a-f3c19ca4a99b,AU,-33.61158,150.72577,,MATERIAL_SAMPLE,CC0_1_0,True,True,unknown,True,False,False,False,,,True
5728520988,efe230b2-0a42-41ec-b50a-f3c19ca4a99b,AU,-32.56591,116.11904,,MATERIAL_SAMPLE,CC0_1_0,True,True,unknown,True,False,False,False,,,True
5728501383,efe230b2-0a42-41ec-b50a-f3c19ca4a99b,AU,-34.4036,150.84111,,MATERIAL_SAMPLE,CC0_1_0,True,True,unknown,True,True,False,False,,,False
5728477931,efe230b2-0a42-41ec-b50a-f3c19ca4a99b,AU,-32.99188,116.48699,,MATERIAL_SAMPLE,CC0_1_0,True,True,unknown,True,False,False,False,,,True
5728471986,efe230b2-0a42-41ec-b50a-f3c19ca4a99b,AU,-29.92177,115.29342,,MATERIAL_SAMPLE,CC0_1_0,True,True,unknown,True,False,False,False,,,True
5728468472,efe230b2-0a42-41ec-b50a-f3c19ca4a99b,AU,-42.55598,147.20049,,MATERIAL_SAMPLE,CC0_1_0,True,True,unknown,True,False,False,False,,,True
5728461727,efe230b2-0a42-41ec-b50a-f3c19ca4a99b,AU,-37.560059,145.572524,,MATERIAL_SAMPLE,CC0_1_0,True,True,unknown,True,False,False,False,,,True
5728440019,efe230b2-0a42-41ec-b50a-f3c19ca4a99b,AU,-35.091744,138.676234,,MATERIAL_SAMPLE,CC0_1_0,True,True,unknown,True,False,False,False,,,True
5728375323,efe230b2-0a42-41ec-b50a-f3c19ca4a99b,AU,-36.414758,148.845906,,MATERIAL_SAMPLE,CC0_1_0,True,True,unknown,True,False,False,False,,,True
5728347268,efe230b2-0a42-41ec-b50a-f3c19ca4a99b,AU,-36.407228,148.853128,,MATERIAL_SAMPLE,CC0_1_0,True,True,unknown,True,False,False,False,,,True
5728347177,efe230b2-0a42-41ec-b50a-f3c19ca4a99b,AU,-36.374722,148.849561,,MATERIAL_SAMPLE,CC0_1_0,True,True,unknown,True,True,False,False,,,False
5728347144,efe230b2-0a42-41ec-b50a-f3c19ca4a99b,AU,-36.878731,149.207533,,MATERIAL_SAMPLE,CC0_1_0,True,True,unknown,True,True,False,False,,,False
5728330327,efe230b2-0a42-41ec-b50a-f3c19ca4a99b,AU,-35.101999,138.650319,,MATERIAL_SAMPLE,CC0_1_0,True,True,unknown,True,False,False,False,,,True
5728297262,efe230b2-0a42-41ec-b50a-f3c19ca4a99b,AU,-34.616255,138.778137,,MATERIAL_SAMPLE,CC0_1_0,True,True,unknown,True,False,False,False,,,True
5728297187,efe230b2-0a42-41ec-b50a-f3c19ca4a99b,AU,-34.620188,138.782866,,MATERIAL_SAMPLE,CC0_1_0,True,True,unknown,True,False,False,False,,,True
5728237035,efe230b2-0a42-41ec-b50a-f3c19ca4a99b,AU,-35.101944,138.650715,,MATERIAL_SAMPLE,CC0_1_0,True,True,unknown,True,False,False,False,,,True
5728236987,efe230b2-0a42-41ec-b50a-f3c19ca4a99b,AU,-35.102142,138.650709,,MATERIAL_SAMPLE,CC0_1_0,True,True,unknown,True,False,False,False,,,True
5728207542,efe230b2-0a42-41ec-b50a-f3c19ca4a99b,AU,-34.403644,117.687632,,MATERIAL_SAMPLE,CC0_1_0,True,True,unknown,True,False,False,False,,,True
5728207508,efe230b2-0a42-41ec-b50a-f3c19ca4a99b,AU,-34.619163,117.15546,,MATERIAL_SAMPLE,CC0_1_0,True,True,unknown,True,False,False,False,,,True
5728206577,efe230b2-0a42-41ec-b50a-f3c19ca4a99b,AU,-36.386917,148.807681,,MATERIAL_SAMPLE,CC0_1_0,True,True,unknown,True,False,False,False,,,True
5728206445,efe230b2-0a42-41ec-b50a-f3c19ca4a99b,AU,-36.287203,148.965667,,MATERIAL_SAMPLE,CC0_1_0,True,True,unknown,True,True,False,False,,,False
5728206387,efe230b2-0a42-41ec-b50a-f3c19ca4a99b,AU,-36.223378,149.455342,,MATERIAL_SAMPLE,CC0_1_0,True,True,unknown,True,True,False,False,,,False
5728168276,efe230b2-0a42-41ec-b50a-f3c19ca4a99b,AU,-36.674536,149.335772,,MATERIAL_SAMPLE,CC0_1_0,True,True,unknown,True,False,False,False,,,True
5728144330,efe230b2-0a42-41ec-b50a-f3c19ca4a99b,AU,-35.876683,149.0097,,MATERIAL_SAMPLE,CC0_1_0,True,True,unknown,True,True,False,False,,,False
5728125414,efe230b2-0a42-41ec-b50a-f3c19ca4a99b,AU,-36.273092,149.11115,,MATERIAL_SAMPLE,CC0_1_0,True,True,unknown,True,True,False,False,,,False
5728114995,efe230b2-0a42-41ec-b50a-f3c19ca4a99b,AU,-34.4029,150.84216,,MATERIAL_SAMPLE,CC0_1_0,True,True,unknown,True,True,False,False,,,False
5728066602,efe230b2-0a42-41ec-b50a-f3c19ca4a99b,AU,-32.4029,150.27246,,MATERIAL_SAMPLE,CC0_1_0,True,True,unknown,True,False,False,False,,,True
5728045001,efe230b2-0a42-41ec-b50a-f3c19ca4a99b,AU,-35.091744,138.676234,,MATERIAL_SAMPLE,CC0_1_0,True,True,unknown,True,True,False,False,,,False
5728044712,efe230b2-0a42-41ec-b50a-f3c19ca4a99b,AU,-35.101999,138.650319,,MATERIAL_SAMPLE,CC0_1_0,True,True,unknown,True,True,False,False,,,False
5728026334,efe230b2-0a42-41ec-b50a-f3c19ca4a99b,AU,-32.874588,119.158039,,MATERIAL_SAMPLE,CC0_1_0,True,True,unknown,True,False,False,False,,,True
5728015694,efe230b2-0a42-41ec-b50a-f3c19ca4a99b,AU,-35.15914,150.636957,,MATERIAL_SAMPLE,CC0_1_0,True,True,unknown,True,False,False,False,,,True
5728015559,efe230b2-0a42-41ec-b50a-f3c19ca4a99b,AU,-35.164264,150.659444,,MATERIAL_SAMPLE,CC0_1_0,True,True,unknown,True,True,False,False,,,False
5728000776,efe230b2-0a42-41ec-b50a-f3c19ca4a99b,AU,-35.101944,138.650715,,MATERIAL_SAMPLE,CC0_1_0,True,True,unknown,True,True,False,False,,,False
5727999748,efe230b2-0a42-41ec-b50a-f3c19ca4a99b,AU,-33.62075,150.73423,,MATERIAL_SAMPLE,CC0_1_0,True,True,unknown,True,False,False,False,,,True
5727940453,efe230b2-0a42-41ec-b50a-f3c19ca4a99b,AU,-32.44232,115.788413,,MATERIAL_SAMPLE,CC0_1_0,True,True,unknown,True,False,False,False,,,True
5727894743,efe230b2-0a42-41ec-b50a-f3c19ca4a99b,AU,-28.143134,120.966131,,MATERIAL_SAMPLE,CC0_1_0,True,True,unknown,True,False,False,False,,,True
57278482,859d978a-f762-11e1-a439-00145eb45e9a,,,,,LIVING_SPECIMEN,CC_BY_4_0,True,False,unknown,True,False,False,False,,,False
5727846879,efe230b2-0a42-41ec-b50a-f3c19ca4a99b,AU,-16.103417,145.447883,,MATERIAL_SAMPLE,CC0_1_0,True,True,unknown,True,False,False,False,,,True
5727821760,efe230b2-0a42-41ec-b50a-f3c19ca4a99b,AU,-33.77004,150.86621,,MATERIAL_SAMPLE,CC0_1_0,True,True,unknown,True,False,False,False,,,True
5727821701,efe230b2-0a42-41ec-b50a-f3c19ca4a99b,AU,-34.0494,150.73213,,MATERIAL_SAMPLE,CC0_1_0,True,True,unknown,True,False,False,False,,,True
5727783974,efe230b2-0a42-41ec-b50a-f3c19ca4a99b,AU,-35.874817,149.01165,,MATERIAL_SAMPLE,CC0_1_0,True,True,unknown,True,False,False,False,,,True
5727783902,efe230b2-0a42-41ec-b50a-f3c19ca4a99b,AU,-35.874867,149.01088,,MATERIAL_SAMPLE,CC0_1_0,True,True,unknown,True,True,False,False,,,False
5727783511,efe230b2-0a42-41ec-b50a-f3c19ca4a99b,AU,-35.881,149.0076,,MATERIAL_SAMPLE,CC0_1_0,True,True,unknown,True,False,False,False,,,True
5727766480,efe230b2-0a42-41ec-b50a-f3c19ca4a99b,AU,-36.441819,148.865922,,MATERIAL_SAMPLE,CC0_1_0,True,True,unknown,True,False,False,False,,,True
5727758239,efe230b2-0a42-41ec-b50a-f3c19ca4a99b,AU,-36.429603,148.865994,,MATERIAL_SAMPLE,CC0_1_0,True,True,unknown,True,True,False,False,,,False
5727724531,efe230b2-0a42-41ec-b50a-f3c19ca4a99b,AU,-30.111883,115.258517,,MATERIAL_SAMPLE,CC0_1_0,True,True,unknown,True,False,False,False,,,True
5727701511,efe230b2-0a42-41ec-b50a-f3c19ca4a99b,AU,-35.874867,149.01088,,MATERIAL_SAMPLE,CC0_1_0,True,True,unknown,True,True,False,False,,,False
5727640788,efe230b2-0a42-41ec-b50a-f3c19ca4a99b,AU,-32.93388,116.42781,,MATERIAL_SAMPLE,CC0_1_0,True,True,unknown,True,True,False,False,,,False
5727639263,efe230b2-0a42-41ec-b50a-f3c19ca4a99b,AU,-34.087694,119.406333,,MATERIAL_SAMPLE,CC0_1_0,True,True,unknown,True,False,False,False,,,True
5727610493,efe230b2-0a42-41ec-b50a-f3c19ca4a99b,AU,-37.55702,145.549464,,MATERIAL_SAMPLE,CC0_1_0,True,True,unknown,True,False,False,False,,,True
5727606854,efe230b2-0a42-41ec-b50a-f3c19ca4a99b,AU,-35.607278,148.929694,,MATERIAL_SAMPLE,CC0_1_0,True,True,unknown,True,False,False,False,,,True
5727575864,efe230b2-0a42-41ec-b50a-f3c19ca4a99b,AU,-37.847078,145.903168,,MATERIAL_SAMPLE,CC0_1_0,True,True,unknown,True,False,False,False,,,True
5727575744,efe230b2-0a42-41ec-b50a-f3c19ca4a99b,AU,-37.847345,145.903778,,MATERIAL_SAMPLE,CC0_1_0,True,True,unknown,True,False,False,False,,,True
5727569191,efe230b2-0a42-41ec-b50a-f3c19ca4a99b,AU,-35.422733,148.795317,,MATERIAL_SAMPLE,CC0_1_0,True,True,unknown,True,False,False,False,,,True
5727564892,efe230b2-0a42-41ec-b50a-f3c19ca4a99b,AU,-35.4463,148.78455,,MATERIAL_SAMPLE,CC0_1_0,True,True,unknown,True,False,False,False,,,True
5727564565,efe230b2-0a42-41ec-b50a-f3c19ca4a99b,AU,-35.601567,148.950867,,MATERIAL_SAMPLE,CC0_1_0,True,True,unknown,True,False,False,False,,,True
5727541137,efe230b2-0a42-41ec-b50a-f3c19ca4a99b,AU,-36.280297,148.947464,,MATERIAL_SAMPLE,CC0_1_0,True,True,unknown,True,False,False,False,,,True
5727514658,efe230b2-0a42-41ec-b50a-f3c19ca4a99b,AU,-35.876933,149.01025,,MATERIAL_SAMPLE,CC0_1_0,True,True,unknown,True,False,False,False,,,True
5727501247,efe230b2-0a42-41ec-b50a-f3c19ca4a99b,AU,-12.7805,143.31325,,MATERIAL_SAMPLE,CC0_1_0,True,True,unknown,True,False,False,False,,,True
5727500134,efe230b2-0a42-41ec-b50a-f3c19ca4a99b,AU,-35.881,149.0076,,MATERIAL_SAMPLE,CC0_1_0,True,True,unknown,True,True,False,False,,,False
5727495956,efe230b2-0a42-41ec-b50a-f3c19ca4a99b,AU,-29.85744,115.30768,,MATERIAL_SAMPLE,CC0_1_0,True,True,unknown,True,False,False,False,,,True
5727488593,efe230b2-0a42-41ec-b50a-f3c19ca4a99b,AU,-35.876933,149.01025,,MATERIAL_SAMPLE,CC0_1_0,True,True,unknown,True,True,False,False,,,False
5727488459,efe230b2-0a42-41ec-b50a-f3c19ca4a99b,AU,-35.876933,149.01025,,MATERIAL_SAMPLE,CC0_1_0,True,True,unknown,True,True,False,False,,,False
5727475227,efe230b2-0a42-41ec-b50a-f3c19ca4a99b,AU,-35.4502,148.7826,,MATERIAL_SAMPLE,CC0_1_0,True,True,unknown,True,False,False,False,,,True
5727474997,efe230b2-0a42-41ec-b50a-f3c19ca4a99b,AU,-35.422733,148.795317,,MATERIAL_SAMPLE,CC0_1_0,True,True,unknown,True,True,False,False,,,False
5727465398,efe230b2-0a42-41ec-b50a-f3c19ca4a99b,AU,-35.431,148.80225,,MATERIAL_SAMPLE,CC0_1_0,True,True,unknown,True,False,False,False,,,True
5727460809,efe230b2-0a42-41ec-b50a-f3c19ca4a99b,AU,-34.04879,150.73224,,MATERIAL_SAMPLE,CC0_1_0,True,True,unknown,True,False,False,False,,,True
5727444183,efe230b2-0a42-41ec-b50a-f3c19ca4a99b,AU,-35.431,148.80225,,MATERIAL_SAMPLE,CC0_1_0,True,True,unknown,True,True,False,False,,,False
5727438344,efe230b2-0a42-41ec-b50a-f3c19ca4a99b,AU,-27.387599,152.878317,,MATERIAL_SAMPLE,CC0_1_0,True,True,unknown,True,False,False,False,,,True
5727438316,efe230b2-0a42-41ec-b50a-f3c19ca4a99b,AU,-17.1036,145.61195,,MATERIAL_SAMPLE,CC0_1_0,True,True,unknown,True,False,False,False,,,True
5727357995,efe230b2-0a42-41ec-b50a-f3c19ca4a99b,AU,-33.9142,138.6038,,MATERIAL_SAMPLE,CC0_1_0,True,True,unknown,True,False,False,False,,,True
5727347772,efe230b2-0a42-41ec-b50a-f3c19ca4a99b,AU,-34.087694,119.406333,,MATERIAL_SAMPLE,CC0_1_0,True,True,unknown,True,True,False,False,,,False
5727302989,efe230b2-0a42-41ec-b50a-f3c19ca4a99b,AU,-34.88076,138.7083,,MATERIAL_SAMPLE,CC0_1_0,True,True,unknown,True,False,False,False,,,True
5727293087,efe230b2-0a42-41ec-b50a-f3c19ca4a99b,AU,-35.5655,148.7831,,MATERIAL_SAMPLE,CC0_1_0,True,True,unknown,True,False,False,False,,,True
5727267584,efe230b2-0a42-41ec-b50a-f3c19ca4a99b,AU,-35.4502,148.7826,,MATERIAL_SAMPLE,CC0_1_0,True,True,unknown,True,True,False,False,,,False
5727259537,efe230b2-0a42-41ec-b50a-f3c19ca4a99b,AU,-15.258583,132.370453,,MATERIAL_SAMPLE,CC0_1_0,True,True,unknown,True,False,False,False,,,True
5727227099,efe230b2-0a42-41ec-b50a-f3c19ca4a99b,AU,-43.097637,146.683175,,MATERIAL_SAMPLE,CC0_1_0,True,True,unknown,True,True,False,False,,,False
5727223545,efe230b2-0a42-41ec-b50a-f3c19ca4a99b,AU,-33.856778,119.161556,,MATERIAL_SAMPLE,CC0_1_0,True,True,unknown,True,False,False,False,,,True
5727198949,efe230b2-0a42-41ec-b50a-f3c19ca4a99b,AU,-37.650668,145.820751,,MATERIAL_SAMPLE,CC0_1_0,True,True,unknown,True,False,False,False,,,True
5727185298,efe230b2-0a42-41ec-b50a-f3c19ca4a99b,AU,-37.813164,145.800642,,MATERIAL_SAMPLE,CC0_1_0,True,True,unknown,True,False,False,False,,,True
5727126219,efe230b2-0a42-41ec-b50a-f3c19ca4a99b,AU,-23.82285,148.25978,,MATERIAL_SAMPLE,CC0_1_0,True,True,unknown,True,False,False,False,,,True
5727113352,efe230b2-0a42-41ec-b50a-f3c19ca4a99b,AU,-12.78149,143.31107,,MATERIAL_SAMPLE,CC0_1_0,True,True,unknown,True,False,False,False,,,True
5727108629,efe230b2-0a42-41ec-b50a-f3c19ca4a99b,AU,-22.282754,133.249341,,MATERIAL_SAMPLE,CC0_1_0,True,True,unknown,True,False,False,False,,,True
5727097533,efe230b2-0a42-41ec-b50a-f3c19ca4a99b,AU,-33.688361,119.761694,,MATERIAL_SAMPLE,CC0_1_0,True,True,unknown,True,True,False,False,,,False
5727097503,efe230b2-0a42-41ec-b50a-f3c19ca4a99b,AU,-33.809528,119.434528,,MATERIAL_SAMPLE,CC0_1_0,True,True,unknown,True,False,False,False,,,True
5727043958,efe230b2-0a42-41ec-b50a-f3c19ca4a99b,AU,-32.56591,116.11904,,MATERIAL_SAMPLE,CC0_1_0,True,True,unknown,True,True,False,False,,,False
5726985356,efe230b2-0a42-41ec-b50a-f3c19ca4a99b,AU,-33.809528,119.434528,,MATERIAL_SAMPLE,CC0_1_0,True,True,unknown,True,True,False,False,,,False
5726886651,efe230b2-0a42-41ec-b50a-f3c19ca4a99b,AU,-38.474784,144.933751,,MATERIAL_SAMPLE,CC0_1_0,True,True,unknown,True,False,False,False,,,True
5726870485,efe230b2-0a42-41ec-b50a-f3c19ca4a99b,AU,-13.179121,130.794355,,MATERIAL_SAMPLE,CC0_1_0,True,True,unknown,True,False,False,False,,,True
5726817779,efe230b2-0a42-41ec-b50a-f3c19ca4a99b,AU,-18.65067,146.15472,,MATERIAL_SAMPLE,CC0_1_0,True,True,unknown,True,False,False,False,,,True
5726817621,efe230b2-0a42-41ec-b50a-f3c19ca4a99b,AU,-33.73046,151.10237,,MATERIAL_SAMPLE,CC0_1_0,True,True,unknown,True,False,False,False,,,True
5726817563,efe230b2-0a42-41ec-b50a-f3c19ca4a99b,AU,-33.65373,150.74562,,MATERIAL_SAMPLE,CC0_1_0,True,True,unknown,True,False,False,False,,,True
5726807968,efe230b2-0a42-41ec-b50a-f3c19ca4a99b,AU,-33.65123,150.79839,,MATERIAL_SAMPLE,CC0_1_0,True,True,unknown,True,False,False,False,,,True
5726753133,efe230b2-0a42-41ec-b50a-f3c19ca4a99b,AU,-37.648942,145.815847,,MATERIAL_SAMPLE,CC0_1_0,True,True,unknown,True,False,False,False,,,True
5726753032,efe230b2-0a42-41ec-b50a-f3c19ca4a99b,AU,-37.805598,145.866614,,MATERIAL_SAMPLE,CC0_1_0,True,True,unknown,True,True,False,False,,,False
5726703869,efe230b2-0a42-41ec-b50a-f3c19ca4a99b,AU,-42.782137,147.251047,,MATERIAL_SAMPLE,CC0_1_0,True,True,unknown,True,False,False,False,,,True
5726701683,efe230b2-0a42-41ec-b50a-f3c19ca4a99b,AU,-27.386111,152.878872,,MATERIAL_SAMPLE,CC0_1_0,True,True,unknown,True,False,False,False,,,True
5726686946,efe230b2-0a42-41ec-b50a-f3c19ca4a99b,AU,-33.62103,150.73385,,MATERIAL_SAMPLE,CC0_1_0,True,True,unknown,True,False,False,False,,,True
5726676218,efe230b2-0a42-41ec-b50a-f3c19ca4a99b,AU,-15.258583,132.370453,,MATERIAL_SAMPLE,CC0_1_0,True,True,unknown,True,True,False,False,,,False
5726591233,efe230b2-0a42-41ec-b50a-f3c19ca4a99b,AU,-33.659823,150.265414,,MATERIAL_SAMPLE,CC0_1_0,True,True,unknown,True,False,False,False,,,True
5726580487,efe230b2-0a42-41ec-b50a-f3c19ca4a99b,AU,-32.91866,116.44543,,MATERIAL_SAMPLE,CC0_1_0,True,True,unknown,True,False,False,False,,,True
5726545145,efe230b2-0a42-41ec-b50a-f3c19ca4a99b,AU,-18.65067,146.15472,,MATERIAL_SAMPLE,CC0_1_0,True,True,unknown,True,True,False,False,,,False
5726530341,efe230b2-0a42-41ec-b50a-f3c19ca4a99b,AU,-34.381083,119.341278,,MATERIAL_SAMPLE,CC0_1_0,True,True,unknown,True,False,False,False,,,True
5726518883,efe230b2-0a42-41ec-b50a-f3c19ca4a99b,AQ,-68.578682,78.00521,,MATERIAL_SAMPLE,CC0_1_0,True,True,unknown,True,False,False,False,,,True
5726448079,efe230b2-0a42-41ec-b50a-f3c19ca4a99b,AU,-33.6479,150.31919,,MATERIAL_SAMPLE,CC0_1_0,True,True,unknown,True,False,False,False,,,True
5726445449,efe230b2-0a42-41ec-b50a-f3c19ca4a99b,AU,-33.79639,150.67021,,MATERIAL_SAMPLE,CC0_1_0,True,True,unknown,True,False,False,False,,,True
5726416651,efe230b2-0a42-41ec-b50a-f3c19ca4a99b,AU,-36.27875,148.960158,,MATERIAL_SAMPLE,CC0_1_0,True,True,unknown,True,False,False,False,,,True
5726407181,efe230b2-0a42-41ec-b50a-f3c19ca4a99b,AU,-33.73623,151.15686,,MATERIAL_SAMPLE,CC0_1_0,True,True,unknown,True,False,False,False,,,True
5726359582,efe230b2-0a42-41ec-b50a-f3c19ca4a99b,AU,-12.50916,135.81029,,MATERIAL_SAMPLE,CC0_1_0,True,True,unknown,True,False,False,False,,,True
5726290367,efe230b2-0a42-41ec-b50a-f3c19ca4a99b,AU,-36.301164,148.822417,,MATERIAL_SAMPLE,CC0_1_0,True,True,unknown,True,False,False,False,,,True
5726225284,efe230b2-0a42-41ec-b50a-f3c19ca4a99b,AU,-36.346125,148.870064,,MATERIAL_SAMPLE,CC0_1_0,True,True,unknown,True,False,False,False,,,True
5726225099,efe230b2-0a42-41ec-b50a-f3c19ca4a99b,AU,-36.445069,148.710961,,MATERIAL_SAMPLE,CC0_1_0,True,True,unknown,True,True,False,False,,,False
5726192188,efe230b2-0a42-41ec-b50a-f3c19ca4a99b,AU,-32.52362,116.17192,,MATERIAL_SAMPLE,CC0_1_0,True,True,unknown,True,False,False,False,,,True
5726149327,efe230b2-0a42-41ec-b50a-f3c19ca4a99b,AU,-34.85649,147.34673,,MATERIAL_SAMPLE,CC0_1_0,True,True,unknown,True,False,False,False,,,True
5726149302,efe230b2-0a42-41ec-b50a-f3c19ca4a99b,AU,-35.01125,142.19247,,MATERIAL_SAMPLE,CC0_1_0,True,True,unknown,True,False,False,False,,,True
5726118887,efe230b2-0a42-41ec-b50a-f3c19ca4a99b,AU,-32.53369,116.1582,,MATERIAL_SAMPLE,CC0_1_0,True,True,unknown,True,False,False,False,,,True
5726019046,efe230b2-0a42-41ec-b50a-f3c19ca4a99b,AU,-35.81581,143.90501,,MATERIAL_SAMPLE,CC0_1_0,True,True,unknown,True,False,False,False,,,True
5725944597,efe230b2-0a42-41ec-b50a-f3c19ca4a99b,AU,-42.0578,148.3021,,MATERIAL_SAMPLE,CC0_1_0,True,True,unknown,True,False,False,False,,,True
5725927721,efe230b2-0a42-41ec-b50a-f3c19ca4a99b,CX,-10.483507,105.644313,,MATERIAL_SAMPLE,CC0_1_0,True,True,unknown,True,False,False,False,,,True
5725927704,efe230b2-0a42-41ec-b50a-f3c19ca4a99b,CX,-10.488053,105.66671,,MATERIAL_SAMPLE,CC0_1_0,True,True,unknown,True,False,False,False,,,True
5725923148,efe230b2-0a42-41ec-b50a-f3c19ca4a99b,AU,-33.74775,151.04044,,MATERIAL_SAMPLE,CC0_1_0,True,True,unknown,True,False,False,False,,,True
5725914350,efe230b2-0a42-41ec-b50a-f3c19ca4a99b,AU,-32.88975,116.43892,,MATERIAL_SAMPLE,CC0_1_0,True,True,unknown,True,False,False,False,,,True
5725884382,efe230b2-0a42-41ec-b50a-f3c19ca4a99b,AU,-42.898526,147.309888,,MATERIAL_SAMPLE,CC0_1_0,True,True,unknown,True,False,False,False,,,True
5725858775,efe230b2-0a42-41ec-b50a-f3c19ca4a99b,AU,-37.55702,145.549464,,MATERIAL_SAMPLE,CC0_1_0,True,True,unknown,True,True,False,False,,,False
5725840282,efe230b2-0a42-41ec-b50a-f3c19ca4a99b,AU,-32.91668,116.45506,,MATERIAL_SAMPLE,CC0_1_0,True,True,unknown,True,False,False,False,,,True
5725828677,efe230b2-0a42-41ec-b50a-f3c19ca4a99b,CX,-10.489,105.57078,,MATERIAL_SAMPLE,CC0_1_0,True,True,unknown,True,True,False,False,,,False
5725823697,efe230b2-0a42-41ec-b50a-f3c19ca4a99b,AU,-33.609,138.83405,,MATERIAL_SAMPLE,CC0_1_0,True,True,unknown,True,False,False,False,,,True
5725807307,efe230b2-0a42-41ec-b50a-f3c19ca4a99b,AU,-33.659823,150.265414,,MATERIAL_SAMPLE,CC0_1_0,True,True,unknown,True,True,False,False,,,False
5725796648,efe230b2-0a42-41ec-b50a-f3c19ca4a99b,AU,-14.224496,136.703332,,MATERIAL_SAMPLE,CC0_1_0,True,True,unknown,True,False,False,False,,,True
5725749239,efe230b2-0a42-41ec-b50a-f3c19ca4a99b,AU,-33.2204,150.02722,,MATERIAL_SAMPLE,CC0_1_0,True,True,unknown,True,False,False,False,,,True
5725631550,efe230b2-0a42-41ec-b50a-f3c19ca4a99b,AU,-37.535389,145.508946,,MATERIAL_SAMPLE,CC0_1_0,True,True,unknown,True,False,False,False,,,True
5725631304,efe230b2-0a42-41ec-b50a-f3c19ca4a99b,AU,-37.80073,145.838735,,MATERIAL_SAMPLE,CC0_1_0,True,True,unknown,True,False,False,False,,,True
5725557926,efe230b2-0a42-41ec-b50a-f3c19ca4a99b,AU,-37.84693,145.902761,,MATERIAL_SAMPLE,CC0_1_0,True,True,unknown,True,False,False,False,,,True
5725535157,efe230b2-0a42-41ec-b50a-f3c19ca4a99b,AU,-42.998045,147.317363,,MATERIAL_SAMPLE,CC0_1_0,True,True,unknown,True,False,False,False,,,True
5725412541,efe230b2-0a42-41ec-b50a-f3c19ca4a99b,AU,-36.27875,148.960158,,MATERIAL_SAMPLE,CC0_1_0,True,True,unknown,True,True,False,False,,,False
5725378543,efe230b2-0a42-41ec-b50a-f3c19ca4a99b,AU,-42.105769,148.336683,,MATERIAL_SAMPLE,CC0_1_0,True,True,unknown,True,False,False,False,,,True
5725336485,efe230b2-0a42-41ec-b50a-f3c19ca4a99b,AU,-37.80073,145.838735,,MATERIAL_SAMPLE,CC0_1_0,True,True,unknown,True,True,False,False,,,False
5725278561,efe230b2-0a42-41ec-b50a-f3c19ca4a99b,AU,-36.44835,148.717181,,MATERIAL_SAMPLE,CC0_1_0,True,True,unknown,True,True,False,False,,,False
5725278533,efe230b2-0a42-41ec-b50a-f3c19ca4a99b,AU,-36.429794,148.863797,,MATERIAL_SAMPLE,CC0_1_0,True,True,unknown,True,False,False,False,,,True
5725278478,efe230b2-0a42-41ec-b50a-f3c19ca4a99b,AU,-42.892565,147.335685,,MATERIAL_SAMPLE,CC0_1_0,True,True,unknown,True,False,False,False,,,True
5725278379,efe230b2-0a42-41ec-b50a-f3c19ca4a99b,AU,-42.901611,147.314681,,MATERIAL_SAMPLE,CC0_1_0,True,True,unknown,True,False,False,False,,,True
5725268723,efe230b2-0a42-41ec-b50a-f3c19ca4a99b,AU,-37.84693,145.902761,,MATERIAL_SAMPLE,CC0_1_0,True,True,unknown,True,True,False,False,,,False
5725267673,efe230b2-0a42-41ec-b50a-f3c19ca4a99b,AU,-32.9151,116.43416,,MATERIAL_SAMPLE,CC0_1_0,True,True,unknown,True,False,False,False,,,True
5725258593,efe230b2-0a42-41ec-b50a-f3c19ca4a99b,AU,-33.728389,119.722139,,MATERIAL_SAMPLE,CC0_1_0,True,True,unknown,True,True,False,False,,,False
5725253999,efe230b2-0a42-41ec-b50a-f3c19ca4a99b,AU,-36.297947,148.960614,,MATERIAL_SAMPLE,CC0_1_0,True,True,unknown,True,True,False,False,,,False
5725253632,efe230b2-0a42-41ec-b50a-f3c19ca4a99b,AU,-36.542064,148.979397,,MATERIAL_SAMPLE,CC0_1_0,True,True,unknown,True,False,False,False,,,True
5725253497,efe230b2-0a42-41ec-b50a-f3c19ca4a99b,AU,-36.301164,148.822417,,MATERIAL_SAMPLE,CC0_1_0,True,True,unknown,True,True,False,False,,,False
5725233001,efe230b2-0a42-41ec-b50a-f3c19ca4a99b,AU,-32.92279,116.44985,,MATERIAL_SAMPLE,CC0_1_0,True,True,unknown,True,False,False,False,,,True
5725200715,efe230b2-0a42-41ec-b50a-f3c19ca4a99b,AU,-36.523397,149.304275,,MATERIAL_SAMPLE,CC0_1_0,True,True,unknown,True,False,False,False,,,True
5725200582,efe230b2-0a42-41ec-b50a-f3c19ca4a99b,AU,-42.985238,147.312254,,MATERIAL_SAMPLE,CC0_1_0,True,True,unknown,True,False,False,False,,,True
5725200344,efe230b2-0a42-41ec-b50a-f3c19ca4a99b,AU,-36.407228,148.853128,,MATERIAL_SAMPLE,CC0_1_0,True,True,unknown,True,True,False,False,,,False
5725127292,efe230b2-0a42-41ec-b50a-f3c19ca4a99b,AU,-36.303347,148.819186,,MATERIAL_SAMPLE,CC0_1_0,True,True,unknown,True,False,False,False,,,True
5725126640,efe230b2-0a42-41ec-b50a-f3c19ca4a99b,AU,-32.9151,116.43416,,MATERIAL_SAMPLE,CC0_1_0,True,True,unknown,True,True,False,False,,,False
5725107758,efe230b2-0a42-41ec-b50a-f3c19ca4a99b,AU,-33.652818,150.268179,,MATERIAL_SAMPLE,CC0_1_0,True,True,unknown,True,True,False,False,,,False
5725090956,efe230b2-0a42-41ec-b50a-f3c19ca4a99b,AU,-36.440558,148.869222,,MATERIAL_SAMPLE,CC0_1_0,True,True,unknown,True,True,False,False,,,False
5725090844,efe230b2-0a42-41ec-b50a-f3c19ca4a99b,AU,-36.149825,149.144725,,MATERIAL_SAMPLE,CC0_1_0,True,True,unknown,True,False,False,False,,,True
5725087247,efe230b2-0a42-41ec-b50a-f3c19ca4a99b,AU,-32.92279,116.44985,,MATERIAL_SAMPLE,CC0_1_0,True,True,unknown,True,True,False,False,,,False
5724826561,efe230b2-0a42-41ec-b50a-f3c19ca4a99b,AU,-33.77502,150.85921,,MATERIAL_SAMPLE,CC0_1_0,True,True,unknown,True,False,False,False,,,True
5724763682,efe230b2-0a42-41ec-b50a-f3c19ca4a99b,AU,-37.522572,145.557441,,MATERIAL_SAMPLE,CC0_1_0,True,True,unknown,True,False,False,False,,,True
5724763620,efe230b2-0a42-41ec-b50a-f3c19ca4a99b,AU,-37.794544,145.841171,,MATERIAL_SAMPLE,CC0_1_0,True,True,unknown,True,False,False,False,,,True
5724763440,efe230b2-0a42-41ec-b50a-f3c19ca4a99b,AU,-37.846614,145.90363,,MATERIAL_SAMPLE,CC0_1_0,True,True,unknown,True,True,False,False,,,False
5724745257,efe230b2-0a42-41ec-b50a-f3c19ca4a99b,AU,-37.679516,145.679384,,MATERIAL_SAMPLE,CC0_1_0,True,True,unknown,True,False,False,False,,,True
5724739304,efe230b2-0a42-41ec-b50a-f3c19ca4a99b,AU,-33.3731,151.3333,,MATERIAL_SAMPLE,CC0_1_0,True,True,unknown,True,False,False,False,,,True
5724731027,efe230b2-0a42-41ec-b50a-f3c19ca4a99b,AU,-42.860117,147.282644,,MATERIAL_SAMPLE,CC0_1_0,True,True,unknown,True,False,False,False,,,True
5724668009,efe230b2-0a42-41ec-b50a-f3c19ca4a99b,AU,-32.92646,116.47172,,MATERIAL_SAMPLE,CC0_1_0,True,True,unknown,True,False,False,False,,,True
5724648505,efe230b2-0a42-41ec-b50a-f3c19ca4a99b,AU,-33.652818,150.268179,,MATERIAL_SAMPLE,CC0_1_0,True,True,unknown,True,True,False,False,,,False
5724648439,efe230b2-0a42-41ec-b50a-f3c19ca4a99b,AU,-33.659823,150.265414,,MATERIAL_SAMPLE,CC0_1_0,True,True,unknown,True,True,False,False,,,False
5724593232,efe230b2-0a42-41ec-b50a-f3c19ca4a99b,AU,-36.543678,148.977022,,MATERIAL_SAMPLE,CC0_1_0,True,True,unknown,True,False,False,False,,,True
5724593144,efe230b2-0a42-41ec-b50a-f3c19ca4a99b,AU,-36.323444,148.831222,,MATERIAL_SAMPLE,CC0_1_0,True,True,unknown,True,False,False,False,,,True
5724593106,efe230b2-0a42-41ec-b50a-f3c19ca4a99b,AU,-36.272572,149.087528,,MATERIAL_SAMPLE,CC0_1_0,True,True,unknown,True,False,False,False,,,True
5724541109,efe230b2-0a42-41ec-b50a-f3c19ca4a99b,AU,-36.346125,148.870064,,MATERIAL_SAMPLE,CC0_1_0,True,True,unknown,True,True,False,False,,,False
5724540798,efe230b2-0a42-41ec-b50a-f3c19ca4a99b,AU,-36.414758,148.845906,,MATERIAL_SAMPLE,CC0_1_0,True,True,unknown,True,True,False,False,,,False
5724474526,efe230b2-0a42-41ec-b50a-f3c19ca4a99b,AU,-33.3731,151.3333,,MATERIAL_SAMPLE,CC0_1_0,True,True,unknown,True,True,False,False,,,False
5724391173,efe230b2-0a42-41ec-b50a-f3c19ca4a99b,AU,-37.824785,145.878728,,MATERIAL_SAMPLE,CC0_1_0,True,True,unknown,True,False,False,False,,,True
5724391136,efe230b2-0a42-41ec-b50a-f3c19ca4a99b,AU,-37.51566,145.54437,,MATERIAL_SAMPLE,CC0_1_0,True,True,unknown,True,False,False,False,,,True
5724363368,efe230b2-0a42-41ec-b50a-f3c19ca4a99b,AU,-36.249064,148.942142,,MATERIAL_SAMPLE,CC0_1_0,True,True,unknown,True,False,False,False,,,True
5724346335,efe230b2-0a42-41ec-b50a-f3c19ca4a99b,AU,-37.847345,145.903778,,MATERIAL_SAMPLE,CC0_1_0,True,True,unknown,True,True,False,False,,,False
5724344554,efe230b2-0a42-41ec-b50a-f3c19ca4a99b,AU,-33.61007,150.71983,,MATERIAL_SAMPLE,CC0_1_0,True,True,unknown,True,False,False,False,,,True
5724311299,efe230b2-0a42-41ec-b50a-f3c19ca4a99b,AU,-42.892565,147.335685,,MATERIAL_SAMPLE,CC0_1_0,True,True,unknown,True,True,False,False,,,False
5724305239,efe230b2-0a42-41ec-b50a-f3c19ca4a99b,AU,-36.149825,149.144725,,MATERIAL_SAMPLE,CC0_1_0,True,True,unknown,True,True,False,False,,,False
5724236774,efe230b2-0a42-41ec-b50a-f3c19ca4a99b,AU,-35.091696,138.654574,,MATERIAL_SAMPLE,CC0_1_0,True,True,unknown,True,False,False,False,,,True
5724178913,efe230b2-0a42-41ec-b50a-f3c19ca4a99b,AU,-34.692037,138.666994,,MATERIAL_SAMPLE,CC0_1_0,True,True,unknown,True,False,False,False,,,True
5723951729,efe230b2-0a42-41ec-b50a-f3c19ca4a99b,AU,-31.5109,145.79996,,MATERIAL_SAMPLE,CC0_1_0,True,True,unknown,True,False,False,False,,,True
5723894692,efe230b2-0a42-41ec-b50a-f3c19ca4a99b,CX,-10.483507,105.644313,,MATERIAL_SAMPLE,CC0_1_0,True,True,unknown,True,True,False,False,,,False
5723894671,efe230b2-0a42-41ec-b50a-f3c19ca4a99b,CX,-10.495855,105.566286,,MATERIAL_SAMPLE,CC0_1_0,True,True,unknown,True,False,False,False,,,True
5723894186,efe230b2-0a42-41ec-b50a-f3c19ca4a99b,AU,-36.249064,148.942142,,MATERIAL_SAMPLE,CC0_1_0,True,True,unknown,True,True,False,False,,,False
5723894033,efe230b2-0a42-41ec-b50a-f3c19ca4a99b,AU,-36.376925,148.851372,,MATERIAL_SAMPLE,CC0_1_0,True,True,unknown,True,False,False,False,,,True
5723867767,efe230b2-0a42-41ec-b50a-f3c19ca4a99b,AU,-29.91327,115.28867,,MATERIAL_SAMPLE,CC0_1_0,True,True,unknown,True,False,False,False,,,True
5723809179,efe230b2-0a42-41ec-b50a-f3c19ca4a99b,AU,-42.889744,147.336126,,MATERIAL_SAMPLE,CC0_1_0,True,True,unknown,True,False,False,False,,,True
5723809163,efe230b2-0a42-41ec-b50a-f3c19ca4a99b,AU,-42.898545,147.306201,,MATERIAL_SAMPLE,CC0_1_0,True,True,unknown,True,False,False,False,,,True
5723686373,efe230b2-0a42-41ec-b50a-f3c19ca4a99b,CX,-10.481298,105.573851,,MATERIAL_SAMPLE,CC0_1_0,True,True,unknown,True,False,False,False,,,True
5723686335,efe230b2-0a42-41ec-b50a-f3c19ca4a99b,CX,-10.477036,105.645465,,MATERIAL_SAMPLE,CC0_1_0,True,True,unknown,True,False,False,False,,,True
5723579865,efe230b2-0a42-41ec-b50a-f3c19ca4a99b,AU,-34.719469,138.698661,,MATERIAL_SAMPLE,CC0_1_0,True,True,unknown,True,False,False,False,,,True
5723215353,efe230b2-0a42-41ec-b50a-f3c19ca4a99b,AU,-36.136358,149.131419,,MATERIAL_SAMPLE,CC0_1_0,True,True,unknown,True,False,False,False,,,True
5723215301,efe230b2-0a42-41ec-b50a-f3c19ca4a99b,AU,-36.280297,148.947464,,MATERIAL_SAMPLE,CC0_1_0,True,True,unknown,True,True,False,False,,,False
5723173196,efe230b2-0a42-41ec-b50a-f3c19ca4a99b,AU,-36.386917,148.807681,,MATERIAL_SAMPLE,CC0_1_0,True,True,unknown,True,True,False,False,,,False
5723135522,efe230b2-0a42-41ec-b50a-f3c19ca4a99b,AU,-37.866399,145.904826,,MATERIAL_SAMPLE,CC0_1_0,True,True,unknown,True,False,False,False,,,True
5723135403,efe230b2-0a42-41ec-b50a-f3c19ca4a99b,AU,-37.794544,145.841171,,MATERIAL_SAMPLE,CC0_1_0,True,True,unknown,True,True,False,False,,,False
5723119623,efe230b2-0a42-41ec-b50a-f3c19ca4a99b,CX,-10.416296,105.654883,,MATERIAL_SAMPLE,CC0_1_0,True,True,unknown,True,False,False,False,,,True
5723070167,efe230b2-0a42-41ec-b50a-f3c19ca4a99b,AU,-29.87544,115.26918,,MATERIAL_SAMPLE,CC0_1_0,True,True,unknown,True,False,False,False,,,True
5723070124,efe230b2-0a42-41ec-b50a-f3c19ca4a99b,AU,-29.9337,115.2729,,MATERIAL_SAMPLE,CC0_1_0,True,True,unknown,True,False,False,False,,,True
5722946328,efe230b2-0a42-41ec-b50a-f3c19ca4a99b,AU,-36.471972,148.920297,,MATERIAL_SAMPLE,CC0_1_0,True,True,unknown,True,False,False,False,,,True
5722925469,efe230b2-0a42-41ec-b50a-f3c19ca4a99b,AU,-30.20177,149.596752,,MATERIAL_SAMPLE,CC0_1_0,True,True,unknown,True,False,False,False,,,True
5722890831,efe230b2-0a42-41ec-b50a-f3c19ca4a99b,AU,-35.102142,138.650709,,MATERIAL_SAMPLE,CC0_1_0,True,True,unknown,True,True,False,False,,,False
5722871169,efe230b2-0a42-41ec-b50a-f3c19ca4a99b,AU,-31.713629,115.760781,,MATERIAL_SAMPLE,CC0_1_0,True,True,unknown,True,False,False,False,,,True
5722829933,efe230b2-0a42-41ec-b50a-f3c19ca4a99b,AU,-31.4117,115.612736,,MATERIAL_SAMPLE,CC0_1_0,True,True,unknown,True,False,False,False,,,True
5722740024,efe230b2-0a42-41ec-b50a-f3c19ca4a99b,AU,-33.578844,150.364634,,MATERIAL_SAMPLE,CC0_1_0,True,True,unknown,True,False,False,False,,,True
5722567131,efe230b2-0a42-41ec-b50a-f3c19ca4a99b,AU,-36.232858,149.085244,,MATERIAL_SAMPLE,CC0_1_0,True,True,unknown,True,False,False,False,,,True
5722433445,efe230b2-0a42-41ec-b50a-f3c19ca4a99b,AU,-37.828049,145.778368,,MATERIAL_SAMPLE,CC0_1_0,True,True,unknown,True,True,False,False,,,False
5722410033,efe230b2-0a42-41ec-b50a-f3c19ca4a99b,AU,-36.383111,148.810981,,MATERIAL_SAMPLE,CC0_1_0,True,True,unknown,True,False,False,False,,,True
5722380436,efe230b2-0a42-41ec-b50a-f3c19ca4a99b,AU,-33.877111,119.918389,,MATERIAL_SAMPLE,CC0_1_0,True,True,unknown,True,False,False,False,,,True
5722362000,efe230b2-0a42-41ec-b50a-f3c19ca4a99b,AU,-37.824785,145.878728,,MATERIAL_SAMPLE,CC0_1_0,True,True,unknown,True,True,False,False,,,False
5722361870,efe230b2-0a42-41ec-b50a-f3c19ca4a99b,AU,-37.486424,145.584558,,MATERIAL_SAMPLE,CC0_1_0,True,True,unknown,True,True,False,False,,,False
5722301510,efe230b2-0a42-41ec-b50a-f3c19ca4a99b,AU,-36.462169,149.000283,,MATERIAL_SAMPLE,CC0_1_0,True,True,unknown,True,False,False,False,,,True
5722293537,efe230b2-0a42-41ec-b50a-f3c19ca4a99b,AQ,-66.41148,110.658573,,MATERIAL_SAMPLE,CC0_1_0,True,True,unknown,True,False,False,False,,,True
5722293125,efe230b2-0a42-41ec-b50a-f3c19ca4a99b,AU,-43.045499,146.74094,,MATERIAL_SAMPLE,CC0_1_0,True,True,unknown,True,False,False,False,,,True
5722251471,efe230b2-0a42-41ec-b50a-f3c19ca4a99b,AU,-37.866399,145.904826,,MATERIAL_SAMPLE,CC0_1_0,True,True,unknown,True,True,False,False,,,False
5722197766,efe230b2-0a42-41ec-b50a-f3c19ca4a99b,AU,-17.121083,145.630883,,MATERIAL_SAMPLE,CC0_1_0,True,True,unknown,True,False,False,False,,,True
5722107713,efe230b2-0a42-41ec-b50a-f3c19ca4a99b,AU,-37.51566,145.54437,,MATERIAL_SAMPLE,CC0_1_0,True,True,unknown,True,True,False,False,,,False
5722107330,efe230b2-0a42-41ec-b50a-f3c19ca4a99b,AU,-37.570246,145.517865,,MATERIAL_SAMPLE,CC0_1_0,True,True,unknown,True,False,False,False,,,True
5722081315,efe230b2-0a42-41ec-b50a-f3c19ca4a99b,AU,-37.867226,145.905587,,MATERIAL_SAMPLE,CC0_1_0,True,True,unknown,True,True,False,False,,,False
5721915663,efe230b2-0a42-41ec-b50a-f3c19ca4a99b,AU,-35.60827,138.2613,,MATERIAL_SAMPLE,CC0_1_0,True,True,unknown,True,False,False,False,,,True
5721818576,efe230b2-0a42-41ec-b50a-f3c19ca4a99b,AU,-35.874867,149.01088,,MATERIAL_SAMPLE,CC0_1_0,True,True,unknown,True,True,False,False,,,False
5721765812,efe230b2-0a42-41ec-b50a-f3c19ca4a99b,AU,-36.441819,148.865922,,MATERIAL_SAMPLE,CC0_1_0,True,True,unknown,True,True,False,False,,,False
5721765437,efe230b2-0a42-41ec-b50a-f3c19ca4a99b,AU,-36.471972,148.920297,,MATERIAL_SAMPLE,CC0_1_0,True,True,unknown,True,True,False,False,,,False
5721711999,efe230b2-0a42-41ec-b50a-f3c19ca4a99b,AU,-36.383111,148.810981,,MATERIAL_SAMPLE,CC0_1_0,True,True,unknown,True,True,False,False,,,False
5721689927,efe230b2-0a42-41ec-b50a-f3c19ca4a99b,AU,-33.877111,119.918389,,MATERIAL_SAMPLE,CC0_1_0,True,True,unknown,True,True,False,False,,,False
5721689824,efe230b2-0a42-41ec-b50a-f3c19ca4a99b,AU,-34.381083,119.341278,,MATERIAL_SAMPLE,CC0_1_0,True,True,unknown,True,True,False,False,,,False
5721681096,efe230b2-0a42-41ec-b50a-f3c19ca4a99b,AU,-35.43457,148.7989,,MATERIAL_SAMPLE,CC0_1_0,True,True,unknown,True,False,False,False,,,True
5721681009,efe230b2-0a42-41ec-b50a-f3c19ca4a99b,AU,-35.3929,148.81485,,MATERIAL_SAMPLE,CC0_1_0,True,True,unknown,True,False,False,False,,,True
5721543034,efe230b2-0a42-41ec-b50a-f3c19ca4a99b,AQ,-66.411465,110.658594,,MATERIAL_SAMPLE,CC0_1_0,True,True,unknown,True,False,False,False,,,True
5721531624,efe230b2-0a42-41ec-b50a-f3c19ca4a99b,AU,-42.55598,147.20049,,MATERIAL_SAMPLE,CC0_1_0,True,True,unknown,True,True,False,False,,,False
5721523177,efe230b2-0a42-41ec-b50a-f3c19ca4a99b,AU,-33.62083,150.73577,,MATERIAL_SAMPLE,CC0_1_0,True,True,unknown,True,False,False,False,,,True
5721522649,efe230b2-0a42-41ec-b50a-f3c19ca4a99b,AU,-33.62103,150.73385,,MATERIAL_SAMPLE,CC0_1_0,True,True,unknown,True,True,False,False,,,False
5721522624,efe230b2-0a42-41ec-b50a-f3c19ca4a99b,AU,-33.61745,150.73612,,MATERIAL_SAMPLE,CC0_1_0,True,True,unknown,True,False,False,False,,,True
5721421208,efe230b2-0a42-41ec-b50a-f3c19ca4a99b,AU,-29.90274,115.29968,,MATERIAL_SAMPLE,CC0_1_0,True,True,unknown,True,False,False,False,,,True
5721378488,efe230b2-0a42-41ec-b50a-f3c19ca4a99b,AU,-39.9214,143.85151,,MATERIAL_SAMPLE,CC0_1_0,True,True,unknown,True,False,False,False,,,True
5721260367,efe230b2-0a42-41ec-b50a-f3c19ca4a99b,AU,-33.61517,150.72268,,MATERIAL_SAMPLE,CC0_1_0,True,True,unknown,True,False,False,False,,,True
5721228996,efe230b2-0a42-41ec-b50a-f3c19ca4a99b,AU,-35.3556,148.80014,,MATERIAL_SAMPLE,CC0_1_0,True,True,unknown,True,False,False,False,,,True
5721228912,efe230b2-0a42-41ec-b50a-f3c19ca4a99b,AU,-35.6055,148.932083,,MATERIAL_SAMPLE,CC0_1_0,True,True,unknown,True,False,False,False,,,True
5721182155,efe230b2-0a42-41ec-b50a-f3c19ca4a99b,AU,-12.7805,143.31433,,MATERIAL_SAMPLE,CC0_1_0,True,True,unknown,True,False,False,False,,,True
5721181999,efe230b2-0a42-41ec-b50a-f3c19ca4a99b,AU,-12.78239,143.31419,,MATERIAL_SAMPLE,CC0_1_0,True,True,unknown,True,False,False,False,,,True
5721168933,efe230b2-0a42-41ec-b50a-f3c19ca4a99b,AU,-35.43457,148.7989,,MATERIAL_SAMPLE,CC0_1_0,True,True,unknown,True,True,False,False,,,False
5721168917,efe230b2-0a42-41ec-b50a-f3c19ca4a99b,AU,-35.3912,148.81105,,MATERIAL_SAMPLE,CC0_1_0,True,True,unknown,True,False,False,False,,,True
5721168856,efe230b2-0a42-41ec-b50a-f3c19ca4a99b,AU,-35.3941,148.8271,,MATERIAL_SAMPLE,CC0_1_0,True,True,unknown,True,False,False,False,,,True
5721144932,efe230b2-0a42-41ec-b50a-f3c19ca4a99b,AU,-34.734146,138.687703,,MATERIAL_SAMPLE,CC0_1_0,True,True,unknown,True,True,False,False,,,False
5721144810,efe230b2-0a42-41ec-b50a-f3c19ca4a99b,AU,-34.782194,138.682134,,MATERIAL_SAMPLE,CC0_1_0,True,True,unknown,True,False,False,False,,,True
5721106017,efe230b2-0a42-41ec-b50a-f3c19ca4a99b,AU,-35.876683,149.0097,,MATERIAL_SAMPLE,CC0_1_0,True,True,unknown,True,True,False,False,,,False
5721088463,efe230b2-0a42-41ec-b50a-f3c19ca4a99b,AU,-33.61623,150.736,,MATERIAL_SAMPLE,CC0_1_0,True,True,unknown,True,False,False,False,,,True
5721085260,efe230b2-0a42-41ec-b50a-f3c19ca4a99b,AU,-33.61745,150.73612,,MATERIAL_SAMPLE,CC0_1_0,True,True,unknown,True,True,False,False,,,False
5721058771,efe230b2-0a42-41ec-b50a-f3c19ca4a99b,AU,-12.78028,143.31445,,MATERIAL_SAMPLE,CC0_1_0,True,True,unknown,True,False,False,False,,,True
5721058612,efe230b2-0a42-41ec-b50a-f3c19ca4a99b,AU,-12.78149,143.31107,,MATERIAL_SAMPLE,CC0_1_0,True,True,unknown,True,True,False,False,,,False
5720982366,efe230b2-0a42-41ec-b50a-f3c19ca4a99b,AU,-34.167694,119.575694,,MATERIAL_SAMPLE,CC0_1_0,True,True,unknown,True,False,False,False,,,True
5720831680,efe230b2-0a42-41ec-b50a-f3c19ca4a99b,AU,-36.462169,149.000283,,MATERIAL_SAMPLE,CC0_1_0,True,True,unknown,True,True,False,False,,,False
5720817889,efe230b2-0a42-41ec-b50a-f3c19ca4a99b,AU,-17.121083,145.630883,,MATERIAL_SAMPLE,CC0_1_0,True,True,unknown,True,True,False,False,,,False
5720790875,efe230b2-0a42-41ec-b50a-f3c19ca4a99b,AU,-36.140736,149.062681,,MATERIAL_SAMPLE,CC0_1_0,True,True,unknown,True,True,False,False,,,False
5720664440,efe230b2-0a42-41ec-b50a-f3c19ca4a99b,AU,-35.876683,149.0097,,MATERIAL_SAMPLE,CC0_1_0,True,True,unknown,True,True,False,False,,,False
5720643862,efe230b2-0a42-41ec-b50a-f3c19ca4a99b,AU,-41.75804,147.17126,,MATERIAL_SAMPLE,CC0_1_0,True,True,unknown,True,False,False,False,,,True
5720595116,efe230b2-0a42-41ec-b50a-f3c19ca4a99b,AU,-12.77157,143.31859,,MATERIAL_SAMPLE,CC0_1_0,True,True,unknown,True,False,False,False,,,True
5720390753,efe230b2-0a42-41ec-b50a-f3c19ca4a99b,AU,-37.8483,144.9958,,MATERIAL_SAMPLE,CC0_1_0,True,True,unknown,True,False,False,False,,,True
5720383351,efe230b2-0a42-41ec-b50a-f3c19ca4a99b,AU,-14.195246,135.71916,,MATERIAL_SAMPLE,CC0_1_0,True,True,unknown,True,False,False,False,,,True
5720329082,efe230b2-0a42-41ec-b50a-f3c19ca4a99b,AU,-32.97245,116.48289,,MATERIAL_SAMPLE,CC0_1_0,True,True,unknown,True,False,False,False,,,True
5720296812,efe230b2-0a42-41ec-b50a-f3c19ca4a99b,AU,-37.9415,145.0535,,MATERIAL_SAMPLE,CC0_1_0,True,True,unknown,True,False,False,False,,,True
5720168261,efe230b2-0a42-41ec-b50a-f3c19ca4a99b,AU,-30.0489,115.0423,,MATERIAL_SAMPLE,CC0_1_0,True,True,unknown,True,False,False,False,,,True
5720168198,efe230b2-0a42-41ec-b50a-f3c19ca4a99b,AU,-30.181567,115.211567,,MATERIAL_SAMPLE,CC0_1_0,True,True,unknown,True,False,False,False,,,True
5720148906,efe230b2-0a42-41ec-b50a-f3c19ca4a99b,AU,-37.8483,144.9958,,MATERIAL_SAMPLE,CC0_1_0,True,True,unknown,True,True,False,False,,,False
5720137786,efe230b2-0a42-41ec-b50a-f3c19ca4a99b,AU,-31.845833,118.905108,,MATERIAL_SAMPLE,CC0_1_0,True,True,unknown,True,False,False,False,,,True
5720137766,efe230b2-0a42-41ec-b50a-f3c19ca4a99b,AU,-30.788543,120.314942,,MATERIAL_SAMPLE,CC0_1_0,True,True,unknown,True,False,False,False,,,True
5720119840,efe230b2-0a42-41ec-b50a-f3c19ca4a99b,AU,-12.93256,135.20189,,MATERIAL_SAMPLE,CC0_1_0,True,True,unknown,True,False,False,False,,,True
5720111930,efe230b2-0a42-41ec-b50a-f3c19ca4a99b,AU,-38.474784,144.933751,,MATERIAL_SAMPLE,CC0_1_0,True,True,unknown,True,True,False,False,,,False
5720032768,efe230b2-0a42-41ec-b50a-f3c19ca4a99b,AU,-35.8811,149.0083,,MATERIAL_SAMPLE,CC0_1_0,True,True,unknown,True,True,False,False,,,False
5720032707,efe230b2-0a42-41ec-b50a-f3c19ca4a99b,AU,-35.656611,148.151667,,MATERIAL_SAMPLE,CC0_1_0,True,True,unknown,True,False,False,False,,,True
5719882051,efe230b2-0a42-41ec-b50a-f3c19ca4a99b,AU,-35.3365,148.8305,,MATERIAL_SAMPLE,CC0_1_0,True,True,unknown,True,False,False,False,,,True
5719839206,efe230b2-0a42-41ec-b50a-f3c19ca4a99b,AU,-17.092083,145.620217,,MATERIAL_SAMPLE,CC0_1_0,True,True,unknown,True,False,False,False,,,True
5719831112,efe230b2-0a42-41ec-b50a-f3c19ca4a99b,AQ,-68.599691,77.95444,,MATERIAL_SAMPLE,CC0_1_0,True,True,unknown,True,False,False,False,,,True
5719825187,efe230b2-0a42-41ec-b50a-f3c19ca4a99b,AU,-35.128049,150.658375,,MATERIAL_SAMPLE,CC0_1_0,True,True,unknown,True,False,False,False,,,True
5719603028,efe230b2-0a42-41ec-b50a-f3c19ca4a99b,AU,-35.881,149.0076,,MATERIAL_SAMPLE,CC0_1_0,True,True,unknown,True,True,False,False,,,False
5719489298,efe230b2-0a42-41ec-b50a-f3c19ca4a99b,AU,-35.091696,138.654574,,MATERIAL_SAMPLE,CC0_1_0,True,True,unknown,True,True,False,False,,,False
5719480079,efe230b2-0a42-41ec-b50a-f3c19ca4a99b,AU,-34.657643,138.705377,,MATERIAL_SAMPLE,CC0_1_0,True,True,unknown,True,True,False,False,,,False
5719400861,efe230b2-0a42-41ec-b50a-f3c19ca4a99b,AU,-35.519917,148.772433,,MATERIAL_SAMPLE,CC0_1_0,True,True,unknown,True,False,False,False,,,True
5719400726,efe230b2-0a42-41ec-b50a-f3c19ca4a99b,AU,-35.396467,148.821133,,MATERIAL_SAMPLE,CC0_1_0,True,True,unknown,True,False,False,False,,,True
5719353688,efe230b2-0a42-41ec-b50a-f3c19ca4a99b,AU,-35.585983,148.9125,,MATERIAL_SAMPLE,CC0_1_0,True,True,unknown,True,False,False,False,,,True
5719343164,efe230b2-0a42-41ec-b50a-f3c19ca4a99b,AU,-14.195246,135.71916,,MATERIAL_SAMPLE,CC0_1_0,True,True,unknown,True,True,False,False,,,False
5719330801,efe230b2-0a42-41ec-b50a-f3c19ca4a99b,AU,-35.15914,150.636957,,MATERIAL_SAMPLE,CC0_1_0,True,True,unknown,True,True,False,False,,,False
5719277180,efe230b2-0a42-41ec-b50a-f3c19ca4a99b,AU,-37.9644,145.1466,,MATERIAL_SAMPLE,CC0_1_0,True,True,unknown,True,False,False,False,,,True
5719137597,efe230b2-0a42-41ec-b50a-f3c19ca4a99b,AU,-34.216472,119.304,,MATERIAL_SAMPLE,CC0_1_0,True,True,unknown,True,False,False,False,,,True
5719137580,efe230b2-0a42-41ec-b50a-f3c19ca4a99b,AU,-34.339778,119.394722,,MATERIAL_SAMPLE,CC0_1_0,True,True,unknown,True,False,False,False,,,True
5719077195,efe230b2-0a42-41ec-b50a-f3c19ca4a99b,AU,-34.192167,119.425444,,MATERIAL_SAMPLE,CC0_1_0,True,True,unknown,True,False,False,False,,,True
5719075749,efe230b2-0a42-41ec-b50a-f3c19ca4a99b,AU,-12.7769,143.31891,,MATERIAL_SAMPLE,CC0_1_0,True,True,unknown,True,False,False,False,,,True
5719052440,efe230b2-0a42-41ec-b50a-f3c19ca4a99b,AU,-30.201197,149.596931,,MATERIAL_SAMPLE,CC0_1_0,True,True,unknown,True,False,False,False,,,True
5719013194,efe230b2-0a42-41ec-b50a-f3c19ca4a99b,AU,-35.141945,150.759602,,MATERIAL_SAMPLE,CC0_1_0,True,True,unknown,True,False,False,False,,,True
5719003931,efe230b2-0a42-41ec-b50a-f3c19ca4a99b,AU,-33.61367,150.88248,,MATERIAL_SAMPLE,CC0_1_0,True,True,unknown,True,False,False,False,,,True
5718961530,efe230b2-0a42-41ec-b50a-f3c19ca4a99b,AU,-35.3912,148.81105,,MATERIAL_SAMPLE,CC0_1_0,True,True,unknown,True,True,False,False,,,False
5718961479,efe230b2-0a42-41ec-b50a-f3c19ca4a99b,AU,-35.3941,148.8271,,MATERIAL_SAMPLE,CC0_1_0,True,True,unknown,True,True,False,False,,,False
5718936019,efe230b2-0a42-41ec-b50a-f3c19ca4a99b,AU,-35.8811,149.0083,,MATERIAL_SAMPLE,CC0_1_0,True,True,unknown,True,True,False,False,,,False
5718935813,efe230b2-0a42-41ec-b50a-f3c19ca4a99b,AU,-35.8811,149.0083,,MATERIAL_SAMPLE,CC0_1_0,True,True,unknown,True,True,False,False,,,False
5718837061,efe230b2-0a42-41ec-b50a-f3c19ca4a99b,AU,-34.719469,138.698661,,MATERIAL_SAMPLE,CC0_1_0,True,True,unknown,True,True,False,False,,,False
5716410375,821cc27a-e3bb-4bc5-ac34-89ada245069d,CN,41.57,126.1,,PRESERVED_SPECIMEN,CC0_1_0,True,True,unknown,True,True,False,False,,,False
5281623015,821cc27a-e3bb-4bc5-ac34-89ada245069d,CN,41.4504,125.944,,PRESERVED_SPECIMEN,CC0_1_0,True,True,unknown,True,True,False,False,,,False
5207080339,821cc27a-e3bb-4bc5-ac34-89ada245069d,CN,,,,PRESERVED_SPECIMEN,CC0_1_0,True,False,unknown,True,False,False,False,,,False
5207042340,821cc27a-e3bb-4bc5-ac34-89ada245069d,CN,41.4417,125.894,,PRESERVED_SPECIMEN,CC0_1_0,True,True,unknown,True,True,False,False,,,False
5207019349,821cc27a-e3bb-4bc5-ac34-89ada245069d,CN,,,,PRESERVED_SPECIMEN,CC0_1_0,True,False,unknown,True,False,False,False,,,False
5188313962,50c9509d-22c7-4a22-a47d-8c48425ef4a7,RU,43.429837,133.873838,16.0,HUMAN_OBSERVATION,CC_BY_NC_4_0,True,True,high,True,False,False,False,,,True
5188228383,50c9509d-22c7-4a22-a47d-8c48425ef4a7,RU,43.430828,133.874253,4.0,HUMAN_OBSERVATION,CC_BY_NC_4_0,True,True,high,True,False,False,False,,,True
5108234340,50c9509d-22c7-4a22-a47d-8c48425ef4a7,RU,44.360679,133.879987,261.0,HUMAN_OBSERVATION,CC_BY_NC_4_0,True,True,high,True,False,False,False,,,True
5104724620,50c9509d-22c7-4a22-a47d-8c48425ef4a7,RU,44.346044,133.933965,255.0,HUMAN_OBSERVATION,CC_BY_NC_4_0,True,True,high,True,False,False,False,,,True
5064899068,080ffaf0-8daf-48bb-b063-3d729c80cb70,KR,38.02073,128.4148,,HUMAN_OBSERVATION,CC_BY_NC_4_0,True,True,unknown,True,False,False,False,,,True
5064899063,080ffaf0-8daf-48bb-b063-3d729c80cb70,KR,37.73915,128.3023,,HUMAN_OBSERVATION,CC_BY_NC_4_0,True,True,unknown,True,False,False,False,,,True
5064841658,080ffaf0-8daf-48bb-b063-3d729c80cb70,KR,35.6025,127.4225,,HUMAN_OBSERVATION,CC_BY_NC_4_0,True,True,unknown,True,False,False,False,,,True
5011384612,e3fa679e-4b19-441f-bdbb-f292416e5d34,KR,37.487756,128.689247,,HUMAN_OBSERVATION,CC0_1_0,True,True,unknown,True,False,False,False,,,True
4982788070,f328fdf8-7861-4432-b3c5-500b07ae5d29,NZ,-38.1,176.4,,PRESERVED_SPECIMEN,CC_BY_4_0,True,True,unknown,True,False,False,False,,,True
4982424245,d415c253-4d61-4459-9d25-4015b9084fb0,,,,,PRESERVED_SPECIMEN,CC0_1_0,True,False,unknown,True,False,False,False,,,False
4958576647,cd6e21c8-9e8a-493a-8a76-fbf7862069e5,,,,,PRESERVED_SPECIMEN,CC_BY_4_0,True,False,unknown,True,False,False,False,,,False
4958570133,cd6e21c8-9e8a-493a-8a76-fbf7862069e5,CN,,,,PRESERVED_SPECIMEN,CC_BY_4_0,True,False,unknown,True,False,False,False,,,False
4958535130,cd6e21c8-9e8a-493a-8a76-fbf7862069e5,,,,,PRESERVED_SPECIMEN,CC_BY_4_0,True,False,unknown,True,False,False,False,,,False
4958523044,cd6e21c8-9e8a-493a-8a76-fbf7862069e5,CN,,,,PRESERVED_SPECIMEN,CC_BY_4_0,True,False,unknown,True,False,False,False,,,False
4921017132,8f4ec71e-ca9f-42d6-9b08-008325dc5389,CN,43.889,127.848,,PRESERVED_SPECIMEN,CC_BY_4_0,True,True,unknown,True,False,False,False,,,True
4908959846,50c9509d-22c7-4a22-a47d-8c48425ef4a7,KR,37.55007,128.06751,244.0,HUMAN_OBSERVATION,CC_BY_NC_4_0,True,True,high,True,False,False,False,,,True
4906915556,15f819bd-6612-4447-854b-14d12ee1022d,BJ,7.93117,1.97646,,PRESERVED_SPECIMEN,CC0_1_0,True,True,unknown,True,False,False,False,,,True
4856559648,83a49751-4282-481e-a847-1c5c224a0551,CN,,,,PRESERVED_SPECIMEN,CC_BY_NC_4_0,True,False,unknown,True,False,False,False,,,False
465148076,b5cdf794-8fa4-4a85-8b26-755d087bf531,RU,,,,PRESERVED_SPECIMEN,CC_BY_4_0,True,False,unknown,True,False,False,False,,,False
465002820,b5cdf794-8fa4-4a85-8b26-755d087bf531,RU,,,,PRESERVED_SPECIMEN,CC_BY_4_0,True,False,unknown,True,False,False,False,,,False
4608253900,22b97c7f-64d8-4f15-b558-fd695a2c3c2d,PH,8.576,125.889,,MATERIAL_CITATION,CC_BY_NC_4_0,True,True,unknown,True,False,False,False,,,True
4608253891,22b97c7f-64d8-4f15-b558-fd695a2c3c2d,PH,8.576,125.889,,MATERIAL_CITATION,CC_BY_NC_4_0,True,True,unknown,True,True,False,False,,,False
4608253890,22b97c7f-64d8-4f15-b558-fd695a2c3c2d,PH,8.576,125.889,,MATERIAL_CITATION,CC_BY_NC_4_0,True,True,unknown,True,True,False,False,,,False
4608253882,22b97c7f-64d8-4f15-b558-fd695a2c3c2d,PH,8.576,125.889,,MATERIAL_CITATION,CC_BY_NC_4_0,True,True,unknown,True,True,False,False,,,False
4608253880,22b97c7f-64d8-4f15-b558-fd695a2c3c2d,PH,8.576,125.889,,MATERIAL_CITATION,CC_BY_NC_4_0,True,True,unknown,True,True,False,False,,,False
4608253879,22b97c7f-64d8-4f15-b558-fd695a2c3c2d,PH,8.576,125.889,,MATERIAL_CITATION,CC_BY_NC_4_0,True,True,unknown,True,True,False,False,,,False
4608253863,22b97c7f-64d8-4f15-b558-fd695a2c3c2d,PH,8.576,125.889,,MATERIAL_CITATION,CC_BY_NC_4_0,True,True,unknown,True,True,False,False,,,False
4608249152,22b97c7f-64d8-4f15-b558-fd695a2c3c2d,PH,6.975,122.007,,MATERIAL_CITATION,CC_BY_NC_4_0,True,True,unknown,True,False,False,False,,,True
4597687274,28b85661-dc35-4dfc-acb3-6f0dc34ee716,RU,43.0426,132.5722,6596.0,HUMAN_OBSERVATION,CC_BY_4_0,True,True,low,True,False,False,False,,,True
4527904542,861e6afe-f762-11e1-a439-00145eb45e9a,,,,,PRESERVED_SPECIMEN,CC_BY_4_0,True,False,unknown,True,False,False,False,,,False
4527872077,861e6afe-f762-11e1-a439-00145eb45e9a,MY,,,,PRESERVED_SPECIMEN,CC_BY_4_0,True,False,unknown,True,False,False,False,,,False
4527473258,4195e042-b632-47ba-9545-32a5e3033ff7,,,,,MATERIAL_CITATION,CC_BY_4_0,True,False,unknown,True,False,False,False,,,False
4522706398,50c9509d-22c7-4a22-a47d-8c48425ef4a7,RU,44.331008,133.560746,5000.0,HUMAN_OBSERVATION,CC_BY_NC_4_0,True,True,medium,True,False,False,False,,,True
4521397423,7bd65a7a-f762-11e1-a439-00145eb45e9a,CN,,,,PRESERVED_SPECIMEN,CC_BY_4_0,True,False,unknown,True,False,False,False,,,False
4420622198,bf2a4bf0-5f31-11de-b67e-b8a03c50a862,,,,,PRESERVED_SPECIMEN,CC0,True,False,unknown,True,False,False,False,,,False
4405916741,e773f980-cf16-426e-9562-7463e7b874aa,KR,,,,PRESERVED_SPECIMEN,CC0_1_0,True,False,unknown,True,False,False,False,,,False
4405916732,e773f980-cf16-426e-9562-7463e7b874aa,KR,,,,PRESERVED_SPECIMEN,CC0_1_0,True,False,unknown,True,False,False,False,,,False
439601893,b5cdf794-8fa4-4a85-8b26-755d087bf531,,,,,PRESERVED_SPECIMEN,CC_BY_4_0,True,False,unknown,True,False,False,False,,,False
438935496,b5cdf794-8fa4-4a85-8b26-755d087bf531,,,,,PRESERVED_SPECIMEN,CC_BY_4_0,True,False,unknown,True,False,False,False,,,False
4171633765,50c9509d-22c7-4a22-a47d-8c48425ef4a7,KR,37.555512,128.055114,209.0,HUMAN_OBSERVATION,CC_BY_NC_4_0,True,True,high,True,False,False,False,,,True
4171551945,50c9509d-22c7-4a22-a47d-8c48425ef4a7,KR,37.532492,128.013874,28388.0,HUMAN_OBSERVATION,CC_BY_NC_4_0,True,True,very_low,False,False,False,False,,,True
4164974137,08052899-d409-4b08-8a98-bcee2c350494,KR,36.03422,127.51244,,PRESERVED_SPECIMEN,CC0_1_0,True,True,unknown,True,False,False,False,,,True
4161969530,50c9509d-22c7-4a22-a47d-8c48425ef4a7,RU,43.184655,131.479294,892.0,HUMAN_OBSERVATION,CC_BY_NC_4_0,True,True,high,True,False,False,False,,,True
4155187670,d8cd16ba-bb74-4420-821e-083f2bac17c2,,,,,PRESERVED_SPECIMEN,CC_BY_4_0,True,False,unknown,True,False,False,False,,,False
4155182700,d8cd16ba-bb74-4420-821e-083f2bac17c2,,,,,PRESERVED_SPECIMEN,CC_BY_4_0,True,False,unknown,True,False,False,False,,,False
4152825401,d8cd16ba-bb74-4420-821e-083f2bac17c2,CN,,,,MATERIAL_SAMPLE,CC_BY_4_0,True,False,unknown,True,False,False,False,,,False
4134346586,e8366ac9-ca36-4669-8c64-10e12fb69a5a,CN,,,,MATERIAL_CITATION,CC_BY_NC_4_0,True,False,unknown,True,False,False,False,,,False
4130409126,833db434-f762-11e1-a439-00145eb45e9a,HR,0.0,0.0,,PRESERVED_SPECIMEN,CC_BY_4_0,True,False,unknown,True,False,False,False,,zero_coord;,False
4126986723,50c9509d-22c7-4a22-a47d-8c48425ef4a7,RU,43.082145,131.504942,27537.0,HUMAN_OBSERVATION,CC_BY_NC_4_0,True,True,very_low,False,False,False,False,,,True
4072822313,b740eaa0-0679-41dc-acb7-990d562dfa37,,,,,PRESERVED_SPECIMEN,CC_BY_4_0,True,False,unknown,True,False,False,False,,,False
4072757973,b740eaa0-0679-41dc-acb7-990d562dfa37,,,,,PRESERVED_SPECIMEN,CC_BY_4_0,True,False,unknown,True,False,False,False,,,False
4066094305,c4810740-506c-434a-b687-ce0275918a60,RU,43.8992,132.841,12500.0,HUMAN_OBSERVATION,CC_BY_4_0,True,True,very_low,False,False,False,False,,,True
4066094304,c4810740-506c-434a-b687-ce0275918a60,RU,43.4585,131.6564,12500.0,HUMAN_OBSERVATION,CC_BY_4_0,True,True,very_low,False,False,False,False,,,True
4066094303,c4810740-506c-434a-b687-ce0275918a60,RU,43.059,133.9499,12500.0,HUMAN_OBSERVATION,CC_BY_4_0,True,True,very_low,False,False,False,False,,,True
4066094302,c4810740-506c-434a-b687-ce0275918a60,RU,43.683,132.507,12500.0,HUMAN_OBSERVATION,CC_BY_4_0,True,True,very_low,False,False,False,False,,,True
4066092332,c4810740-506c-434a-b687-ce0275918a60,RU,42.9518,133.5854,12500.0,HUMAN_OBSERVATION,CC_BY_4_0,True,True,very_low,False,False,False,False,,,True
4066092331,c4810740-506c-434a-b687-ce0275918a60,RU,43.217,134.0472,12500.0,HUMAN_OBSERVATION,CC_BY_4_0,True,True,very_low,False,False,False,False,,,True
4066092330,c4810740-506c-434a-b687-ce0275918a60,RU,44.3247,135.1415,12500.0,HUMAN_OBSERVATION,CC_BY_4_0,True,True,very_low,False,False,False,False,,,True
4066092329,c4810740-506c-434a-b687-ce0275918a60,RU,45.4611,134.3041,12500.0,HUMAN_OBSERVATION,CC_BY_4_0,True,True,very_low,False,False,False,False,,,True
4066089344,c4810740-506c-434a-b687-ce0275918a60,RU,43.1957,132.5497,12500.0,HUMAN_OBSERVATION,CC_BY_4_0,True,True,very_low,False,False,False,False,,,True
4066089343,c4810740-506c-434a-b687-ce0275918a60,RU,43.8337,131.7482,12500.0,HUMAN_OBSERVATION,CC_BY_4_0,True,True,very_low,False,False,False,False,,,True
4066008310,c4810740-506c-434a-b687-ce0275918a60,RU,43.247,132.1878,12500.0,HUMAN_OBSERVATION,CC_BY_4_0,True,True,very_low,False,False,False,False,,,True
4066008309,c4810740-506c-434a-b687-ce0275918a60,RU,43.9534,132.1682,12500.0,HUMAN_OBSERVATION,CC_BY_4_0,True,True,very_low,False,False,False,False,,,True
4066006321,c4810740-506c-434a-b687-ce0275918a60,RU,43.0724,131.3946,12500.0,HUMAN_OBSERVATION,CC_BY_4_0,True,True,very_low,False,False,False,False,,,True
4066006320,c4810740-506c-434a-b687-ce0275918a60,RU,43.3894,133.8375,12500.0,HUMAN_OBSERVATION,CC_BY_4_0,True,True,very_low,False,False,False,False,,,True
4066006319,c4810740-506c-434a-b687-ce0275918a60,RU,43.7131,132.8247,12500.0,HUMAN_OBSERVATION,CC_BY_4_0,True,True,very_low,False,False,False,False,,,True
4066006318,c4810740-506c-434a-b687-ce0275918a60,RU,44.3066,134.1881,12500.0,HUMAN_OBSERVATION,CC_BY_4_0,True,True,very_low,False,False,False,False,,,True
4066006317,c4810740-506c-434a-b687-ce0275918a60,RU,45.7025,134.1549,12500.0,HUMAN_OBSERVATION,CC_BY_4_0,True,True,very_low,False,False,False,False,,,True
4066005350,c4810740-506c-434a-b687-ce0275918a60,RU,43.1233,133.012,12500.0,HUMAN_OBSERVATION,CC_BY_4_0,True,True,very_low,False,False,False,False,,,True
4066005349,c4810740-506c-434a-b687-ce0275918a60,RU,44.4154,133.3581,12500.0,HUMAN_OBSERVATION,CC_BY_4_0,True,True,very_low,False,False,False,False,,,True
4066005348,c4810740-506c-434a-b687-ce0275918a60,RU,45.5312,134.5036,12500.0,HUMAN_OBSERVATION,CC_BY_4_0,True,True,very_low,False,False,False,False,,,True
4066004345,c4810740-506c-434a-b687-ce0275918a60,RU,43.0678,132.8231,12500.0,HUMAN_OBSERVATION,CC_BY_4_0,True,True,very_low,False,False,False,False,,,True
4066004344,c4810740-506c-434a-b687-ce0275918a60,RU,44.4702,131.5401,12500.0,HUMAN_OBSERVATION,CC_BY_4_0,True,True,very_low,False,False,False,False,,,True
4066003306,c4810740-506c-434a-b687-ce0275918a60,RU,43.2246,131.2785,12500.0,HUMAN_OBSERVATION,CC_BY_4_0,True,True,very_low,False,False,False,False,,,True
4066003305,c4810740-506c-434a-b687-ce0275918a60,RU,43.2955,131.6861,12500.0,HUMAN_OBSERVATION,CC_BY_4_0,True,True,very_low,False,False,False,False,,,True
4066003304,c4810740-506c-434a-b687-ce0275918a60,RU,43.6107,132.1582,12500.0,HUMAN_OBSERVATION,CC_BY_4_0,True,True,very_low,False,False,False,False,,,True
4061517182,e053ff53-c156-4e2e-b9b5-4462e9625424,US,35.20444,-83.26805,,PRESERVED_SPECIMEN,CC_BY_4_0,True,True,unknown,True,False,False,False,,,True
4059395430,96006de0-a5cf-494a-bc7e-5dac5f232329,IN,22.527208,88.363018,15.0,HUMAN_OBSERVATION,CC0_1_0,True,True,high,True,False,False,True, locality:garden;,,False
4017119534,d8cd16ba-bb74-4420-821e-083f2bac17c2,,,,,PRESERVED_SPECIMEN,CC_BY_4_0,True,False,unknown,True,False,False,False,,,False
4013379622,d8cd16ba-bb74-4420-821e-083f2bac17c2,,,,,PRESERVED_SPECIMEN,CC_BY_4_0,True,False,unknown,True,False,False,False,,,False
4013364645,d8cd16ba-bb74-4420-821e-083f2bac17c2,,,,,PRESERVED_SPECIMEN,CC_BY_4_0,True,False,unknown,True,False,False,False,,,False
4007332788,6c827cf4-5d22-454e-98b1-4acbf0cb5aca,KR,37.487756,128.689247,,HUMAN_OBSERVATION,CC0_1_0,True,True,unknown,True,True,False,False,,,False
3992896235,d8cd16ba-bb74-4420-821e-083f2bac17c2,,,,,PRESERVED_SPECIMEN,CC_BY_4_0,True,False,unknown,True,False,False,False,,,False
3992878029,d8cd16ba-bb74-4420-821e-083f2bac17c2,,,,,PRESERVED_SPECIMEN,CC_BY_4_0,True,False,unknown,True,False,False,False,,,False
3992793101,d8cd16ba-bb74-4420-821e-083f2bac17c2,,,,,PRESERVED_SPECIMEN,CC_BY_4_0,True,False,unknown,True,False,False,False,,,False
3992768558,d8cd16ba-bb74-4420-821e-083f2bac17c2,,,,,PRESERVED_SPECIMEN,CC_BY_4_0,True,False,unknown,True,False,False,False,,,False
3992753598,d8cd16ba-bb74-4420-821e-083f2bac17c2,,,,,PRESERVED_SPECIMEN,CC_BY_4_0,True,False,unknown,True,False,False,False,,,False
3992752861,d8cd16ba-bb74-4420-821e-083f2bac17c2,,,,,PRESERVED_SPECIMEN,CC_BY_4_0,True,False,unknown,True,False,False,False,,,False
3990240992,d8cd16ba-bb74-4420-821e-083f2bac17c2,CN,,,,PRESERVED_SPECIMEN,CC_BY_4_0,True,False,unknown,True,False,False,False,,,False
3990223207,d8cd16ba-bb74-4420-821e-083f2bac17c2,CN,,,,PRESERVED_SPECIMEN,CC_BY_4_0,True,False,unknown,True,False,False,False,,,False
3987211194,d8cd16ba-bb74-4420-821e-083f2bac17c2,,,,,PRESERVED_SPECIMEN,CC_BY_4_0,True,False,unknown,True,False,False,False,,,False
3987199266,d8cd16ba-bb74-4420-821e-083f2bac17c2,,,,,PRESERVED_SPECIMEN,CC_BY_4_0,True,False,unknown,True,False,False,False,,,False
3987068285,d8cd16ba-bb74-4420-821e-083f2bac17c2,,,,,PRESERVED_SPECIMEN,CC_BY_4_0,True,False,unknown,True,False,False,False,,,False
3969649658,defb9a47-c1a7-4fb2-9a0b-2da7c5260cad,,,,,PRESERVED_SPECIMEN,CC0_1_0,True,False,unknown,True,False,False,True, locality:cultivated;,,False
3969304268,d8cd16ba-bb74-4420-821e-083f2bac17c2,,,,,PRESERVED_SPECIMEN,CC_BY_4_0,True,False,unknown,True,False,False,False,,,False
3969278988,d8cd16ba-bb74-4420-821e-083f2bac17c2,CN,,,,MATERIAL_SAMPLE,CC_BY_4_0,True,False,unknown,True,False,False,False,,,False
3969191737,d8cd16ba-bb74-4420-821e-083f2bac17c2,CN,,,,MATERIAL_SAMPLE,CC_BY_4_0,True,False,unknown,True,False,False,False,,,False
3969114862,d8cd16ba-bb74-4420-821e-083f2bac17c2,CN,,,,MATERIAL_SAMPLE,CC_BY_4_0,True,False,unknown,True,False,False,False,,,False
3969094719,d8cd16ba-bb74-4420-821e-083f2bac17c2,CN,,,,MATERIAL_SAMPLE,CC_BY_4_0,True,False,unknown,True,False,False,False,,,False
3969085489,d8cd16ba-bb74-4420-821e-083f2bac17c2,CN,,,,MATERIAL_SAMPLE,CC_BY_4_0,True,False,unknown,True,False,False,False,,,False
3969084655,d8cd16ba-bb74-4420-821e-083f2bac17c2,CN,,,,MATERIAL_SAMPLE,CC_BY_4_0,True,False,unknown,True,False,False,False,,,False
3969071669,d8cd16ba-bb74-4420-821e-083f2bac17c2,CN,,,,MATERIAL_SAMPLE,CC_BY_4_0,True,False,unknown,True,False,False,False,,,False
3969061761,d8cd16ba-bb74-4420-821e-083f2bac17c2,,,,,PRESERVED_SPECIMEN,CC_BY_4_0,True,False,unknown,True,False,False,False,,,False
3969030694,d8cd16ba-bb74-4420-821e-083f2bac17c2,CN,,,,MATERIAL_SAMPLE,CC_BY_4_0,True,False,unknown,True,False,False,False,,,False
3968796698,d8cd16ba-bb74-4420-821e-083f2bac17c2,CN,,,,MATERIAL_SAMPLE,CC_BY_4_0,True,False,unknown,True,False,False,False,,,False
3968791653,d8cd16ba-bb74-4420-821e-083f2bac17c2,CN,,,,MATERIAL_SAMPLE,CC_BY_4_0,True,False,unknown,True,False,False,False,,,False
3961960684,2a97f69f-6e0b-4654-91b9-5b4628f46b73,CN,,,,PRESERVED_SPECIMEN,CC_BY_NC_4_0,True,False,unknown,True,False,False,False,,,False
3961960631,2a97f69f-6e0b-4654-91b9-5b4628f46b73,CN,,,,PRESERVED_SPECIMEN,CC_BY_NC_4_0,True,False,unknown,True,False,False,False,,,False
3961960630,2a97f69f-6e0b-4654-91b9-5b4628f46b73,CN,,,,PRESERVED_SPECIMEN,CC_BY_NC_4_0,True,False,unknown,True,False,False,False,,,False
3961960629,2a97f69f-6e0b-4654-91b9-5b4628f46b73,CN,,,,PRESERVED_SPECIMEN,CC_BY_NC_4_0,True,False,unknown,True,False,False,False,,,False
3961960626,2a97f69f-6e0b-4654-91b9-5b4628f46b73,CN,,,,PRESERVED_SPECIMEN,CC_BY_NC_4_0,True,False,unknown,True,False,False,False,,,False
3961960625,2a97f69f-6e0b-4654-91b9-5b4628f46b73,CN,,,,PRESERVED_SPECIMEN,CC_BY_NC_4_0,True,False,unknown,True,False,False,False,,,False
3961960624,2a97f69f-6e0b-4654-91b9-5b4628f46b73,CN,,,,PRESERVED_SPECIMEN,CC_BY_NC_4_0,True,False,unknown,True,False,False,False,,,False
3961960623,2a97f69f-6e0b-4654-91b9-5b4628f46b73,CN,,,,PRESERVED_SPECIMEN,CC_BY_NC_4_0,True,False,unknown,True,False,False,False,,,False
3961960622,2a97f69f-6e0b-4654-91b9-5b4628f46b73,CN,,,,PRESERVED_SPECIMEN,CC_BY_NC_4_0,True,False,unknown,True,False,False,False,,,False
3961960621,2a97f69f-6e0b-4654-91b9-5b4628f46b73,CN,,,,PRESERVED_SPECIMEN,CC_BY_NC_4_0,True,False,unknown,True,False,False,False,,,False
3961960611,2a97f69f-6e0b-4654-91b9-5b4628f46b73,CN,,,,PRESERVED_SPECIMEN,CC_BY_NC_4_0,True,False,unknown,True,False,False,False,,,False
3961960610,2a97f69f-6e0b-4654-91b9-5b4628f46b73,CN,,,,PRESERVED_SPECIMEN,CC_BY_NC_4_0,True,False,unknown,True,False,False,False,,,False
3961960609,2a97f69f-6e0b-4654-91b9-5b4628f46b73,CN,,,,PRESERVED_SPECIMEN,CC_BY_NC_4_0,True,False,unknown,True,False,False,False,,,False
3961960608,2a97f69f-6e0b-4654-91b9-5b4628f46b73,CN,,,,PRESERVED_SPECIMEN,CC_BY_NC_4_0,True,False,unknown,True,False,False,False,,,False
3961960607,2a97f69f-6e0b-4654-91b9-5b4628f46b73,CN,,,,PRESERVED_SPECIMEN,CC_BY_NC_4_0,True,False,unknown,True,False,False,False,,,False
3961960606,2a97f69f-6e0b-4654-91b9-5b4628f46b73,CN,,,,PRESERVED_SPECIMEN,CC_BY_NC_4_0,True,False,unknown,True,False,False,False,,,False
3961960605,2a97f69f-6e0b-4654-91b9-5b4628f46b73,CN,,,,PRESERVED_SPECIMEN,CC_BY_NC_4_0,True,False,unknown,True,False,False,False,,,False
3961960604,2a97f69f-6e0b-4654-91b9-5b4628f46b73,CN,,,,PRESERVED_SPECIMEN,CC_BY_NC_4_0,True,False,unknown,True,False,False,False,,,False
3961960603,2a97f69f-6e0b-4654-91b9-5b4628f46b73,CN,,,,PRESERVED_SPECIMEN,CC_BY_NC_4_0,True,False,unknown,True,False,False,False,,,False
3961960602,2a97f69f-6e0b-4654-91b9-5b4628f46b73,CN,,,,PRESERVED_SPECIMEN,CC_BY_NC_4_0,True,False,unknown,True,False,False,False,,,False
3946902809,e773f980-cf16-426e-9562-7463e7b874aa,CN,,,,PRESERVED_SPECIMEN,CC0_1_0,True,False,unknown,True,False,False,False,,,False
3946902808,e773f980-cf16-426e-9562-7463e7b874aa,CN,,,,PRESERVED_SPECIMEN,CC0_1_0,True,False,unknown,True,False,False,False,,,False
3946902802,e773f980-cf16-426e-9562-7463e7b874aa,CN,,,,PRESERVED_SPECIMEN,CC0_1_0,True,False,unknown,True,False,False,False,,,False
3866757535,19c3400b-b7bb-425f-b8c5-f222648b86b2,CN,42.050556,128.068056,,PRESERVED_SPECIMEN,CC_BY_4_0,True,True,unknown,True,False,False,False,,,True
3866757493,19c3400b-b7bb-425f-b8c5-f222648b86b2,CN,42.050556,128.068056,,PRESERVED_SPECIMEN,CC_BY_4_0,True,True,unknown,True,True,False,False,,,False
3818298101,d8cd16ba-bb74-4420-821e-083f2bac17c2,,,,,PRESERVED_SPECIMEN,CC_BY_4_0,True,False,unknown,True,False,False,False,,,False
3818267594,d8cd16ba-bb74-4420-821e-083f2bac17c2,CN,,,,PRESERVED_SPECIMEN,CC_BY_4_0,True,False,unknown,True,False,False,False,,,False
3818255589,d8cd16ba-bb74-4420-821e-083f2bac17c2,CN,,,,PRESERVED_SPECIMEN,CC_BY_4_0,True,False,unknown,True,False,False,False,,,False
3766287604,1357f50f-ae5c-4813-a8b2-5be49c604857,KR,,,,PRESERVED_SPECIMEN,CC_BY_NC_4_0,True,False,unknown,True,False,False,False,,,False
3751293577,96beb7d8-f762-11e1-a439-00145eb45e9a,US,,,,PRESERVED_SPECIMEN,CC_BY_4_0,True,False,unknown,True,False,False,False,,,False
3470204349,4d1b5fed-e12f-48e8-94cb-88cf80115dd1,RU,44.349,135.0979,7000.0,HUMAN_OBSERVATION,CC_BY_4_0,True,True,low,True,False,False,False,,,True
3470202338,4d1b5fed-e12f-48e8-94cb-88cf80115dd1,RU,44.4252,135.084,2500.0,HUMAN_OBSERVATION,CC_BY_4_0,True,True,medium,True,False,False,False,,,True
3467312433,821cc27a-e3bb-4bc5-ac34-89ada245069d,,,,,MACHINE_OBSERVATION,CC0_1_0,True,False,unknown,True,False,False,False,,,False
3465041408,4d1b5fed-e12f-48e8-94cb-88cf80115dd1,RU,45.7895,135.421,2000.0,HUMAN_OBSERVATION,CC_BY_4_0,True,True,medium,True,False,False,False,,,True
3465037505,4d1b5fed-e12f-48e8-94cb-88cf80115dd1,RU,45.7805,135.2939,200.0,HUMAN_OBSERVATION,CC_BY_4_0,True,True,high,True,False,False,False,,,True
3465026392,4d1b5fed-e12f-48e8-94cb-88cf80115dd1,RU,45.7781,135.3568,1700.0,HUMAN_OBSERVATION,CC_BY_4_0,True,True,medium,True,False,False,False,,,True
3464959263,4d1b5fed-e12f-48e8-94cb-88cf80115dd1,RU,43.1025,131.4909,9200.0,HUMAN_OBSERVATION,CC_BY_4_0,True,True,low,True,False,False,False,,,True
3464951569,4d1b5fed-e12f-48e8-94cb-88cf80115dd1,RU,48.2357,134.9004,18000.0,HUMAN_OBSERVATION,CC_BY_4_0,True,True,very_low,False,False,False,False,,,True
3464890377,4d1b5fed-e12f-48e8-94cb-88cf80115dd1,RU,45.7469,135.3062,2000.0,HUMAN_OBSERVATION,CC_BY_4_0,True,True,medium,True,False,False,False,,,True
3464890350,4d1b5fed-e12f-48e8-94cb-88cf80115dd1,RU,45.7859,135.3167,2000.0,HUMAN_OBSERVATION,CC_BY_4_0,True,True,medium,True,False,False,False,,,True
3464842504,4d1b5fed-e12f-48e8-94cb-88cf80115dd1,RU,43.0609,131.1328,80000.0,HUMAN_OBSERVATION,CC_BY_4_0,True,True,very_low,False,False,False,False,,,True
3464828512,4d1b5fed-e12f-48e8-94cb-88cf80115dd1,RU,43.0994,133.9572,36000.0,HUMAN_OBSERVATION,CC_BY_4_0,True,True,very_low,False,False,False,False,,,True
3464826160,4d1b5fed-e12f-48e8-94cb-88cf80115dd1,RU,43.6412,132.5189,22000.0,HUMAN_OBSERVATION,CC_BY_4_0,True,True,very_low,False,False,False,False,,,True
3444375471,1e09d985-8f58-4a34-ab86-17e55f203c8a,KR,35.584878,128.417031,,HUMAN_OBSERVATION,CC0_1_0,True,True,unknown,True,False,False,False,,,True
3443362124,040c5662-da76-4782-a48e-cdea1892d14c,,,,,MATERIAL_SAMPLE,CC_BY_4_0,True,False,unknown,True,False,False,False,,,False
3442368131,040c5662-da76-4782-a48e-cdea1892d14c,,,,,MATERIAL_SAMPLE,CC_BY_4_0,True,False,unknown,True,False,False,False,,,False
3439975518,202cdfcf-0eac-4696-9e48-4797c562ff41,,,,,PRESERVED_SPECIMEN,CC_BY_4_0,True,False,unknown,True,False,False,False,,,False
3439885786,202cdfcf-0eac-4696-9e48-4797c562ff41,,,,,PRESERVED_SPECIMEN,CC_BY_4_0,True,False,unknown,True,False,False,False,,,False
3439697562,202cdfcf-0eac-4696-9e48-4797c562ff41,,,,,PRESERVED_SPECIMEN,CC_BY_4_0,True,False,unknown,True,False,False,False,,,False
3439659466,202cdfcf-0eac-4696-9e48-4797c562ff41,,,,,PRESERVED_SPECIMEN,CC_BY_4_0,True,False,unknown,True,False,False,False,,,False
3436252910,acf5050c-3a41-4345-a660-652cb9462379,,,,,PRESERVED_SPECIMEN,CC_BY_4_0,True,False,unknown,True,False,False,False,,,False
3422594982,0c4dc4f2-c11e-4e8b-8169-cabac6384735,KR,36.819694,128.210472,,HUMAN_OBSERVATION,CC0_1_0,True,True,unknown,True,False,False,False,,,True
3422584930,0c4dc4f2-c11e-4e8b-8169-cabac6384735,KR,37.26885,128.503767,,HUMAN_OBSERVATION,CC0_1_0,True,True,unknown,True,False,False,False,,,True
3422584928,0c4dc4f2-c11e-4e8b-8169-cabac6384735,KR,37.312836,128.628594,,HUMAN_OBSERVATION,CC0_1_0,True,True,unknown,True,False,False,False,,,True
3413535268,dc692432-d85c-46cc-82bc-2fb1ff38decc,JP,36.227917,138.4375,2000.0,PRESERVED_SPECIMEN,CC_BY_4_0,True,True,medium,True,False,False,False,,,True
3399124768,50c9509d-22c7-4a22-a47d-8c48425ef4a7,RU,43.197277,132.69132,27537.0,HUMAN_OBSERVATION,CC_BY_4_0,True,True,very_low,False,False,False,False,,,True
3398720872,50c9509d-22c7-4a22-a47d-8c48425ef4a7,RU,43.113804,132.792689,1033.0,HUMAN_OBSERVATION,CC_BY_NC_4_0,True,True,medium,True,False,False,False,,,True
3398655859,50c9509d-22c7-4a22-a47d-8c48425ef4a7,RU,43.070774,132.646366,27537.0,HUMAN_OBSERVATION,CC_BY_4_0,True,True,very_low,False,False,False,False,,,True
3358527540,28b85661-dc35-4dfc-acb3-6f0dc34ee716,RU,45.1324,133.2642,39.0,HUMAN_OBSERVATION,CC_BY_4_0,True,True,high,True,False,False,False,,,True
3351712572,d8cd16ba-bb74-4420-821e-083f2bac17c2,CN,,,,MATERIAL_SAMPLE,CC_BY_4_0,True,False,unknown,True,False,False,False,,,False
3351681603,d8cd16ba-bb74-4420-821e-083f2bac17c2,CN,,,,MATERIAL_SAMPLE,CC_BY_4_0,True,False,unknown,True,False,False,False,,,False
3351677642,d8cd16ba-bb74-4420-821e-083f2bac17c2,CN,,,,MATERIAL_SAMPLE,CC_BY_4_0,True,False,unknown,True,False,False,False,,,False
3351674715,d8cd16ba-bb74-4420-821e-083f2bac17c2,CN,,,,MATERIAL_SAMPLE,CC_BY_4_0,True,False,unknown,True,False,False,False,,,False
3351618648,d8cd16ba-bb74-4420-821e-083f2bac17c2,,,,,PRESERVED_SPECIMEN,CC_BY_4_0,True,False,unknown,True,False,False,False,,,False
3351606936,d8cd16ba-bb74-4420-821e-083f2bac17c2,,,,,PRESERVED_SPECIMEN,CC_BY_4_0,True,False,unknown,True,False,False,False,,,False
3351605832,d8cd16ba-bb74-4420-821e-083f2bac17c2,,,,,PRESERVED_SPECIMEN,CC_BY_4_0,True,False,unknown,True,False,False,False,,,False
3351549778,d8cd16ba-bb74-4420-821e-083f2bac17c2,CN,,,,MATERIAL_SAMPLE,CC_BY_4_0,True,False,unknown,True,False,False,False,,,False
3351516795,d8cd16ba-bb74-4420-821e-083f2bac17c2,CN,,,,MATERIAL_SAMPLE,CC_BY_4_0,True,False,unknown,True,False,False,False,,,False
3351255081,d8cd16ba-bb74-4420-821e-083f2bac17c2,,,,,PRESERVED_SPECIMEN,CC_BY_4_0,True,False,unknown,True,False,False,False,,,False
3351246194,d8cd16ba-bb74-4420-821e-083f2bac17c2,,,,,PRESERVED_SPECIMEN,CC_BY_4_0,True,False,unknown,True,False,False,False,,,False
3351121131,d8cd16ba-bb74-4420-821e-083f2bac17c2,,,,,PRESERVED_SPECIMEN,CC_BY_4_0,True,False,unknown,True,False,False,False,,,False
3350562605,d8cd16ba-bb74-4420-821e-083f2bac17c2,CN,40.98,125.95,,PRESERVED_SPECIMEN,CC_BY_4_0,True,True,unknown,True,False,False,False,,,True
3350502477,d8cd16ba-bb74-4420-821e-083f2bac17c2,CN,42.55,127.34,,PRESERVED_SPECIMEN,CC_BY_4_0,True,True,unknown,True,False,False,False,,,True
3350484694,d8cd16ba-bb74-4420-821e-083f2bac17c2,CN,42.55,127.34,,PRESERVED_SPECIMEN,CC_BY_4_0,True,True,unknown,True,True,False,False,,,False
3350456639,d8cd16ba-bb74-4420-821e-083f2bac17c2,CN,42.55,127.34,,PRESERVED_SPECIMEN,CC_BY_4_0,True,True,unknown,True,True,False,False,,,False
3350436906,d8cd16ba-bb74-4420-821e-083f2bac17c2,CN,42.55,127.34,,PRESERVED_SPECIMEN,CC_BY_4_0,True,True,unknown,True,True,False,False,,,False
3350138463,d8cd16ba-bb74-4420-821e-083f2bac17c2,KR,,,,PRESERVED_SPECIMEN,CC_BY_4_0,True,False,unknown,True,False,False,False,,,False
3350102409,d8cd16ba-bb74-4420-821e-083f2bac17c2,CN,,,,PRESERVED_SPECIMEN,CC_BY_4_0,True,False,unknown,True,False,False,False,,,False
3350001235,d8cd16ba-bb74-4420-821e-083f2bac17c2,,,,,PRESERVED_SPECIMEN,CC_BY_4_0,True,False,unknown,True,False,False,False,,,False
3349864331,d8cd16ba-bb74-4420-821e-083f2bac17c2,CN,,,,PRESERVED_SPECIMEN,CC_BY_4_0,True,False,unknown,True,False,False,False,,,False
3349863216,d8cd16ba-bb74-4420-821e-083f2bac17c2,,,,,PRESERVED_SPECIMEN,CC_BY_4_0,True,False,unknown,True,False,False,False,,,False
3349854086,d8cd16ba-bb74-4420-821e-083f2bac17c2,,,,,PRESERVED_SPECIMEN,CC_BY_4_0,True,False,unknown,True,False,False,False,,,False
3349707737,d8cd16ba-bb74-4420-821e-083f2bac17c2,,,,,PRESERVED_SPECIMEN,CC_BY_4_0,True,False,unknown,True,False,False,False,,,False
3349702770,d8cd16ba-bb74-4420-821e-083f2bac17c2,,,,,PRESERVED_SPECIMEN,CC_BY_4_0,True,False,unknown,True,False,False,False,,,False
3349692663,d8cd16ba-bb74-4420-821e-083f2bac17c2,,,,,PRESERVED_SPECIMEN,CC_BY_4_0,True,False,unknown,True,False,False,False,,,False
3349230704,d8cd16ba-bb74-4420-821e-083f2bac17c2,CN,,,,MATERIAL_SAMPLE,CC_BY_4_0,True,False,unknown,True,False,False,False,,,False
3349145526,d8cd16ba-bb74-4420-821e-083f2bac17c2,CN,,,,MATERIAL_SAMPLE,CC_BY_4_0,True,False,unknown,True,False,False,False,,,False
3349140743,d8cd16ba-bb74-4420-821e-083f2bac17c2,CN,,,,MATERIAL_SAMPLE,CC_BY_4_0,True,False,unknown,True,False,False,False,,,False
3349043605,d8cd16ba-bb74-4420-821e-083f2bac17c2,CN,,,,MATERIAL_SAMPLE,CC_BY_4_0,True,False,unknown,True,False,False,False,,,False
3348565893,d8cd16ba-bb74-4420-821e-083f2bac17c2,,,,,PRESERVED_SPECIMEN,CC_BY_4_0,True,False,unknown,True,False,False,False,,,False
3348543925,d8cd16ba-bb74-4420-821e-083f2bac17c2,,,,,PRESERVED_SPECIMEN,CC_BY_4_0,True,False,unknown,True,False,False,False,,,False
3348493839,d8cd16ba-bb74-4420-821e-083f2bac17c2,,,,,PRESERVED_SPECIMEN,CC_BY_4_0,True,False,unknown,True,False,False,False,,,False
3348106683,d8cd16ba-bb74-4420-821e-083f2bac17c2,,,,,PRESERVED_SPECIMEN,CC_BY_4_0,True,False,unknown,True,False,False,False,,,False
3347664658,d8cd16ba-bb74-4420-821e-083f2bac17c2,,,,,PRESERVED_SPECIMEN,CC_BY_4_0,True,False,unknown,True,False,False,False,,,False
3347594531,d8cd16ba-bb74-4420-821e-083f2bac17c2,,,,,PRESERVED_SPECIMEN,CC_BY_4_0,True,False,unknown,True,False,False,False,,,False
3347576397,d8cd16ba-bb74-4420-821e-083f2bac17c2,,,,,PRESERVED_SPECIMEN,CC_BY_4_0,True,False,unknown,True,False,False,False,,,False
3347538488,d8cd16ba-bb74-4420-821e-083f2bac17c2,,,,,PRESERVED_SPECIMEN,CC_BY_4_0,True,False,unknown,True,False,False,False,,,False
3347479584,d8cd16ba-bb74-4420-821e-083f2bac17c2,CN,40.98,125.95,,PRESERVED_SPECIMEN,CC_BY_4_0,True,True,unknown,True,True,False,False,,,False
3347229792,d8cd16ba-bb74-4420-821e-083f2bac17c2,CN,,,,MATERIAL_SAMPLE,CC_BY_4_0,True,False,unknown,True,False,False,False,,,False
3347229560,d8cd16ba-bb74-4420-821e-083f2bac17c2,CN,,,,MATERIAL_SAMPLE,CC_BY_4_0,True,False,unknown,True,False,False,False,,,False
3347165617,d8cd16ba-bb74-4420-821e-083f2bac17c2,KR,,,,MATERIAL_SAMPLE,CC_BY_4_0,True,False,unknown,True,False,False,False,,,False
3347109654,d8cd16ba-bb74-4420-821e-083f2bac17c2,CN,,,,MATERIAL_SAMPLE,CC_BY_4_0,True,False,unknown,True,False,False,False,,,False
3346741170,d8cd16ba-bb74-4420-821e-083f2bac17c2,,,,,PRESERVED_SPECIMEN,CC_BY_4_0,True,False,unknown,True,False,False,False,,,False
3346725000,d8cd16ba-bb74-4420-821e-083f2bac17c2,,,,,PRESERVED_SPECIMEN,CC_BY_4_0,True,False,unknown,True,False,False,False,,,False
3346689037,d8cd16ba-bb74-4420-821e-083f2bac17c2,,,,,PRESERVED_SPECIMEN,CC_BY_4_0,True,False,unknown,True,False,False,False,,,False
3346676097,d8cd16ba-bb74-4420-821e-083f2bac17c2,,,,,PRESERVED_SPECIMEN,CC_BY_4_0,True,False,unknown,True,False,False,False,,,False
3346468383,d8cd16ba-bb74-4420-821e-083f2bac17c2,CN,,,,PRESERVED_SPECIMEN,CC_BY_4_0,True,False,unknown,True,False,False,False,,,False
3346466328,d8cd16ba-bb74-4420-821e-083f2bac17c2,CN,,,,PRESERVED_SPECIMEN,CC_BY_4_0,True,False,unknown,True,False,False,False,,,False
3346463398,d8cd16ba-bb74-4420-821e-083f2bac17c2,CN,,,,PRESERVED_SPECIMEN,CC_BY_4_0,True,False,unknown,True,False,False,False,,,False
3346456570,d8cd16ba-bb74-4420-821e-083f2bac17c2,,,,,PRESERVED_SPECIMEN,CC_BY_4_0,True,False,unknown,True,False,False,False,,,False
3346426302,d8cd16ba-bb74-4420-821e-083f2bac17c2,CN,,,,PRESERVED_SPECIMEN,CC_BY_4_0,True,False,unknown,True,False,False,False,,,False
3346418359,d8cd16ba-bb74-4420-821e-083f2bac17c2,CN,,,,PRESERVED_SPECIMEN,CC_BY_4_0,True,False,unknown,True,False,False,False,,,False
3346404203,d8cd16ba-bb74-4420-821e-083f2bac17c2,CN,,,,PRESERVED_SPECIMEN,CC_BY_4_0,True,False,unknown,True,False,False,False,,,False
3346395237,d8cd16ba-bb74-4420-821e-083f2bac17c2,KR,,,,PRESERVED_SPECIMEN,CC_BY_4_0,True,False,unknown,True,False,False,False,,,False
3324297844,dc692432-d85c-46cc-82bc-2fb1ff38decc,JP,36.227917,138.5,2000.0,PRESERVED_SPECIMEN,CC_BY_4_0,True,True,medium,True,False,False,False,,,True
3323119739,4005c523-b315-46cc-bf57-f54dd3a28b93,JP,43.0363,141.3531,,PRESERVED_SPECIMEN,CC_BY_4_0,True,True,unknown,True,False,False,False,,,True
311133055,51b92d4e-556f-4a05-bc5c-bfe982ee1156,,,,,FOSSIL_SPECIMEN,CC_BY_4_0,True,False,unknown,True,False,False,False,,,False
3045032646,9807df89-7446-4aab-8ec8-fd837085c1a1,NO,63.434,10.671,5000.0,LIVING_SPECIMEN,CC_BY_4_0,True,True,medium,True,False,False,False,,,True
3002181732,ef6e0754-8bf2-4854-9aa3-3a2a1a90810b,KR,35.730447,127.533647,,HUMAN_OBSERVATION,CC_BY_NC_4_0,True,True,unknown,True,False,False,False,,,True
3002152379,ef6e0754-8bf2-4854-9aa3-3a2a1a90810b,KR,38.176806,128.263778,,HUMAN_OBSERVATION,CC_BY_NC_4_0,True,True,unknown,True,False,False,False,,,True
3002042304,ef6e0754-8bf2-4854-9aa3-3a2a1a90810b,KR,37.975675,124.71317,,HUMAN_OBSERVATION,CC_BY_NC_4_0,True,True,unknown,True,False,False,False,,,True
2818513298,50c9509d-22c7-4a22-a47d-8c48425ef4a7,RU,43.321371,132.410896,,HUMAN_OBSERVATION,CC_BY_NC_4_0,True,True,unknown,True,False,False,False,,,True
2611211469,50c9509d-22c7-4a22-a47d-8c48425ef4a7,RU,43.677455,132.470067,4403.0,HUMAN_OBSERVATION,CC_BY_NC_4_0,True,True,medium,True,False,False,False,,,True
2609507068,51fa6038-895d-4ed7-bf80-0754fa4d5f54,KR,37.934014,126.618805,,PRESERVED_SPECIMEN,CC_BY_NC_4_0,True,True,unknown,True,False,False,False,,,True
2609424133,6258c1c8-b27e-4497-8079-ac084029b81b,KR,37.606609,126.784838,2000.0,PRESERVED_SPECIMEN,CC_BY_4_0,True,True,medium,True,False,False,False,,,True
2609422786,6258c1c8-b27e-4497-8079-ac084029b81b,KR,36.783333,127.05,2000.0,PRESERVED_SPECIMEN,CC_BY_4_0,True,True,medium,True,False,False,False,,,True
2609422780,6258c1c8-b27e-4497-8079-ac084029b81b,KR,37.691383,126.393981,10000.0,PRESERVED_SPECIMEN,CC_BY_4_0,True,True,low,True,False,False,False,,,True
2609421022,6258c1c8-b27e-4497-8079-ac084029b81b,KR,37.691383,126.393981,10000.0,PRESERVED_SPECIMEN,CC_BY_4_0,True,True,low,True,True,False,False,,,False
2513169997,15f819bd-6612-4447-854b-14d12ee1022d,JP,,,,PRESERVED_SPECIMEN,CC0_1_0,True,False,unknown,True,False,False,False,,,False
2513169378,15f819bd-6612-4447-854b-14d12ee1022d,JP,,,,PRESERVED_SPECIMEN,CC0_1_0,True,False,unknown,True,False,False,False,,,False
2465016390,744edc21-8dd2-474e-8a0b-b8c3d56a3c2d,,,,,HUMAN_OBSERVATION,CC_BY_NC_4_0,True,False,unknown,True,False,False,False,,,False
2443057304,51fa6038-895d-4ed7-bf80-0754fa4d5f54,KR,35.362305,127.597264,,PRESERVED_SPECIMEN,CC_BY_NC_4_0,True,True,unknown,True,False,False,False,,,True
2429045253,1d31211e-350e-492a-a597-34d24bbc1769,,,,,PRESERVED_SPECIMEN,CC_BY_4_0,True,False,unknown,True,False,False,False,,,False
2429040260,1d31211e-350e-492a-a597-34d24bbc1769,CN,,,,PRESERVED_SPECIMEN,CC_BY_4_0,True,False,unknown,True,False,False,False,,,False
2429039926,1d31211e-350e-492a-a597-34d24bbc1769,KR,,,,PRESERVED_SPECIMEN,CC_BY_4_0,True,False,unknown,True,False,False,False,,,False
2429038593,1d31211e-350e-492a-a597-34d24bbc1769,KR,,,,PRESERVED_SPECIMEN,CC_BY_4_0,True,False,unknown,True,False,False,False,,,False
2429038343,1d31211e-350e-492a-a597-34d24bbc1769,,,,,PRESERVED_SPECIMEN,CC_BY_4_0,True,False,unknown,True,False,False,False,,,False
2429038327,1d31211e-350e-492a-a597-34d24bbc1769,,,,,PRESERVED_SPECIMEN,CC_BY_4_0,True,False,unknown,True,False,False,False,,,False
2429038092,1d31211e-350e-492a-a597-34d24bbc1769,HK,,,,PRESERVED_SPECIMEN,CC_BY_4_0,True,False,unknown,True,False,False,False,,,False
2429023543,1d31211e-350e-492a-a597-34d24bbc1769,CN,,,,PRESERVED_SPECIMEN,CC_BY_4_0,True,False,unknown,True,False,False,False,,,False
2429017098,1d31211e-350e-492a-a597-34d24bbc1769,,,,,PRESERVED_SPECIMEN,CC_BY_4_0,True,False,unknown,True,False,False,False,,,False
2429016333,1d31211e-350e-492a-a597-34d24bbc1769,,,,,PRESERVED_SPECIMEN,CC_BY_4_0,True,False,unknown,True,False,False,False,,,False
2429016303,1d31211e-350e-492a-a597-34d24bbc1769,HK,,,,PRESERVED_SPECIMEN,CC_BY_4_0,True,False,unknown,True,False,False,False,,,False
2429015852,1d31211e-350e-492a-a597-34d24bbc1769,,,,,PRESERVED_SPECIMEN,CC_BY_4_0,True,False,unknown,True,False,False,False,,,False
2429002915,1d31211e-350e-492a-a597-34d24bbc1769,JP,,,,PRESERVED_SPECIMEN,CC_BY_4_0,True,False,unknown,True,False,False,False,,,False
2429002596,1d31211e-350e-492a-a597-34d24bbc1769,CN,,,,PRESERVED_SPECIMEN,CC_BY_4_0,True,False,unknown,True,False,False,False,,,False
2429002472,1d31211e-350e-492a-a597-34d24bbc1769,JP,,,,PRESERVED_SPECIMEN,CC_BY_4_0,True,False,unknown,True,False,False,False,,,False
2429002379,1d31211e-350e-492a-a597-34d24bbc1769,,,,,PRESERVED_SPECIMEN,CC_BY_4_0,True,False,unknown,True,False,False,False,,,False
2429002371,1d31211e-350e-492a-a597-34d24bbc1769,CN,,,,PRESERVED_SPECIMEN,CC_BY_4_0,True,False,unknown,True,False,False,False,,,False
2429002351,1d31211e-350e-492a-a597-34d24bbc1769,,,,,PRESERVED_SPECIMEN,CC_BY_4_0,True,False,unknown,True,False,False,False,,,False
2429001606,1d31211e-350e-492a-a597-34d24bbc1769,CN,,,,PRESERVED_SPECIMEN,CC_BY_4_0,True,False,unknown,True,False,False,False,,,False
2429001291,1d31211e-350e-492a-a597-34d24bbc1769,,,,,PRESERVED_SPECIMEN,CC_BY_4_0,True,False,unknown,True,False,False,False,,,False
2429001180,1d31211e-350e-492a-a597-34d24bbc1769,,,,,PRESERVED_SPECIMEN,CC_BY_4_0,True,False,unknown,True,False,False,False,,,False
2429000704,1d31211e-350e-492a-a597-34d24bbc1769,,,,,PRESERVED_SPECIMEN,CC_BY_4_0,True,False,unknown,True,False,False,False,,,False
2429000454,1d31211e-350e-492a-a597-34d24bbc1769,,,,,PRESERVED_SPECIMEN,CC_BY_4_0,True,False,unknown,True,False,False,False,,,False
2429000249,1d31211e-350e-492a-a597-34d24bbc1769,,,,,PRESERVED_SPECIMEN,CC_BY_4_0,True,False,unknown,True,False,False,False,,,False
2429000204,1d31211e-350e-492a-a597-34d24bbc1769,CN,,,,PRESERVED_SPECIMEN,CC_BY_4_0,True,False,unknown,True,False,False,False,,,False
2429000181,1d31211e-350e-492a-a597-34d24bbc1769,,,,,PRESERVED_SPECIMEN,CC_BY_4_0,True,False,unknown,True,False,False,False,,,False
2428999974,1d31211e-350e-492a-a597-34d24bbc1769,CN,,,,PRESERVED_SPECIMEN,CC_BY_4_0,True,False,unknown,True,False,False,False,,,False
2428999919,1d31211e-350e-492a-a597-34d24bbc1769,,,,,PRESERVED_SPECIMEN,CC_BY_4_0,True,False,unknown,True,False,False,False,,,False
2428999737,1d31211e-350e-492a-a597-34d24bbc1769,JP,,,,PRESERVED_SPECIMEN,CC_BY_4_0,True,False,unknown,True,False,False,False,,,False
2428998986,1d31211e-350e-492a-a597-34d24bbc1769,CN,,,,PRESERVED_SPECIMEN,CC_BY_4_0,True,False,unknown,True,False,False,False,,,False
2428998976,1d31211e-350e-492a-a597-34d24bbc1769,,,,,PRESERVED_SPECIMEN,CC_BY_4_0,True,False,unknown,True,False,False,False,,,False
2428998374,1d31211e-350e-492a-a597-34d24bbc1769,CN,,,,PRESERVED_SPECIMEN,CC_BY_4_0,True,False,unknown,True,False,False,False,,,False
2428998265,1d31211e-350e-492a-a597-34d24bbc1769,CN,,,,PRESERVED_SPECIMEN,CC_BY_4_0,True,False,unknown,True,False,False,False,,,False
2428997885,1d31211e-350e-492a-a597-34d24bbc1769,,,,,PRESERVED_SPECIMEN,CC_BY_4_0,True,False,unknown,True,False,False,False,,,False
2428997555,1d31211e-350e-492a-a597-34d24bbc1769,,,,,PRESERVED_SPECIMEN,CC_BY_4_0,True,False,unknown,True,False,False,False,,,False
2428950042,1d31211e-350e-492a-a597-34d24bbc1769,GB,,,,PRESERVED_SPECIMEN,CC_BY_4_0,True,False,unknown,True,False,False,False,,,False
2417604537,3942a8dc-9f01-420d-a829-01675dc01c73,CN,42.34,127.28,,PRESERVED_SPECIMEN,CC_BY_4_0,True,True,unknown,True,False,False,False,,,True
2417600317,3942a8dc-9f01-420d-a829-01675dc01c73,CN,42.34,127.28,,PRESERVED_SPECIMEN,CC_BY_4_0,True,True,unknown,True,True,False,False,,,False
2417466011,3942a8dc-9f01-420d-a829-01675dc01c73,CN,42.78,128.51,,PRESERVED_SPECIMEN,CC_BY_4_0,True,True,unknown,True,False,False,False,,,True
2274984763,5c2a93e4-4578-496c-9b61-edb9d72e8cbc,KR,,,,PRESERVED_SPECIMEN,CC_BY_NC_4_0,True,False,unknown,True,False,False,False,,,False
2274984164,5c2a93e4-4578-496c-9b61-edb9d72e8cbc,KR,,,,PRESERVED_SPECIMEN,CC_BY_NC_4_0,True,False,unknown,True,False,False,False,,,False
2274967954,5c2a93e4-4578-496c-9b61-edb9d72e8cbc,KR,,,,PRESERVED_SPECIMEN,CC_BY_NC_4_0,True,False,unknown,True,False,False,False,,,False
2268985947,7bd65a7a-f762-11e1-a439-00145eb45e9a,KR,,,,PRESERVED_SPECIMEN,CC_BY_4_0,True,False,unknown,True,False,False,False,,,False
2250698133,040c5662-da76-4782-a48e-cdea1892d14c,,,,,MATERIAL_SAMPLE,CC_BY_4_0,True,False,unknown,True,False,False,False,,,False
2250691715,040c5662-da76-4782-a48e-cdea1892d14c,,,,,MATERIAL_SAMPLE,CC_BY_4_0,True,False,unknown,True,False,False,False,,,False
2250687202,040c5662-da76-4782-a48e-cdea1892d14c,,,,,MATERIAL_SAMPLE,CC_BY_4_0,True,False,unknown,True,False,False,False,,,False
2250683131,040c5662-da76-4782-a48e-cdea1892d14c,,,,,MATERIAL_SAMPLE,CC_BY_4_0,True,False,unknown,True,False,False,False,,,False
2250682610,040c5662-da76-4782-a48e-cdea1892d14c,,,,,MATERIAL_SAMPLE,CC_BY_4_0,True,False,unknown,True,False,False,False,,,False
2250669467,040c5662-da76-4782-a48e-cdea1892d14c,,,,,MATERIAL_SAMPLE,CC_BY_4_0,True,False,unknown,True,False,False,False,,,False
2250666660,040c5662-da76-4782-a48e-cdea1892d14c,CN,38.073254,104.69114,,MATERIAL_SAMPLE,CC_BY_4_0,True,True,unknown,True,False,False,False,,,True
2250665655,040c5662-da76-4782-a48e-cdea1892d14c,CN,38.073254,104.69114,,MATERIAL_SAMPLE,CC_BY_4_0,True,True,unknown,True,True,False,False,,,False
2250665572,040c5662-da76-4782-a48e-cdea1892d14c,CN,38.073254,104.69114,,MATERIAL_SAMPLE,CC_BY_4_0,True,True,unknown,True,True,False,False,,,False
2250665517,040c5662-da76-4782-a48e-cdea1892d14c,CN,38.073254,104.69114,,MATERIAL_SAMPLE,CC_BY_4_0,True,True,unknown,True,True,False,False,,,False
2250664962,040c5662-da76-4782-a48e-cdea1892d14c,CN,38.073254,104.69114,,MATERIAL_SAMPLE,CC_BY_4_0,True,True,unknown,True,True,False,False,,,False
2250664312,040c5662-da76-4782-a48e-cdea1892d14c,CN,38.073254,104.69114,,MATERIAL_SAMPLE,CC_BY_4_0,True,True,unknown,True,True,False,False,,,False
2250642192,040c5662-da76-4782-a48e-cdea1892d14c,,,,,MATERIAL_SAMPLE,CC_BY_4_0,True,False,unknown,True,False,False,False,,,False
2250585126,040c5662-da76-4782-a48e-cdea1892d14c,CN,38.073254,104.69114,,MATERIAL_SAMPLE,CC_BY_4_0,True,True,unknown,True,True,False,False,,,False
2250560089,040c5662-da76-4782-a48e-cdea1892d14c,RU,,,,MATERIAL_SAMPLE,CC_BY_4_0,True,False,unknown,True,False,False,False,,,False
2250560073,040c5662-da76-4782-a48e-cdea1892d14c,RU,,,,MATERIAL_SAMPLE,CC_BY_4_0,True,False,unknown,True,False,False,False,,,False
2250560048,040c5662-da76-4782-a48e-cdea1892d14c,RU,,,,MATERIAL_SAMPLE,CC_BY_4_0,True,False,unknown,True,False,False,False,,,False
2250560028,040c5662-da76-4782-a48e-cdea1892d14c,RU,,,,MATERIAL_SAMPLE,CC_BY_4_0,True,False,unknown,True,False,False,False,,,False
2250560019,040c5662-da76-4782-a48e-cdea1892d14c,RU,,,,MATERIAL_SAMPLE,CC_BY_4_0,True,False,unknown,True,False,False,False,,,False
2250559995,040c5662-da76-4782-a48e-cdea1892d14c,RU,,,,MATERIAL_SAMPLE,CC_BY_4_0,True,False,unknown,True,False,False,False,,,False
2250559993,040c5662-da76-4782-a48e-cdea1892d14c,RU,,,,MATERIAL_SAMPLE,CC_BY_4_0,True,False,unknown,True,False,False,False,,,False
2250559989,040c5662-da76-4782-a48e-cdea1892d14c,RU,,,,MATERIAL_SAMPLE,CC_BY_4_0,True,False,unknown,True,False,False,False,,,False
2250559987,040c5662-da76-4782-a48e-cdea1892d14c,RU,,,,MATERIAL_SAMPLE,CC_BY_4_0,True,False,unknown,True,False,False,False,,,False
2250559966,040c5662-da76-4782-a48e-cdea1892d14c,RU,,,,MATERIAL_SAMPLE,CC_BY_4_0,True,False,unknown,True,False,False,False,,,False
2250559960,040c5662-da76-4782-a48e-cdea1892d14c,RU,,,,MATERIAL_SAMPLE,CC_BY_4_0,True,False,unknown,True,False,False,False,,,False
2250559937,040c5662-da76-4782-a48e-cdea1892d14c,RU,,,,MATERIAL_SAMPLE,CC_BY_4_0,True,False,unknown,True,False,False,False,,,False
2250559878,040c5662-da76-4782-a48e-cdea1892d14c,RU,,,,MATERIAL_SAMPLE,CC_BY_4_0,True,False,unknown,True,False,False,False,,,False
2250559877,040c5662-da76-4782-a48e-cdea1892d14c,RU,,,,MATERIAL_SAMPLE,CC_BY_4_0,True,False,unknown,True,False,False,False,,,False
2250559874,040c5662-da76-4782-a48e-cdea1892d14c,RU,,,,MATERIAL_SAMPLE,CC_BY_4_0,True,False,unknown,True,False,False,False,,,False
2250559873,040c5662-da76-4782-a48e-cdea1892d14c,RU,,,,MATERIAL_SAMPLE,CC_BY_4_0,True,False,unknown,True,False,False,False,,,False
2250559861,040c5662-da76-4782-a48e-cdea1892d14c,RU,,,,MATERIAL_SAMPLE,CC_BY_4_0,True,False,unknown,True,False,False,False,,,False
2250559855,040c5662-da76-4782-a48e-cdea1892d14c,RU,,,,MATERIAL_SAMPLE,CC_BY_4_0,True,False,unknown,True,False,False,False,,,False
2250559846,040c5662-da76-4782-a48e-cdea1892d14c,RU,,,,MATERIAL_SAMPLE,CC_BY_4_0,True,False,unknown,True,False,False,False,,,False
2250559843,040c5662-da76-4782-a48e-cdea1892d14c,RU,,,,MATERIAL_SAMPLE,CC_BY_4_0,True,False,unknown,True,False,False,False,,,False
2250559842,040c5662-da76-4782-a48e-cdea1892d14c,RU,,,,MATERIAL_SAMPLE,CC_BY_4_0,True,False,unknown,True,False,False,False,,,False
2250559810,040c5662-da76-4782-a48e-cdea1892d14c,RU,,,,MATERIAL_SAMPLE,CC_BY_4_0,True,False,unknown,True,False,False,False,,,False
2250559805,040c5662-da76-4782-a48e-cdea1892d14c,RU,,,,MATERIAL_SAMPLE,CC_BY_4_0,True,False,unknown,True,False,False,False,,,False
2250559768,040c5662-da76-4782-a48e-cdea1892d14c,RU,,,,MATERIAL_SAMPLE,CC_BY_4_0,True,False,unknown,True,False,False,False,,,False
2250559743,040c5662-da76-4782-a48e-cdea1892d14c,RU,,,,MATERIAL_SAMPLE,CC_BY_4_0,True,False,unknown,True,False,False,False,,,False
2250559734,040c5662-da76-4782-a48e-cdea1892d14c,RU,,,,MATERIAL_SAMPLE,CC_BY_4_0,True,False,unknown,True,False,False,False,,,False
2250559726,040c5662-da76-4782-a48e-cdea1892d14c,RU,,,,MATERIAL_SAMPLE,CC_BY_4_0,True,False,unknown,True,False,False,False,,,False
2250559675,040c5662-da76-4782-a48e-cdea1892d14c,RU,,,,MATERIAL_SAMPLE,CC_BY_4_0,True,False,unknown,True,False,False,False,,,False
2250559657,040c5662-da76-4782-a48e-cdea1892d14c,RU,,,,MATERIAL_SAMPLE,CC_BY_4_0,True,False,unknown,True,False,False,False,,,False
2250559592,040c5662-da76-4782-a48e-cdea1892d14c,RU,,,,MATERIAL_SAMPLE,CC_BY_4_0,True,False,unknown,True,False,False,False,,,False
2250559590,040c5662-da76-4782-a48e-cdea1892d14c,RU,,,,MATERIAL_SAMPLE,CC_BY_4_0,True,False,unknown,True,False,False,False,,,False
2250559582,040c5662-da76-4782-a48e-cdea1892d14c,RU,,,,MATERIAL_SAMPLE,CC_BY_4_0,True,False,unknown,True,False,False,False,,,False
2250559570,040c5662-da76-4782-a48e-cdea1892d14c,RU,,,,MATERIAL_SAMPLE,CC_BY_4_0,True,False,unknown,True,False,False,False,,,False
2250559472,040c5662-da76-4782-a48e-cdea1892d14c,RU,,,,MATERIAL_SAMPLE,CC_BY_4_0,True,False,unknown,True,False,False,False,,,False
2250559434,040c5662-da76-4782-a48e-cdea1892d14c,RU,,,,MATERIAL_SAMPLE,CC_BY_4_0,True,False,unknown,True,False,False,False,,,False
2250559416,040c5662-da76-4782-a48e-cdea1892d14c,RU,,,,MATERIAL_SAMPLE,CC_BY_4_0,True,False,unknown,True,False,False,False,,,False
2250559392,040c5662-da76-4782-a48e-cdea1892d14c,RU,,,,MATERIAL_SAMPLE,CC_BY_4_0,True,False,unknown,True,False,False,False,,,False
2250559344,040c5662-da76-4782-a48e-cdea1892d14c,RU,,,,MATERIAL_SAMPLE,CC_BY_4_0,True,False,unknown,True,False,False,False,,,False
2250559330,040c5662-da76-4782-a48e-cdea1892d14c,RU,,,,MATERIAL_SAMPLE,CC_BY_4_0,True,False,unknown,True,False,False,False,,,False
2250559074,040c5662-da76-4782-a48e-cdea1892d14c,RU,,,,MATERIAL_SAMPLE,CC_BY_4_0,True,False,unknown,True,False,False,False,,,False
2250559043,040c5662-da76-4782-a48e-cdea1892d14c,RU,,,,MATERIAL_SAMPLE,CC_BY_4_0,True,False,unknown,True,False,False,False,,,False
2250558873,040c5662-da76-4782-a48e-cdea1892d14c,RU,,,,MATERIAL_SAMPLE,CC_BY_4_0,True,False,unknown,True,False,False,False,,,False
2250349653,040c5662-da76-4782-a48e-cdea1892d14c,,,,,MATERIAL_SAMPLE,CC_BY_4_0,True,False,unknown,True,False,False,False,,,False
2250348596,040c5662-da76-4782-a48e-cdea1892d14c,,,,,MATERIAL_SAMPLE,CC_BY_4_0,True,False,unknown,True,False,False,False,,,False
2250347472,040c5662-da76-4782-a48e-cdea1892d14c,CN,38.073254,104.69114,,MATERIAL_SAMPLE,CC_BY_4_0,True,True,unknown,True,True,False,False,,,False
2250346080,040c5662-da76-4782-a48e-cdea1892d14c,,,,,MATERIAL_SAMPLE,CC_BY_4_0,True,False,unknown,True,False,False,False,,,False
2250345879,040c5662-da76-4782-a48e-cdea1892d14c,CN,38.073254,104.69114,,MATERIAL_SAMPLE,CC_BY_4_0,True,True,unknown,True,True,False,False,,,False
2250345226,040c5662-da76-4782-a48e-cdea1892d14c,CN,38.073254,104.69114,,MATERIAL_SAMPLE,CC_BY_4_0,True,True,unknown,True,True,False,False,,,False
2250344383,040c5662-da76-4782-a48e-cdea1892d14c,CN,38.073254,104.69114,,MATERIAL_SAMPLE,CC_BY_4_0,True,True,unknown,True,True,False,False,,,False
2250342595,040c5662-da76-4782-a48e-cdea1892d14c,,,,,MATERIAL_SAMPLE,CC_BY_4_0,True,False,unknown,True,False,False,False,,,False
2250340618,040c5662-da76-4782-a48e-cdea1892d14c,,,,,MATERIAL_SAMPLE,CC_BY_4_0,True,False,unknown,True,False,False,False,,,False
2250331114,040c5662-da76-4782-a48e-cdea1892d14c,KR,36.402386,127.762245,,MATERIAL_SAMPLE,CC_BY_4_0,True,True,unknown,True,False,False,False,,,True
2250329964,040c5662-da76-4782-a48e-cdea1892d14c,CN,38.073254,104.69114,,MATERIAL_SAMPLE,CC_BY_4_0,True,True,unknown,True,True,False,False,,,False
2250319809,040c5662-da76-4782-a48e-cdea1892d14c,,,,,MATERIAL_SAMPLE,CC_BY_4_0,True,False,unknown,True,False,False,False,,,False
2250318224,040c5662-da76-4782-a48e-cdea1892d14c,CN,38.073254,104.69114,,MATERIAL_SAMPLE,CC_BY_4_0,True,True,unknown,True,True,False,False,,,False
2250256594,040c5662-da76-4782-a48e-cdea1892d14c,,,,,MATERIAL_SAMPLE,CC_BY_4_0,True,False,unknown,True,False,False,False,,,False
2250255790,040c5662-da76-4782-a48e-cdea1892d14c,,,,,MATERIAL_SAMPLE,CC_BY_4_0,True,False,unknown,True,False,False,False,,,False
2250255735,040c5662-da76-4782-a48e-cdea1892d14c,,,,,MATERIAL_SAMPLE,CC_BY_4_0,True,False,unknown,True,False,False,False,,,False
2250255572,040c5662-da76-4782-a48e-cdea1892d14c,,,,,MATERIAL_SAMPLE,CC_BY_4_0,True,False,unknown,True,False,False,False,,,False
2250255225,040c5662-da76-4782-a48e-cdea1892d14c,,,,,MATERIAL_SAMPLE,CC_BY_4_0,True,False,unknown,True,False,False,False,,,False
2250254684,040c5662-da76-4782-a48e-cdea1892d14c,,,,,MATERIAL_SAMPLE,CC_BY_4_0,True,False,unknown,True,False,False,False,,,False
2250254627,040c5662-da76-4782-a48e-cdea1892d14c,,,,,MATERIAL_SAMPLE,CC_BY_4_0,True,False,unknown,True,False,False,False,,,False
2250253930,040c5662-da76-4782-a48e-cdea1892d14c,,,,,MATERIAL_SAMPLE,CC_BY_4_0,True,False,unknown,True,False,False,False,,,False
2250253700,040c5662-da76-4782-a48e-cdea1892d14c,,,,,MATERIAL_SAMPLE,CC_BY_4_0,True,False,unknown,True,False,False,False,,,False
1993766860,50c9509d-22c7-4a22-a47d-8c48425ef4a7,RU,42.866146,133.074669,7443.0,HUMAN_OBSERVATION,CC_BY_NC_4_0,True,True,low,True,False,False,False,,,True
1990271739,eb273c21-e94a-48df-a599-4f869502b4eb,NG,7.114659,7.114838,,PRESERVED_SPECIMEN,CC_BY_NC_4_0,True,True,unknown,True,False,False,False,,,True
1848869100,cb9beff3-a185-486f-975a-732251444158,,,,,PRESERVED_SPECIMEN,CC_BY_4_0,True,False,unknown,True,False,False,False,,,False
1848868870,cb9beff3-a185-486f-975a-732251444158,,,,,PRESERVED_SPECIMEN,CC_BY_4_0,True,False,unknown,True,False,False,False,,,False
1830992144,0afba960-be3b-4202-a7de-736ae05aec9e,CN,,,,PRESERVED_SPECIMEN,CC_BY_4_0,True,False,unknown,True,False,False,False,,,False
1808666233,9aa00786-772a-46d4-8fe1-ac6d8926a040,,,,,PRESERVED_SPECIMEN,CC_BY_NC_4_0,True,False,unknown,True,False,False,False,,,False
1808666221,9aa00786-772a-46d4-8fe1-ac6d8926a040,,,,,PRESERVED_SPECIMEN,CC_BY_NC_4_0,True,False,unknown,True,False,False,False,,,False
1808666205,9aa00786-772a-46d4-8fe1-ac6d8926a040,,,,,PRESERVED_SPECIMEN,CC_BY_NC_4_0,True,False,unknown,True,False,False,False,,,False
1808666202,9aa00786-772a-46d4-8fe1-ac6d8926a040,,,,,PRESERVED_SPECIMEN,CC_BY_NC_4_0,True,False,unknown,True,False,False,False,,,False
1808666186,9aa00786-772a-46d4-8fe1-ac6d8926a040,,,,,PRESERVED_SPECIMEN,CC_BY_NC_4_0,True,False,unknown,True,False,False,False,,,False
1808666150,9aa00786-772a-46d4-8fe1-ac6d8926a040,,,,,PRESERVED_SPECIMEN,CC_BY_NC_4_0,True,False,unknown,True,False,False,False,,,False
1808666089,9aa00786-772a-46d4-8fe1-ac6d8926a040,,,,,PRESERVED_SPECIMEN,CC_BY_NC_4_0,True,False,unknown,True,False,False,False,,,False
1808522847,9aa00786-772a-46d4-8fe1-ac6d8926a040,,,,,PRESERVED_SPECIMEN,CC_BY_NC_4_0,True,False,unknown,True,False,False,False,,,False
1808448033,9aa00786-772a-46d4-8fe1-ac6d8926a040,,,,,PRESERVED_SPECIMEN,CC_BY_NC_4_0,True,False,unknown,True,False,False,False,,,False
1702143799,e45c7d91-81c6-4455-86e3-2965a5739b1f,CN,,,,PRESERVED_SPECIMEN,CC_BY_4_0,True,False,unknown,True,False,False,False,,,False
1697860812,902c8fe7-8f38-45b0-854e-c324fed36303,KP,,,,PRESERVED_SPECIMEN,CC_BY_4_0,True,False,unknown,True,False,False,False,,,False
1697860774,902c8fe7-8f38-45b0-854e-c324fed36303,KP,,,,PRESERVED_SPECIMEN,CC_BY_4_0,True,False,unknown,True,False,False,False,,,False
1697860730,902c8fe7-8f38-45b0-854e-c324fed36303,KP,,,,PRESERVED_SPECIMEN,CC_BY_4_0,True,False,unknown,True,False,False,False,,,False
1697265516,902c8fe7-8f38-45b0-854e-c324fed36303,RU,43.886108,132.929067,5000.0,PRESERVED_SPECIMEN,CC_BY_4_0,True,True,medium,True,False,False,False,,,True
1697265502,902c8fe7-8f38-45b0-854e-c324fed36303,RU,43.661911,132.52739,22000.0,PRESERVED_SPECIMEN,CC_BY_4_0,True,True,very_low,False,False,False,False,,,True
1697265499,902c8fe7-8f38-45b0-854e-c324fed36303,RU,43.184964,134.080733,,PRESERVED_SPECIMEN,CC_BY_4_0,True,True,unknown,True,False,False,False,,,True
1697265495,902c8fe7-8f38-45b0-854e-c324fed36303,RU,43.889936,132.930431,5000.0,PRESERVED_SPECIMEN,CC_BY_4_0,True,True,medium,True,False,False,False,,,True
1697265489,902c8fe7-8f38-45b0-854e-c324fed36303,RU,42.976097,133.970662,,PRESERVED_SPECIMEN,CC_BY_4_0,True,True,unknown,True,False,False,False,,,True
1697265487,902c8fe7-8f38-45b0-854e-c324fed36303,RU,,,,PRESERVED_SPECIMEN,CC_BY_4_0,True,False,unknown,True,False,False,False,,,False
1697265479,902c8fe7-8f38-45b0-854e-c324fed36303,RU,42.976097,133.970662,,PRESERVED_SPECIMEN,CC_BY_4_0,True,True,unknown,True,True,False,False,,,False
1697265473,902c8fe7-8f38-45b0-854e-c324fed36303,RU,42.976097,133.970662,,PRESERVED_SPECIMEN,CC_BY_4_0,True,True,unknown,True,True,False,False,,,False
1697265471,902c8fe7-8f38-45b0-854e-c324fed36303,RU,,,,PRESERVED_SPECIMEN,CC_BY_4_0,True,False,unknown,True,False,False,False,,,False
1697265466,902c8fe7-8f38-45b0-854e-c324fed36303,RU,44.340803,135.093944,5000.0,PRESERVED_SPECIMEN,CC_BY_4_0,True,True,medium,True,False,False,False,,,True
1697265464,902c8fe7-8f38-45b0-854e-c324fed36303,RU,43.886108,132.929067,5000.0,PRESERVED_SPECIMEN,CC_BY_4_0,True,True,medium,True,True,False,False,,,False
1697265463,902c8fe7-8f38-45b0-854e-c324fed36303,RU,43.886108,132.929067,5000.0,PRESERVED_SPECIMEN,CC_BY_4_0,True,True,medium,True,True,False,False,,,False
1697265460,902c8fe7-8f38-45b0-854e-c324fed36303,RU,,,,PRESERVED_SPECIMEN,CC_BY_4_0,True,False,unknown,True,False,False,False,,,False
1697265459,902c8fe7-8f38-45b0-854e-c324fed36303,RU,45.821288,134.951237,3000.0,PRESERVED_SPECIMEN,CC_BY_4_0,True,True,medium,True,False,False,False,,,True
1697265458,902c8fe7-8f38-45b0-854e-c324fed36303,RU,43.886108,132.929067,5000.0,PRESERVED_SPECIMEN,CC_BY_4_0,True,True,medium,True,True,False,False,,,False
1697265455,902c8fe7-8f38-45b0-854e-c324fed36303,RU,43.475409,134.048551,,PRESERVED_SPECIMEN,CC_BY_4_0,True,True,unknown,True,False,False,False,,,True
1697265449,902c8fe7-8f38-45b0-854e-c324fed36303,RU,,,,PRESERVED_SPECIMEN,CC_BY_4_0,True,False,unknown,True,False,False,False,,,False
1697265437,902c8fe7-8f38-45b0-854e-c324fed36303,RU,43.886108,132.929067,5000.0,PRESERVED_SPECIMEN,CC_BY_4_0,True,True,medium,True,True,False,False,,,False
1697265419,902c8fe7-8f38-45b0-854e-c324fed36303,RU,42.976097,133.970662,,PRESERVED_SPECIMEN,CC_BY_4_0,True,True,unknown,True,True,False,False,,,False
1453133356,50c9509d-22c7-4a22-a47d-8c48425ef4a7,,,,28270.0,HUMAN_OBSERVATION,CC_BY_NC_4_0,True,False,very_low,False,False,False,False,,,False
1322416678,821cc27a-e3bb-4bc5-ac34-89ada245069d,,,,,MACHINE_OBSERVATION,CC0_1_0,True,False,unknown,True,False,False,False,,,False
1321385311,821cc27a-e3bb-4bc5-ac34-89ada245069d,RU,,,,PRESERVED_SPECIMEN,CC0_1_0,True,False,unknown,True,False,False,False,,,False
1303642125,f9336171-e9a9-4147-b9f6-2d6c133afffd,CN,,,,PRESERVED_SPECIMEN,CC_BY_4_0,True,False,unknown,True,False,False,False,,,False
1303642094,f9336171-e9a9-4147-b9f6-2d6c133afffd,CN,,,,PRESERVED_SPECIMEN,CC_BY_4_0,True,False,unknown,True,False,False,False,,,False
1302896000,e45c7d91-81c6-4455-86e3-2965a5739b1f,CN,,,,PRESERVED_SPECIMEN,CC_BY_4_0,True,False,unknown,True,False,False,False,,,False
1258770402,7bd65a7a-f762-11e1-a439-00145eb45e9a,US,,,,PRESERVED_SPECIMEN,CC_BY_4_0,True,False,unknown,True,False,False,False,,,False
1258769849,7bd65a7a-f762-11e1-a439-00145eb45e9a,US,,,,PRESERVED_SPECIMEN,CC_BY_4_0,True,False,unknown,True,False,False,False,,,False
1258602239,7bd65a7a-f762-11e1-a439-00145eb45e9a,US,,,,PRESERVED_SPECIMEN,CC_BY_4_0,True,False,unknown,True,False,False,False,,,False
1258602021,7bd65a7a-f762-11e1-a439-00145eb45e9a,US,37.727807,-122.370692,,PRESERVED_SPECIMEN,CC_BY_4_0,True,True,unknown,True,False,False,False,,,True
1258568247,7bd65a7a-f762-11e1-a439-00145eb45e9a,US,47.66666,-122.58333,,PRESERVED_SPECIMEN,CC_BY_4_0,True,True,unknown,True,False,False,False,,,True
1258567822,7bd65a7a-f762-11e1-a439-00145eb45e9a,US,47.66666,-122.58333,,PRESERVED_SPECIMEN,CC_BY_4_0,True,True,unknown,True,True,False,False,,,False
1258521730,7bd65a7a-f762-11e1-a439-00145eb45e9a,US,38.65305,-90.35055,,PRESERVED_SPECIMEN,CC_BY_4_0,True,True,unknown,True,False,False,False,,,True
1228046747,bf2a4bf0-5f31-11de-b67e-b8a03c50a862,,,,,PRESERVED_SPECIMEN,CC0,True,False,unknown,True,False,False,False,,,False
1123901287,23243164-c132-444d-a3a4-34662abb8305,CO,6.257693,-75.609695,17885.0,PRESERVED_SPECIMEN,CC0_1_0,True,True,very_low,False,False,False,False,,,True
1123894639,23243164-c132-444d-a3a4-34662abb8305,CO,6.926773,-75.571515,237290.0,PRESERVED_SPECIMEN,CC0_1_0,True,True,very_low,False,False,False,False,,,True
1123892362,23243164-c132-444d-a3a4-34662abb8305,CO,4.02421,-73.01577,998820.0,PRESERVED_SPECIMEN,CC0_1_0,True,True,very_low,False,False,False,False,,,True
1038223229,dfcb0ee8-614f-11e2-897a-00145eb45e9a,,,,,LIVING_SPECIMEN,CC_BY_4_0,True,False,unknown,True,False,False,False,,,False
1030767740,196ac794-b2c2-40d4-8e6a-649d0abc324d,CN,29.887732,110.032936,,PRESERVED_SPECIMEN,CC_BY_4_0,True,True,unknown,True,False,False,False,,,True
1030707458,614d7304-af7c-4613-81d8-488e81e28229,CN,41.241126,125.241448,,PRESERVED_SPECIMEN,CC_BY_4_0,True,True,unknown,True,False,False,False,,,True
1030707433,614d7304-af7c-4613-81d8-488e81e28229,CN,42.341933,127.280731,,PRESERVED_SPECIMEN,CC_BY_4_0,True,True,unknown,True,False,False,False,,,True
1030707408,614d7304-af7c-4613-81d8-488e81e28229,CN,42.341933,127.280731,,PRESERVED_SPECIMEN,CC_BY_4_0,True,True,unknown,True,True,False,False,,,False
1030707382,614d7304-af7c-4613-81d8-488e81e28229,CN,42.786504,128.514494,,PRESERVED_SPECIMEN,CC_BY_4_0,True,True,unknown,True,False,False,False,,,True
1030664460,614d7304-af7c-4613-81d8-488e81e28229,CN,45.00485,124.028016,,PRESERVED_SPECIMEN,CC_BY_4_0,True,True,unknown,True,False,False,False,,,True
